"module","rva","ghidra_name","size","kind","confidence","subsystem","new_name","notes"
"SC3U.exe","0x00401000","FUN_00401000","57","fun","C0","","",""
"SC3U.exe","0x00401039","FUN_00401039","34","fun","C0","","",""
"SC3U.exe","0x0040105b","FUN_0040105b","75","fun","C0","","",""
"SC3U.exe","0x004010a6","FUN_004010a6","13","fun","C0","","",""
"SC3U.exe","0x0040111a","FUN_0040111a","402","fun","C0","","",""
"SC3U.exe","0x004012ac","FUN_004012ac","313","fun","C0","","",""
"SC3U.exe","0x00401409","FUN_00401409","145","fun","C0","","",""
"SC3U.exe","0x0040149a","FUN_0040149a","267","fun","C0","","",""
"SC3U.exe","0x004015a5","FUN_004015a5","354","fun","C0","","",""
"SC3U.exe","0x00401707","FUN_00401707","63","fun","C0","","",""
"SC3U.exe","0x00401746","FUN_00401746","259","fun","C0","","",""
"SC3U.exe","0x00401849","FUN_00401849","252","fun","C0","","",""
"SC3U.exe","0x00401945","FUN_00401945","53","fun","C0","","",""
"SC3U.exe","0x0040197a","FUN_0040197a","552","fun","C0","","",""
"SC3U.exe","0x00401ba2","FUN_00401ba2","82","fun","C0","","",""
"SC3U.exe","0x00401bf4","FUN_00401bf4","635","fun","C0","","",""
"SC3U.exe","0x00401e6f","FUN_00401e6f","70","fun","C0","","",""
"SC3U.exe","0x00401eb5","FUN_00401eb5","70","fun","C0","","",""
"SC3U.exe","0x00401efb","FUN_00401efb","40","fun","C0","","",""
"SC3U.exe","0x00401f23","FUN_00401f23","62","fun","C0","","",""
"SC3U.exe","0x00401f61","FUN_00401f61","44","fun","C0","","",""
"SC3U.exe","0x00401f8d","Catch@00401f8d","9","lib","lib","","",""
"SC3U.exe","0x00401f96","thunk_FUN_0040204b","5","thunk","thunk","","",""
"SC3U.exe","0x00401f9b","FUN_00401f9b","79","fun","C0","","",""
"SC3U.exe","0x00401fea","FUN_00401fea","35","fun","C0","","",""
"SC3U.exe","0x0040200d","FUN_0040200d","10","fun","C0","","",""
"SC3U.exe","0x00402017","FUN_00402017","52","fun","C0","","",""
"SC3U.exe","0x0040204b","FUN_0040204b","25","fun","C0","","",""
"SC3U.exe","0x00402064","FUN_00402064","119","fun","C0","","",""
"SC3U.exe","0x004020db","FUN_004020db","192","fun","C0","","",""
"SC3U.exe","0x0040219b","FUN_0040219b","69","fun","C0","","",""
"SC3U.exe","0x004021e0","FUN_004021e0","11","fun","C0","","",""
"SC3U.exe","0x004021eb","FUN_004021eb","104","fun","C0","","",""
"SC3U.exe","0x00402254","FUN_00402254","85","fun","C0","","",""
"SC3U.exe","0x004022ad","FUN_004022ad","28","fun","C0","","",""
"SC3U.exe","0x004022c9","~exception","6","thunk","thunk","","",""
"SC3U.exe","0x004022eb","~exception","6","thunk","thunk","","",""
"SC3U.exe","0x004022f1","FUN_004022f1","5","fun","C0","","",""
"SC3U.exe","0x004022f6","FUN_004022f6","87","fun","C0","","",""
"SC3U.exe","0x0040234d","FUN_0040234d","381","fun","C0","","",""
"SC3U.exe","0x004024ca","Catch@004024ca","56","lib","lib","","",""
"SC3U.exe","0x00402502","FUN_00402502","1","fun","C0","","",""
"SC3U.exe","0x00402503","FUN_00402503","45","fun","C0","","",""
"SC3U.exe","0x00402530","FUN_00402530","54","fun","C0","","",""
"SC3U.exe","0x00402566","FUN_00402566","63","fun","C0","","",""
"SC3U.exe","0x004025a5","FUN_004025a5","135","fun","C0","","",""
"SC3U.exe","0x0040262c","FUN_0040262c","106","fun","C2","STL","sc3_std_string_assign_range","[S15-B] MSVC basic_string substring/assign: clamps param_2/param_3 against [param_1[0]..param_1[1]) then FUN_00401f23(this, src+param_2, ...); generic STL"
"SC3U.exe","0x00402696","FUN_00402696","104","fun","C0","","",""
"SC3U.exe","0x0040271b","~exception","6","thunk","thunk","","",""
"SC3U.exe","0x0040274a","FUN_0040274a","45","fun","C0","","",""
"SC3U.exe","0x00402777","FUN_00402777","7","fun","C0","","",""
"SC3U.exe","0x004027a7","FUN_004027a7","269","fun","C0","","",""
"SC3U.exe","0x00402906","FUN_00402906","28","fun","C0","","",""
"SC3U.exe","0x00402922","~exception","6","thunk","thunk","","",""
"SC3U.exe","0x00402928","FUN_00402928","50","fun","C0","","",""
"SC3U.exe","0x0040295a","FUN_0040295a","87","fun","C0","","",""
"SC3U.exe","0x004029a0","Catch@004029a0","29","lib","lib","","",""
"SC3U.exe","0x004029ce","FUN_004029ce","9","fun","C0","","",""
"SC3U.exe","0x004029d7","FUN_004029d7","77","fun","C0","","",""
"SC3U.exe","0x00402a24","FUN_00402a24","28","fun","C0","","",""
"SC3U.exe","0x00402a40","FUN_00402a40","86","fun","C0","","",""
"SC3U.exe","0x00402a96","FUN_00402a96","20","fun","C0","","",""
"SC3U.exe","0x00402aaa","FUN_00402aaa","85","fun","C0","","",""
"SC3U.exe","0x00402b16","FUN_00402b16","92","fun","C0","","",""
"SC3U.exe","0x00402b72","FUN_00402b72","50","fun","C0","","",""
"SC3U.exe","0x00402ba4","FUN_00402ba4","297","fun","C0","","",""
"SC3U.exe","0x00402c8f","Catch@00402c8f","32","lib","lib","","",""
"SC3U.exe","0x00402ced","Catch@00402ced","9","lib","lib","","",""
"SC3U.exe","0x00402cf6","FUN_00402cf6","36","fun","C0","","",""
"SC3U.exe","0x00402d29","FUN_00402d29","67","fun","C0","","",""
"SC3U.exe","0x00402d6c","FUN_00402d6c","39","fun","C0","","",""
"SC3U.exe","0x00402e31","FUN_00402e31","67","fun","C0","","",""
"SC3U.exe","0x00402e74","FUN_00402e74","370","fun","C2","S1-host","sc3_app_ctor","base ctor FUN_0045d44c; sets 7 vtables (004cf684/66c/630/59c/58c + transient 004cf6d8/6c8); stores singleton DAT_004fa86c=this; installs crash handler FUN_00401000; zero-inits app+0x3c..+0xf8, +0x168/169/16a (cheat flags), tier byte +0xe8; operator_new(0x54)->FUN_0046d0a6 at +0x4c"
"SC3U.exe","0x00402ff1","FUN_00402ff1","32","fun","C0","","",""
"SC3U.exe","0x00403011","FUN_00403011","8","fun","C0","","",""
"SC3U.exe","0x00403019","FUN_00403019","667","fun","C2","S1-host","sc3_app_dtor","tears down members at +0x3d/+0x69/+0x6a/+0x12; crash-handler teardown FUN_00401039; if byte+0x166!=0 rebuilds argv from cmdline vtable (+0xc count,+0x3c get) and _spawnv(1,...) self-relaunch; destroys cmdline (FUN_00469229 @+0x5a) and string members"
"SC3U.exe","0x004032f0","FUN_004032f0","288","fun","C0","","",""
"SC3U.exe","0x00403410","FUN_00403410","195","fun","C0","","",""
"SC3U.exe","0x004034d3","FUN_004034d3","146","fun","C0","","",""
"SC3U.exe","0x00403565","FUN_00403565","1933","fun","C2","S1-host","sc3_app_init_services","main service-init; copies cmdline (FUN_00468cb1); GetService 0x22b9da43/0xa2c72982 ->+0x3c; FUN_0040b6d1; sc3_ui_init_theme FUN_0040efd8; new(0x44)/FUN_00443688 ->+0x3d; new(0xf40)/FUN_0041311f ->+0x41; -sound:off/-music:off (FUN_00469755, off @0x4f4c34) -> audio vf+0x14(0x3e9,..); -intro:off -> app[0x11]->vf+0x14; registers sc3dbssprite (FUN_0040d592)/sc3imageinfo (FUN_0040d64a); returns success byte to param_1+0xe"
"SC3U.exe","0x00403cf2","FUN_00403cf2","28","fun","C0","","",""
"SC3U.exe","0x00403d0e","thunk_FUN_0043f9e1","5","thunk","thunk","","",""
"SC3U.exe","0x00403d13","FUN_00403d13","42","fun","C0","","",""
"SC3U.exe","0x00403d3d","FUN_00403d3d","28","fun","C0","","",""
"SC3U.exe","0x00403d59","thunk_FUN_0043f9e1","5","thunk","thunk","","",""
"SC3U.exe","0x00403ef9","FUN_00403ef9","345","fun","C0","","",""
"SC3U.exe","0x00404052","FUN_00404052","311","fun","C2","S15","sc3_updater_load_settings","builds <base>\Updater\UpdateSettings.ini (s_Updater_004f4c60, sep 0x5c, s_UpdateSettings_ini_004f4c4c); FUN_0047b98f existence check; FUN_00407017 service vt+0x48 -> FUN_00468cb1; reads section 'UpdaterApp' (s_UpdaterApp_004f4c40) via FUN_00469755 [CONFIRMED @0x00404052]"
"SC3U.exe","0x00404189","FUN_00404189","311","fun","C0","","",""
"SC3U.exe","0x004042c0","FUN_004042c0","617","fun","C0","","",""
"SC3U.exe","0x00404529","FUN_00404529","622","fun","C0","","",""
"SC3U.exe","0x00404797","FUN_00404797","470","fun","C2","host-updater","sc3_updater_query_check_results","calls sc3_updater_load_settings FUN_00404052; reads keys UpdateName(0x4f4d34)/Settings(0x4f4d28) via FUN_00471f0d, then Check-Results(0x4f4d18) via FUN_0047152a into local_18; returns true only if both reads succeed and result!=0"
"SC3U.exe","0x0040496d","FUN_0040496d","1555","fun","C2","S1-host","sc3_app_start_singleinstance","SetErrorMode(0x8003); creates 'SimCity 3000 Mutex' (FUN_0047ed35); if instance exists and -restart:on absent -> FindWindowExA(Gonzo/SimCity 3000)+SetForegroundWindow+ShowWindow(9); else UpdateMutexName wait loop (3x FUN_0047e203(1000000)); SetResolution vf+0xdc {0x280,0x1e0 | 800,600 by tier +0xe8}, bpp local_44=0x10; sets 'Apps\SC3U.exe'; new(0xb40)->FUN_00408a23; -sound:off -> audio vf+0x14(0)"
"SC3U.exe","0x00404f80","FUN_00404f80","154","fun","C0","","",""
"SC3U.exe","0x00405092","FUN_00405092","1824","fun","C2","UNKNOWN","","[U-007] builds 5 string-resource keys (idx 0x8e/0x8c/0x90/0xa0/0x126 grp 0x209e6378) via FUN_00484b6d; QueryInterface-shape vtable+0xc(0x42fbf1d7,0x818565ba); _strnicmp on resolved name; [UNCERTAIN] no subsystem anchor"
"SC3U.exe","0x004057b2","FUN_004057b2","184","fun","C0","","",""
"SC3U.exe","0x0040586a","FUN_0040586a","1405","fun","C0","","",""
"SC3U.exe","0x00405de7","FUN_00405de7","311","fun","C2","S18-data","sc3_text_scan_language_dirs","loops i=1..0x2b (43); city/region svc FUN_0047048f vf+0x38(&buf,i) enumerates entry; builds '<entry>\\'+'SC3StringsApp.IXF' under 'Res\\Text\\' (PTR_004f4ae8/004f4aec); FUN_0047b98f file-exists; if present vf+0x14(i) selects it"
"SC3U.exe","0x00405f1e","FUN_00405f1e","1","fun","C0","","",""
"SC3U.exe","0x00405f1f","FUN_00405f1f","571","fun","C0","","",""
"SC3U.exe","0x00406173","FUN_00406173","196","fun","C0","","",""
"SC3U.exe","0x00406237","FUN_00406237","57","fun","C0","","",""
"SC3U.exe","0x00406287","FUN_00406287","104","fun","C0","","",""
"SC3U.exe","0x00406347","FUN_00406347","86","fun","C0","","",""
"SC3U.exe","0x004063d6","FUN_004063d6","229","fun","C0","","",""
"SC3U.exe","0x004064bb","FUN_004064bb","51","fun","C0","","",""
"SC3U.exe","0x004064ee","FUN_004064ee","969","fun","C2","S15","","[U-007] builds text path from 'Res\Text\' @0x004f4be0; on failure shows modal via FUN_004703a7 vtable+0xac, tests dialog result 0x53018147; keys idx 0x2c/0x2b grp 0x15e410c; [UNCERTAIN] dialog identity"
"SC3U.exe","0x0040698b","FUN_0040698b","635","fun","C0","","",""
"SC3U.exe","0x00406c06","FUN_00406c06","135","fun","C0","","",""
"SC3U.exe","0x00406c8d","FUN_00406c8d","75","fun","C0","","",""
"SC3U.exe","0x00406cd8","FUN_00406cd8","21","fun","C0","","",""
"SC3U.exe","0x00406ced","FUN_00406ced","60","fun","C0","","",""
"SC3U.exe","0x00406d29","FUN_00406d29","27","fun","C0","","",""
"SC3U.exe","0x00406d44","FUN_00406d44","75","fun","C0","","",""
"SC3U.exe","0x00406d8f","FUN_00406d8f","72","fun","C0","","",""
"SC3U.exe","0x00406dd7","FUN_00406dd7","12","fun","C0","","",""
"SC3U.exe","0x00406de3","FUN_00406de3","41","fun","C0","","",""
"SC3U.exe","0x00406e0c","FUN_00406e0c","33","fun","C0","","",""
"SC3U.exe","0x00406e2d","FUN_00406e2d","47","fun","C0","","",""
"SC3U.exe","0x00406e5c","Catch@00406e5c","6","lib","lib","","",""
"SC3U.exe","0x00406e62","FUN_00406e62","33","fun","C0","","",""
"SC3U.exe","0x00406e83","FUN_00406e83","47","fun","C0","","",""
"SC3U.exe","0x00406eb2","Catch@00406eb2","6","lib","lib","","",""
"SC3U.exe","0x00406eb8","FUN_00406eb8","33","fun","C2","S15","sc3_gz_construct_string_manager","[S15-B] piVar1=thunk_FUN_0045d5ae() (global framework DAT_004fab74); (*(*piVar1+0x10))(0x801998e4, 0x1995e7, param_1) @0x00406ec6 -- GZCOM GetService CLSID 0x801998e4 / IID 0x1995e7 = the string-table service. Implementation is NOT in SC3U.exe (see U-008)"
"SC3U.exe","0x00406ed9","FUN_00406ed9","47","fun","C0","","",""
"SC3U.exe","0x00406f08","Catch@00406f08","6","lib","lib","","",""
"SC3U.exe","0x00406f0e","FUN_00406f0e","12","fun","C0","","",""
"SC3U.exe","0x00406f1a","FUN_00406f1a","12","fun","C0","","",""
"SC3U.exe","0x00406f26","FUN_00406f26","91","fun","C0","","",""
"SC3U.exe","0x00406f81","FUN_00406f81","49","fun","C0","","",""
"SC3U.exe","0x00406fb2","FUN_00406fb2","80","fun","C0","","",""
"SC3U.exe","0x00407002","FUN_00407002","21","fun","C0","","",""
"SC3U.exe","0x00407017","FUN_00407017","43","fun","C0","","",""
"SC3U.exe","0x0040704a","FUN_0040704a","149","fun","C0","","",""
"SC3U.exe","0x004070df","Catch@004070df","32","lib","lib","","",""
"SC3U.exe","0x004070ff","FUN_004070ff","186","fun","C0","","",""
"SC3U.exe","0x004071b9","Catch@004071b9","9","lib","lib","","",""
"SC3U.exe","0x004071c2","FUN_004071c2","52","fun","C0","","",""
"SC3U.exe","0x004071f6","FUN_004071f6","76","fun","C0","","",""
"SC3U.exe","0x00407242","FUN_00407242","273","fun","C0","","",""
"SC3U.exe","0x00407353","FUN_00407353","42","fun","C0","","",""
"SC3U.exe","0x0040737d","FUN_0040737d","50","fun","C0","","",""
"SC3U.exe","0x004073af","FUN_004073af","171","fun","C0","","",""
"SC3U.exe","0x0040745a","FUN_0040745a","90","fun","C0","","",""
"SC3U.exe","0x004074b4","Catch@004074b4","33","lib","lib","","",""
"SC3U.exe","0x004074d5","FUN_004074d5","54","fun","C0","","",""
"SC3U.exe","0x0040750b","FUN_0040750b","74","fun","C0","","",""
"SC3U.exe","0x00407543","Catch@00407543","31","lib","lib","","",""
"SC3U.exe","0x00407574","FUN_00407574","80","fun","C0","","",""
"SC3U.exe","0x004077b5","FUN_004077b5","937","fun","C0","","",""
"SC3U.exe","0x00407b5e","FUN_00407b5e","142","fun","C0","","",""
"SC3U.exe","0x00407bec","FUN_00407bec","627","fun","C0","","",""
"SC3U.exe","0x00407e5f","FUN_00407e5f","144","fun","C0","","",""
"SC3U.exe","0x00407f00","FUN_00407f00","32","fun","C0","","",""
"SC3U.exe","0x00407f20","thunk_FUN_004088cf","5","thunk","thunk","","",""
"SC3U.exe","0x00407f25","FUN_00407f25","154","fun","C0","","",""
"SC3U.exe","0x00407fbf","FUN_00407fbf","147","fun","C0","","",""
"SC3U.exe","0x00408052","FUN_00408052","684","fun","C0","","",""
"SC3U.exe","0x004082fe","FUN_004082fe","1044","fun","C0","","",""
"SC3U.exe","0x00408712","FUN_00408712","25","fun","C0","","",""
"SC3U.exe","0x0040872b","FUN_0040872b","273","fun","C0","","",""
"SC3U.exe","0x0040883c","FUN_0040883c","90","fun","C0","","",""
"SC3U.exe","0x00408896","FUN_00408896","57","fun","C0","","",""
"SC3U.exe","0x004088cf","FUN_004088cf","57","fun","C0","","",""
"SC3U.exe","0x00408908","FUN_00408908","14","fun","C0","","",""
"SC3U.exe","0x00408916","FUN_00408916","25","fun","C0","","",""
"SC3U.exe","0x00408936","FUN_00408936","75","fun","C0","","",""
"SC3U.exe","0x004089f3","FUN_004089f3","12","fun","C0","","",""
"SC3U.exe","0x004089ff","FUN_004089ff","12","fun","C0","","",""
"SC3U.exe","0x00408a23","FUN_00408a23","917","fun","C2","S1-config","sc3_config_ctor","new(0xb40) object; vtable PTR_004cfe88 then 004cfdac/PTR_004cfd98; stores 'SC3.cfg' (PTR_004f4f1c) at +0x2c9; memset(+0x4a,-1,0x20) and memset(+0x2a,0,0x800); FUN_00484611 reads tier byte+4 -> sets +0x25/+0x26/+0x27 to (1,1,0)/(2,1,0)/(2,1,1)/(2,2,1)/(3,2,1) for <2/<3/<4/<5/>=5"
"SC3U.exe","0x00408db8","FUN_00408db8","35","fun","C0","","",""
"SC3U.exe","0x00408ddb","FUN_00408ddb","40","fun","C0","","",""
"SC3U.exe","0x00408e07","FUN_00408e07","39","fun","C0","","",""
"SC3U.exe","0x00408e2e","FUN_00408e2e","41","fun","C0","","",""
"SC3U.exe","0x00408e6f","FUN_00408e6f","74","fun","C0","","",""
"SC3U.exe","0x00408ed9","FUN_00408ed9","86","fun","C0","","",""
"SC3U.exe","0x00408f33","FUN_00408f33","86","fun","C0","","",""
"SC3U.exe","0x00409032","FUN_00409032","32","fun","C0","","",""
"SC3U.exe","0x00409052","FUN_00409052","8","fun","C0","","",""
"SC3U.exe","0x0040905a","FUN_0040905a","23","fun","C0","","",""
"SC3U.exe","0x00409071","thunk_FUN_0040aadb","5","thunk","thunk","","",""
"SC3U.exe","0x00409076","FUN_00409076","201","fun","C0","","",""
"SC3U.exe","0x00409174","FUN_00409174","307","fun","C0","","",""
"SC3U.exe","0x004092a7","FUN_004092a7","316","fun","C0","","",""
"SC3U.exe","0x004093e3","FUN_004093e3","2709","fun","C0","","",""
"SC3U.exe","0x00409e78","FUN_00409e78","2791","fun","C0","","",""
"SC3U.exe","0x0040a95f","FUN_0040a95f","44","fun","C0","","",""
"SC3U.exe","0x0040a98b","FUN_0040a98b","74","fun","C0","","",""
"SC3U.exe","0x0040a9d5","FUN_0040a9d5","127","fun","C0","","",""
"SC3U.exe","0x0040aa54","FUN_0040aa54","24","fun","C0","","",""
"SC3U.exe","0x0040aa6c","FUN_0040aa6c","25","fun","C0","","",""
"SC3U.exe","0x0040aa85","FUN_0040aa85","86","fun","C0","","",""
"SC3U.exe","0x0040aadb","FUN_0040aadb","54","fun","C0","","",""
"SC3U.exe","0x0040ab11","FUN_0040ab11","13","fun","C0","","",""
"SC3U.exe","0x0040ab1e","FUN_0040ab1e","44","fun","C0","","",""
"SC3U.exe","0x0040ab4a","FUN_0040ab4a","54","fun","C0","","",""
"SC3U.exe","0x0040ab80","FUN_0040ab80","41","fun","C0","","",""
"SC3U.exe","0x0040aba9","FUN_0040aba9","12","fun","C0","","",""
"SC3U.exe","0x0040abbc","FUN_0040abbc","49","fun","C0","","",""
"SC3U.exe","0x0040abed","FUN_0040abed","48","fun","C0","","",""
"SC3U.exe","0x0040ac1d","FUN_0040ac1d","166","fun","C0","","",""
"SC3U.exe","0x0040acc3","FUN_0040acc3","56","fun","C0","","",""
"SC3U.exe","0x0040acfb","FUN_0040acfb","139","fun","C0","","",""
"SC3U.exe","0x0040ad86","FUN_0040ad86","79","fun","C0","","",""
"SC3U.exe","0x0040add5","FUN_0040add5","43","fun","C0","","",""
"SC3U.exe","0x0040ae00","FUN_0040ae00","130","fun","C0","","",""
"SC3U.exe","0x0040ae82","FUN_0040ae82","187","fun","C0","","",""
"SC3U.exe","0x0040af3d","FUN_0040af3d","64","fun","C0","","",""
"SC3U.exe","0x0040af7d","FUN_0040af7d","64","fun","C0","","",""
"SC3U.exe","0x0040afbd","FUN_0040afbd","34","fun","C0","","",""
"SC3U.exe","0x0040b00f","FUN_0040b00f","1392","fun","C0","","",""
"SC3U.exe","0x0040b57f","FUN_0040b57f","241","fun","C0","","",""
"SC3U.exe","0x0040b670","FUN_0040b670","97","fun","C0","","",""
"SC3U.exe","0x0040b6d1","FUN_0040b6d1","144","fun","C2","S1-host","sc3_app_register_core_factories","via class-registry vf+0x1c registers 4 factories: 'cores'->FUN_0040c579, 'dbsegment'->FUN_0040c5cb, 'sysser'->FUN_0040c710, 'cogamecmd'->LAB_0040c75f; short-circuits on first failure; called by sc3_app_init_services"
"SC3U.exe","0x0040b761","FUN_0040b761","3415","fun","C3","S-boot","sc3_boot_register_all_factories","opens Sys\CitySim.ini (line213), selects [AgentTypes](l222)->FUN_0040cb70, [AgentTypeHierarchy](l230)->FUN_0040cc08; CitySim.ini packed in SYS.PAK (SYSPAK.md) || [S15-C] ALSO registers the four UI menu record types: PTR_s_SC3MenuItemInfo_004f4f6c->SC3MII, PTR_s_SC3MenuSets_004f4f70->SC3MSET, PTR_s_SC3MenuDescs_004f4f74->SC3MDESC, PTR_s_SC3MenuBtnDefs_004f4f78->SC3MBTNDEFS; opens PTR_s_Sys_MenuItem_ini_004f4f38 plus Sys\Default.ini / SYS.PAK / CitySim.ini and Res\Sprites -- it installs the S15 menu parsers as well as the sim factories"
"SC3U.exe","0x0040c4b8","FUN_0040c4b8","60","fun","C0","","",""
"SC3U.exe","0x0040c4f4","FUN_0040c4f4","133","fun","C2","S15;S16","sc3_factory_generic_magic","generic factory: magic passed as arg; SC3Menu* + SPLASH/WIN/MAINMENU bitmaps"
"SC3U.exe","0x0040c579","FUN_0040c579","82","fun","C0","","",""
"SC3U.exe","0x0040c5cb","FUN_0040c5cb","325","fun","C0","","",""
"SC3U.exe","0x0040c710","FUN_0040c710","79","fun","C0","","",""
"SC3U.exe","0x0040c7e0","FUN_0040c7e0","152","fun","C2","S16","sc3_factory_resourcefactories","ResourceFactories (magic cores)"
"SC3U.exe","0x0040c878","FUN_0040c878","152","fun","C2","S16","sc3_factory_dbsegments","DBSegments (magic dbsegment)"
"SC3U.exe","0x0040c910","FUN_0040c910","152","fun","C2","S16","sc3_factory_dbsegdirfiles","DBSegmentDirectoryFiles (magic dbdfseg)"
"SC3U.exe","0x0040c9a8","FUN_0040c9a8","152","fun","C2","S1","sc3_factory_appservices","AppServices (magic sysser)"
"SC3U.exe","0x0040ca40","FUN_0040ca40","152","fun","C2","S1","sc3_factory_gamecommands","GameCommandFactories (magic cogamecmd)"
"SC3U.exe","0x0040cad8","FUN_0040cad8","152","fun","C0","","",""
"SC3U.exe","0x0040cb70","FUN_0040cb70","152","fun","C3","S1","sc3_factory_agenttypes","per-section handler for CitySim.ini [AgentTypes]; parses 273 records <id>=<name>:0x2026960B,0x41F56C4C,0x<classGZCLSID>"
"SC3U.exe","0x0040cc08","FUN_0040cc08","152","fun","C3","S1","sc3_factory_agenttypehierarchy","per-section handler for CitySim.ini [AgentTypeHierarchy]; parses <typeId>=<parentTypeId> tree"
"SC3U.exe","0x0040cca0","FUN_0040cca0","1145","fun","C2","S18-data","sc3_plugin_scan_addons","builds 'PlugIn\\' (0x4f5210) under FUN_00470463 vf+0x20 base path; dir listing FUN_0047fa0c/FUN_00480f4a('*.DAT' 0x4f51ac)/FUN_004810e4; per file reads 'addon-enabled' (0x4f5200) key; registers 'sc3dbssprite' (PTR_004cffa8) via registry vf+0x18"
"SC3U.exe","0x0040d119","FUN_0040d119","1145","fun","C0","","",""
"SC3U.exe","0x0040d592","FUN_0040d592","184","fun","C0","","",""
"SC3U.exe","0x0040d64a","FUN_0040d64a","184","fun","C0","","",""
"SC3U.exe","0x0040d702","FUN_0040d702","13","fun","C0","","",""
"SC3U.exe","0x0040d70f","FUN_0040d70f","11","fun","C0","","",""
"SC3U.exe","0x0040d71a","thunk_FUN_0040d75a","5","thunk","thunk","","",""
"SC3U.exe","0x0040d71f","FUN_0040d71f","13","fun","C0","","",""
"SC3U.exe","0x0040d72c","FUN_0040d72c","15","fun","C0","","",""
"SC3U.exe","0x0040d73b","thunk_FUN_0040d76f","5","thunk","thunk","","",""
"SC3U.exe","0x0040d740","FUN_0040d740","26","fun","C0","","",""
"SC3U.exe","0x0040d75a","FUN_0040d75a","21","fun","C0","","",""
"SC3U.exe","0x0040d76f","FUN_0040d76f","21","fun","C0","","",""
"SC3U.exe","0x0040d78b","FUN_0040d78b","55","fun","C0","","",""
"SC3U.exe","0x0040d7c2","FUN_0040d7c2","61","fun","C0","","",""
"SC3U.exe","0x0040d7ff","FUN_0040d7ff","52","fun","C0","","",""
"SC3U.exe","0x0040d833","FUN_0040d833","173","fun","C0","","",""
"SC3U.exe","0x0040d8e0","FUN_0040d8e0","173","fun","C0","","",""
"SC3U.exe","0x0040d98d","FUN_0040d98d","47","fun","C0","","",""
"SC3U.exe","0x0040d9bc","FUN_0040d9bc","23","fun","C0","","",""
"SC3U.exe","0x0040d9d3","FUN_0040d9d3","31","fun","C0","","",""
"SC3U.exe","0x0040d9f2","FUN_0040d9f2","72","fun","C0","","",""
"SC3U.exe","0x0040da42","FUN_0040da42","44","fun","C0","","",""
"SC3U.exe","0x0040da6e","FUN_0040da6e","26","fun","C0","","",""
"SC3U.exe","0x0040dab2","FUN_0040dab2","28","fun","C0","","",""
"SC3U.exe","0x0040dace","thunk_FUN_0040dcbd","5","thunk","thunk","","",""
"SC3U.exe","0x0040dad3","FUN_0040dad3","72","fun","C0","","",""
"SC3U.exe","0x0040db1b","thunk_FUN_0040dd8d","5","thunk","thunk","","",""
"SC3U.exe","0x0040db20","FUN_0040db20","12","fun","C0","","",""
"SC3U.exe","0x0040db2c","FUN_0040db2c","3","fun","C0","","",""
"SC3U.exe","0x0040db2f","FUN_0040db2f","87","fun","C0","","",""
"SC3U.exe","0x0040db86","FUN_0040db86","76","fun","C0","","",""
"SC3U.exe","0x0040dc0c","FUN_0040dc0c","103","fun","C0","","",""
"SC3U.exe","0x0040dc73","FUN_0040dc73","74","fun","C0","","",""
"SC3U.exe","0x0040dcbd","FUN_0040dcbd","57","fun","C0","","",""
"SC3U.exe","0x0040dcf6","FUN_0040dcf6","74","fun","C0","","",""
"SC3U.exe","0x0040dd40","FUN_0040dd40","77","fun","C0","","",""
"SC3U.exe","0x0040dd8d","FUN_0040dd8d","57","fun","C0","","",""
"SC3U.exe","0x0040ddc6","FUN_0040ddc6","63","fun","C0","","",""
"SC3U.exe","0x0040de05","FUN_0040de05","14","fun","C0","","",""
"SC3U.exe","0x0040de13","FUN_0040de13","63","fun","C0","","",""
"SC3U.exe","0x0040de52","FUN_0040de52","56","fun","C0","","",""
"SC3U.exe","0x0040de8a","FUN_0040de8a","14","fun","C0","","",""
"SC3U.exe","0x0040de98","FUN_0040de98","60","fun","C0","","",""
"SC3U.exe","0x0040ded4","FUN_0040ded4","25","fun","C0","","",""
"SC3U.exe","0x0040deed","FUN_0040deed","60","fun","C0","","",""
"SC3U.exe","0x0040df29","FUN_0040df29","25","fun","C0","","",""
"SC3U.exe","0x0040df42","FUN_0040df42","99","fun","C0","","",""
"SC3U.exe","0x0040dfa5","FUN_0040dfa5","99","fun","C0","","",""
"SC3U.exe","0x0040e008","FUN_0040e008","87","fun","C0","","",""
"SC3U.exe","0x0040e05f","Catch@0040e05f","30","lib","lib","","",""
"SC3U.exe","0x0040e07d","FUN_0040e07d","87","fun","C0","","",""
"SC3U.exe","0x0040e0d4","Catch@0040e0d4","30","lib","lib","","",""
"SC3U.exe","0x0040e0f2","FUN_0040e0f2","399","fun","C0","","",""
"SC3U.exe","0x0040e281","Catch@0040e281","30","lib","lib","","",""
"SC3U.exe","0x0040e29f","FUN_0040e29f","123","fun","C0","","",""
"SC3U.exe","0x0040e31a","FUN_0040e31a","95","fun","C0","","",""
"SC3U.exe","0x0040e379","FUN_0040e379","161","fun","C0","","",""
"SC3U.exe","0x0040e41a","FUN_0040e41a","144","fun","C0","","",""
"SC3U.exe","0x0040e4aa","FUN_0040e4aa","251","fun","C0","","",""
"SC3U.exe","0x0040e5a5","FUN_0040e5a5","75","fun","C0","","",""
"SC3U.exe","0x0040e5f0","FUN_0040e5f0","399","fun","C0","","",""
"SC3U.exe","0x0040e77f","Catch@0040e77f","30","lib","lib","","",""
"SC3U.exe","0x0040e79d","FUN_0040e79d","123","fun","C0","","",""
"SC3U.exe","0x0040e818","FUN_0040e818","251","fun","C0","","",""
"SC3U.exe","0x0040e913","FUN_0040e913","75","fun","C0","","",""
"SC3U.exe","0x0040e95e","FUN_0040e95e","37","fun","C0","","",""
"SC3U.exe","0x0040e983","FUN_0040e983","29","fun","C0","","",""
"SC3U.exe","0x0040e9a0","FUN_0040e9a0","52","fun","C0","","",""
"SC3U.exe","0x0040e9d4","FUN_0040e9d4","52","fun","C0","","",""
"SC3U.exe","0x0040ea08","FUN_0040ea08","68","fun","C0","","",""
"SC3U.exe","0x0040ea4c","FUN_0040ea4c","61","fun","C0","","",""
"SC3U.exe","0x0040ea89","FUN_0040ea89","76","fun","C0","","",""
"SC3U.exe","0x0040ead5","FUN_0040ead5","161","fun","C0","","",""
"SC3U.exe","0x0040eb76","FUN_0040eb76","61","fun","C0","","",""
"SC3U.exe","0x0040ebb3","FUN_0040ebb3","76","fun","C0","","",""
"SC3U.exe","0x0040ebff","FUN_0040ebff","31","fun","C0","","",""
"SC3U.exe","0x0040ec1e","FUN_0040ec1e","31","fun","C0","","",""
"SC3U.exe","0x0040ec3d","FUN_0040ec3d","31","fun","C0","","",""
"SC3U.exe","0x0040ec5c","FUN_0040ec5c","31","fun","C0","","",""
"SC3U.exe","0x0040ec7b","FUN_0040ec7b","31","fun","C0","","",""
"SC3U.exe","0x0040ec9a","FUN_0040ec9a","31","fun","C0","","",""
"SC3U.exe","0x0040ecb9","FUN_0040ecb9","41","fun","C0","","",""
"SC3U.exe","0x0040ece2","FUN_0040ece2","58","fun","C0","","",""
"SC3U.exe","0x0040ed1c","FUN_0040ed1c","650","fun","C2","UNKNOWN","","[U-007] two keys idx 0xa0 grp 0x209e6378 -> *(param_1+0x3c)+0x10c and *local_20+0x2c; QueryInterface-shape FUN_004708c4 vtable+0xc(0x43157ebd,0x23157e96); [UNCERTAIN] no subsystem anchor"
"SC3U.exe","0x0040efa6","FUN_0040efa6","50","fun","C0","","",""
"SC3U.exe","0x0040efd8","FUN_0040efd8","6339","fun","C2","S15","sc3_ui_init_theme","[U-007] 21x palette vtable+0x84(idx,r,g,b); fonts font12j.fon@0x004f5368 / system9.fbf@0x004f5320 / systemloadsave.fbf@0x004f52c4; cursors res\ui\shared\cursors@0x004f5218 (arrow/wait/text_edit/help_arrow/hand/blank.cur); 8 keys grp 0x209e6378 (0xc0,0xc2,0xb4,0xb6,0x114,0x118,0x116,0x646) mapped to dialog ids 0x5301814c..0x5377be31 via vtable+0x90"
"SC3U.exe","0x0041089b","FUN_0041089b","88","fun","C0","","",""
"SC3U.exe","0x004108f3","FUN_004108f3","2802","fun","C2","S15","sc3_ui_run_updatecheck","[U-007] strings 'SimCity 3000 Update'@0x004f539c 'UpdateName'@0x004f4d34 'Check Results'@0x004f4d18 'Enabled'@0x004f53b0 'Settings'@0x004f4d28; modal chain vtable+0xac, dialog results 0x5301814a/0x53018149/0x5301814c; 10 keys grps 0x225872fe/0x209e6378/0x41f2625"
"SC3U.exe","0x0041146f","FUN_0041146f","32","fun","C0","","",""
"SC3U.exe","0x0041148f","FUN_0041148f","18","fun","C0","","",""
"SC3U.exe","0x004114d0","FUN_004114d0","67","fun","C0","","",""
"SC3U.exe","0x0041151b","FUN_0041151b","8","fun","C0","","",""
"SC3U.exe","0x0041194d","FUN_0041194d","32","fun","C0","","",""
"SC3U.exe","0x0041196d","FUN_0041196d","32","fun","C0","","",""
"SC3U.exe","0x0041198d","FUN_0041198d","32","fun","C0","","",""
"SC3U.exe","0x004119ad","thunk_FUN_004743d5","5","thunk","thunk","","",""
"SC3U.exe","0x004119b2","thunk_FUN_004743d5","5","thunk","thunk","","",""
"SC3U.exe","0x004119b7","thunk_FUN_004743d5","5","thunk","thunk","","",""
"SC3U.exe","0x004119d2","FUN_004119d2","68","fun","C0","","",""
"SC3U.exe","0x00411a16","FUN_00411a16","32","fun","C0","","",""
"SC3U.exe","0x00411a36","thunk_FUN_004743d5","5","thunk","thunk","","",""
"SC3U.exe","0x00411a3b","FUN_00411a3b","203","fun","C0","","",""
"SC3U.exe","0x00411b09","FUN_00411b09","43","fun","C0","","",""
"SC3U.exe","0x00411b34","FUN_00411b34","237","fun","C0","","",""
"SC3U.exe","0x00411c65","FUN_00411c65","53","fun","C0","","",""
"SC3U.exe","0x00411c9a","FUN_00411c9a","62","fun","C0","","",""
"SC3U.exe","0x00411cd8","FUN_00411cd8","28","fun","C0","","",""
"SC3U.exe","0x00411cf4","FUN_00411cf4","11","fun","C0","","",""
"SC3U.exe","0x00411d40","FUN_00411d40","65","fun","C0","","",""
"SC3U.exe","0x00411d81","FUN_00411d81","50","fun","C0","","",""
"SC3U.exe","0x00411db3","FUN_00411db3","53","fun","C0","","",""
"SC3U.exe","0x00411de8","FUN_00411de8","28","fun","C0","","",""
"SC3U.exe","0x00411e04","FUN_00411e04","18","fun","C0","","",""
"SC3U.exe","0x00411e16","FUN_00411e16","28","fun","C0","","",""
"SC3U.exe","0x00411e32","thunk_FUN_004746be","5","thunk","thunk","","",""
"SC3U.exe","0x00411e5c","FUN_00411e5c","87","fun","C0","","",""
"SC3U.exe","0x00411eb3","FUN_00411eb3","32","fun","C0","","",""
"SC3U.exe","0x00411ed3","thunk_FUN_004743d5","5","thunk","thunk","","",""
"SC3U.exe","0x00411ed8","FUN_00411ed8","53","fun","C0","","",""
"SC3U.exe","0x00411f0d","FUN_00411f0d","87","fun","C0","","",""
"SC3U.exe","0x00411f64","FUN_00411f64","32","fun","C0","","",""
"SC3U.exe","0x00411f84","thunk_FUN_004743d5","5","thunk","thunk","","",""
"SC3U.exe","0x00411f89","FUN_00411f89","53","fun","C0","","",""
"SC3U.exe","0x00411fbe","FUN_00411fbe","87","fun","C0","","",""
"SC3U.exe","0x00412015","FUN_00412015","32","fun","C0","","",""
"SC3U.exe","0x00412035","thunk_FUN_004743d5","5","thunk","thunk","","",""
"SC3U.exe","0x0041203a","FUN_0041203a","53","fun","C0","","",""
"SC3U.exe","0x0041206f","FUN_0041206f","87","fun","C0","","",""
"SC3U.exe","0x004120c6","FUN_004120c6","32","fun","C0","","",""
"SC3U.exe","0x004120e6","thunk_FUN_004743d5","5","thunk","thunk","","",""
"SC3U.exe","0x004120eb","FUN_004120eb","53","fun","C0","","",""
"SC3U.exe","0x00412120","FUN_00412120","87","fun","C0","","",""
"SC3U.exe","0x00412177","FUN_00412177","32","fun","C0","","",""
"SC3U.exe","0x00412197","thunk_FUN_004743d5","5","thunk","thunk","","",""
"SC3U.exe","0x0041219c","FUN_0041219c","53","fun","C0","","",""
"SC3U.exe","0x004121d1","FUN_004121d1","87","fun","C0","","",""
"SC3U.exe","0x00412228","FUN_00412228","32","fun","C0","","",""
"SC3U.exe","0x00412248","thunk_FUN_004743d5","5","thunk","thunk","","",""
"SC3U.exe","0x0041224d","FUN_0041224d","53","fun","C0","","",""
"SC3U.exe","0x00412282","FUN_00412282","87","fun","C0","","",""
"SC3U.exe","0x004122d9","FUN_004122d9","32","fun","C0","","",""
"SC3U.exe","0x004122f9","thunk_FUN_004743d5","5","thunk","thunk","","",""
"SC3U.exe","0x004122fe","FUN_004122fe","53","fun","C0","","",""
"SC3U.exe","0x00412333","FUN_00412333","87","fun","C0","","",""
"SC3U.exe","0x0041238a","FUN_0041238a","32","fun","C0","","",""
"SC3U.exe","0x004123aa","thunk_FUN_004743d5","5","thunk","thunk","","",""
"SC3U.exe","0x004123af","FUN_004123af","53","fun","C0","","",""
"SC3U.exe","0x004123e4","FUN_004123e4","87","fun","C0","","",""
"SC3U.exe","0x0041243b","FUN_0041243b","32","fun","C0","","",""
"SC3U.exe","0x0041245b","thunk_FUN_004743d5","5","thunk","thunk","","",""
"SC3U.exe","0x00412460","FUN_00412460","53","fun","C0","","",""
"SC3U.exe","0x00412495","FUN_00412495","87","fun","C0","","",""
"SC3U.exe","0x004124ec","FUN_004124ec","32","fun","C0","","",""
"SC3U.exe","0x0041250c","thunk_FUN_004743d5","5","thunk","thunk","","",""
"SC3U.exe","0x00412511","FUN_00412511","53","fun","C0","","",""
"SC3U.exe","0x00412546","FUN_00412546","87","fun","C0","","",""
"SC3U.exe","0x0041259d","FUN_0041259d","32","fun","C0","","",""
"SC3U.exe","0x004125bd","thunk_FUN_004743d5","5","thunk","thunk","","",""
"SC3U.exe","0x004125c2","FUN_004125c2","53","fun","C0","","",""
"SC3U.exe","0x004125f7","FUN_004125f7","72","fun","C0","","",""
"SC3U.exe","0x0041263f","FUN_0041263f","28","fun","C0","","",""
"SC3U.exe","0x0041265b","FUN_0041265b","62","fun","C0","","",""
"SC3U.exe","0x00412699","FUN_00412699","37","fun","C0","","",""
"SC3U.exe","0x004126be","FUN_004126be","114","fun","C0","","",""
"SC3U.exe","0x00412787","FUN_00412787","72","fun","C0","","",""
"SC3U.exe","0x004127cf","FUN_004127cf","28","fun","C0","","",""
"SC3U.exe","0x004127eb","FUN_004127eb","62","fun","C0","","",""
"SC3U.exe","0x00412829","FUN_00412829","37","fun","C0","","",""
"SC3U.exe","0x0041284e","FUN_0041284e","114","fun","C0","","",""
"SC3U.exe","0x00412917","FUN_00412917","72","fun","C0","","",""
"SC3U.exe","0x0041295f","FUN_0041295f","28","fun","C0","","",""
"SC3U.exe","0x0041297b","FUN_0041297b","62","fun","C0","","",""
"SC3U.exe","0x004129b9","FUN_004129b9","37","fun","C0","","",""
"SC3U.exe","0x004129de","FUN_004129de","114","fun","C0","","",""
"SC3U.exe","0x00412aa7","FUN_00412aa7","87","fun","C0","","",""
"SC3U.exe","0x00412afe","FUN_00412afe","32","fun","C0","","",""
"SC3U.exe","0x00412b1e","thunk_FUN_004743d5","5","thunk","thunk","","",""
"SC3U.exe","0x00412b23","FUN_00412b23","68","fun","C0","","",""
"SC3U.exe","0x00412b67","FUN_00412b67","41","fun","C0","","",""
"SC3U.exe","0x00412c20","FUN_00412c20","32","fun","C0","","",""
"SC3U.exe","0x00412c40","FUN_00412c40","32","fun","C0","","",""
"SC3U.exe","0x00412c60","thunk_FUN_0046a76d","5","thunk","thunk","","",""
"SC3U.exe","0x00412c65","FUN_00412c65","50","fun","C0","","",""
"SC3U.exe","0x00412caf","FUN_00412caf","200","fun","C0","","",""
"SC3U.exe","0x00412d77","FUN_00412d77","145","fun","C0","","",""
"SC3U.exe","0x00412e08","FUN_00412e08","100","fun","C0","","",""
"SC3U.exe","0x00412e6c","FUN_00412e6c","68","fun","C0","","",""
"SC3U.exe","0x00412eb0","FUN_00412eb0","94","fun","C0","","",""
"SC3U.exe","0x00412f0e","FUN_00412f0e","196","fun","C0","","",""
"SC3U.exe","0x00412fd2","FUN_00412fd2","292","fun","C0","","",""
"SC3U.exe","0x0041311f","FUN_0041311f","645","fun","C0","","",""
"SC3U.exe","0x004133a4","FUN_004133a4","108","fun","C0","","",""
"SC3U.exe","0x00413410","FUN_00413410","28","fun","C0","","",""
"SC3U.exe","0x0041342c","thunk_FUN_0041f505","5","thunk","thunk","","",""
"SC3U.exe","0x00413431","FUN_00413431","585","fun","C0","","",""
"SC3U.exe","0x0041367a","FUN_0041367a","646","fun","C0","","",""
"SC3U.exe","0x00413900","FUN_00413900","319","fun","C0","","",""
"SC3U.exe","0x00413aaf","FUN_00413aaf","463","fun","C0","","",""
"SC3U.exe","0x00413c7e","FUN_00413c7e","196","fun","C0","","",""
"SC3U.exe","0x00413d42","FUN_00413d42","3157","fun","C0","","",""
"SC3U.exe","0x004149eb","FUN_004149eb","91","fun","C0","","",""
"SC3U.exe","0x00414a5b","FUN_00414a5b","30","fun","C0","","",""
"SC3U.exe","0x00414a79","FUN_00414a79","117","fun","C0","","",""
"SC3U.exe","0x00414aee","FUN_00414aee","485","fun","C0","","",""
"SC3U.exe","0x00414cd3","FUN_00414cd3","91","fun","C0","","",""
"SC3U.exe","0x00414d2e","FUN_00414d2e","123","fun","C0","","",""
"SC3U.exe","0x00414da9","FUN_00414da9","1528","fun","C0","","",""
"SC3U.exe","0x004153a1","FUN_004153a1","66","fun","C0","","",""
"SC3U.exe","0x004153e3","FUN_004153e3","150","fun","C0","","",""
"SC3U.exe","0x00415479","FUN_00415479","143","fun","C0","","",""
"SC3U.exe","0x00415508","FUN_00415508","1020","fun","C0","","",""
"SC3U.exe","0x00415904","FUN_00415904","115","fun","C0","","",""
"SC3U.exe","0x00415977","FUN_00415977","91","fun","C0","","",""
"SC3U.exe","0x004159d2","FUN_004159d2","208","fun","C0","","",""
"SC3U.exe","0x00415aa2","FUN_00415aa2","3033","fun","C0","","",""
"SC3U.exe","0x0041667b","FUN_0041667b","211","fun","C0","","",""
"SC3U.exe","0x0041674e","FUN_0041674e","2986","fun","C0","","",""
"SC3U.exe","0x00417327","FUN_00417327","437","fun","C0","","",""
"SC3U.exe","0x004174dc","FUN_004174dc","86","fun","C0","","",""
"SC3U.exe","0x00417537","FUN_00417537","57","fun","C0","","",""
"SC3U.exe","0x00417570","FUN_00417570","247","fun","C0","","",""
"SC3U.exe","0x00417667","FUN_00417667","446","fun","C0","","",""
"SC3U.exe","0x00417825","FUN_00417825","20","fun","C0","","",""
"SC3U.exe","0x00417839","FUN_00417839","82","fun","C0","","",""
"SC3U.exe","0x0041788b","FUN_0041788b","149","fun","C0","","",""
"SC3U.exe","0x00417920","FUN_00417920","67","fun","C0","","",""
"SC3U.exe","0x00417963","FUN_00417963","50","fun","C0","","",""
"SC3U.exe","0x00417995","FUN_00417995","326","fun","C0","","",""
"SC3U.exe","0x00417adb","FUN_00417adb","56","fun","C0","","",""
"SC3U.exe","0x00417b13","FUN_00417b13","272","fun","C0","","",""
"SC3U.exe","0x00417c23","FUN_00417c23","2588","fun","C0","","",""
"SC3U.exe","0x0041863f","FUN_0041863f","249","fun","C0","","",""
"SC3U.exe","0x00418738","FUN_00418738","51","fun","C0","","",""
"SC3U.exe","0x0041876b","FUN_0041876b","64","fun","C0","","",""
"SC3U.exe","0x004187ab","FUN_004187ab","409","fun","C0","","",""
"SC3U.exe","0x00418944","FUN_00418944","28","fun","C0","","",""
"SC3U.exe","0x00418960","FUN_00418960","244","fun","C0","","",""
"SC3U.exe","0x00418a54","FUN_00418a54","249","fun","C0","","",""
"SC3U.exe","0x00418b4d","FUN_00418b4d","292","fun","C0","","",""
"SC3U.exe","0x00418c71","FUN_00418c71","888","fun","C0","","",""
"SC3U.exe","0x0041908f","FUN_0041908f","572","fun","C0","","",""
"SC3U.exe","0x004192e9","FUN_004192e9","95","fun","C0","","",""
"SC3U.exe","0x00419364","FUN_00419364","88","fun","C0","","",""
"SC3U.exe","0x00419468","FUN_00419468","109","fun","C0","","",""
"SC3U.exe","0x004194d5","FUN_004194d5","109","fun","C0","","",""
"SC3U.exe","0x00419542","FUN_00419542","222","fun","C0","","",""
"SC3U.exe","0x00419620","FUN_00419620","217","fun","C0","","",""
"SC3U.exe","0x004196f9","FUN_004196f9","62","fun","C0","","",""
"SC3U.exe","0x00419737","FUN_00419737","280","fun","C0","","",""
"SC3U.exe","0x0041984f","FUN_0041984f","646","fun","C0","","",""
"SC3U.exe","0x00419af7","FUN_00419af7","315","fun","C0","","",""
"SC3U.exe","0x00419c32","FUN_00419c32","29","fun","C0","","",""
"SC3U.exe","0x00419c4f","FUN_00419c4f","29","fun","C0","","",""
"SC3U.exe","0x00419c6c","FUN_00419c6c","408","fun","C0","","",""
"SC3U.exe","0x00419e04","FUN_00419e04","25","fun","C0","","",""
"SC3U.exe","0x00419e1d","FUN_00419e1d","25","fun","C0","","",""
"SC3U.exe","0x00419e36","FUN_00419e36","21","fun","C0","","",""
"SC3U.exe","0x00419e4b","FUN_00419e4b","25","fun","C0","","",""
"SC3U.exe","0x00419e64","FUN_00419e64","27","fun","C0","","",""
"SC3U.exe","0x00419e7f","FUN_00419e7f","138","fun","C0","","",""
"SC3U.exe","0x00419f09","FUN_00419f09","76","fun","C0","","",""
"SC3U.exe","0x00419f55","FUN_00419f55","259","fun","C0","","",""
"SC3U.exe","0x0041a058","FUN_0041a058","48","fun","C0","","",""
"SC3U.exe","0x0041a088","FUN_0041a088","1868","fun","C0","","",""
"SC3U.exe","0x0041a7d4","FUN_0041a7d4","1322","fun","C0","","",""
"SC3U.exe","0x0041acfe","FUN_0041acfe","23","fun","C0","","",""
"SC3U.exe","0x0041ad15","FUN_0041ad15","264","fun","C0","","",""
"SC3U.exe","0x0041ae65","FUN_0041ae65","6575","fun","C0","","",""
"SC3U.exe","0x0041c865","FUN_0041c865","91","fun","C0","","",""
"SC3U.exe","0x0041c928","FUN_0041c928","51","fun","C0","","",""
"SC3U.exe","0x0041c9f0","FUN_0041c9f0","100","fun","C0","","",""
"SC3U.exe","0x0041ca5e","FUN_0041ca5e","100","fun","C0","","",""
"SC3U.exe","0x0041cacb","FUN_0041cacb","594","fun","C0","","",""
"SC3U.exe","0x0041cd1d","FUN_0041cd1d","426","fun","C0","","",""
"SC3U.exe","0x0041cec7","FUN_0041cec7","84","fun","C0","","",""
"SC3U.exe","0x0041cf1b","FUN_0041cf1b","28","fun","C0","","",""
"SC3U.exe","0x0041cf37","FUN_0041cf37","79","fun","C0","","",""
"SC3U.exe","0x0041cf86","FUN_0041cf86","161","fun","C0","","",""
"SC3U.exe","0x0041d027","FUN_0041d027","78","fun","C0","","",""
"SC3U.exe","0x0041d0e0","FUN_0041d0e0","388","fun","C0","","",""
"SC3U.exe","0x0041d2bc","FUN_0041d2bc","2394","fun","C0","","",""
"SC3U.exe","0x0041dc16","FUN_0041dc16","66","fun","C0","","",""
"SC3U.exe","0x0041dc58","FUN_0041dc58","37","fun","C0","","",""
"SC3U.exe","0x0041dc7d","FUN_0041dc7d","103","fun","C0","","",""
"SC3U.exe","0x0041dd00","FUN_0041dd00","306","fun","C0","","",""
"SC3U.exe","0x0041de32","FUN_0041de32","275","fun","C0","","",""
"SC3U.exe","0x0041df45","FUN_0041df45","259","fun","C0","","",""
"SC3U.exe","0x0041e048","FUN_0041e048","184","fun","C0","","",""
"SC3U.exe","0x0041e100","FUN_0041e100","1693","fun","C0","","",""
"SC3U.exe","0x0041e79d","FUN_0041e79d","878","fun","C0","","",""
"SC3U.exe","0x0041eb0b","FUN_0041eb0b","471","fun","C0","","",""
"SC3U.exe","0x0041ece2","Create","32","lib","lib","","",""
"SC3U.exe","0x0041ed02","FUN_0041ed02","179","fun","C0","","",""
"SC3U.exe","0x0041edb5","FUN_0041edb5","1","fun","C0","","",""
"SC3U.exe","0x0041edb6","FUN_0041edb6","1","fun","C0","","",""
"SC3U.exe","0x0041edcd","FUN_0041edcd","155","fun","C0","","",""
"SC3U.exe","0x0041ee68","FUN_0041ee68","428","fun","C0","","",""
"SC3U.exe","0x0041f014","FUN_0041f014","89","fun","C0","","",""
"SC3U.exe","0x0041f06d","FUN_0041f06d","137","fun","C0","","",""
"SC3U.exe","0x0041f0f6","FUN_0041f0f6","102","fun","C0","","",""
"SC3U.exe","0x0041f15c","FUN_0041f15c","141","fun","C0","","",""
"SC3U.exe","0x0041f1e9","FUN_0041f1e9","94","fun","C0","","",""
"SC3U.exe","0x0041f247","FUN_0041f247","204","fun","C0","","",""
"SC3U.exe","0x0041f313","FUN_0041f313","94","fun","C0","","",""
"SC3U.exe","0x0041f3cf","FUN_0041f3cf","64","fun","C0","","",""
"SC3U.exe","0x0041f40f","FUN_0041f40f","6","fun","C0","","",""
"SC3U.exe","0x0041f415","FUN_0041f415","69","fun","C0","","",""
"SC3U.exe","0x0041f45a","FUN_0041f45a","3","fun","C0","","",""
"SC3U.exe","0x0041f45d","FUN_0041f45d","3","fun","C0","","",""
"SC3U.exe","0x0041f460","FUN_0041f460","16","fun","C0","","",""
"SC3U.exe","0x0041f470","thunk_FUN_0041f65f","5","thunk","thunk","","",""
"SC3U.exe","0x0041f475","FUN_0041f475","15","fun","C0","","",""
"SC3U.exe","0x0041f484","FUN_0041f484","72","fun","C0","","",""
"SC3U.exe","0x0041f4cc","FUN_0041f4cc","40","fun","C0","","",""
"SC3U.exe","0x0041f4f4","FUN_0041f4f4","17","fun","C0","","",""
"SC3U.exe","0x0041f505","FUN_0041f505","54","fun","C0","","",""
"SC3U.exe","0x0041f53b","FUN_0041f53b","16","fun","C0","","",""
"SC3U.exe","0x0041f54b","FUN_0041f54b","13","fun","C0","","",""
"SC3U.exe","0x0041f558","FUN_0041f558","11","fun","C0","","",""
"SC3U.exe","0x0041f563","FUN_0041f563","13","fun","C0","","",""
"SC3U.exe","0x0041f570","FUN_0041f570","18","fun","C0","","",""
"SC3U.exe","0x0041f582","FUN_0041f582","6","fun","C0","","",""
"SC3U.exe","0x0041f588","FUN_0041f588","9","fun","C0","","",""
"SC3U.exe","0x0041f591","FUN_0041f591","19","fun","C0","","",""
"SC3U.exe","0x0041f5a4","FUN_0041f5a4","68","fun","C0","","",""
"SC3U.exe","0x0041f5e8","FUN_0041f5e8","19","fun","C0","","",""
"SC3U.exe","0x0041f5fb","FUN_0041f5fb","31","fun","C0","","",""
"SC3U.exe","0x0041f61a","FUN_0041f61a","15","fun","C0","","",""
"SC3U.exe","0x0041f629","FUN_0041f629","28","fun","C0","","",""
"SC3U.exe","0x0041f645","FUN_0041f645","26","fun","C0","","",""
"SC3U.exe","0x0041f65f","FUN_0041f65f","21","fun","C0","","",""
"SC3U.exe","0x0041f674","FUN_0041f674","3","fun","C0","","",""
"SC3U.exe","0x0041f677","FUN_0041f677","4","fun","C0","","",""
"SC3U.exe","0x0041f67b","FUN_0041f67b","35","fun","C0","","",""
"SC3U.exe","0x0041f69e","FUN_0041f69e","54","fun","C0","","",""
"SC3U.exe","0x0041f6d4","FUN_0041f6d4","14","fun","C0","","",""
"SC3U.exe","0x0041f6e2","FUN_0041f6e2","41","fun","C0","","",""
"SC3U.exe","0x0041f70b","FUN_0041f70b","12","fun","C0","","",""
"SC3U.exe","0x0041f71e","FUN_0041f71e","394","fun","C0","","",""
"SC3U.exe","0x0041f811","Catch@0041f811","18","lib","lib","","",""
"SC3U.exe","0x0041f8ba","Catch@0041f8ba","32","lib","lib","","",""
"SC3U.exe","0x0041f8da","FUN_0041f8da","70","fun","C0","","",""
"SC3U.exe","0x0041f920","FUN_0041f920","52","fun","C0","","",""
"SC3U.exe","0x0041f954","FUN_0041f954","434","fun","C0","","",""
"SC3U.exe","0x0041fb06","Catch@0041fb06","58","lib","lib","","",""
"SC3U.exe","0x0041fb40","FUN_0041fb40","46","fun","C0","","",""
"SC3U.exe","0x0041fb6e","FUN_0041fb6e","202","fun","C0","","",""
"SC3U.exe","0x0041fc38","FUN_0041fc38","42","fun","C0","","",""
"SC3U.exe","0x0041fc62","FUN_0041fc62","44","fun","C0","","",""
"SC3U.exe","0x0041fc8e","FUN_0041fc8e","558","fun","C0","","",""
"SC3U.exe","0x0041febc","FUN_0041febc","154","fun","C0","","",""
"SC3U.exe","0x0041ff56","FUN_0041ff56","51","fun","C0","","",""
"SC3U.exe","0x0041ff89","FUN_0041ff89","74","fun","C0","","",""
"SC3U.exe","0x0041ffd3","FUN_0041ffd3","27","fun","C0","","",""
"SC3U.exe","0x0041ffee","FUN_0041ffee","136","fun","C0","","",""
"SC3U.exe","0x00420076","FUN_00420076","161","fun","C0","","",""
"SC3U.exe","0x00420117","FUN_00420117","80","fun","C0","","",""
"SC3U.exe","0x00420167","Catch@00420167","21","lib","lib","","",""
"SC3U.exe","0x0042017c","FUN_0042017c","50","fun","C0","","",""
"SC3U.exe","0x004201ae","FUN_004201ae","93","fun","C0","","",""
"SC3U.exe","0x0042020b","FUN_0042020b","74","fun","C0","","",""
"SC3U.exe","0x00420243","Catch@00420243","31","lib","lib","","",""
"SC3U.exe","0x00420371","FUN_00420371","168","fun","C0","","",""
"SC3U.exe","0x00420436","FUN_00420436","32","fun","C0","","",""
"SC3U.exe","0x00420456","thunk_FUN_0042300d","5","thunk","thunk","","",""
"SC3U.exe","0x00420468","FUN_00420468","156","fun","C0","","",""
"SC3U.exe","0x0042054f","FUN_0042054f","2590","fun","C2","S14-governance","sc3_game_register_commands_cheats","via svc FUN_00484321 vf+0x2c: pre-registers 7 msg-type ids (0x82684130,0xa460ed02,0x82684131,0xa2fbe51a,0xe3865c7a,0xc3865c83,0x311fdae5) through FUN_00470247 vf+0x14; then maps 24 keyword strings->command ids (table below); calls sc3_ticker_load_newscast FUN_004229e0; sets param_1[0x54]=0; FUN_0044405e"
"SC3U.exe","0x00420f6d","FUN_00420f6d","1134","fun","C0","","",""
"SC3U.exe","0x004213db","FUN_004213db","1237","fun","C0","","",""
"SC3U.exe","0x004218b0","FUN_004218b0","893","fun","C2","S15","","[U-007] key from param_1 grp 0x42c1ed2d; FUN_00422bcc(obj,0x42c1ed2d,idx,&out); param_1==0 enumerates items joined with sep DAT_004f71c4, default DAT_004f71c8; builds record operator_new(0x14)+operator_new(0x4c)->FUN_00443d0d; [UNCERTAIN] semantics of +0x13c list array"
"SC3U.exe","0x00421c2d","FUN_00421c2d","111","fun","C0","","",""
"SC3U.exe","0x00421c9c","FUN_00421c9c","399","fun","C0","","",""
"SC3U.exe","0x00421e2b","FUN_00421e2b","1424","fun","C0","","",""
"SC3U.exe","0x004223bb","FUN_004223bb","177","fun","C0","","",""
"SC3U.exe","0x0042246c","FUN_0042246c","94","fun","C0","","",""
"SC3U.exe","0x004224d6","FUN_004224d6","87","fun","C0","","",""
"SC3U.exe","0x0042252d","FUN_0042252d","311","fun","C2","S14-governance","sc3_ticker_load_datafile","per-file ticker loader; svc FUN_00484321 vf+0x50 base; sets file path '\\Sys\\'+name (FUN_004711f8) and archive '\\Sys\\SYS.PAK' (FUN_00486c43); iterates 'Sc3TickerData' (0x4f71cc) records via FUN_00486f55 with callback FUN_00422664"
"SC3U.exe","0x00422664","FUN_00422664","892","fun","C0","","",""
"SC3U.exe","0x004229e0","FUN_004229e0","342","fun","C2","S14-governance","sc3_ticker_load_newscast","top-level ticker/newscast loader; sets '\\Sys\\SC3Newscast.INI' (0x4f720c) + '\\Sys\\SYS.PAK'; FUN_00422b36(param_1); iterates 'TickerData Files' (0x4f71f8) via FUN_00486f55 with callback sc3_ticker_load_datafile FUN_0042252d"
"SC3U.exe","0x00422b36","FUN_00422b36","37","fun","C0","","",""
"SC3U.exe","0x00422b5b","FUN_00422b5b","52","fun","C0","","",""
"SC3U.exe","0x00422b8f","FUN_00422b8f","61","fun","C0","","",""
"SC3U.exe","0x00422bcc","FUN_00422bcc","130","fun","C0","","",""
"SC3U.exe","0x00422c4e","FUN_00422c4e","463","fun","C2","S15","","[U-007] iterates 8-byte-entry vector param_1+0x130..+0x134; key built from entry pair (grp=+0, idx=+4); FUN_00484d84 extract; shares FUN_00443d0d/FUN_00422bcc cluster with 0x004218b0; [UNCERTAIN] index-selection purpose"
"SC3U.exe","0x00422e1d","FUN_00422e1d","125","fun","C0","","",""
"SC3U.exe","0x00422e9a","FUN_00422e9a","128","fun","C0","","",""
"SC3U.exe","0x00422f1b","FUN_00422f1b","26","fun","C0","","",""
"SC3U.exe","0x00422f35","FUN_00422f35","13","fun","C0","","",""
"SC3U.exe","0x00422f42","FUN_00422f42","40","fun","C0","","",""
"SC3U.exe","0x00422f6a","FUN_00422f6a","44","fun","C0","","",""
"SC3U.exe","0x00422f96","FUN_00422f96","11","fun","C0","","",""
"SC3U.exe","0x00422fa1","FUN_00422fa1","35","fun","C0","","",""
"SC3U.exe","0x00422fc4","FUN_00422fc4","38","fun","C0","","",""
"SC3U.exe","0x00422fea","thunk_FUN_004230f1","5","thunk","thunk","","",""
"SC3U.exe","0x00422fef","FUN_00422fef","13","fun","C0","","",""
"SC3U.exe","0x00422ffc","FUN_00422ffc","17","fun","C0","","",""
"SC3U.exe","0x0042300d","FUN_0042300d","54","fun","C0","","",""
"SC3U.exe","0x00423043","FUN_00423043","14","fun","C0","","",""
"SC3U.exe","0x00423051","FUN_00423051","75","fun","C0","","",""
"SC3U.exe","0x0042309c","FUN_0042309c","59","fun","C0","","",""
"SC3U.exe","0x004230d7","FUN_004230d7","26","fun","C0","","",""
"SC3U.exe","0x004230f1","FUN_004230f1","21","fun","C0","","",""
"SC3U.exe","0x00423106","FUN_00423106","54","fun","C0","","",""
"SC3U.exe","0x0042313c","FUN_0042313c","41","fun","C0","","",""
"SC3U.exe","0x00423165","FUN_00423165","12","fun","C0","","",""
"SC3U.exe","0x00423171","FUN_00423171","76","fun","C0","","",""
"SC3U.exe","0x004231bd","FUN_004231bd","25","fun","C0","","",""
"SC3U.exe","0x004231dd","FUN_004231dd","42","fun","C0","","",""
"SC3U.exe","0x00423207","FUN_00423207","48","fun","C0","","",""
"SC3U.exe","0x00423237","FUN_00423237","159","fun","C0","","",""
"SC3U.exe","0x004232d6","FUN_004232d6","44","fun","C0","","",""
"SC3U.exe","0x00423302","FUN_00423302","105","fun","C0","","",""
"SC3U.exe","0x0042336b","FUN_0042336b","296","fun","C0","","",""
"SC3U.exe","0x00423493","Catch@00423493","30","lib","lib","","",""
"SC3U.exe","0x004234b1","FUN_004234b1","142","fun","C0","","",""
"SC3U.exe","0x0042353f","FUN_0042353f","31","fun","C0","","",""
"SC3U.exe","0x0042355e","FUN_0042355e","37","fun","C0","","",""
"SC3U.exe","0x004235d2","FUN_004235d2","14","fun","C0","","",""
"SC3U.exe","0x00423680","FUN_00423680","925","fun","C0","","",""
"SC3U.exe","0x00423a20","FUN_00423a20","615","fun","C0","","",""
"SC3U.exe","0x00423c90","FUN_00423c90","158","fun","C0","","",""
"SC3U.exe","0x00423d30","FUN_00423d30","104","fun","C0","","",""
"SC3U.exe","0x00423ff0","FUN_00423ff0","249","fun","C0","","",""
"SC3U.exe","0x004240f0","FUN_004240f0","204","fun","C0","","",""
"SC3U.exe","0x004241c0","FUN_004241c0","253","fun","C0","","",""
"SC3U.exe","0x00424330","FUN_00424330","400","fun","C0","","",""
"SC3U.exe","0x004244c0","FUN_004244c0","119","fun","C0","","",""
"SC3U.exe","0x00424540","FUN_00424540","354","fun","C0","","",""
"SC3U.exe","0x004246b0","FUN_004246b0","835","fun","C0","","",""
"SC3U.exe","0x00424a00","FUN_00424a00","399","fun","C0","","",""
"SC3U.exe","0x00424b90","FUN_00424b90","307","fun","C0","","",""
"SC3U.exe","0x00424cd0","FUN_00424cd0","284","fun","C0","","",""
"SC3U.exe","0x00424df0","FUN_00424df0","290","fun","C0","","",""
"SC3U.exe","0x00424f20","FUN_00424f20","247","fun","C0","","",""
"SC3U.exe","0x00425020","FUN_00425020","146","fun","C0","","",""
"SC3U.exe","0x004250c0","FUN_004250c0","372","fun","C0","","",""
"SC3U.exe","0x00425290","FUN_00425290","284","fun","C0","","",""
"SC3U.exe","0x00425460","FUN_00425460","112","fun","C0","","",""
"SC3U.exe","0x00425820","FUN_00425820","158","fun","C0","","",""
"SC3U.exe","0x004258c0","FUN_004258c0","173","fun","C0","","",""
"SC3U.exe","0x00425a10","FUN_00425a10","263","fun","C0","","",""
"SC3U.exe","0x00425b20","FUN_00425b20","226","fun","C0","","",""
"SC3U.exe","0x00425c10","FUN_00425c10","36","fun","C0","","",""
"SC3U.exe","0x00425c40","FUN_00425c40","66","fun","C0","","",""
"SC3U.exe","0x00425c90","FUN_00425c90","353","fun","C0","","",""
"SC3U.exe","0x00425e00","FUN_00425e00","672","fun","C0","","",""
"SC3U.exe","0x004260a0","FUN_004260a0","27","fun","C0","","",""
"SC3U.exe","0x00426140","FUN_00426140","643","fun","C0","","",""
"SC3U.exe","0x00426430","FUN_00426430","79","fun","C0","","",""
"SC3U.exe","0x00426480","FUN_00426480","49","fun","C0","","",""
"SC3U.exe","0x004264c0","FUN_004264c0","98","fun","C0","","",""
"SC3U.exe","0x00426530","FUN_00426530","26","fun","C0","","",""
"SC3U.exe","0x00426840","FUN_00426840","8","fun","C0","","",""
"SC3U.exe","0x004268a0","FUN_004268a0","30","fun","C0","","",""
"SC3U.exe","0x004268c0","FUN_004268c0","395","fun","C0","","",""
"SC3U.exe","0x00426a50","FUN_00426a50","17","fun","C0","","",""
"SC3U.exe","0x00426a70","FUN_00426a70","36","fun","C0","","",""
"SC3U.exe","0x00426aa0","FUN_00426aa0","69","fun","C0","","",""
"SC3U.exe","0x00426af0","FUN_00426af0","304","fun","C0","","",""
"SC3U.exe","0x00426c20","FUN_00426c20","13","fun","C0","","",""
"SC3U.exe","0x00426c30","FUN_00426c30","11","fun","C0","","",""
"SC3U.exe","0x00426c40","FUN_00426c40","36","fun","C0","","",""
"SC3U.exe","0x00426c70","FUN_00426c70","303","fun","C0","","",""
"SC3U.exe","0x00426da0","FUN_00426da0","13","fun","C0","","",""
"SC3U.exe","0x00426db0","FUN_00426db0","13","fun","C0","","",""
"SC3U.exe","0x00426dc0","FUN_00426dc0","11","fun","C0","","",""
"SC3U.exe","0x00426dd0","FUN_00426dd0","36","fun","C0","","",""
"SC3U.exe","0x00426e00","FUN_00426e00","303","fun","C0","","",""
"SC3U.exe","0x00426f30","FUN_00426f30","13","fun","C0","","",""
"SC3U.exe","0x00426f40","FUN_00426f40","81","fun","C0","","",""
"SC3U.exe","0x00426fa0","FUN_00426fa0","63","fun","C0","","",""
"SC3U.exe","0x00426fe0","FUN_00426fe0","304","fun","C0","","",""
"SC3U.exe","0x00427110","FUN_00427110","41","fun","C0","","",""
"SC3U.exe","0x00427140","FUN_00427140","41","fun","C0","","",""
"SC3U.exe","0x00427170","FUN_00427170","28","fun","C0","","",""
"SC3U.exe","0x00427190","FUN_00427190","200","fun","C0","","",""
"SC3U.exe","0x00427260","FUN_00427260","196","fun","C0","","",""
"SC3U.exe","0x00427330","FUN_00427330","202","fun","C0","","",""
"SC3U.exe","0x00427400","FUN_00427400","15","fun","C0","","",""
"SC3U.exe","0x00427410","FUN_00427410","294","fun","C0","","",""
"SC3U.exe","0x00427536","Catch@00427536","287","lib","lib","","",""
"SC3U.exe","0x00427660","FUN_00427660","612","fun","C0","","",""
"SC3U.exe","0x004278c4","Catch@004278c4","83","lib","lib","","",""
"SC3U.exe","0x00427920","FUN_00427920","769","fun","C0","","",""
"SC3U.exe","0x00427c21","Catch@00427c21","83","lib","lib","","",""
"SC3U.exe","0x00427c80","FUN_00427c80","74","fun","C0","","",""
"SC3U.exe","0x00427cd0","FUN_00427cd0","154","fun","C0","","",""
"SC3U.exe","0x00427d70","FUN_00427d70","369","fun","C0","","",""
"SC3U.exe","0x00427ef0","FUN_00427ef0","26","fun","C0","","",""
"SC3U.exe","0x00427f10","FUN_00427f10","45","fun","C0","","",""
"SC3U.exe","0x00427f40","FUN_00427f40","58","fun","C0","","",""
"SC3U.exe","0x00427f80","FUN_00427f80","58","fun","C0","","",""
"SC3U.exe","0x00427fc0","FUN_00427fc0","208","fun","C0","","",""
"SC3U.exe","0x00428090","FUN_00428090","56","fun","C0","","",""
"SC3U.exe","0x004280d0","FUN_004280d0","125","fun","C0","","",""
"SC3U.exe","0x00428150","FUN_00428150","36","fun","C0","","",""
"SC3U.exe","0x00428180","FUN_00428180","36","fun","C0","","",""
"SC3U.exe","0x004281b0","FUN_004281b0","50","fun","C0","","",""
"SC3U.exe","0x004281f0","FUN_004281f0","37","fun","C0","","",""
"SC3U.exe","0x00428220","FUN_00428220","43","fun","C0","","",""
"SC3U.exe","0x00428250","FUN_00428250","37","fun","C0","","",""
"SC3U.exe","0x00428280","FUN_00428280","33","fun","C0","","",""
"SC3U.exe","0x00428338","FUN_00428338","37","fun","C0","","",""
"SC3U.exe","0x00428386","FUN_00428386","28","fun","C0","","",""
"SC3U.exe","0x004283a2","FUN_004283a2","66","fun","C0","","",""
"SC3U.exe","0x004283e4","FUN_004283e4","285","fun","C0","","",""
"SC3U.exe","0x00428501","FUN_00428501","76","fun","C0","","",""
"SC3U.exe","0x00428576","FUN_00428576","270","fun","C0","","",""
"SC3U.exe","0x00428684","FUN_00428684","3","fun","C0","","",""
"SC3U.exe","0x004286d7","FUN_004286d7","166","fun","C0","","",""
"SC3U.exe","0x00428782","FUN_00428782","28","fun","C0","","",""
"SC3U.exe","0x0042879e","FUN_0042879e","99","fun","C0","","",""
"SC3U.exe","0x00428801","FUN_00428801","2805","fun","C2","S15","sc3_ui_init_credits_screen","[U-007] 'Res\UI\shared\Credits\'@0x004f74bc 'CreditsTunables'@0x004f746c 'ScrollRateInPixelsPerMinute'@0x004f747c; reads credit lines loop 2..0xbc splitting on newline; scroll tunables -> param_1[0x4c..0x4e]; keys idx=loopvar and loopvar+199 grp 0x830cdf29"
"SC3U.exe","0x004292f6","FUN_004292f6","55","fun","C0","","",""
"SC3U.exe","0x0042932d","FUN_0042932d","48","fun","C0","","",""
"SC3U.exe","0x0042935d","FUN_0042935d","11","fun","C0","","",""
"SC3U.exe","0x00429368","FUN_00429368","101","fun","C0","","",""
"SC3U.exe","0x004293cd","FUN_004293cd","48","fun","C0","","",""
"SC3U.exe","0x004293fd","FUN_004293fd","2191","fun","C0","","",""
"SC3U.exe","0x00429c8c","FUN_00429c8c","109","fun","C0","","",""
"SC3U.exe","0x00429cf9","FUN_00429cf9","44","fun","C0","","",""
"SC3U.exe","0x00429d25","FUN_00429d25","40","fun","C0","","",""
"SC3U.exe","0x00429d4d","FUN_00429d4d","68","fun","C0","","",""
"SC3U.exe","0x00429d91","Catch@00429d91","21","lib","lib","","",""
"SC3U.exe","0x00429dad","FUN_00429dad","6","fun","C0","","",""
"SC3U.exe","0x00429db3","FUN_00429db3","7","fun","C0","","",""
"SC3U.exe","0x00429dba","FUN_00429dba","94","fun","C0","","",""
"SC3U.exe","0x00429e18","FUN_00429e18","28","fun","C0","","",""
"SC3U.exe","0x00429e34","FUN_00429e34","66","fun","C0","","",""
"SC3U.exe","0x00429e76","FUN_00429e76","126","fun","C0","","",""
"SC3U.exe","0x00429ef4","FUN_00429ef4","35","fun","C0","","",""
"SC3U.exe","0x00429f54","FUN_00429f54","65","fun","C0","","",""
"SC3U.exe","0x00429f95","FUN_00429f95","837","fun","C2","S15","sc3_ui_play_intro_movie","[S15-C] builds path s_Res_UI_Shared_Movies_Intro_tgq @0x004f74d4; operator_new(100) player sized 0x280 x 0x1e0 (640x480); starts playback; on missing file posts event FUN_004423b0"
"SC3U.exe","0x0042a2da","FUN_0042a2da","64","fun","C0","","",""
"SC3U.exe","0x0042a31a","FUN_0042a31a","184","fun","C0","","",""
"SC3U.exe","0x0042a446","FUN_0042a446","166","fun","C0","","",""
"SC3U.exe","0x0042a4ec","FUN_0042a4ec","83","fun","C0","","",""
"SC3U.exe","0x0042a53f","FUN_0042a53f","174","fun","C2","S15","sc3_ui_build_styled_widget","[S15-A] singleton FUN_0047037b slot+0x44 creates widget(id=param_2,param_7); sub-object slot+0xc -> +0xec(param_2); slot+0x14 get-by-id(0xf) -> widget slot+0x40; FUN_00470323 slot+0x84 RGB(0x79,0x7d,0xb5 = 121,125,181) -> slot+0x24; slot+0xc8 set-bounds(param_3..6); parent slot+0x34 add-child; slot+8 release; caller 0x0042affa passes bounds (0x136=310,0x24=36,0x1f8=504,0x36=54)"
"SC3U.exe","0x0042a5ed","FUN_0042a5ed","242","fun","C2","S15","sc3_ui_build_widget_from_reskey","[S15-A] FUN_00487553 builds GZCOM key (group 0x82b9b75b, instance=param_5); FUN_0048761d resolves key->object; singleton slot+0x30 creates widget; slot+0x1c sub-object -> +0xcc set-pos(param_3,param_4); slot+0x24(4,0); parent slot+0x34 add-child; slot+8 release; caller FUN_004330af passes ids 2000..0x7d4"
"SC3U.exe","0x0042a6df","FUN_0042a6df","183","fun","C0","","",""
"SC3U.exe","0x0042a796","FUN_0042a796","34","fun","C2","S15","sc3_ui_set_child_flag_by_id","[S15-A] *param_1 slot+0x78 find-child-by-id(param_2); if non-null child slot+0xf4(2,param_2); callers 0x0042affa, FUN_0042edd1"
"SC3U.exe","0x0042a7b8","FUN_0042a7b8","129","fun","C0","","",""
"SC3U.exe","0x0042a86f","`scalar_deleting_destructor'","28","lib","lib","","",""
"SC3U.exe","0x0042a88b","~CMiniDockFrameWnd","56","lib","lib","","",""
"SC3U.exe","0x0042a8c3","FUN_0042a8c3","40","fun","C0","","",""
"SC3U.exe","0x0042a8eb","FUN_0042a8eb","35","fun","C0","","",""
"SC3U.exe","0x0042a90e","FUN_0042a90e","95","fun","C0","","",""
"SC3U.exe","0x0042a96d","FUN_0042a96d","81","fun","C0","","",""
"SC3U.exe","0x0042a9be","FUN_0042a9be","257","fun","C0","","",""
"SC3U.exe","0x0042aacb","FUN_0042aacb","649","fun","C0","","",""
"SC3U.exe","0x0042ad54","FUN_0042ad54","28","fun","C0","","",""
"SC3U.exe","0x0042ad70","FUN_0042ad70","242","fun","C0","","",""
"SC3U.exe","0x0042aea6","FUN_0042aea6","180","fun","C0","","",""
"SC3U.exe","0x0042af77","FUN_0042af77","131","fun","C0","","",""
"SC3U.exe","0x0042affa","FUN_0042affa","3537","fun","C2","S15","sc3_ui_build_music_window","[U-007] 'Albums'@0x004f74f4; child widgets FUN_0042a53f/FUN_0042a5ed with literal x/y/w/h; widget ptrs this+0x18..0x3c; init flag *(this+0xc)=1 @0x42be48; keys 0xc8/0x198/0x19e grp 0x41f2625"
"SC3U.exe","0x0042be5a","FUN_0042be5a","278","fun","C2","S15","sc3_ui_set_widget_text_from_resource","[U-007] 278-byte helper: FUN_00484b6d(param_2,param_3)->FUN_00484bef->FUN_0040262c; if resolved non-empty sets text on widget param_1 via vtable+0x8c then +0x24(0x100,1) and +0x98(0x1000000)"
"SC3U.exe","0x0042bf89","FUN_0042bf89","83","fun","C0","","",""
"SC3U.exe","0x0042bfdc","FUN_0042bfdc","28","fun","C0","","",""
"SC3U.exe","0x0042bff8","thunk_FUN_004461a1","5","thunk","thunk","","",""
"SC3U.exe","0x0042bffd","FUN_0042bffd","229","fun","C0","","",""
"SC3U.exe","0x0042c0e2","FUN_0042c0e2","43","fun","C0","","",""
"SC3U.exe","0x0042c10d","FUN_0042c10d","5","fun","C0","","",""
"SC3U.exe","0x0042c112","FUN_0042c112","606","fun","C0","","",""
"SC3U.exe","0x0042c370","FUN_0042c370","156","fun","C0","","",""
"SC3U.exe","0x0042c40c","FUN_0042c40c","16","fun","C0","","",""
"SC3U.exe","0x0042c41c","FUN_0042c41c","16","fun","C0","","",""
"SC3U.exe","0x0042c446","FUN_0042c446","134","fun","C0","","",""
"SC3U.exe","0x0042c4e8","FUN_0042c4e8","149","fun","C0","","",""
"SC3U.exe","0x0042c597","FUN_0042c597","341","fun","C0","","",""
"SC3U.exe","0x0042c6ec","FUN_0042c6ec","164","fun","C0","","",""
"SC3U.exe","0x0042c790","FUN_0042c790","1203","fun","C0","","",""
"SC3U.exe","0x0042cc43","FUN_0042cc43","289","fun","C0","","",""
"SC3U.exe","0x0042cd64","FUN_0042cd64","189","fun","C0","","",""
"SC3U.exe","0x0042ce5e","FUN_0042ce5e","116","fun","C0","","",""
"SC3U.exe","0x0042ced2","FUN_0042ced2","172","fun","C0","","",""
"SC3U.exe","0x0042cf7e","FUN_0042cf7e","314","fun","C0","","",""
"SC3U.exe","0x0042d0b8","FUN_0042d0b8","51","fun","C0","","",""
"SC3U.exe","0x0042d0eb","FUN_0042d0eb","163","fun","C0","","",""
"SC3U.exe","0x0042d18e","FUN_0042d18e","102","fun","C0","","",""
"SC3U.exe","0x0042d1f4","FUN_0042d1f4","179","fun","C0","","",""
"SC3U.exe","0x0042d2a7","FUN_0042d2a7","118","fun","C0","","",""
"SC3U.exe","0x0042d31d","FUN_0042d31d","456","fun","C0","","",""
"SC3U.exe","0x0042d4e5","FUN_0042d4e5","51","fun","C0","","",""
"SC3U.exe","0x0042d518","FUN_0042d518","1015","fun","C0","","",""
"SC3U.exe","0x0042d90f","FUN_0042d90f","465","fun","C0","","",""
"SC3U.exe","0x0042dae0","FUN_0042dae0","1157","fun","C0","","",""
"SC3U.exe","0x0042df78","FUN_0042df78","418","fun","C0","","",""
"SC3U.exe","0x0042e11a","FUN_0042e11a","335","fun","C0","","",""
"SC3U.exe","0x0042e269","FUN_0042e269","416","fun","C0","","",""
"SC3U.exe","0x0042e409","FUN_0042e409","892","fun","C2","S15","","[U-007] concatenates param_1+0x1e and param_1+0x24 into a path via FUN_00402ba4, tests with FUN_0047bb47; counts container param_1[0x22] via FUN_00432cff, branches count<2 / >=2; failure path builds key 0xca grp 0x41f2625; [UNCERTAIN] which file/dir and meaning of the count gate"
"SC3U.exe","0x0042e785","FUN_0042e785","74","fun","C0","","",""
"SC3U.exe","0x0042e7cf","FUN_0042e7cf","235","fun","C0","","",""
"SC3U.exe","0x0042e8ba","FUN_0042e8ba","235","fun","C0","","",""
"SC3U.exe","0x0042e9a5","FUN_0042e9a5","799","fun","C0","","",""
"SC3U.exe","0x0042ecc4","FUN_0042ecc4","77","fun","C0","","",""
"SC3U.exe","0x0042ed11","FUN_0042ed11","120","fun","C0","","",""
"SC3U.exe","0x0042edd1","FUN_0042edd1","763","fun","C0","","",""
"SC3U.exe","0x0042f0cc","FUN_0042f0cc","466","fun","C0","","",""
"SC3U.exe","0x0042f29e","FUN_0042f29e","39","fun","C0","","",""
"SC3U.exe","0x0042f2c5","FUN_0042f2c5","45","fun","C0","","",""
"SC3U.exe","0x0042f2f2","FUN_0042f2f2","823","fun","C0","","",""
"SC3U.exe","0x0042f629","FUN_0042f629","2895","fun","C2","UNKNOWN","","[U-007] reads a file in 0x200 chunks (FUN_0047b292/FUN_0047b437/FUN_0047b668), tokenizes ~12 fields on DAT_004f75c8, compares a field to 'SanityCheck'@0x004f7520; emits report with keys 0x199-0x19d grp 0x41f2625 + date/time FUN_00475ce5..FUN_00476133; [UNCERTAIN] input file identity and report consumer"
"SC3U.exe","0x00430178","FUN_00430178","275","fun","C0","","",""
"SC3U.exe","0x0043028b","FUN_0043028b","136","fun","C0","","",""
"SC3U.exe","0x00430313","FUN_00430313","136","fun","C0","","",""
"SC3U.exe","0x0043039b","FUN_0043039b","346","fun","C0","","",""
"SC3U.exe","0x004304f5","FUN_004304f5","448","fun","C2","S18","sc3_data_read_file_to_buffer","[U-007] path via FUN_0042e8ba; FUN_0047b292 open + FUN_0047b437(1,2,1); reads whole file into param_2 in 0x200 chunks (FUN_0047b668 loop @0x430590) -> returns 1; on failure resolves key 0xd2 grp 0x41f2625 into param_2 -> returns 0"
"SC3U.exe","0x004306b5","FUN_004306b5","327","fun","C0","","",""
"SC3U.exe","0x004307fc","FUN_004307fc","249","fun","C0","","",""
"SC3U.exe","0x004308f5","FUN_004308f5","263","fun","C0","","",""
"SC3U.exe","0x004309fc","FUN_004309fc","811","fun","C0","","",""
"SC3U.exe","0x00430d31","FUN_00430d31","18","fun","C0","","",""
"SC3U.exe","0x00430d43","FUN_00430d43","12","fun","C0","","",""
"SC3U.exe","0x00430d74","FUN_00430d74","18","fun","C0","","",""
"SC3U.exe","0x00430d86","FUN_00430d86","12","fun","C0","","",""
"SC3U.exe","0x00430dba","FUN_00430dba","93","fun","C0","","",""
"SC3U.exe","0x00430e17","FUN_00430e17","28","fun","C0","","",""
"SC3U.exe","0x00430e33","FUN_00430e33","56","fun","C0","","",""
"SC3U.exe","0x00430e6b","FUN_00430e6b","1731","fun","C2","S15","sc3_ui_build_resolution_menu","[U-007] resolution list DAT_004fa958 via FUN_00432793: 320x240,480x360,512x384,640x480,800x600,1024x768 gated on display width thresholds 0x2bd/0x3e9/0x4b1; labels from keys 0xd3/0xd4/0xd5 grp 0x41f2625; init flag *(param_1+0x29)=1"
"SC3U.exe","0x0043152e","FUN_0043152e","110","fun","C0","","",""
"SC3U.exe","0x0043159c","FUN_0043159c","185","fun","C0","","",""
"SC3U.exe","0x00431655","FUN_00431655","64","fun","C0","","",""
"SC3U.exe","0x004317c2","FUN_004317c2","349","fun","C0","","",""
"SC3U.exe","0x00431987","FUN_00431987","35","fun","C0","","",""
"SC3U.exe","0x004319aa","FUN_004319aa","196","fun","C0","","",""
"SC3U.exe","0x00431a6e","FUN_00431a6e","659","fun","C0","","",""
"SC3U.exe","0x00431d01","FUN_00431d01","119","fun","C0","","",""
"SC3U.exe","0x00431d78","FUN_00431d78","303","fun","C0","","",""
"SC3U.exe","0x00431ea7","FUN_00431ea7","1640","fun","C0","","",""
"SC3U.exe","0x0043250f","FUN_0043250f","24","fun","C0","","",""
"SC3U.exe","0x00432527","FUN_00432527","281","fun","C0","","",""
"SC3U.exe","0x00432640","FUN_00432640","64","fun","C0","","",""
"SC3U.exe","0x00432680","FUN_00432680","36","fun","C0","","",""
"SC3U.exe","0x004326a4","FUN_004326a4","40","fun","C0","","",""
"SC3U.exe","0x004326cc","FUN_004326cc","40","fun","C0","","",""
"SC3U.exe","0x004326f4","FUN_004326f4","16","fun","C0","","",""
"SC3U.exe","0x00432704","FUN_00432704","15","fun","C0","","",""
"SC3U.exe","0x00432713","FUN_00432713","99","fun","C0","","",""
"SC3U.exe","0x00432776","FUN_00432776","15","fun","C0","","",""
"SC3U.exe","0x00432793","FUN_00432793","47","fun","C2","STL","sc3_util_vec_push_8","[S15-A] std::vector push_back of an 8-byte element: if finish(this+4)==end(this+8) grow via FUN_00432adc else copy *param_1/param_1[1] to *finish and advance this+4 by 8; sole caller 0x00430e6b (pushes resolution pairs); generic STL, not UI-specific"
"SC3U.exe","0x004327c2","FUN_004327c2","81","fun","C0","","",""
"SC3U.exe","0x00432813","FUN_00432813","15","fun","C0","","",""
"SC3U.exe","0x00432822","FUN_00432822","56","fun","C0","","",""
"SC3U.exe","0x0043285a","FUN_0043285a","25","fun","C0","","",""
"SC3U.exe","0x00432873","FUN_00432873","11","fun","C0","","",""
"SC3U.exe","0x00432885","FUN_00432885","132","fun","C0","","",""
"SC3U.exe","0x00432909","FUN_00432909","94","fun","C2","STL","sc3_util_list_remove_if","[S15-A] walks circular linked list at *this (head sentinel); compares each node via FUN_0041ff56(node+3,param_1+4), erases matches via FUN_0040d98d; caller 0x0042e409; generic STL"
"SC3U.exe","0x00432967","FUN_00432967","373","fun","C0","","",""
"SC3U.exe","0x00432adc","FUN_00432adc","296","fun","C0","","",""
"SC3U.exe","0x00432c04","Catch@00432c04","30","lib","lib","","",""
"SC3U.exe","0x00432c22","FUN_00432c22","54","fun","C0","","",""
"SC3U.exe","0x00432c58","FUN_00432c58","63","fun","C0","","",""
"SC3U.exe","0x00432c97","FUN_00432c97","104","fun","C0","","",""
"SC3U.exe","0x00432cff","FUN_00432cff","25","fun","C2","STL","sc3_util_list_distance","[S15-A] std::distance: counts nodes from param_1 to param_2 following *node, incrementing *param_3; callers FUN_0042e269, 0x0042e409, FUN_0045039e, FUN_0046c94c, FUN_0046cd01, FUN_0046d95d, FUN_00482aee; generic STL"
"SC3U.exe","0x00432d18","FUN_00432d18","54","fun","C0","","",""
"SC3U.exe","0x00432d5b","FUN_00432d5b","26","fun","C0","","",""
"SC3U.exe","0x00432d75","FUN_00432d75","62","fun","C0","","",""
"SC3U.exe","0x00432db3","FUN_00432db3","56","fun","C0","","",""
"SC3U.exe","0x00432deb","FUN_00432deb","52","fun","C0","","",""
"SC3U.exe","0x00432e1f","FUN_00432e1f","213","fun","C0","","",""
"SC3U.exe","0x00432ef4","FUN_00432ef4","9","fun","C0","","",""
"SC3U.exe","0x00432efd","FUN_00432efd","68","fun","C0","","",""
"SC3U.exe","0x00432f41","FUN_00432f41","25","fun","C0","","",""
"SC3U.exe","0x00432f5a","FUN_00432f5a","37","fun","C0","","",""
"SC3U.exe","0x00432ffd","FUN_00432ffd","68","fun","C0","","",""
"SC3U.exe","0x00433041","FUN_00433041","28","fun","C0","","",""
"SC3U.exe","0x0043305d","FUN_0043305d","14","fun","C0","","",""
"SC3U.exe","0x004330af","FUN_004330af","617","fun","C0","","",""
"SC3U.exe","0x00433318","FUN_00433318","123","fun","C0","","",""
"SC3U.exe","0x00433393","FUN_00433393","26","fun","C0","","",""
"SC3U.exe","0x004333ad","FUN_004333ad","59","fun","C0","","",""
"SC3U.exe","0x004333f2","FUN_004333f2","357","fun","C0","","",""
"SC3U.exe","0x00433557","FUN_00433557","193","fun","C0","","",""
"SC3U.exe","0x00433632","FUN_00433632","4","fun","C0","","",""
"SC3U.exe","0x00433636","FUN_00433636","99","fun","C0","","",""
"SC3U.exe","0x00433699","FUN_00433699","602","fun","C0","","",""
"SC3U.exe","0x004338f3","FUN_004338f3","160","fun","C0","","",""
"SC3U.exe","0x00433993","FUN_00433993","49","fun","C0","","",""
"SC3U.exe","0x004339df","FUN_004339df","16","fun","C0","","",""
"SC3U.exe","0x004339ef","FUN_004339ef","16","fun","C0","","",""
"SC3U.exe","0x00433a06","FUN_00433a06","31","fun","C0","","",""
"SC3U.exe","0x00433a25","FUN_00433a25","28","fun","C0","","",""
"SC3U.exe","0x00433a41","FUN_00433a41","111","fun","C0","","",""
"SC3U.exe","0x00433add","FUN_00433add","40","fun","C0","","",""
"SC3U.exe","0x00433b05","FUN_00433b05","64","fun","C0","","",""
"SC3U.exe","0x00433b45","FUN_00433b45","15","fun","C0","","",""
"SC3U.exe","0x00433b54","FUN_00433b54","26","fun","C0","","",""
"SC3U.exe","0x00433b6e","FUN_00433b6e","16","fun","C0","","",""
"SC3U.exe","0x00433b7e","FUN_00433b7e","14","fun","C0","","",""
"SC3U.exe","0x00433b91","FUN_00433b91","16","fun","C0","","",""
"SC3U.exe","0x00433ba1","FUN_00433ba1","23","fun","C0","","",""
"SC3U.exe","0x00433bb8","FUN_00433bb8","47","fun","C0","","",""
"SC3U.exe","0x00433c1c","FUN_00433c1c","168","fun","C0","","",""
"SC3U.exe","0x00433cc4","FUN_00433cc4","28","fun","C0","","",""
"SC3U.exe","0x00433ce0","FUN_00433ce0","72","fun","C0","","",""
"SC3U.exe","0x00433da7","FUN_00433da7","56","fun","C0","","",""
"SC3U.exe","0x00433ddf","FUN_00433ddf","45","fun","C0","","",""
"SC3U.exe","0x00433e0c","FUN_00433e0c","145","fun","C0","","",""
"SC3U.exe","0x00433e9d","FUN_00433e9d","656","fun","C0","","",""
"SC3U.exe","0x0043412d","FUN_0043412d","631","fun","C0","","",""
"SC3U.exe","0x004343a4","FUN_004343a4","219","fun","C0","","",""
"SC3U.exe","0x00434489","FUN_00434489","222","fun","C0","","",""
"SC3U.exe","0x00434598","FUN_00434598","115","fun","C0","","",""
"SC3U.exe","0x0043460b","FUN_0043460b","154","fun","C0","","",""
"SC3U.exe","0x004346a5","FUN_004346a5","112","fun","C0","","",""
"SC3U.exe","0x004347ce","FUN_004347ce","98","fun","C0","","",""
"SC3U.exe","0x00434830","FUN_00434830","132","fun","C0","","",""
"SC3U.exe","0x004348ca","FUN_004348ca","118","fun","C0","","",""
"SC3U.exe","0x00434940","FUN_00434940","106","fun","C0","","",""
"SC3U.exe","0x004349aa","FUN_004349aa","44","fun","C0","","",""
"SC3U.exe","0x004349d6","FUN_004349d6","204","fun","C0","","",""
"SC3U.exe","0x00434aa2","FUN_00434aa2","102","fun","C0","","",""
"SC3U.exe","0x00434b08","FUN_00434b08","95","fun","C0","","",""
"SC3U.exe","0x00434b67","FUN_00434b67","255","fun","C0","","",""
"SC3U.exe","0x00434c66","FUN_00434c66","205","fun","C0","","",""
"SC3U.exe","0x00434d33","FUN_00434d33","86","fun","C0","","",""
"SC3U.exe","0x00434d89","FUN_00434d89","258","fun","C0","","",""
"SC3U.exe","0x00434e8b","FUN_00434e8b","144","fun","C0","","",""
"SC3U.exe","0x00434f1b","FUN_00434f1b","5","fun","C0","","",""
"SC3U.exe","0x00434f20","FUN_00434f20","121","fun","C0","","",""
"SC3U.exe","0x00434f99","FUN_00434f99","14","fun","C0","","",""
"SC3U.exe","0x00434fa7","FUN_00434fa7","17","fun","C0","","",""
"SC3U.exe","0x00434fb8","FUN_00434fb8","54","fun","C0","","",""
"SC3U.exe","0x00434fee","FUN_00434fee","14","fun","C0","","",""
"SC3U.exe","0x00434ffc","FUN_00434ffc","59","fun","C0","","",""
"SC3U.exe","0x00435037","FUN_00435037","54","fun","C0","","",""
"SC3U.exe","0x0043506d","FUN_0043506d","41","fun","C0","","",""
"SC3U.exe","0x00435096","FUN_00435096","12","fun","C0","","",""
"SC3U.exe","0x004350a2","FUN_004350a2","52","fun","C0","","",""
"SC3U.exe","0x004350d6","FUN_004350d6","25","fun","C0","","",""
"SC3U.exe","0x004350ef","FUN_004350ef","76","fun","C0","","",""
"SC3U.exe","0x00435142","FUN_00435142","48","fun","C0","","",""
"SC3U.exe","0x00435172","FUN_00435172","139","fun","C0","","",""
"SC3U.exe","0x004351fd","FUN_004351fd","44","fun","C0","","",""
"SC3U.exe","0x00435229","FUN_00435229","79","fun","C0","","",""
"SC3U.exe","0x00435278","FUN_00435278","423","fun","C0","","",""
"SC3U.exe","0x0043541f","Catch@0043541f","30","lib","lib","","",""
"SC3U.exe","0x0043543d","FUN_0043543d","130","fun","C0","","",""
"SC3U.exe","0x004354bf","FUN_004354bf","34","fun","C0","","",""
"SC3U.exe","0x004354e1","FUN_004354e1","37","fun","C0","","",""
"SC3U.exe","0x00435506","FUN_00435506","39","fun","C0","","",""
"SC3U.exe","0x00435583","FUN_00435583","203","fun","C0","","",""
"SC3U.exe","0x0043564e","FUN_0043564e","28","fun","C0","","",""
"SC3U.exe","0x0043566a","FUN_0043566a","82","fun","C0","","",""
"SC3U.exe","0x004356fd","FUN_004356fd","95","fun","C0","","",""
"SC3U.exe","0x004357d1","FUN_004357d1","197","fun","C0","","",""
"SC3U.exe","0x00435896","FUN_00435896","27","fun","C0","","",""
"SC3U.exe","0x004358b1","FUN_004358b1","345","fun","C0","","",""
"SC3U.exe","0x00435a0a","FUN_00435a0a","143","fun","C0","","",""
"SC3U.exe","0x00435ac7","FUN_00435ac7","92","fun","C0","","",""
"SC3U.exe","0x00435b23","FUN_00435b23","163","fun","C0","","",""
"SC3U.exe","0x00435bc6","FUN_00435bc6","107","fun","C0","","",""
"SC3U.exe","0x00435c4c","FUN_00435c4c","64","fun","C0","","",""
"SC3U.exe","0x00435c8c","FUN_00435c8c","261","fun","C0","","",""
"SC3U.exe","0x00435d91","FUN_00435d91","325","fun","C0","","",""
"SC3U.exe","0x00435ed6","FUN_00435ed6","78","fun","C0","","",""
"SC3U.exe","0x00435f24","FUN_00435f24","352","fun","C0","","",""
"SC3U.exe","0x00436084","FUN_00436084","261","fun","C0","","",""
"SC3U.exe","0x00436285","FUN_00436285","47","fun","C0","","",""
"SC3U.exe","0x004362b4","FUN_004362b4","280","fun","C0","","",""
"SC3U.exe","0x004363e3","FUN_004363e3","112","fun","C0","","",""
"SC3U.exe","0x00436453","FUN_00436453","117","fun","C0","","",""
"SC3U.exe","0x004364c8","FUN_004364c8","184","fun","C0","","",""
"SC3U.exe","0x00436580","FUN_00436580","186","fun","C0","","",""
"SC3U.exe","0x0043663a","FUN_0043663a","239","fun","C0","","",""
"SC3U.exe","0x00436729","FUN_00436729","118","fun","C0","","",""
"SC3U.exe","0x00436892","FUN_00436892","13","fun","C0","","",""
"SC3U.exe","0x0043689f","FUN_0043689f","28","fun","C0","","",""
"SC3U.exe","0x004368bb","FUN_004368bb","7","fun","C0","","",""
"SC3U.exe","0x004368c2","FUN_004368c2","47","fun","C0","","",""
"SC3U.exe","0x004368f1","FUN_004368f1","23","fun","C0","","",""
"SC3U.exe","0x00436908","FUN_00436908","61","fun","C0","","",""
"SC3U.exe","0x00436945","FUN_00436945","150","fun","C0","","",""
"SC3U.exe","0x004369db","FUN_004369db","136","fun","C0","","",""
"SC3U.exe","0x00436a63","FUN_00436a63","49","fun","C0","","",""
"SC3U.exe","0x00436a94","FUN_00436a94","806","fun","C2","S15","sc3_ui_create_sysinfo_window","[U-007] window (*param_1+0xc0)(600,400); operator_new(0x108)->FUN_0044d7ce then FUN_00436f31 populates; bounds (+0xc8)(10,0x32,0x254,0x172), bg (+0x184)(0x7e,0x8c,0xff); title key 0x2a6 grp 0x29541f4"
"SC3U.exe","0x00436dba","FUN_00436dba","52","fun","C0","","",""
"SC3U.exe","0x00436dee","FUN_00436dee","34","fun","C0","","",""
"SC3U.exe","0x00436e10","FUN_00436e10","40","fun","C0","","",""
"SC3U.exe","0x00436e38","FUN_00436e38","249","fun","C0","","",""
"SC3U.exe","0x00436f31","FUN_00436f31","9411","fun","C2","S15","sc3_ui_populate_sysinfo_text","[U-007] system-info report: 'Sound adapter:'@0x004f75ec; CPUID feature bits &0x800000 and &8; memory (*FUN_00470323+0x5c)(2)/0xfa000 MB; 44 string keys (grp 0x29541f4 idx 0x2a7-0x2b7, grp 0x209e6378 idx 0x6a4-0x6d6) appended via (*param_1+0x14); sole caller 0x00436a94"
"SC3U.exe","0x004395dd","FUN_004395dd","32","fun","C2","S15","sc3_ui_construct_widget_004d2824","[S15-A] ctor: base ctor FUN_00440296; zeroes +0xa4 and +0xc0; vtable &PTR_FUN_004d2824; sole caller 0x0043b436 (sc3_ui_make_object_from_key)"
"SC3U.exe","0x004395fd","FUN_004395fd","28","fun","C0","","",""
"SC3U.exe","0x00439619","FUN_00439619","77","fun","C0","","",""
"SC3U.exe","0x00439666","FUN_00439666","26","fun","C0","","",""
"SC3U.exe","0x00439680","FUN_00439680","118","fun","C0","","",""
"SC3U.exe","0x0043976b","FUN_0043976b","74","fun","C0","","",""
"SC3U.exe","0x004397b5","FUN_004397b5","43","fun","C0","","",""
"SC3U.exe","0x004397e0","FUN_004397e0","43","fun","C0","","",""
"SC3U.exe","0x0043980b","FUN_0043980b","182","fun","C0","","",""
"SC3U.exe","0x004398c1","FUN_004398c1","256","fun","C0","","",""
"SC3U.exe","0x00439a10","FUN_00439a10","76","fun","C0","","",""
"SC3U.exe","0x00439a5c","FUN_00439a5c","19","fun","C0","","",""
"SC3U.exe","0x00439a74","FUN_00439a74","85","fun","C0","","",""
"SC3U.exe","0x00439ac9","`scalar_deleting_destructor'","28","lib","lib","","",""
"SC3U.exe","0x00439ae5","~COleResizeBar","62","lib","lib","","",""
"SC3U.exe","0x00439ca0","FUN_00439ca0","445","fun","C0","","",""
"SC3U.exe","0x00439ed1","FUN_00439ed1","137","fun","C0","","",""
"SC3U.exe","0x00439f5f","FUN_00439f5f","68","fun","C0","","",""
"SC3U.exe","0x00439fa3","FUN_00439fa3","134","fun","C0","","",""
"SC3U.exe","0x0043a029","FUN_0043a029","19","fun","C0","","",""
"SC3U.exe","0x0043a03c","FUN_0043a03c","45","fun","C0","","",""
"SC3U.exe","0x0043a069","FUN_0043a069","74","fun","C0","","",""
"SC3U.exe","0x0043a0b3","FUN_0043a0b3","37","fun","C0","","",""
"SC3U.exe","0x0043a0dd","thunk_FUN_0043a0e7","5","thunk","thunk","","",""
"SC3U.exe","0x0043a0e7","FUN_0043a0e7","61","fun","C0","","",""
"SC3U.exe","0x0043a124","FUN_0043a124","122","fun","C0","","",""
"SC3U.exe","0x0043a19e","FUN_0043a19e","41","fun","C0","","",""
"SC3U.exe","0x0043a1c7","FUN_0043a1c7","139","fun","C0","","",""
"SC3U.exe","0x0043a252","FUN_0043a252","92","fun","C0","","",""
"SC3U.exe","0x0043a2ae","FUN_0043a2ae","11","fun","C0","","",""
"SC3U.exe","0x0043a2b9","FUN_0043a2b9","101","fun","C0","","",""
"SC3U.exe","0x0043a31e","FUN_0043a31e","1193","fun","C2","S15","sc3_ui_build_mainmenu_buttons","[S15-C] opens resource PTR_s_MAINMENUBMP_004d2820; parses '< > = ,'-delimited entries via atoi FUN_0048331d; registers keyed objects with resource TYPE 0x82b9b75c and INSTANCEs 0x22729930-0x22729938; reads registry string @0x004f75fc; callees FUN_0043b701/FUN_0043a2b9"
"SC3U.exe","0x0043a7c7","FUN_0043a7c7","25","fun","C0","","",""
"SC3U.exe","0x0043a7e0","FUN_0043a7e0","62","fun","C0","","",""
"SC3U.exe","0x0043a81e","FUN_0043a81e","53","fun","C0","","",""
"SC3U.exe","0x0043a853","FUN_0043a853","18","fun","C0","","",""
"SC3U.exe","0x0043a865","FUN_0043a865","28","fun","C0","","",""
"SC3U.exe","0x0043a881","FUN_0043a881","56","fun","C0","","",""
"SC3U.exe","0x0043a8b9","FUN_0043a8b9","2658","fun","C0","","",""
"SC3U.exe","0x0043b31b","FUN_0043b31b","151","fun","C0","","",""
"SC3U.exe","0x0043b3b2","FUN_0043b3b2","132","fun","C0","","",""
"SC3U.exe","0x0043b436","FUN_0043b436","202","fun","C2","S15","sc3_ui_make_object_from_key","[U-007] operator_new(0xc4)->FUN_004395dd; key FUN_00484b6d(param_3,param_2) tested via FUN_00484beb; on success (*obj+0xec)(param_1), (+0x10c)(key), (+0xf4)(0x800,0); returns in *param_4"
"SC3U.exe","0x0043b500","thunk_FUN_0043b71b","5","thunk","thunk","","",""
"SC3U.exe","0x0043b505","FUN_0043b505","8","fun","C0","","",""
"SC3U.exe","0x0043b5cc","FUN_0043b5cc","113","fun","C0","","",""
"SC3U.exe","0x0043b63d","FUN_0043b63d","134","fun","C0","","",""
"SC3U.exe","0x0043b6c3","FUN_0043b6c3","20","fun","C0","","",""
"SC3U.exe","0x0043b6d7","FUN_0043b6d7","31","fun","C0","","",""
"SC3U.exe","0x0043b6f6","FUN_0043b6f6","11","fun","C0","","",""
"SC3U.exe","0x0043b701","FUN_0043b701","26","fun","C0","","",""
"SC3U.exe","0x0043b71b","FUN_0043b71b","54","fun","C0","","",""
"SC3U.exe","0x0043b751","FUN_0043b751","19","fun","C0","","",""
"SC3U.exe","0x0043b764","FUN_0043b764","54","fun","C0","","",""
"SC3U.exe","0x0043b79a","FUN_0043b79a","41","fun","C0","","",""
"SC3U.exe","0x0043b7c3","FUN_0043b7c3","12","fun","C0","","",""
"SC3U.exe","0x0043b7d6","FUN_0043b7d6","48","fun","C0","","",""
"SC3U.exe","0x0043b806","FUN_0043b806","139","fun","C0","","",""
"SC3U.exe","0x0043b891","FUN_0043b891","79","fun","C0","","",""
"SC3U.exe","0x0043b8e0","FUN_0043b8e0","79","fun","C0","","",""
"SC3U.exe","0x0043b92f","FUN_0043b92f","130","fun","C0","","",""
"SC3U.exe","0x0043b9b1","FUN_0043b9b1","46","fun","C0","","",""
"SC3U.exe","0x0043b9df","FUN_0043b9df","193","fun","C0","","",""
"SC3U.exe","0x0043baa0","FUN_0043baa0","36","fun","C0","","",""
"SC3U.exe","0x0043bac4","FUN_0043bac4","25","fun","C0","","",""
"SC3U.exe","0x0043bae7","FUN_0043bae7","59","fun","C0","","",""
"SC3U.exe","0x0043bb22","FUN_0043bb22","42","fun","C0","","",""
"SC3U.exe","0x0043bb4c","FUN_0043bb4c","115","fun","C0","","",""
"SC3U.exe","0x0043bbbf","FUN_0043bbbf","17","fun","C0","","",""
"SC3U.exe","0x0043bbd0","FUN_0043bbd0","54","fun","C0","","",""
"SC3U.exe","0x0043bc06","FUN_0043bc06","54","fun","C0","","",""
"SC3U.exe","0x0043bc3c","FUN_0043bc3c","41","fun","C0","","",""
"SC3U.exe","0x0043bc65","FUN_0043bc65","12","fun","C0","","",""
"SC3U.exe","0x0043bc71","FUN_0043bc71","48","fun","C0","","",""
"SC3U.exe","0x0043bca1","FUN_0043bca1","139","fun","C0","","",""
"SC3U.exe","0x0043bd2c","FUN_0043bd2c","44","fun","C0","","",""
"SC3U.exe","0x0043bd58","FUN_0043bd58","79","fun","C0","","",""
"SC3U.exe","0x0043bda7","FUN_0043bda7","130","fun","C0","","",""
"SC3U.exe","0x0043be29","FUN_0043be29","34","fun","C0","","",""
"SC3U.exe","0x0043be4b","FUN_0043be4b","58","fun","C0","","",""
"SC3U.exe","0x0043be85","FUN_0043be85","139","fun","C0","","",""
"SC3U.exe","0x0043bf10","FUN_0043bf10","145","fun","C0","","",""
"SC3U.exe","0x0043bfa1","FUN_0043bfa1","272","fun","C0","","",""
"SC3U.exe","0x0043c0b1","FUN_0043c0b1","159","fun","C0","","",""
"SC3U.exe","0x0043c150","FUN_0043c150","28","fun","C0","","",""
"SC3U.exe","0x0043c16c","FUN_0043c16c","76","fun","C0","","",""
"SC3U.exe","0x0043c1b8","FUN_0043c1b8","63","fun","C0","","",""
"SC3U.exe","0x0043c1f7","FUN_0043c1f7","34","fun","C0","","",""
"SC3U.exe","0x0043c219","FUN_0043c219","293","fun","C0","","",""
"SC3U.exe","0x0043c35c","FUN_0043c35c","35","fun","C0","","",""
"SC3U.exe","0x0043c469","FUN_0043c469","37","fun","C0","","",""
"SC3U.exe","0x0043c48e","FUN_0043c48e","57","fun","C0","","",""
"SC3U.exe","0x0043c4c7","FUN_0043c4c7","45","fun","C0","","",""
"SC3U.exe","0x0043c56e","FUN_0043c56e","215","fun","C0","","",""
"SC3U.exe","0x0043c6a7","FUN_0043c6a7","247","fun","C0","","",""
"SC3U.exe","0x0043c79e","FUN_0043c79e","45","fun","C0","","",""
"SC3U.exe","0x0043c838","FUN_0043c838","190","fun","C0","","",""
"SC3U.exe","0x0043c902","FUN_0043c902","47","fun","C0","","",""
"SC3U.exe","0x0043c931","FUN_0043c931","273","fun","C0","","",""
"SC3U.exe","0x0043ca77","FUN_0043ca77","33","fun","C0","","",""
"SC3U.exe","0x0043ca98","FUN_0043ca98","121","fun","C0","","",""
"SC3U.exe","0x0043cb11","FUN_0043cb11","476","fun","C0","","",""
"SC3U.exe","0x0043cced","FUN_0043cced","241","fun","C0","","",""
"SC3U.exe","0x0043cdde","FUN_0043cdde","300","fun","C0","","",""
"SC3U.exe","0x0043cf17","FUN_0043cf17","11","fun","C0","","",""
"SC3U.exe","0x0043cf22","FUN_0043cf22","720","fun","C0","","",""
"SC3U.exe","0x0043d1f2","FUN_0043d1f2","242","fun","C0","","",""
"SC3U.exe","0x0043d31b","FUN_0043d31b","3","fun","C0","","",""
"SC3U.exe","0x0043d31e","FUN_0043d31e","3","fun","C0","","",""
"SC3U.exe","0x0043d328","FUN_0043d328","74","fun","C2","S15","sc3_ui_construct_splash_dialog","[S15-A] ctor: base ctor FUN_00440296; +0xa4=0x25e74ba1 (type tag); vtable &PTR_FUN_004d30e8; [0x2e]=0x75e73bc0, [0x2f]=0x5f9c384; sole caller 0x0043e4a3"
"SC3U.exe","0x0043d372","FUN_0043d372","28","fun","C0","","",""
"SC3U.exe","0x0043d38e","FUN_0043d38e","11","fun","C0","","",""
"SC3U.exe","0x0043d399","FUN_0043d399","180","fun","C0","","",""
"SC3U.exe","0x0043d44d","FUN_0043d44d","30","fun","C0","","",""
"SC3U.exe","0x0043d46b","FUN_0043d46b","30","fun","C0","","",""
"SC3U.exe","0x0043d489","FUN_0043d489","160","fun","C0","","",""
"SC3U.exe","0x0043d529","FUN_0043d529","257","fun","C0","","",""
"SC3U.exe","0x0043d62a","FUN_0043d62a","69","fun","C0","","",""
"SC3U.exe","0x0043d672","FUN_0043d672","15","fun","C2","S15","sc3_ui_set_dialog_field_a4","[S15-A] stores param_1 at this+0xa4, returns 1; caller 0x0043e4a3 passes 0x25e74ba2-(param_1!=0)"
"SC3U.exe","0x0043d681","FUN_0043d681","118","fun","C0","","",""
"SC3U.exe","0x0043d6f7","FUN_0043d6f7","129","fun","C2","S15","sc3_ui_attach_child_to_slot","[S15-A] validates index via FUN_0043d8e6; AddRef param_2 (slot+4); releases prior at this+param_1*4+0xb0 (slot+8); stores there; reads id at this+param_1*4+0xb8; *this slot+0x78 find-child(id) and (id+1) -> each child slot+0x10c(new child); child-slot array at +0xb0 with parallel id array at +0xb8; caller 0x0043e4a3"
"SC3U.exe","0x0043d778","FUN_0043d778","332","fun","C0","","",""
"SC3U.exe","0x0043d8c4","FUN_0043d8c4","12","fun","C0","","",""
"SC3U.exe","0x0043d8d0","FUN_0043d8d0","22","fun","C0","","",""
"SC3U.exe","0x0043d8e6","FUN_0043d8e6","22","fun","C0","","",""
"SC3U.exe","0x0043d8fc","FUN_0043d8fc","412","fun","C0","","",""
"SC3U.exe","0x0043da98","FUN_0043da98","94","fun","C0","","",""
"SC3U.exe","0x0043daf6","FUN_0043daf6","105","fun","C0","","",""
"SC3U.exe","0x0043db5f","FUN_0043db5f","28","fun","C0","","",""
"SC3U.exe","0x0043db7b","FUN_0043db7b","66","fun","C0","","",""
"SC3U.exe","0x0043dc11","FUN_0043dc11","247","fun","C0","","",""
"SC3U.exe","0x0043dd08","FUN_0043dd08","149","fun","C0","","",""
"SC3U.exe","0x0043dd9d","FUN_0043dd9d","225","fun","C0","","",""
"SC3U.exe","0x0043de7e","FUN_0043de7e","26","fun","C0","","",""
"SC3U.exe","0x0043dfaa","FUN_0043dfaa","113","fun","C0","","",""
"SC3U.exe","0x0043e05b","FUN_0043e05b","560","fun","C0","","",""
"SC3U.exe","0x0043e28b","FUN_0043e28b","515","fun","C2","S15","sc3_ui_read_splashbmp_regkey","[S15-B] reads registry HKLM\Software\Electronic Arts\Maxis\SimCity 3000 Unlimited\SKU (s_..._004f75fc), queries value name SPLASHBMP (PTR_s_SPLASHBMP_004d30e0, string @0x004f51e4) via sub-service slot+0x14, splits on DAT_004f71f4, writes two FUN_0048331d-parsed ints to param_2+4 and param_2+8 = a GZCOM (group,instance) key for the splash bitmap; caller 0x0043e4a3 defaults to 0x82b9b75c/0x22721000"
"SC3U.exe","0x0043e48e","FUN_0043e48e","21","fun","C0","","",""
"SC3U.exe","0x0043e4a3","FUN_0043e4a3","357","fun","C2","S15","sc3_ui_setup_splash_screen","[U-007] 'SPLASHBMP'@0x004f51e4 via FUN_0043e28b(PTR_s_SPLASHBMP_004d30e0); absent -> defaults 0x82b9b75c/0x22721000; operator_new(0xc0)->FUN_0043d328; keys (0x197,0x41f2625) and (0x18,0x63de4715) bound to slots 0/1 via FUN_0043d6f7"
"SC3U.exe","0x0043e608","FUN_0043e608","272","fun","C0","","",""
"SC3U.exe","0x0043e858","FUN_0043e858","318","fun","C0","","",""
"SC3U.exe","0x0043e996","FUN_0043e996","30","fun","C0","","",""
"SC3U.exe","0x0043e9b4","FUN_0043e9b4","36","fun","C0","","",""
"SC3U.exe","0x0043e9d8","FUN_0043e9d8","822","fun","C0","","",""
"SC3U.exe","0x0043ed0e","FUN_0043ed0e","88","fun","C0","","",""
"SC3U.exe","0x0043ed70","FUN_0043ed70","5","fun","C0","","",""
"SC3U.exe","0x0043ed75","FUN_0043ed75","148","fun","C0","","",""
"SC3U.exe","0x0043ee09","FUN_0043ee09","33","fun","C0","","",""
"SC3U.exe","0x0043ee2a","FUN_0043ee2a","47","fun","C0","","",""
"SC3U.exe","0x0043ee59","Catch@0043ee59","6","lib","lib","","",""
"SC3U.exe","0x0043ee87","FUN_0043ee87","142","fun","C0","","",""
"SC3U.exe","0x0043ef25","FUN_0043ef25","28","fun","C0","","",""
"SC3U.exe","0x0043ef41","FUN_0043ef41","208","fun","C0","","",""
"SC3U.exe","0x0043f011","FUN_0043f011","117","fun","C0","","",""
"SC3U.exe","0x0043f093","FUN_0043f093","46","fun","C0","","",""
"SC3U.exe","0x0043f1a8","FUN_0043f1a8","82","fun","C0","","",""
"SC3U.exe","0x0043f1fd","FUN_0043f1fd","313","fun","C2","S17-audio","sc3_audio_open_track","UV.dll track open; guarded by byte this+8; sets path this+0x50 (FUN_00402d6c) and FUN_0047b98f exists-check; sound desc this+0x4c; uV_Open(this+0x54,this+0x30,desc)->handle this+0x48; sets volumes this+0x18/+0x1c=100 (0x64) and desc+0x70/+0x74=100; marks this+8=1"
"SC3U.exe","0x0043f336","FUN_0043f336","38","fun","C0","","",""
"SC3U.exe","0x0043f35c","FUN_0043f35c","17","fun","C0","","",""
"SC3U.exe","0x0043f36d","FUN_0043f36d","304","fun","C0","","",""
"SC3U.exe","0x0043f49d","FUN_0043f49d","58","fun","C0","","",""
"SC3U.exe","0x0043f4d7","FUN_0043f4d7","19","fun","C0","","",""
"SC3U.exe","0x0043f4ea","FUN_0043f4ea","33","fun","C0","","",""
"SC3U.exe","0x0043f50b","FUN_0043f50b","30","fun","C0","","",""
"SC3U.exe","0x0043f529","FUN_0043f529","96","fun","C0","","",""
"SC3U.exe","0x0043f589","FUN_0043f589","93","fun","C0","","",""
"SC3U.exe","0x0043f5e6","FUN_0043f5e6","96","fun","C0","","",""
"SC3U.exe","0x0043f646","FUN_0043f646","58","fun","C0","","",""
"SC3U.exe","0x0043f685","FUN_0043f685","124","fun","C0","","",""
"SC3U.exe","0x0043f74f","FUN_0043f74f","35","fun","C0","","",""
"SC3U.exe","0x0043f7a6","FUN_0043f7a6","49","fun","C0","","",""
"SC3U.exe","0x0043f834","FUN_0043f834","157","fun","C2","S17-audio","sc3_audio_update_track","3-state playback FSM on this+4 (0 init/1 playing/2 stopped); state0: (vf+4) open then uV_Play_FromHandle(this+0x48)->state1, else state2; state2: if this+0x11 set, param_1 vf+0x1c(0x40)/vf+0x74/vf+0x20(0x40); default: uV_is_Playing(this+0x48), if idle ->state2"
"SC3U.exe","0x0043f91a","uV_Open","6","thunk","thunk","","",""
"SC3U.exe","0x0043f920","uV_Close","6","thunk","thunk","","",""
"SC3U.exe","0x0043f926","uV_Stop","6","thunk","thunk","","",""
"SC3U.exe","0x0043f92c","uV_Pause","6","thunk","thunk","","",""
"SC3U.exe","0x0043f932","uV_SetAudioVolume","6","thunk","thunk","","",""
"SC3U.exe","0x0043f938","uV_is_Playing","6","thunk","thunk","","",""
"SC3U.exe","0x0043f93e","uV_Play_FromHandle","6","thunk","thunk","","",""
"SC3U.exe","0x0043f944","FUN_0043f944","129","fun","C0","","",""
"SC3U.exe","0x0043f9c5","FUN_0043f9c5","28","fun","C0","","",""
"SC3U.exe","0x0043f9e1","FUN_0043f9e1","66","fun","C0","","",""
"SC3U.exe","0x0043fa64","thunk_FUN_00440534","5","thunk","thunk","","",""
"SC3U.exe","0x0043fab8","FUN_0043fab8","46","fun","C0","","",""
"SC3U.exe","0x0043fae6","FUN_0043fae6","113","fun","C0","","",""
"SC3U.exe","0x0043fc1e","FUN_0043fc1e","26","fun","C0","","",""
"SC3U.exe","0x0043fd49","FUN_0043fd49","146","fun","C0","","",""
"SC3U.exe","0x0043fddb","FUN_0043fddb","30","fun","C0","","",""
"SC3U.exe","0x0043fe3a","FUN_0043fe3a","33","fun","C0","","",""
"SC3U.exe","0x0043fe5b","FUN_0043fe5b","107","fun","C0","","",""
"SC3U.exe","0x0043fec6","FUN_0043fec6","243","fun","C0","","",""
"SC3U.exe","0x0043ffb9","FUN_0043ffb9","77","fun","C0","","",""
"SC3U.exe","0x0044005b","FUN_0044005b","248","fun","C0","","",""
"SC3U.exe","0x00440177","FUN_00440177","186","fun","C0","","",""
"SC3U.exe","0x00440238","FUN_00440238","39","fun","C0","","",""
"SC3U.exe","0x0044025f","FUN_0044025f","55","fun","C0","","",""
"SC3U.exe","0x00440296","FUN_00440296","245","fun","C0","","",""
"SC3U.exe","0x0044038b","FUN_0044038b","28","fun","C0","","",""
"SC3U.exe","0x004403a7","FUN_004403a7","220","fun","C0","","",""
"SC3U.exe","0x00440483","FUN_00440483","130","fun","C0","","",""
"SC3U.exe","0x00440505","FUN_00440505","47","fun","C0","","",""
"SC3U.exe","0x00440534","FUN_00440534","7","fun","C0","","",""
"SC3U.exe","0x0044053b","FUN_0044053b","25","fun","C0","","",""
"SC3U.exe","0x00440554","FUN_00440554","53","fun","C0","","",""
"SC3U.exe","0x00440589","FUN_00440589","43","fun","C0","","",""
"SC3U.exe","0x004405b4","FUN_004405b4","226","fun","C0","","",""
"SC3U.exe","0x00440696","FUN_00440696","141","fun","C0","","",""
"SC3U.exe","0x00440723","FUN_00440723","112","fun","C0","","",""
"SC3U.exe","0x004407ff","FUN_004407ff","30","fun","C0","","",""
"SC3U.exe","0x00440863","FUN_00440863","47","fun","C0","","",""
"SC3U.exe","0x00440892","FUN_00440892","216","fun","C0","","",""
"SC3U.exe","0x0044096a","FUN_0044096a","187","fun","C0","","",""
"SC3U.exe","0x00440a25","FUN_00440a25","97","fun","C0","","",""
"SC3U.exe","0x00440a86","FUN_00440a86","134","fun","C0","","",""
"SC3U.exe","0x00440b24","FUN_00440b24","108","fun","C0","","",""
"SC3U.exe","0x00440bbe","FUN_00440bbe","125","fun","C0","","",""
"SC3U.exe","0x00440c3b","FUN_00440c3b","66","fun","C0","","",""
"SC3U.exe","0x00440c7d","FUN_00440c7d","105","fun","C0","","",""
"SC3U.exe","0x00440ce6","FUN_00440ce6","111","fun","C0","","",""
"SC3U.exe","0x00440d55","FUN_00440d55","148","fun","C0","","",""
"SC3U.exe","0x00440e37","FUN_00440e37","52","fun","C0","","",""
"SC3U.exe","0x00440e96","FUN_00440e96","75","fun","C0","","",""
"SC3U.exe","0x00440f6d","FUN_00440f6d","35","fun","C0","","",""
"SC3U.exe","0x00440f90","FUN_00440f90","426","fun","C0","","",""
"SC3U.exe","0x00441187","FUN_00441187","5","fun","C0","","",""
"SC3U.exe","0x00441196","FUN_00441196","134","fun","C0","","",""
"SC3U.exe","0x0044121c","FUN_0044121c","33","fun","C0","","",""
"SC3U.exe","0x0044123d","FUN_0044123d","5","fun","C0","","",""
"SC3U.exe","0x00441247","FUN_00441247","12","fun","C0","","",""
"SC3U.exe","0x00441257","FUN_00441257","35","fun","C0","","",""
"SC3U.exe","0x00441291","FUN_00441291","36","fun","C0","","",""
"SC3U.exe","0x004412ce","FUN_004412ce","289","fun","C0","","",""
"SC3U.exe","0x004413ef","FUN_004413ef","218","fun","C0","","",""
"SC3U.exe","0x004414c9","FUN_004414c9","100","fun","C0","","",""
"SC3U.exe","0x0044152d","FUN_0044152d","42","fun","C0","","",""
"SC3U.exe","0x00441557","FUN_00441557","179","fun","C0","","",""
"SC3U.exe","0x0044160a","FUN_0044160a","46","fun","C0","","",""
"SC3U.exe","0x00441638","FUN_00441638","32","fun","C0","","",""
"SC3U.exe","0x00441658","FUN_00441658","122","fun","C0","","",""
"SC3U.exe","0x004416d2","FUN_004416d2","83","fun","C0","","",""
"SC3U.exe","0x00441725","FUN_00441725","451","fun","C0","","",""
"SC3U.exe","0x004418e8","FUN_004418e8","170","fun","C0","","",""
"SC3U.exe","0x00441992","FUN_00441992","80","fun","C0","","",""
"SC3U.exe","0x004419e2","FUN_004419e2","75","fun","C0","","",""
"SC3U.exe","0x00441a2d","FUN_00441a2d","64","fun","C0","","",""
"SC3U.exe","0x00441a6d","FUN_00441a6d","105","fun","C0","","",""
"SC3U.exe","0x00441ad6","FUN_00441ad6","84","fun","C0","","",""
"SC3U.exe","0x00441b2a","FUN_00441b2a","188","fun","C0","","",""
"SC3U.exe","0x00441be6","FUN_00441be6","35","fun","C0","","",""
"SC3U.exe","0x00441c0c","FUN_00441c0c","226","fun","C0","","",""
"SC3U.exe","0x00441cee","FUN_00441cee","14","fun","C0","","",""
"SC3U.exe","0x00441cfc","FUN_00441cfc","20","fun","C0","","",""
"SC3U.exe","0x00441d10","FUN_00441d10","4","fun","C0","","",""
"SC3U.exe","0x00441d4c","FUN_00441d4c","142","fun","C0","","",""
"SC3U.exe","0x00441f1a","FUN_00441f1a","72","fun","C0","","",""
"SC3U.exe","0x00441f62","FUN_00441f62","49","fun","C0","","",""
"SC3U.exe","0x00441f93","FUN_00441f93","113","fun","C0","","",""
"SC3U.exe","0x00442038","FUN_00442038","121","fun","C0","","",""
"SC3U.exe","0x004420c6","FUN_004420c6","17","fun","C0","","",""
"SC3U.exe","0x004420f7","FUN_004420f7","13","fun","C0","","",""
"SC3U.exe","0x0044211a","FUN_0044211a","15","fun","C2","S15","sc3_fwd_owner_vt94","15-byte tail-dispatch: (*(*(this+4))+0x94)(this). Forwards to the OWNER object at +4, slot +0x94, passing self [CONFIRMED @0x0044211a]"
"SC3U.exe","0x00442129","FUN_00442129","41","fun","C0","","",""
"SC3U.exe","0x00442152","FUN_00442152","11","fun","C0","","",""
"SC3U.exe","0x0044215d","FUN_0044215d","12","fun","C2","S15","sc3_fwd_owner_vt74","12-byte tail-dispatch: (*(*(this+4))+0x74)(this) [CONFIRMED @0x0044215d]"
"SC3U.exe","0x00442169","FUN_00442169","20","fun","C0","","",""
"SC3U.exe","0x0044217d","FUN_0044217d","12","fun","C0","","",""
"SC3U.exe","0x00442189","FUN_00442189","8","fun","C0","","",""
"SC3U.exe","0x00442199","FUN_00442199","15","fun","C0","","",""
"SC3U.exe","0x004421dc","FUN_004421dc","86","fun","C0","","",""
"SC3U.exe","0x00442244","FUN_00442244","31","fun","C0","","",""
"SC3U.exe","0x0044227e","FUN_0044227e","20","fun","C0","","",""
"SC3U.exe","0x004422c1","FUN_004422c1","19","fun","C0","","",""
"SC3U.exe","0x004422d4","FUN_004422d4","11","fun","C2","S15","sc3_fwd_owner_vt80","11-byte tail-dispatch: (*(*(this+4))+0x80)(). Ghidra flags an unrecovered jumptable at 0x004422d9 and treats the indirect jump as a call, so the ARGUMENTS are [UNCERTAIN]; the slot offset is not"
"SC3U.exe","0x004422df","FUN_004422df","63","fun","C0","","",""
"SC3U.exe","0x0044231e","FUN_0044231e","41","fun","C0","","",""
"SC3U.exe","0x00442347","FUN_00442347","26","fun","C0","","",""
"SC3U.exe","0x00442385","FUN_00442385","3","fun","C0","","",""
"SC3U.exe","0x00442388","FUN_00442388","5","fun","C0","","",""
"SC3U.exe","0x004423b0","FUN_004423b0","52","fun","C0","","",""
"SC3U.exe","0x004423e4","FUN_004423e4","64","fun","C0","","",""
"SC3U.exe","0x00442424","FUN_00442424","34","fun","C0","","",""
"SC3U.exe","0x00442446","FUN_00442446","13","fun","C0","","",""
"SC3U.exe","0x00442453","FUN_00442453","11","fun","C0","","",""
"SC3U.exe","0x0044245e","FUN_0044245e","16","fun","C0","","",""
"SC3U.exe","0x0044246e","FUN_0044246e","40","fun","C0","","",""
"SC3U.exe","0x00442496","FUN_00442496","44","fun","C0","","",""
"SC3U.exe","0x004424c2","FUN_004424c2","44","fun","C0","","",""
"SC3U.exe","0x004424ee","FUN_004424ee","35","fun","C0","","",""
"SC3U.exe","0x00442511","thunk_FUN_0044253d","5","thunk","thunk","","",""
"SC3U.exe","0x00442516","FUN_00442516","13","fun","C0","","",""
"SC3U.exe","0x00442523","FUN_00442523","26","fun","C0","","",""
"SC3U.exe","0x0044253d","FUN_0044253d","21","fun","C0","","",""
"SC3U.exe","0x00442552","FUN_00442552","42","fun","C0","","",""
"SC3U.exe","0x0044257c","FUN_0044257c","58","fun","C0","","",""
"SC3U.exe","0x004425b6","FUN_004425b6","54","fun","C0","","",""
"SC3U.exe","0x004425ec","FUN_004425ec","25","fun","C0","","",""
"SC3U.exe","0x00442605","FUN_00442605","35","fun","C0","","",""
"SC3U.exe","0x00442628","FUN_00442628","25","fun","C0","","",""
"SC3U.exe","0x00442648","FUN_00442648","20","fun","C0","","",""
"SC3U.exe","0x0044265c","FUN_0044265c","8","fun","C0","","",""
"SC3U.exe","0x00442664","FUN_00442664","138","fun","C0","","",""
"SC3U.exe","0x004426ee","FUN_004426ee","599","fun","C0","","",""
"SC3U.exe","0x00442945","FUN_00442945","20","fun","C0","","",""
"SC3U.exe","0x00442959","FUN_00442959","8","fun","C0","","",""
"SC3U.exe","0x00442961","FUN_00442961","136","fun","C0","","",""
"SC3U.exe","0x004429e9","FUN_004429e9","592","fun","C0","","",""
"SC3U.exe","0x00442c39","FUN_00442c39","238","fun","C0","","",""
"SC3U.exe","0x00442d5c","FUN_00442d5c","108","fun","C0","","",""
"SC3U.exe","0x00442dc8","FUN_00442dc8","28","fun","C0","","",""
"SC3U.exe","0x00442de4","FUN_00442de4","66","fun","C0","","",""
"SC3U.exe","0x00442e26","FUN_00442e26","88","fun","C0","","",""
"SC3U.exe","0x00442e88","FUN_00442e88","162","fun","C0","","",""
"SC3U.exe","0x00442f2a","FUN_00442f2a","86","fun","C0","","",""
"SC3U.exe","0x00442f80","FUN_00442f80","63","fun","C0","","",""
"SC3U.exe","0x004430f3","FUN_004430f3","238","fun","C0","","",""
"SC3U.exe","0x004431e1","FUN_004431e1","298","fun","C2","S15-ui","sc3_text_truncate_to_width","width-fit text via metrics obj param_3 (vf+0x6c measure, vf+0x78, +0x18/+0x1c on target); fallback ellipsis string resource 0x5377be31 from FUN_0047037b vf+0x8c (else literal DAT_004f7660); truncates cRZString param_1 (data+4,end+8) to fit param_2 px, appending ellipsis"
"SC3U.exe","0x00443688","FUN_00443688","56","fun","C0","","",""
"SC3U.exe","0x004436c0","FUN_004436c0","28","fun","C0","","",""
"SC3U.exe","0x004436dc","FUN_004436dc","14","fun","C0","","",""
"SC3U.exe","0x004438a8","FUN_004438a8","170","fun","C0","","",""
"SC3U.exe","0x004439b8","FUN_004439b8","99","fun","C0","","",""
"SC3U.exe","0x00443a1b","FUN_00443a1b","34","fun","C0","","",""
"SC3U.exe","0x00443a3d","FUN_00443a3d","59","fun","C0","","",""
"SC3U.exe","0x00443a78","FUN_00443a78","66","fun","C0","","",""
"SC3U.exe","0x00443aba","FUN_00443aba","168","fun","C0","","",""
"SC3U.exe","0x00443b62","FUN_00443b62","57","fun","C0","","",""
"SC3U.exe","0x00443b9b","FUN_00443b9b","15","fun","C0","","",""
"SC3U.exe","0x00443baa","FUN_00443baa","32","fun","C0","","",""
"SC3U.exe","0x00443bca","FUN_00443bca","32","fun","C0","","",""
"SC3U.exe","0x00443c0a","FUN_00443c0a","136","fun","C0","","",""
"SC3U.exe","0x00443d0d","FUN_00443d0d","168","fun","C2","S15","sc3_ui_construct_widget_entry","[S15-A] ctor: vtable &PTR_FUN_004d3e08; param_1@+4, param_6@+8, param_2@+0xc (AddRef slot+4), param_3@+0x10 (AddRef), param_4@+0x24, param_5@+0x28, param_7@+0x2c, param_8@+0x30, param_10@+0x44, param_11@+0x48; +0x14=0xfffe, +0x1c=0xffff; 4-int rect from param_9 -> +0x34..+0x40 (zeroed if null); callers FUN_00421c9c, 0x004218b0, 0x00422c4e, FUN_004213db, FUN_00444768, FUN_004447f3"
"SC3U.exe","0x00443db5","FUN_00443db5","28","fun","C0","","",""
"SC3U.exe","0x00443dd1","FUN_00443dd1","151","fun","C0","","",""
"SC3U.exe","0x00443e68","FUN_00443e68","43","fun","C0","","",""
"SC3U.exe","0x00443e93","FUN_00443e93","240","fun","C0","","",""
"SC3U.exe","0x00443f83","FUN_00443f83","32","fun","C0","","",""
"SC3U.exe","0x00443fa3","FUN_00443fa3","119","fun","C0","","",""
"SC3U.exe","0x0044401a","FUN_0044401a","52","fun","C0","","",""
"SC3U.exe","0x0044405e","FUN_0044405e","306","fun","C0","","",""
"SC3U.exe","0x00444190","FUN_00444190","107","fun","C0","","",""
"SC3U.exe","0x004441fb","FUN_004441fb","146","fun","C0","","",""
"SC3U.exe","0x0044428d","FUN_0044428d","1030","fun","C0","","",""
"SC3U.exe","0x00444693","FUN_00444693","31","fun","C0","","",""
"SC3U.exe","0x004446b2","FUN_004446b2","117","fun","C0","","",""
"SC3U.exe","0x00444727","FUN_00444727","65","fun","C0","","",""
"SC3U.exe","0x00444768","FUN_00444768","139","fun","C0","","",""
"SC3U.exe","0x004447f3","FUN_004447f3","137","fun","C0","","",""
"SC3U.exe","0x0044487c","FUN_0044487c","180","fun","C0","","",""
"SC3U.exe","0x00444930","FUN_00444930","73","fun","C0","","",""
"SC3U.exe","0x00444979","FUN_00444979","76","fun","C0","","",""
"SC3U.exe","0x004449f6","FUN_004449f6","126","fun","C0","","",""
"SC3U.exe","0x00444a74","FUN_00444a74","50","fun","C0","","",""
"SC3U.exe","0x00444aa6","FUN_00444aa6","214","fun","C0","","",""
"SC3U.exe","0x00444b7c","FUN_00444b7c","19","fun","C0","","",""
"SC3U.exe","0x00444c61","FUN_00444c61","94","fun","C0","","",""
"SC3U.exe","0x00444cbf","FUN_00444cbf","28","fun","C0","","",""
"SC3U.exe","0x00444cdb","FUN_00444cdb","66","fun","C0","","",""
"SC3U.exe","0x00444d1d","FUN_00444d1d","61","fun","C0","","",""
"SC3U.exe","0x00444d64","FUN_00444d64","213","fun","C0","","",""
"SC3U.exe","0x00444e39","FUN_00444e39","117","fun","C0","","",""
"SC3U.exe","0x00444eae","FUN_00444eae","372","fun","C0","","",""
"SC3U.exe","0x00445022","FUN_00445022","175","fun","C0","","",""
"SC3U.exe","0x004450d1","FUN_004450d1","65","fun","C0","","",""
"SC3U.exe","0x00445112","FUN_00445112","49","fun","C0","","",""
"SC3U.exe","0x00445143","FUN_00445143","127","fun","C0","","",""
"SC3U.exe","0x004451c2","FUN_004451c2","37","fun","C0","","",""
"SC3U.exe","0x004451e7","FUN_004451e7","172","fun","C0","","",""
"SC3U.exe","0x00445293","FUN_00445293","125","fun","C0","","",""
"SC3U.exe","0x00445310","FUN_00445310","127","fun","C0","","",""
"SC3U.exe","0x0044538f","FUN_0044538f","171","fun","C0","","",""
"SC3U.exe","0x0044543a","FUN_0044543a","161","fun","C0","","",""
"SC3U.exe","0x004454db","FUN_004454db","130","fun","C0","","",""
"SC3U.exe","0x0044555d","FUN_0044555d","134","fun","C0","","",""
"SC3U.exe","0x004455e3","FUN_004455e3","106","fun","C0","","",""
"SC3U.exe","0x0044564d","FUN_0044564d","245","fun","C0","","",""
"SC3U.exe","0x00445742","FUN_00445742","263","fun","C0","","",""
"SC3U.exe","0x00445849","FUN_00445849","127","fun","C0","","",""
"SC3U.exe","0x004458c8","FUN_004458c8","127","fun","C0","","",""
"SC3U.exe","0x00445947","FUN_00445947","120","fun","C0","","",""
"SC3U.exe","0x004459bf","FUN_004459bf","120","fun","C0","","",""
"SC3U.exe","0x00445a37","FUN_00445a37","120","fun","C0","","",""
"SC3U.exe","0x00445ab6","FUN_00445ab6","89","fun","C0","","",""
"SC3U.exe","0x00445b0f","FUN_00445b0f","28","fun","C0","","",""
"SC3U.exe","0x00445b2b","FUN_00445b2b","66","fun","C0","","",""
"SC3U.exe","0x00445b6d","FUN_00445b6d","55","fun","C0","","",""
"SC3U.exe","0x00445bae","FUN_00445bae","81","fun","C0","","",""
"SC3U.exe","0x00445bff","FUN_00445bff","38","fun","C0","","",""
"SC3U.exe","0x00445c25","FUN_00445c25","228","fun","C0","","",""
"SC3U.exe","0x00445d09","FUN_00445d09","46","fun","C0","","",""
"SC3U.exe","0x00445d37","FUN_00445d37","77","fun","C0","","",""
"SC3U.exe","0x00445d84","FUN_00445d84","122","fun","C0","","",""
"SC3U.exe","0x00445e50","FUN_00445e50","113","fun","C0","","",""
"SC3U.exe","0x00445eef","FUN_00445eef","47","fun","C0","","",""
"SC3U.exe","0x00445f29","FUN_00445f29","106","fun","C0","","",""
"SC3U.exe","0x00445f93","FUN_00445f93","31","fun","C0","","",""
"SC3U.exe","0x00445fb2","FUN_00445fb2","223","fun","C0","","",""
"SC3U.exe","0x00446091","FUN_00446091","28","fun","C0","","",""
"SC3U.exe","0x004460ad","FUN_004460ad","11","fun","C0","","",""
"SC3U.exe","0x004460b8","FUN_004460b8","233","fun","C0","","",""
"SC3U.exe","0x004461a1","FUN_004461a1","287","fun","C0","","",""
"SC3U.exe","0x00446308","FUN_00446308","490","fun","C0","","",""
"SC3U.exe","0x004464f2","FUN_004464f2","256","fun","C0","","",""
"SC3U.exe","0x004465f2","FUN_004465f2","287","fun","C0","","",""
"SC3U.exe","0x00446711","FUN_00446711","24","fun","C0","","",""
"SC3U.exe","0x00446729","FUN_00446729","89","fun","C0","","",""
"SC3U.exe","0x00446782","FUN_00446782","54","fun","C0","","",""
"SC3U.exe","0x00446800","FUN_00446800","42","fun","C0","","",""
"SC3U.exe","0x00446850","FUN_00446850","906","fun","C0","","",""
"SC3U.exe","0x00446bda","FUN_00446bda","2347","fun","C0","","",""
"SC3U.exe","0x00447525","FUN_00447525","195","fun","C0","","",""
"SC3U.exe","0x004475e8","FUN_004475e8","41","fun","C0","","",""
"SC3U.exe","0x00447611","FUN_00447611","127","fun","C0","","",""
"SC3U.exe","0x00447690","FUN_00447690","88","fun","C0","","",""
"SC3U.exe","0x004476e8","FUN_004476e8","35","fun","C0","","",""
"SC3U.exe","0x0044770b","FUN_0044770b","35","fun","C0","","",""
"SC3U.exe","0x0044772e","FUN_0044772e","1483","fun","C0","","",""
"SC3U.exe","0x00447cf9","FUN_00447cf9","74","fun","C0","","",""
"SC3U.exe","0x00447d8b","FUN_00447d8b","221","fun","C0","","",""
"SC3U.exe","0x00447f60","FUN_00447f60","35","fun","C0","","",""
"SC3U.exe","0x00447f90","FUN_00447f90","83","fun","C0","","",""
"SC3U.exe","0x004482c0","FUN_004482c0","98","fun","C0","","",""
"SC3U.exe","0x00448322","FUN_00448322","80","fun","C0","","",""
"SC3U.exe","0x00448372","FUN_00448372","199","fun","C0","","",""
"SC3U.exe","0x00448439","FUN_00448439","279","fun","C0","","",""
"SC3U.exe","0x00448550","FUN_00448550","170","fun","C0","","",""
"SC3U.exe","0x004485fa","FUN_004485fa","99","fun","C0","","",""
"SC3U.exe","0x0044865d","FUN_0044865d","135","fun","C0","","",""
"SC3U.exe","0x004486e4","FUN_004486e4","125","fun","C0","","",""
"SC3U.exe","0x00448761","FUN_00448761","312","fun","C0","","",""
"SC3U.exe","0x00448899","FUN_00448899","307","fun","C0","","",""
"SC3U.exe","0x004489cc","FUN_004489cc","63","fun","C0","","",""
"SC3U.exe","0x00448a0b","FUN_00448a0b","111","fun","C0","","",""
"SC3U.exe","0x00448a7a","FUN_00448a7a","104","fun","C0","","",""
"SC3U.exe","0x00448ae2","FUN_00448ae2","85","fun","C0","","",""
"SC3U.exe","0x00448b37","FUN_00448b37","103","fun","C0","","",""
"SC3U.exe","0x00448bc6","FUN_00448bc6","347","fun","C0","","",""
"SC3U.exe","0x00448d21","FUN_00448d21","408","fun","C0","","",""
"SC3U.exe","0x00448eb9","FUN_00448eb9","51","fun","C0","","",""
"SC3U.exe","0x00448eec","FUN_00448eec","289","fun","C0","","",""
"SC3U.exe","0x0044900d","FUN_0044900d","230","fun","C0","","",""
"SC3U.exe","0x004490f3","FUN_004490f3","51","fun","C0","","",""
"SC3U.exe","0x00449126","FUN_00449126","86","fun","C0","","",""
"SC3U.exe","0x0044917c","FUN_0044917c","53","fun","C0","","",""
"SC3U.exe","0x00449200","FUN_00449200","106","fun","C0","","",""
"SC3U.exe","0x0044943c","FUN_0044943c","82","fun","C0","","",""
"SC3U.exe","0x0044948e","FUN_0044948e","123","fun","C0","","",""
"SC3U.exe","0x00449509","FUN_00449509","60","fun","C0","","",""
"SC3U.exe","0x00449545","FUN_00449545","62","fun","C0","","",""
"SC3U.exe","0x00449583","FUN_00449583","320","fun","C0","","",""
"SC3U.exe","0x004496c3","FUN_004496c3","23","fun","C0","","",""
"SC3U.exe","0x004496da","FUN_004496da","320","fun","C0","","",""
"SC3U.exe","0x0044981a","FUN_0044981a","267","fun","C0","","",""
"SC3U.exe","0x00449925","FUN_00449925","183","fun","C0","","",""
"SC3U.exe","0x00449a42","FUN_00449a42","178","fun","C0","","",""
"SC3U.exe","0x00449af4","FUN_00449af4","187","fun","C0","","",""
"SC3U.exe","0x00449baf","FUN_00449baf","148","fun","C0","","",""
"SC3U.exe","0x00449c43","FUN_00449c43","47","fun","C0","","",""
"SC3U.exe","0x00449c95","FUN_00449c95","38","fun","C0","","",""
"SC3U.exe","0x00449cbb","FUN_00449cbb","31","fun","C0","","",""
"SC3U.exe","0x00449cf5","FUN_00449cf5","161","fun","C0","","",""
"SC3U.exe","0x00449d96","FUN_00449d96","134","fun","C0","","",""
"SC3U.exe","0x00449e1c","FUN_00449e1c","249","fun","C0","","",""
"SC3U.exe","0x00449f15","FUN_00449f15","312","fun","C0","","",""
"SC3U.exe","0x0044a04d","FUN_0044a04d","80","fun","C0","","",""
"SC3U.exe","0x0044a09d","FUN_0044a09d","36","fun","C0","","",""
"SC3U.exe","0x0044a0c1","FUN_0044a0c1","152","fun","C0","","",""
"SC3U.exe","0x0044a159","FUN_0044a159","406","fun","C0","","",""
"SC3U.exe","0x0044a2ef","FUN_0044a2ef","131","fun","C0","","",""
"SC3U.exe","0x0044a372","FUN_0044a372","131","fun","C0","","",""
"SC3U.exe","0x0044a3f5","FUN_0044a3f5","196","fun","C0","","",""
"SC3U.exe","0x0044a4b9","FUN_0044a4b9","119","fun","C0","","",""
"SC3U.exe","0x0044a530","FUN_0044a530","73","fun","C0","","",""
"SC3U.exe","0x0044a579","FUN_0044a579","75","fun","C0","","",""
"SC3U.exe","0x0044a5c4","FUN_0044a5c4","72","fun","C0","","",""
"SC3U.exe","0x0044a615","thunk_FUN_0044a804","5","thunk","thunk","","",""
"SC3U.exe","0x0044a61a","FUN_0044a61a","91","fun","C0","","",""
"SC3U.exe","0x0044a675","FUN_0044a675","39","fun","C0","","",""
"SC3U.exe","0x0044a69c","FUN_0044a69c","66","fun","C0","","",""
"SC3U.exe","0x0044a6de","FUN_0044a6de","52","fun","C0","","",""
"SC3U.exe","0x0044a712","FUN_0044a712","57","fun","C0","","",""
"SC3U.exe","0x0044a74b","FUN_0044a74b","40","fun","C0","","",""
"SC3U.exe","0x0044a773","FUN_0044a773","12","fun","C0","","",""
"SC3U.exe","0x0044a77f","FUN_0044a77f","76","fun","C0","","",""
"SC3U.exe","0x0044a7cb","FUN_0044a7cb","57","fun","C0","","",""
"SC3U.exe","0x0044a804","FUN_0044a804","25","fun","C0","","",""
"SC3U.exe","0x0044a81d","FUN_0044a81d","32","fun","C0","","",""
"SC3U.exe","0x0044a844","FUN_0044a844","385","fun","C0","","",""
"SC3U.exe","0x0044a922","Catch@0044a922","18","lib","lib","","",""
"SC3U.exe","0x0044a9d7","Catch@0044a9d7","32","lib","lib","","",""
"SC3U.exe","0x0044a9f7","FUN_0044a9f7","142","fun","C0","","",""
"SC3U.exe","0x0044aa85","FUN_0044aa85","256","fun","C0","","",""
"SC3U.exe","0x0044ab85","Catch@0044ab85","30","lib","lib","","",""
"SC3U.exe","0x0044aba3","FUN_0044aba3","403","fun","C0","","",""
"SC3U.exe","0x0044ad36","Catch@0044ad36","30","lib","lib","","",""
"SC3U.exe","0x0044ad54","FUN_0044ad54","371","fun","C0","","",""
"SC3U.exe","0x0044aec7","Catch@0044aec7","55","lib","lib","","",""
"SC3U.exe","0x0044aefe","FUN_0044aefe","25","fun","C0","","",""
"SC3U.exe","0x0044af17","FUN_0044af17","45","fun","C0","","",""
"SC3U.exe","0x0044af44","FUN_0044af44","54","fun","C0","","",""
"SC3U.exe","0x0044af7a","FUN_0044af7a","101","fun","C0","","",""
"SC3U.exe","0x0044afdf","FUN_0044afdf","68","fun","C0","","",""
"SC3U.exe","0x0044b023","FUN_0044b023","28","fun","C0","","",""
"SC3U.exe","0x0044b03f","FUN_0044b03f","54","fun","C0","","",""
"SC3U.exe","0x0044b075","FUN_0044b075","42","fun","C0","","",""
"SC3U.exe","0x0044b09f","FUN_0044b09f","136","fun","C0","","",""
"SC3U.exe","0x0044b127","FUN_0044b127","87","fun","C0","","",""
"SC3U.exe","0x0044b16d","Catch@0044b16d","22","lib","lib","","",""
"SC3U.exe","0x0044b194","FUN_0044b194","352","fun","C0","","",""
"SC3U.exe","0x0044b2f4","FUN_0044b2f4","28","fun","C0","","",""
"SC3U.exe","0x0044b310","FUN_0044b310","379","fun","C0","","",""
"SC3U.exe","0x0044b48b","FUN_0044b48b","84","fun","C0","","",""
"SC3U.exe","0x0044b531","FUN_0044b531","479","fun","C0","","",""
"SC3U.exe","0x0044b710","FUN_0044b710","94","fun","C0","","",""
"SC3U.exe","0x0044b76e","FUN_0044b76e","163","fun","C0","","",""
"SC3U.exe","0x0044b811","FUN_0044b811","120","fun","C0","","",""
"SC3U.exe","0x0044b889","FUN_0044b889","94","fun","C0","","",""
"SC3U.exe","0x0044b8e7","FUN_0044b8e7","32","fun","C0","","",""
"SC3U.exe","0x0044b907","FUN_0044b907","32","fun","C0","","",""
"SC3U.exe","0x0044bb83","FUN_0044bb83","1838","fun","C0","","",""
"SC3U.exe","0x0044c2b1","FUN_0044c2b1","102","fun","C0","","",""
"SC3U.exe","0x0044c317","FUN_0044c317","54","fun","C0","","",""
"SC3U.exe","0x0044c34d","FUN_0044c34d","218","fun","C0","","",""
"SC3U.exe","0x0044c427","FUN_0044c427","118","fun","C0","","",""
"SC3U.exe","0x0044c49d","FUN_0044c49d","140","fun","C0","","",""
"SC3U.exe","0x0044c529","FUN_0044c529","105","fun","C0","","",""
"SC3U.exe","0x0044c592","FUN_0044c592","247","fun","C0","","",""
"SC3U.exe","0x0044c6ca","FUN_0044c6ca","118","fun","C0","","",""
"SC3U.exe","0x0044c740","FUN_0044c740","43","fun","C0","","",""
"SC3U.exe","0x0044c76b","FUN_0044c76b","59","fun","C0","","",""
"SC3U.exe","0x0044c7a6","FUN_0044c7a6","98","fun","C0","","",""
"SC3U.exe","0x0044c808","FUN_0044c808","125","fun","C0","","",""
"SC3U.exe","0x0044c885","FUN_0044c885","139","fun","C0","","",""
"SC3U.exe","0x0044c910","FUN_0044c910","37","fun","C0","","",""
"SC3U.exe","0x0044c935","FUN_0044c935","274","fun","C0","","",""
"SC3U.exe","0x0044ca6b","FUN_0044ca6b","437","fun","C0","","",""
"SC3U.exe","0x0044cc2a","FUN_0044cc2a","245","fun","C0","","",""
"SC3U.exe","0x0044cd1f","FUN_0044cd1f","272","fun","C0","","",""
"SC3U.exe","0x0044cf82","FUN_0044cf82","29","fun","C0","","",""
"SC3U.exe","0x0044cf9f","FUN_0044cf9f","44","fun","C0","","",""
"SC3U.exe","0x0044cfcb","FUN_0044cfcb","43","fun","C0","","",""
"SC3U.exe","0x0044cff6","FUN_0044cff6","39","fun","C0","","",""
"SC3U.exe","0x0044d04c","FUN_0044d04c","58","fun","C0","","",""
"SC3U.exe","0x0044d086","FUN_0044d086","63","fun","C0","","",""
"SC3U.exe","0x0044d0d5","FUN_0044d0d5","153","fun","C0","","",""
"SC3U.exe","0x0044d1ab","FUN_0044d1ab","122","fun","C0","","",""
"SC3U.exe","0x0044d225","FUN_0044d225","284","fun","C0","","",""
"SC3U.exe","0x0044d341","FUN_0044d341","157","fun","C0","","",""
"SC3U.exe","0x0044d538","FUN_0044d538","91","fun","C0","","",""
"SC3U.exe","0x0044d61e","FUN_0044d61e","58","fun","C0","","",""
"SC3U.exe","0x0044d658","FUN_0044d658","32","fun","C0","","",""
"SC3U.exe","0x0044d678","FUN_0044d678","66","fun","C0","","",""
"SC3U.exe","0x0044d6ba","FUN_0044d6ba","51","fun","C0","","",""
"SC3U.exe","0x0044d6ed","FUN_0044d6ed","51","fun","C0","","",""
"SC3U.exe","0x0044d720","FUN_0044d720","44","fun","C0","","",""
"SC3U.exe","0x0044d74c","FUN_0044d74c","38","fun","C0","","",""
"SC3U.exe","0x0044d772","FUN_0044d772","42","fun","C0","","",""
"SC3U.exe","0x0044d79c","FUN_0044d79c","10","fun","C0","","",""
"SC3U.exe","0x0044d7ce","FUN_0044d7ce","392","fun","C2","S15","sc3_ui_construct_composite_widget","[S15-A] ctor: vtables &PTR_LAB_004d4f64 then &PTR_LAB_004d4eac at *this, &PTR_LAB_004d4cc4 at +4; base sub-ctor FUN_00440296(this+4); [0x2b]=0x3f800000 (1.0f); sentinels 0xdeadbeef at [0x2c,0x30,0x31,0x2d..0x2f,0x3c,0x3d]; two 0x3c-byte self-linking circular list nodes at [0x32],[0x33]; [0x39]=10; flags +0xf9=0,+0xfa=3,+0xfb=1,+0x105=1; singleton slot+0x80 get-by-id(0x13),(0x14),(1); sole caller 0x00436a94"
"SC3U.exe","0x0044d956","FUN_0044d956","32","fun","C0","","",""
"SC3U.exe","0x0044d976","FUN_0044d976","104","fun","C0","","",""
"SC3U.exe","0x0044da26","FUN_0044da26","339","fun","C0","","",""
"SC3U.exe","0x0044db79","FUN_0044db79","62","fun","C0","","",""
"SC3U.exe","0x0044dbb7","FUN_0044dbb7","1848","fun","C0","","",""
"SC3U.exe","0x0044e2ef","FUN_0044e2ef","61","fun","C0","","",""
"SC3U.exe","0x0044e32c","FUN_0044e32c","82","fun","C0","","",""
"SC3U.exe","0x0044e37e","FUN_0044e37e","40","fun","C0","","",""
"SC3U.exe","0x0044e3a6","FUN_0044e3a6","101","fun","C0","","",""
"SC3U.exe","0x0044e462","FUN_0044e462","87","fun","C0","","",""
"SC3U.exe","0x0044e632","FUN_0044e632","977","fun","C0","","",""
"SC3U.exe","0x0044ea03","FUN_0044ea03","176","fun","C0","","",""
"SC3U.exe","0x0044eace","FUN_0044eace","218","fun","C0","","",""
"SC3U.exe","0x0044eba8","FUN_0044eba8","117","fun","C0","","",""
"SC3U.exe","0x0044ec1d","FUN_0044ec1d","95","fun","C0","","",""
"SC3U.exe","0x0044ec7c","FUN_0044ec7c","41","fun","C0","","",""
"SC3U.exe","0x0044eca5","FUN_0044eca5","238","fun","C0","","",""
"SC3U.exe","0x0044ed93","FUN_0044ed93","101","fun","C0","","",""
"SC3U.exe","0x0044edf8","FUN_0044edf8","40","fun","C0","","",""
"SC3U.exe","0x0044ee20","FUN_0044ee20","40","fun","C0","","",""
"SC3U.exe","0x0044ee48","FUN_0044ee48","110","fun","C0","","",""
"SC3U.exe","0x0044eebd","FUN_0044eebd","125","fun","C0","","",""
"SC3U.exe","0x0044ef4b","FUN_0044ef4b","186","fun","C0","","",""
"SC3U.exe","0x0044f103","FUN_0044f103","235","fun","C0","","",""
"SC3U.exe","0x0044f2f4","FUN_0044f2f4","29","fun","C0","","",""
"SC3U.exe","0x0044f311","FUN_0044f311","47","fun","C0","","",""
"SC3U.exe","0x0044f360","FUN_0044f360","47","fun","C0","","",""
"SC3U.exe","0x0044f38f","FUN_0044f38f","52","fun","C0","","",""
"SC3U.exe","0x0044f3d5","FUN_0044f3d5","55","fun","C0","","",""
"SC3U.exe","0x0044f40c","FUN_0044f40c","55","fun","C0","","",""
"SC3U.exe","0x0044f50f","FUN_0044f50f","148","fun","C0","","",""
"SC3U.exe","0x0044f5a3","FUN_0044f5a3","103","fun","C0","","",""
"SC3U.exe","0x0044f60a","FUN_0044f60a","13","fun","C0","","",""
"SC3U.exe","0x0044f617","FUN_0044f617","11","fun","C0","","",""
"SC3U.exe","0x0044f622","FUN_0044f622","16","fun","C0","","",""
"SC3U.exe","0x0044f632","FUN_0044f632","40","fun","C0","","",""
"SC3U.exe","0x0044f65a","FUN_0044f65a","44","fun","C0","","",""
"SC3U.exe","0x0044f686","FUN_0044f686","44","fun","C0","","",""
"SC3U.exe","0x0044f6b2","FUN_0044f6b2","45","fun","C0","","",""
"SC3U.exe","0x0044f6df","thunk_FUN_0044f756","5","thunk","thunk","","",""
"SC3U.exe","0x0044f6e4","FUN_0044f6e4","13","fun","C0","","",""
"SC3U.exe","0x0044f6f1","FUN_0044f6f1","80","fun","C0","","",""
"SC3U.exe","0x0044f741","Catch@0044f741","21","lib","lib","","",""
"SC3U.exe","0x0044f756","FUN_0044f756","21","fun","C0","","",""
"SC3U.exe","0x0044f772","FUN_0044f772","52","fun","C0","","",""
"SC3U.exe","0x0044f7a6","FUN_0044f7a6","61","fun","C0","","",""
"SC3U.exe","0x0044f7e3","FUN_0044f7e3","15","fun","C0","","",""
"SC3U.exe","0x0044f7f2","FUN_0044f7f2","25","fun","C0","","",""
"SC3U.exe","0x0044f80b","FUN_0044f80b","141","fun","C0","","",""
"SC3U.exe","0x0044f8b0","FUN_0044f8b0","270","fun","C0","","",""
"SC3U.exe","0x0044f9be","FUN_0044f9be","28","fun","C0","","",""
"SC3U.exe","0x0044f9da","FUN_0044f9da","84","fun","C0","","",""
"SC3U.exe","0x0044fab7","FUN_0044fab7","394","fun","C0","","",""
"SC3U.exe","0x0044fc41","FUN_0044fc41","70","fun","C0","","",""
"SC3U.exe","0x0044fc87","FUN_0044fc87","140","fun","C0","","",""
"SC3U.exe","0x0044fd13","FUN_0044fd13","146","fun","C0","","",""
"SC3U.exe","0x0044fda5","FUN_0044fda5","51","fun","C0","","",""
"SC3U.exe","0x0044fdd8","FUN_0044fdd8","217","fun","C0","","",""
"SC3U.exe","0x0044fedd","FUN_0044fedd","109","fun","C0","","",""
"SC3U.exe","0x0045001d","FUN_0045001d","191","fun","C0","","",""
"SC3U.exe","0x004500dc","FUN_004500dc","67","fun","C0","","",""
"SC3U.exe","0x00450123","FUN_00450123","48","fun","C0","","",""
"SC3U.exe","0x00450153","FUN_00450153","44","fun","C0","","",""
"SC3U.exe","0x0045029b","FUN_0045029b","229","fun","C0","","",""
"SC3U.exe","0x0045039e","FUN_0045039e","294","fun","C0","","",""
"SC3U.exe","0x004504c4","FUN_004504c4","59","fun","C0","","",""
"SC3U.exe","0x004504ff","FUN_004504ff","49","fun","C0","","",""
"SC3U.exe","0x00450530","FUN_00450530","43","fun","C0","","",""
"SC3U.exe","0x0045055b","FUN_0045055b","103","fun","C0","","",""
"SC3U.exe","0x004505c2","FUN_004505c2","70","fun","C0","","",""
"SC3U.exe","0x00450649","FUN_00450649","128","fun","C0","","",""
"SC3U.exe","0x004506c9","FUN_004506c9","51","fun","C0","","",""
"SC3U.exe","0x004506fc","FUN_004506fc","306","fun","C0","","",""
"SC3U.exe","0x0045082e","FUN_0045082e","123","fun","C0","","",""
"SC3U.exe","0x004508a9","FUN_004508a9","641","fun","C0","","",""
"SC3U.exe","0x00450b2a","FUN_00450b2a","32","fun","C0","","",""
"SC3U.exe","0x00450ba6","FUN_00450ba6","578","fun","C0","","",""
"SC3U.exe","0x00450def","FUN_00450def","28","fun","C0","","",""
"SC3U.exe","0x00450e0b","FUN_00450e0b","139","fun","C0","","",""
"SC3U.exe","0x00450e96","FUN_00450e96","42","fun","C0","","",""
"SC3U.exe","0x00450ec0","FUN_00450ec0","248","fun","C0","","",""
"SC3U.exe","0x00450fc2","FUN_00450fc2","55","fun","C0","","",""
"SC3U.exe","0x00450ff9","FUN_00450ff9","149","fun","C0","","",""
"SC3U.exe","0x004510ac","FUN_004510ac","25","fun","C0","","",""
"SC3U.exe","0x004510c5","FUN_004510c5","36","fun","C0","","",""
"SC3U.exe","0x004510e9","FUN_004510e9","46","fun","C0","","",""
"SC3U.exe","0x00451117","FUN_00451117","18","fun","C0","","",""
"SC3U.exe","0x00451202","FUN_00451202","53","fun","C0","","",""
"SC3U.exe","0x00451254","FUN_00451254","47","fun","C0","","",""
"SC3U.exe","0x00451283","FUN_00451283","90","fun","C0","","",""
"SC3U.exe","0x004512dd","FUN_004512dd","68","fun","C0","","",""
"SC3U.exe","0x0045136c","FUN_0045136c","105","fun","C0","","",""
"SC3U.exe","0x00451423","FUN_00451423","81","fun","C0","","",""
"SC3U.exe","0x00451474","FUN_00451474","47","fun","C0","","",""
"SC3U.exe","0x004514bd","FUN_004514bd","68","fun","C0","","",""
"SC3U.exe","0x0045152d","FUN_0045152d","159","fun","C0","","",""
"SC3U.exe","0x00451605","FUN_00451605","33","fun","C0","","",""
"SC3U.exe","0x00451626","FUN_00451626","18","fun","C0","","",""
"SC3U.exe","0x00451638","FUN_00451638","47","fun","C0","","",""
"SC3U.exe","0x004516bb","FUN_004516bb","75","fun","C0","","",""
"SC3U.exe","0x00451706","FUN_00451706","75","fun","C0","","",""
"SC3U.exe","0x00451751","FUN_00451751","75","fun","C0","","",""
"SC3U.exe","0x0045179c","FUN_0045179c","75","fun","C0","","",""
"SC3U.exe","0x004517e7","FUN_004517e7","75","fun","C0","","",""
"SC3U.exe","0x00451832","FUN_00451832","543","fun","C0","","",""
"SC3U.exe","0x00451a7c","FUN_00451a7c","458","fun","C0","","",""
"SC3U.exe","0x00451c46","FUN_00451c46","706","fun","C0","","",""
"SC3U.exe","0x0045202a","FUN_0045202a","184","fun","C0","","",""
"SC3U.exe","0x004520e2","FUN_004520e2","212","fun","C0","","",""
"SC3U.exe","0x004521b6","FUN_004521b6","227","fun","C0","","",""
"SC3U.exe","0x00452299","FUN_00452299","120","fun","C0","","",""
"SC3U.exe","0x00452311","FUN_00452311","657","fun","C0","","",""
"SC3U.exe","0x004525a2","FUN_004525a2","762","fun","C0","","",""
"SC3U.exe","0x0045289f","FUN_0045289f","67","fun","C0","","",""
"SC3U.exe","0x004528e2","FUN_004528e2","852","fun","C0","","",""
"SC3U.exe","0x00452c36","FUN_00452c36","178","fun","C0","","",""
"SC3U.exe","0x00452ce8","FUN_00452ce8","208","fun","C0","","",""
"SC3U.exe","0x00452db8","FUN_00452db8","100","fun","C0","","",""
"SC3U.exe","0x00452e1c","FUN_00452e1c","91","fun","C0","","",""
"SC3U.exe","0x00452edb","FUN_00452edb","5","fun","C0","","",""
"SC3U.exe","0x00452ee0","FUN_00452ee0","58","fun","C0","","",""
"SC3U.exe","0x00452f1a","FUN_00452f1a","20","fun","C0","","",""
"SC3U.exe","0x00452f2e","FUN_00452f2e","28","fun","C0","","",""
"SC3U.exe","0x00452f4a","FUN_00452f4a","7","fun","C0","","",""
"SC3U.exe","0x00452fb0","FUN_00452fb0","85","fun","C0","","",""
"SC3U.exe","0x00453005","FUN_00453005","7","fun","C0","","",""
"SC3U.exe","0x0045300c","FUN_0045300c","28","fun","C0","","",""
"SC3U.exe","0x00453028","FUN_00453028","92","fun","C0","","",""
"SC3U.exe","0x00453084","FUN_00453084","45","fun","C0","","",""
"SC3U.exe","0x004530df","FUN_004530df","174","fun","C0","","",""
"SC3U.exe","0x0045318d","FUN_0045318d","32","fun","C0","","",""
"SC3U.exe","0x004531ad","FUN_004531ad","28","fun","C0","","",""
"SC3U.exe","0x004531c9","FUN_004531c9","7","fun","C0","","",""
"SC3U.exe","0x004531d0","FUN_004531d0","103","fun","C0","","",""
"SC3U.exe","0x00453237","FUN_00453237","42","fun","C0","","",""
"SC3U.exe","0x00453261","FUN_00453261","28","fun","C0","","",""
"SC3U.exe","0x0045327d","FUN_0045327d","7","fun","C0","","",""
"SC3U.exe","0x00453284","FUN_00453284","155","fun","C0","","",""
"SC3U.exe","0x0045331f","FUN_0045331f","23","fun","C0","","",""
"SC3U.exe","0x00453336","FUN_00453336","28","fun","C0","","",""
"SC3U.exe","0x00453352","FUN_00453352","62","fun","C0","","",""
"SC3U.exe","0x004533ba","FUN_004533ba","153","fun","C0","","",""
"SC3U.exe","0x0045345d","FUN_0045345d","13","fun","C0","","",""
"SC3U.exe","0x0045346a","FUN_0045346a","12","fun","C0","","",""
"SC3U.exe","0x00453491","FUN_00453491","176","fun","C0","","",""
"SC3U.exe","0x00453541","FUN_00453541","28","fun","C0","","",""
"SC3U.exe","0x0045355d","FUN_0045355d","124","fun","C0","","",""
"SC3U.exe","0x004535de","FUN_004535de","38","fun","C0","","",""
"SC3U.exe","0x00453645","FUN_00453645","47","fun","C0","","",""
"SC3U.exe","0x00453674","FUN_00453674","44","fun","C0","","",""
"SC3U.exe","0x004536d8","FUN_004536d8","64","fun","C0","","",""
"SC3U.exe","0x00453718","FUN_00453718","59","fun","C0","","",""
"SC3U.exe","0x004538cc","FUN_004538cc","267","fun","C0","","",""
"SC3U.exe","0x004539d7","FUN_004539d7","44","fun","C0","","",""
"SC3U.exe","0x00453a03","FUN_00453a03","23","fun","C0","","",""
"SC3U.exe","0x00453a1a","FUN_00453a1a","37","fun","C0","","",""
"SC3U.exe","0x00453a3f","FUN_00453a3f","88","fun","C0","","",""
"SC3U.exe","0x00453a97","FUN_00453a97","175","fun","C0","","",""
"SC3U.exe","0x00453b46","FUN_00453b46","101","fun","C0","","",""
"SC3U.exe","0x00453bab","FUN_00453bab","101","fun","C0","","",""
"SC3U.exe","0x00453c10","FUN_00453c10","101","fun","C0","","",""
"SC3U.exe","0x00453c75","FUN_00453c75","113","fun","C0","","",""
"SC3U.exe","0x00453d51","FUN_00453d51","66","fun","C0","","",""
"SC3U.exe","0x00453d93","FUN_00453d93","58","fun","C0","","",""
"SC3U.exe","0x00453dcd","FUN_00453dcd","91","fun","C0","","",""
"SC3U.exe","0x00453e28","FUN_00453e28","91","fun","C0","","",""
"SC3U.exe","0x00453ecf","FUN_00453ecf","70","fun","C0","","",""
"SC3U.exe","0x00453f15","FUN_00453f15","97","fun","C0","","",""
"SC3U.exe","0x00453f76","FUN_00453f76","75","fun","C0","","",""
"SC3U.exe","0x00454062","FUN_00454062","608","fun","C0","","",""
"SC3U.exe","0x004542c2","FUN_004542c2","154","fun","C0","","",""
"SC3U.exe","0x0045435c","FUN_0045435c","211","fun","C0","","",""
"SC3U.exe","0x00454473","FUN_00454473","809","fun","C0","","",""
"SC3U.exe","0x0045479c","FUN_0045479c","886","fun","C0","","",""
"SC3U.exe","0x00454b1c","FUN_00454b1c","13","fun","C0","","",""
"SC3U.exe","0x00454b29","FUN_00454b29","12","fun","C0","","",""
"SC3U.exe","0x00454b50","FUN_00454b50","199","fun","C0","","",""
"SC3U.exe","0x00454c17","FUN_00454c17","28","fun","C0","","",""
"SC3U.exe","0x00454c33","FUN_00454c33","124","fun","C0","","",""
"SC3U.exe","0x00454cb4","thunk_FUN_00450ec0","5","thunk","thunk","","",""
"SC3U.exe","0x00454d0e","FUN_00454d0e","64","fun","C0","","",""
"SC3U.exe","0x00454d4e","FUN_00454d4e","53","fun","C0","","",""
"SC3U.exe","0x00454ea8","FUN_00454ea8","248","fun","C0","","",""
"SC3U.exe","0x00454fa0","FUN_00454fa0","34","fun","C0","","",""
"SC3U.exe","0x00454fc2","FUN_00454fc2","23","fun","C0","","",""
"SC3U.exe","0x00454fd9","FUN_00454fd9","88","fun","C0","","",""
"SC3U.exe","0x00455031","FUN_00455031","113","fun","C0","","",""
"SC3U.exe","0x004550cd","FUN_004550cd","66","fun","C0","","",""
"SC3U.exe","0x0045510f","FUN_0045510f","58","fun","C0","","",""
"SC3U.exe","0x00455195","FUN_00455195","70","fun","C0","","",""
"SC3U.exe","0x004551db","FUN_004551db","101","fun","C0","","",""
"SC3U.exe","0x00455240","FUN_00455240","175","fun","C0","","",""
"SC3U.exe","0x004552ef","FUN_004552ef","101","fun","C0","","",""
"SC3U.exe","0x00455354","FUN_00455354","75","fun","C0","","",""
"SC3U.exe","0x0045553e","FUN_0045553e","268","fun","C0","","",""
"SC3U.exe","0x0045564a","FUN_0045564a","36","fun","C0","","",""
"SC3U.exe","0x0045566e","FUN_0045566e","44","fun","C0","","",""
"SC3U.exe","0x0045569a","FUN_0045569a","462","fun","C0","","",""
"SC3U.exe","0x00455868","FUN_00455868","135","fun","C0","","",""
"SC3U.exe","0x004558ef","FUN_004558ef","101","fun","C0","","",""
"SC3U.exe","0x00455954","FUN_00455954","202","fun","C0","","",""
"SC3U.exe","0x00455a37","FUN_00455a37","925","fun","C0","","",""
"SC3U.exe","0x00455dd4","FUN_00455dd4","912","fun","C0","","",""
"SC3U.exe","0x00456164","FUN_00456164","845","fun","C0","","",""
"SC3U.exe","0x004564b1","FUN_004564b1","351","fun","C0","","",""
"SC3U.exe","0x00456610","FUN_00456610","351","fun","C0","","",""
"SC3U.exe","0x0045676f","FUN_0045676f","144","fun","C0","","",""
"SC3U.exe","0x004567ff","FUN_004567ff","331","fun","C0","","",""
"SC3U.exe","0x0045697c","FUN_0045697c","207","fun","C0","","",""
"SC3U.exe","0x00456a55","FUN_00456a55","13","fun","C0","","",""
"SC3U.exe","0x00456a62","FUN_00456a62","12","fun","C0","","",""
"SC3U.exe","0x00456a89","FUN_00456a89","115","fun","C0","","",""
"SC3U.exe","0x00456afc","FUN_00456afc","28","fun","C0","","",""
"SC3U.exe","0x00456b18","FUN_00456b18","109","fun","C0","","",""
"SC3U.exe","0x00456b8a","FUN_00456b8a","38","fun","C0","","",""
"SC3U.exe","0x00456bf1","FUN_00456bf1","47","fun","C0","","",""
"SC3U.exe","0x00456c20","FUN_00456c20","44","fun","C0","","",""
"SC3U.exe","0x00456c7a","FUN_00456c7a","64","fun","C0","","",""
"SC3U.exe","0x00456cba","FUN_00456cba","41","fun","C0","","",""
"SC3U.exe","0x00456e58","FUN_00456e58","284","fun","C0","","",""
"SC3U.exe","0x00456f74","FUN_00456f74","23","fun","C0","","",""
"SC3U.exe","0x00456f8b","FUN_00456f8b","84","fun","C0","","",""
"SC3U.exe","0x00457170","FUN_00457170","60","fun","C0","","",""
"SC3U.exe","0x004571dc","FUN_004571dc","67","fun","C0","","",""
"SC3U.exe","0x0045721f","FUN_0045721f","165","fun","C0","","",""
"SC3U.exe","0x004572c4","FUN_004572c4","165","fun","C0","","",""
"SC3U.exe","0x00457369","FUN_00457369","184","fun","C0","","",""
"SC3U.exe","0x00457421","FUN_00457421","184","fun","C0","","",""
"SC3U.exe","0x004574d9","FUN_004574d9","91","fun","C0","","",""
"SC3U.exe","0x00457534","FUN_00457534","36","fun","C0","","",""
"SC3U.exe","0x00457558","FUN_00457558","75","fun","C0","","",""
"SC3U.exe","0x004575a3","FUN_004575a3","72","fun","C0","","",""
"SC3U.exe","0x004575eb","FUN_004575eb","36","fun","C0","","",""
"SC3U.exe","0x00457646","FUN_00457646","90","fun","C0","","",""
"SC3U.exe","0x004576ac","FUN_004576ac","238","fun","C0","","",""
"SC3U.exe","0x0045779a","FUN_0045779a","206","fun","C0","","",""
"SC3U.exe","0x00457872","FUN_00457872","13","fun","C0","","",""
"SC3U.exe","0x0045787f","FUN_0045787f","12","fun","C0","","",""
"SC3U.exe","0x004578a6","FUN_004578a6","234","fun","C0","","",""
"SC3U.exe","0x00457990","FUN_00457990","28","fun","C0","","",""
"SC3U.exe","0x004579ac","FUN_004579ac","109","fun","C0","","",""
"SC3U.exe","0x00457a1e","FUN_00457a1e","86","fun","C0","","",""
"SC3U.exe","0x00457ad1","FUN_00457ad1","47","fun","C0","","",""
"SC3U.exe","0x00457b00","FUN_00457b00","44","fun","C0","","",""
"SC3U.exe","0x00457b97","FUN_00457b97","372","fun","C0","","",""
"SC3U.exe","0x00457d0b","FUN_00457d0b","102","fun","C0","","",""
"SC3U.exe","0x00457d71","FUN_00457d71","232","fun","C0","","",""
"SC3U.exe","0x00457e59","FUN_00457e59","23","fun","C0","","",""
"SC3U.exe","0x00457e70","FUN_00457e70","73","fun","C0","","",""
"SC3U.exe","0x00457eb9","FUN_00457eb9","32","fun","C0","","",""
"SC3U.exe","0x00457ed9","FUN_00457ed9","122","fun","C0","","",""
"SC3U.exe","0x00457f53","FUN_00457f53","113","fun","C0","","",""
"SC3U.exe","0x00457ffd","FUN_00457ffd","63","fun","C0","","",""
"SC3U.exe","0x0045803c","FUN_0045803c","55","fun","C0","","",""
"SC3U.exe","0x00458073","FUN_00458073","132","fun","C0","","",""
"SC3U.exe","0x00458160","FUN_00458160","317","fun","C0","","",""
"SC3U.exe","0x0045829d","FUN_0045829d","128","fun","C0","","",""
"SC3U.exe","0x0045831d","FUN_0045831d","126","fun","C0","","",""
"SC3U.exe","0x0045839b","FUN_0045839b","131","fun","C0","","",""
"SC3U.exe","0x00458539","FUN_00458539","75","fun","C0","","",""
"SC3U.exe","0x00458590","FUN_00458590","2252","fun","C0","","",""
"SC3U.exe","0x00458e5c","FUN_00458e5c","107","fun","C0","","",""
"SC3U.exe","0x00458ec7","FUN_00458ec7","558","fun","C0","","",""
"SC3U.exe","0x004590f5","FUN_004590f5","82","fun","C0","","",""
"SC3U.exe","0x00459147","FUN_00459147","16","fun","C0","","",""
"SC3U.exe","0x00459157","FUN_00459157","44","fun","C0","","",""
"SC3U.exe","0x00459183","FUN_00459183","11","fun","C0","","",""
"SC3U.exe","0x0045918e","thunk_FUN_00459cf6","5","thunk","thunk","","",""
"SC3U.exe","0x00459193","FUN_00459193","13","fun","C0","","",""
"SC3U.exe","0x004591a0","FUN_004591a0","70","fun","C0","","",""
"SC3U.exe","0x004591e6","FUN_004591e6","40","fun","C0","","",""
"SC3U.exe","0x0045920e","FUN_0045920e","77","fun","C0","","",""
"SC3U.exe","0x0045925b","FUN_0045925b","12","fun","C0","","",""
"SC3U.exe","0x00459267","FUN_00459267","48","fun","C0","","",""
"SC3U.exe","0x00459297","FUN_00459297","65","fun","C0","","",""
"SC3U.exe","0x004592d8","FUN_004592d8","113","fun","C0","","",""
"SC3U.exe","0x00459349","FUN_00459349","57","fun","C0","","",""
"SC3U.exe","0x00459382","FUN_00459382","40","fun","C0","","",""
"SC3U.exe","0x004593aa","FUN_004593aa","77","fun","C0","","",""
"SC3U.exe","0x004593f7","FUN_004593f7","12","fun","C0","","",""
"SC3U.exe","0x00459403","FUN_00459403","48","fun","C0","","",""
"SC3U.exe","0x00459433","FUN_00459433","82","fun","C0","","",""
"SC3U.exe","0x00459485","FUN_00459485","113","fun","C0","","",""
"SC3U.exe","0x004594f6","FUN_004594f6","57","fun","C0","","",""
"SC3U.exe","0x0045952f","FUN_0045952f","40","fun","C0","","",""
"SC3U.exe","0x00459557","FUN_00459557","77","fun","C0","","",""
"SC3U.exe","0x004595a4","FUN_004595a4","12","fun","C0","","",""
"SC3U.exe","0x004595b0","FUN_004595b0","48","fun","C0","","",""
"SC3U.exe","0x004595e0","FUN_004595e0","82","fun","C0","","",""
"SC3U.exe","0x00459632","FUN_00459632","70","fun","C0","","",""
"SC3U.exe","0x00459678","FUN_00459678","40","fun","C0","","",""
"SC3U.exe","0x004596a0","FUN_004596a0","77","fun","C0","","",""
"SC3U.exe","0x004596ed","FUN_004596ed","12","fun","C0","","",""
"SC3U.exe","0x004596f9","FUN_004596f9","48","fun","C0","","",""
"SC3U.exe","0x00459729","FUN_00459729","65","fun","C0","","",""
"SC3U.exe","0x0045976a","FUN_0045976a","131","fun","C0","","",""
"SC3U.exe","0x004597ed","FUN_004597ed","57","fun","C0","","",""
"SC3U.exe","0x00459826","FUN_00459826","40","fun","C0","","",""
"SC3U.exe","0x0045984e","FUN_0045984e","71","fun","C0","","",""
"SC3U.exe","0x00459895","FUN_00459895","12","fun","C0","","",""
"SC3U.exe","0x004598a1","FUN_004598a1","48","fun","C0","","",""
"SC3U.exe","0x004598d1","FUN_004598d1","100","fun","C0","","",""
"SC3U.exe","0x00459935","thunk_FUN_00459fb0","5","thunk","thunk","","",""
"SC3U.exe","0x0045993a","FUN_0045993a","39","fun","C0","","",""
"SC3U.exe","0x00459961","FUN_00459961","69","fun","C0","","",""
"SC3U.exe","0x004599a6","FUN_004599a6","53","fun","C0","","",""
"SC3U.exe","0x004599db","FUN_004599db","127","fun","C0","","",""
"SC3U.exe","0x00459a5a","FUN_00459a5a","57","fun","C0","","",""
"SC3U.exe","0x00459a93","FUN_00459a93","40","fun","C0","","",""
"SC3U.exe","0x00459abb","FUN_00459abb","76","fun","C0","","",""
"SC3U.exe","0x00459b07","FUN_00459b07","12","fun","C0","","",""
"SC3U.exe","0x00459b13","FUN_00459b13","48","fun","C0","","",""
"SC3U.exe","0x00459b43","FUN_00459b43","96","fun","C0","","",""
"SC3U.exe","0x00459ba3","thunk_FUN_0045a05a","5","thunk","thunk","","",""
"SC3U.exe","0x00459ba8","FUN_00459ba8","39","fun","C0","","",""
"SC3U.exe","0x00459bcf","FUN_00459bcf","14","fun","C0","","",""
"SC3U.exe","0x00459bdd","FUN_00459bdd","47","fun","C0","","",""
"SC3U.exe","0x00459c0c","FUN_00459c0c","75","fun","C0","","",""
"SC3U.exe","0x00459c57","FUN_00459c57","59","fun","C0","","",""
"SC3U.exe","0x00459c92","FUN_00459c92","60","fun","C0","","",""
"SC3U.exe","0x00459cce","FUN_00459cce","40","fun","C0","","",""
"SC3U.exe","0x00459cf6","FUN_00459cf6","21","fun","C0","","",""
"SC3U.exe","0x00459d0b","FUN_00459d0b","60","fun","C0","","",""
"SC3U.exe","0x00459d47","FUN_00459d47","35","fun","C0","","",""
"SC3U.exe","0x00459d6a","FUN_00459d6a","60","fun","C0","","",""
"SC3U.exe","0x00459da6","FUN_00459da6","56","fun","C0","","",""
"SC3U.exe","0x00459dde","FUN_00459dde","35","fun","C0","","",""
"SC3U.exe","0x00459e01","FUN_00459e01","60","fun","C0","","",""
"SC3U.exe","0x00459e3d","FUN_00459e3d","56","fun","C0","","",""
"SC3U.exe","0x00459e75","FUN_00459e75","35","fun","C0","","",""
"SC3U.exe","0x00459e98","FUN_00459e98","60","fun","C0","","",""
"SC3U.exe","0x00459ed4","FUN_00459ed4","35","fun","C0","","",""
"SC3U.exe","0x00459ef7","FUN_00459ef7","54","fun","C0","","",""
"SC3U.exe","0x00459f2d","FUN_00459f2d","54","fun","C0","","",""
"SC3U.exe","0x00459f63","FUN_00459f63","25","fun","C0","","",""
"SC3U.exe","0x00459f7c","FUN_00459f7c","52","fun","C0","","",""
"SC3U.exe","0x00459fb0","FUN_00459fb0","25","fun","C0","","",""
"SC3U.exe","0x00459fc9","FUN_00459fc9","59","fun","C0","","",""
"SC3U.exe","0x0045a004","FUN_0045a004","54","fun","C0","","",""
"SC3U.exe","0x0045a03a","FUN_0045a03a","32","fun","C0","","",""
"SC3U.exe","0x0045a05a","FUN_0045a05a","25","fun","C0","","",""
"SC3U.exe","0x0045a073","FUN_0045a073","25","fun","C0","","",""
"SC3U.exe","0x0045a08c","FUN_0045a08c","26","fun","C0","","",""
"SC3U.exe","0x0045a0a6","FUN_0045a0a6","79","fun","C0","","",""
"SC3U.exe","0x0045a0f5","FUN_0045a0f5","79","fun","C0","","",""
"SC3U.exe","0x0045a144","FUN_0045a144","79","fun","C0","","",""
"SC3U.exe","0x0045a193","FUN_0045a193","79","fun","C0","","",""
"SC3U.exe","0x0045a1e2","FUN_0045a1e2","76","fun","C0","","",""
"SC3U.exe","0x0045a22e","FUN_0045a22e","59","fun","C0","","",""
"SC3U.exe","0x0045a269","FUN_0045a269","76","fun","C0","","",""
"SC3U.exe","0x0045a2bc","FUN_0045a2bc","559","fun","C0","","",""
"SC3U.exe","0x0045a4eb","Catch@0045a4eb","58","lib","lib","","",""
"SC3U.exe","0x0045a525","FUN_0045a525","42","fun","C0","","",""
"SC3U.exe","0x0045a54f","FUN_0045a54f","58","fun","C0","","",""
"SC3U.exe","0x0045a589","FUN_0045a589","379","fun","C0","","",""
"SC3U.exe","0x0045a704","Catch@0045a704","56","lib","lib","","",""
"SC3U.exe","0x0045a73c","FUN_0045a73c","496","fun","C0","","",""
"SC3U.exe","0x0045a92c","Catch@0045a92c","56","lib","lib","","",""
"SC3U.exe","0x0045a964","FUN_0045a964","379","fun","C0","","",""
"SC3U.exe","0x0045aadf","Catch@0045aadf","58","lib","lib","","",""
"SC3U.exe","0x0045ab19","FUN_0045ab19","497","fun","C0","","",""
"SC3U.exe","0x0045ad0a","Catch@0045ad0a","46","lib","lib","","",""
"SC3U.exe","0x0045ad38","FUN_0045ad38","384","fun","C0","","",""
"SC3U.exe","0x0045aeb8","Catch@0045aeb8","58","lib","lib","","",""
"SC3U.exe","0x0045aef2","FUN_0045aef2","497","fun","C0","","",""
"SC3U.exe","0x0045b0e3","Catch@0045b0e3","46","lib","lib","","",""
"SC3U.exe","0x0045b111","FUN_0045b111","379","fun","C0","","",""
"SC3U.exe","0x0045b28c","Catch@0045b28c","56","lib","lib","","",""
"SC3U.exe","0x0045b2c4","FUN_0045b2c4","496","fun","C0","","",""
"SC3U.exe","0x0045b4b4","Catch@0045b4b4","56","lib","lib","","",""
"SC3U.exe","0x0045b4ec","FUN_0045b4ec","360","fun","C0","","",""
"SC3U.exe","0x0045b654","Catch@0045b654","55","lib","lib","","",""
"SC3U.exe","0x0045b68b","FUN_0045b68b","459","fun","C0","","",""
"SC3U.exe","0x0045b856","Catch@0045b856","43","lib","lib","","",""
"SC3U.exe","0x0045b881","FUN_0045b881","256","fun","C0","","",""
"SC3U.exe","0x0045b981","Catch@0045b981","30","lib","lib","","",""
"SC3U.exe","0x0045b99f","FUN_0045b99f","226","fun","C0","","",""
"SC3U.exe","0x0045ba81","FUN_0045ba81","403","fun","C0","","",""
"SC3U.exe","0x0045bc14","Catch@0045bc14","30","lib","lib","","",""
"SC3U.exe","0x0045bc32","FUN_0045bc32","394","fun","C0","","",""
"SC3U.exe","0x0045bdbc","Catch@0045bdbc","55","lib","lib","","",""
"SC3U.exe","0x0045bdf3","FUN_0045bdf3","35","fun","C0","","",""
"SC3U.exe","0x0045be16","FUN_0045be16","511","fun","C0","","",""
"SC3U.exe","0x0045c015","Catch@0045c015","43","lib","lib","","",""
"SC3U.exe","0x0045c040","FUN_0045c040","256","fun","C0","","",""
"SC3U.exe","0x0045c140","Catch@0045c140","30","lib","lib","","",""
"SC3U.exe","0x0045c15e","FUN_0045c15e","296","fun","C0","","",""
"SC3U.exe","0x0045c286","Catch@0045c286","30","lib","lib","","",""
"SC3U.exe","0x0045c2a4","FUN_0045c2a4","216","fun","C0","","",""
"SC3U.exe","0x0045c37c","FUN_0045c37c","45","fun","C0","","",""
"SC3U.exe","0x0045c3a9","FUN_0045c3a9","54","fun","C0","","",""
"SC3U.exe","0x0045c3df","FUN_0045c3df","25","fun","C0","","",""
"SC3U.exe","0x0045c3f8","FUN_0045c3f8","45","fun","C0","","",""
"SC3U.exe","0x0045c425","FUN_0045c425","54","fun","C0","","",""
"SC3U.exe","0x0045c45b","FUN_0045c45b","25","fun","C0","","",""
"SC3U.exe","0x0045c474","FUN_0045c474","45","fun","C0","","",""
"SC3U.exe","0x0045c4a1","FUN_0045c4a1","54","fun","C0","","",""
"SC3U.exe","0x0045c4d7","FUN_0045c4d7","45","fun","C0","","",""
"SC3U.exe","0x0045c504","FUN_0045c504","54","fun","C0","","",""
"SC3U.exe","0x0045c53a","FUN_0045c53a","25","fun","C0","","",""
"SC3U.exe","0x0045c553","FUN_0045c553","45","fun","C0","","",""
"SC3U.exe","0x0045c580","FUN_0045c580","51","fun","C0","","",""
"SC3U.exe","0x0045c5b3","FUN_0045c5b3","25","fun","C0","","",""
"SC3U.exe","0x0045c5cc","FUN_0045c5cc","45","fun","C0","","",""
"SC3U.exe","0x0045c5f9","FUN_0045c5f9","75","fun","C0","","",""
"SC3U.exe","0x0045c644","FUN_0045c644","92","fun","C0","","",""
"SC3U.exe","0x0045c6a0","FUN_0045c6a0","86","fun","C0","","",""
"SC3U.exe","0x0045c6f6","FUN_0045c6f6","74","fun","C0","","",""
"SC3U.exe","0x0045c740","FUN_0045c740","68","fun","C0","","",""
"SC3U.exe","0x0045c784","FUN_0045c784","28","fun","C0","","",""
"SC3U.exe","0x0045c7a0","FUN_0045c7a0","28","fun","C0","","",""
"SC3U.exe","0x0045c7bc","FUN_0045c7bc","28","fun","C0","","",""
"SC3U.exe","0x0045c7d8","FUN_0045c7d8","28","fun","C0","","",""
"SC3U.exe","0x0045c7f4","FUN_0045c7f4","35","fun","C0","","",""
"SC3U.exe","0x0045c817","FUN_0045c817","75","fun","C0","","",""
"SC3U.exe","0x0045c862","FUN_0045c862","55","fun","C0","","",""
"SC3U.exe","0x0045c899","FUN_0045c899","96","fun","C0","","",""
"SC3U.exe","0x0045c8f9","FUN_0045c8f9","87","fun","C0","","",""
"SC3U.exe","0x0045c950","Catch@0045c950","30","lib","lib","","",""
"SC3U.exe","0x0045c96e","FUN_0045c96e","52","fun","C0","","",""
"SC3U.exe","0x0045c9a2","FUN_0045c9a2","52","fun","C0","","",""
"SC3U.exe","0x0045c9d6","FUN_0045c9d6","54","fun","C0","","",""
"SC3U.exe","0x0045ca0c","FUN_0045ca0c","25","fun","C0","","",""
"SC3U.exe","0x0045ca25","FUN_0045ca25","42","fun","C0","","",""
"SC3U.exe","0x0045ca4f","FUN_0045ca4f","50","fun","C0","","",""
"SC3U.exe","0x0045ca81","FUN_0045ca81","50","fun","C0","","",""
"SC3U.exe","0x0045cab3","FUN_0045cab3","50","fun","C0","","",""
"SC3U.exe","0x0045cae5","FUN_0045cae5","50","fun","C0","","",""
"SC3U.exe","0x0045cb17","FUN_0045cb17","47","fun","C0","","",""
"SC3U.exe","0x0045cb46","FUN_0045cb46","82","fun","C0","","",""
"SC3U.exe","0x0045cb98","FUN_0045cb98","87","fun","C0","","",""
"SC3U.exe","0x0045cbde","Catch@0045cbde","22","lib","lib","","",""
"SC3U.exe","0x0045cc05","FUN_0045cc05","87","fun","C0","","",""
"SC3U.exe","0x0045cc4b","Catch@0045cc4b","22","lib","lib","","",""
"SC3U.exe","0x0045cc72","FUN_0045cc72","87","fun","C0","","",""
"SC3U.exe","0x0045ccb8","Catch@0045ccb8","22","lib","lib","","",""
"SC3U.exe","0x0045ccdf","FUN_0045ccdf","87","fun","C0","","",""
"SC3U.exe","0x0045cd25","Catch@0045cd25","22","lib","lib","","",""
"SC3U.exe","0x0045cd4c","FUN_0045cd4c","74","fun","C0","","",""
"SC3U.exe","0x0045cd84","Catch@0045cd84","31","lib","lib","","",""
"SC3U.exe","0x0045cdb5","FUN_0045cdb5","87","fun","C0","","",""
"SC3U.exe","0x0045cdfb","Catch@0045cdfb","29","lib","lib","","",""
"SC3U.exe","0x0045ce29","FUN_0045ce29","87","fun","C0","","",""
"SC3U.exe","0x0045ce6f","Catch@0045ce6f","29","lib","lib","","",""
"SC3U.exe","0x0045ce9d","FUN_0045ce9d","87","fun","C0","","",""
"SC3U.exe","0x0045cee3","Catch@0045cee3","22","lib","lib","","",""
"SC3U.exe","0x0045cf0a","FUN_0045cf0a","87","fun","C0","","",""
"SC3U.exe","0x0045cf50","Catch@0045cf50","22","lib","lib","","",""
"SC3U.exe","0x0045cf77","FUN_0045cf77","87","fun","C0","","",""
"SC3U.exe","0x0045cfbd","Catch@0045cfbd","29","lib","lib","","",""
"SC3U.exe","0x0045cfeb","FUN_0045cfeb","87","fun","C0","","",""
"SC3U.exe","0x0045d031","Catch@0045d031","29","lib","lib","","",""
"SC3U.exe","0x0045d05f","FUN_0045d05f","87","fun","C0","","",""
"SC3U.exe","0x0045d0a5","Catch@0045d0a5","22","lib","lib","","",""
"SC3U.exe","0x0045d0cc","FUN_0045d0cc","87","fun","C0","","",""
"SC3U.exe","0x0045d112","Catch@0045d112","22","lib","lib","","",""
"SC3U.exe","0x0045d139","FUN_0045d139","37","fun","C0","","",""
"SC3U.exe","0x0045d15e","FUN_0045d15e","37","fun","C0","","",""
"SC3U.exe","0x0045d183","FUN_0045d183","42","fun","C0","","",""
"SC3U.exe","0x0045d42c","FUN_0045d42c","32","fun","C0","","",""
"SC3U.exe","0x0045d44c","FUN_0045d44c","88","fun","C0","","",""
"SC3U.exe","0x0045d4a4","FUN_0045d4a4","88","fun","C0","","",""
"SC3U.exe","0x0045d4fc","FUN_0045d4fc","49","fun","C0","","",""
"SC3U.exe","0x0045d52d","thunk_FUN_0046a7b9","5","thunk","thunk","","",""
"SC3U.exe","0x0045d532","FUN_0045d532","9","fun","C0","","",""
"SC3U.exe","0x0045d53b","FUN_0045d53b","3","fun","C0","","",""
"SC3U.exe","0x0045d5a9","thunk_FUN_0045d5ae","5","thunk","thunk","","",""
"SC3U.exe","0x0045d5ae","FUN_0045d5ae","6","fun","C0","","",""
"SC3U.exe","0x0045d5b4","FUN_0045d5b4","237","fun","C0","","",""
"SC3U.exe","0x0045d6a1","FUN_0045d6a1","28","fun","C0","","",""
"SC3U.exe","0x0045d6bd","thunk_FUN_0045e9b7","5","thunk","thunk","","",""
"SC3U.exe","0x0045d6c2","thunk_FUN_0045ea06","5","thunk","thunk","","",""
"SC3U.exe","0x0045d6c7","FUN_0045d6c7","181","fun","C0","","",""
"SC3U.exe","0x0045d780","FUN_0045d780","146","fun","C0","","",""
"SC3U.exe","0x0045d812","FUN_0045d812","121","fun","C0","","",""
"SC3U.exe","0x0045d88b","FUN_0045d88b","114","fun","C0","","",""
"SC3U.exe","0x0045d907","FUN_0045d907","113","fun","C0","","",""
"SC3U.exe","0x0045d978","FUN_0045d978","10","fun","C0","","",""
"SC3U.exe","0x0045d982","FUN_0045d982","44","fun","C0","","",""
"SC3U.exe","0x0045da30","FUN_0045da30","270","fun","C0","","",""
"SC3U.exe","0x0045db3e","FUN_0045db3e","13","fun","C0","","",""
"SC3U.exe","0x0045db4b","FUN_0045db4b","13","fun","C0","","",""
"SC3U.exe","0x0045db58","FUN_0045db58","53","fun","C0","","",""
"SC3U.exe","0x0045db8d","FUN_0045db8d","131","fun","C0","","",""
"SC3U.exe","0x0045dc10","FUN_0045dc10","268","fun","C0","","",""
"SC3U.exe","0x0045dd1c","FUN_0045dd1c","154","fun","C0","","",""
"SC3U.exe","0x0045ddb6","FUN_0045ddb6","183","fun","C0","","",""
"SC3U.exe","0x0045de6d","FUN_0045de6d","154","fun","C0","","",""
"SC3U.exe","0x0045df07","FUN_0045df07","183","fun","C0","","",""
"SC3U.exe","0x0045dfbe","FUN_0045dfbe","154","fun","C0","","",""
"SC3U.exe","0x0045e058","FUN_0045e058","28","fun","C0","","",""
"SC3U.exe","0x0045e074","FUN_0045e074","28","fun","C0","","",""
"SC3U.exe","0x0045e090","FUN_0045e090","28","fun","C0","","",""
"SC3U.exe","0x0045e0ac","FUN_0045e0ac","28","fun","C0","","",""
"SC3U.exe","0x0045e0c8","FUN_0045e0c8","28","fun","C0","","",""
"SC3U.exe","0x0045e0e4","FUN_0045e0e4","28","fun","C0","","",""
"SC3U.exe","0x0045e100","FUN_0045e100","28","fun","C0","","",""
"SC3U.exe","0x0045e11c","FUN_0045e11c","28","fun","C0","","",""
"SC3U.exe","0x0045e138","FUN_0045e138","11","fun","C0","","",""
"SC3U.exe","0x0045e143","FUN_0045e143","39","fun","C0","","",""
"SC3U.exe","0x0045e172","FUN_0045e172","113","fun","C0","","",""
"SC3U.exe","0x0045e1e3","FUN_0045e1e3","19","fun","C0","","",""
"SC3U.exe","0x0045e1f6","~exception","6","thunk","thunk","","",""
"SC3U.exe","0x0045e215","FUN_0045e215","25","fun","C0","","",""
"SC3U.exe","0x0045e22e","FUN_0045e22e","28","fun","C0","","",""
"SC3U.exe","0x0045e24a","FUN_0045e24a","28","fun","C0","","",""
"SC3U.exe","0x0045e266","~exception","6","thunk","thunk","","",""
"SC3U.exe","0x0045e2e4","FUN_0045e2e4","113","fun","C0","","",""
"SC3U.exe","0x0045e36c","FUN_0045e36c","64","fun","C0","","",""
"SC3U.exe","0x0045e42b","FUN_0045e42b","120","fun","C0","","",""
"SC3U.exe","0x0045e4a3","FUN_0045e4a3","126","fun","C0","","",""
"SC3U.exe","0x0045e521","FUN_0045e521","60","fun","C0","","",""
"SC3U.exe","0x0045e55d","FUN_0045e55d","306","fun","C0","","",""
"SC3U.exe","0x0045e68f","FUN_0045e68f","35","fun","C0","","",""
"SC3U.exe","0x0045e6b2","FUN_0045e6b2","400","fun","C0","","",""
"SC3U.exe","0x0045e842","FUN_0045e842","48","fun","C0","","",""
"SC3U.exe","0x0045e872","FUN_0045e872","180","fun","C0","","",""
"SC3U.exe","0x0045e926","FUN_0045e926","44","fun","C0","","",""
"SC3U.exe","0x0045e952","FUN_0045e952","11","fun","C0","","",""
"SC3U.exe","0x0045e95d","FUN_0045e95d","47","fun","C0","","",""
"SC3U.exe","0x0045e98c","thunk_FUN_0045eb1d","5","thunk","thunk","","",""
"SC3U.exe","0x0045e991","FUN_0045e991","13","fun","C0","","",""
"SC3U.exe","0x0045e99e","FUN_0045e99e","25","fun","C0","","",""
"SC3U.exe","0x0045e9b7","FUN_0045e9b7","54","fun","C0","","",""
"SC3U.exe","0x0045e9ed","FUN_0045e9ed","25","fun","C0","","",""
"SC3U.exe","0x0045ea06","FUN_0045ea06","54","fun","C0","","",""
"SC3U.exe","0x0045ea3c","FUN_0045ea3c","44","fun","C0","","",""
"SC3U.exe","0x0045ea68","FUN_0045ea68","11","fun","C0","","",""
"SC3U.exe","0x0045ea73","FUN_0045ea73","47","fun","C0","","",""
"SC3U.exe","0x0045eaa2","thunk_FUN_0045ec99","5","thunk","thunk","","",""
"SC3U.exe","0x0045eaa7","FUN_0045eaa7","13","fun","C0","","",""
"SC3U.exe","0x0045eab4","FUN_0045eab4","12","fun","C0","","",""
"SC3U.exe","0x0045eac0","FUN_0045eac0","41","fun","C0","","",""
"SC3U.exe","0x0045eae9","FUN_0045eae9","12","fun","C0","","",""
"SC3U.exe","0x0045eaf5","FUN_0045eaf5","40","fun","C0","","",""
"SC3U.exe","0x0045eb1d","FUN_0045eb1d","21","fun","C0","","",""
"SC3U.exe","0x0045eb32","FUN_0045eb32","54","fun","C0","","",""
"SC3U.exe","0x0045eb68","FUN_0045eb68","40","fun","C0","","",""
"SC3U.exe","0x0045eb90","FUN_0045eb90","11","fun","C0","","",""
"SC3U.exe","0x0045eb9b","FUN_0045eb9b","40","fun","C0","","",""
"SC3U.exe","0x0045ebc3","FUN_0045ebc3","14","fun","C0","","",""
"SC3U.exe","0x0045ebd1","FUN_0045ebd1","41","fun","C0","","",""
"SC3U.exe","0x0045ebfa","FUN_0045ebfa","12","fun","C0","","",""
"SC3U.exe","0x0045ec06","FUN_0045ec06","54","fun","C0","","",""
"SC3U.exe","0x0045ec3c","FUN_0045ec3c","41","fun","C0","","",""
"SC3U.exe","0x0045ec65","FUN_0045ec65","12","fun","C0","","",""
"SC3U.exe","0x0045ec71","FUN_0045ec71","40","fun","C0","","",""
"SC3U.exe","0x0045ec99","FUN_0045ec99","21","fun","C0","","",""
"SC3U.exe","0x0045ecae","FUN_0045ecae","68","fun","C0","","",""
"SC3U.exe","0x0045ecf2","Catch@0045ecf2","21","lib","lib","","",""
"SC3U.exe","0x0045ed07","FUN_0045ed07","68","fun","C0","","",""
"SC3U.exe","0x0045ed4b","Catch@0045ed4b","21","lib","lib","","",""
"SC3U.exe","0x0045ed60","FUN_0045ed60","11","fun","C0","","",""
"SC3U.exe","0x0045ed6b","FUN_0045ed6b","54","fun","C0","","",""
"SC3U.exe","0x0045eda1","FUN_0045eda1","46","fun","C0","","",""
"SC3U.exe","0x0045edcf","FUN_0045edcf","63","fun","C0","","",""
"SC3U.exe","0x0045ee0e","FUN_0045ee0e","46","fun","C0","","",""
"SC3U.exe","0x0045ee3c","FUN_0045ee3c","139","fun","C0","","",""
"SC3U.exe","0x0045eec7","FUN_0045eec7","79","fun","C0","","",""
"SC3U.exe","0x0045ef16","FUN_0045ef16","54","fun","C0","","",""
"SC3U.exe","0x0045ef4c","FUN_0045ef4c","54","fun","C0","","",""
"SC3U.exe","0x0045ef82","FUN_0045ef82","54","fun","C0","","",""
"SC3U.exe","0x0045efb8","FUN_0045efb8","16","fun","C0","","",""
"SC3U.exe","0x0045efc8","FUN_0045efc8","16","fun","C0","","",""
"SC3U.exe","0x0045efd8","FUN_0045efd8","53","fun","C0","","",""
"SC3U.exe","0x0045f00d","FUN_0045f00d","53","fun","C0","","",""
"SC3U.exe","0x0045f042","FUN_0045f042","27","fun","C0","","",""
"SC3U.exe","0x0045f05d","FUN_0045f05d","27","fun","C0","","",""
"SC3U.exe","0x0045f078","FUN_0045f078","130","fun","C0","","",""
"SC3U.exe","0x0045f0fa","FUN_0045f0fa","130","fun","C0","","",""
"SC3U.exe","0x0045f17c","FUN_0045f17c","35","fun","C0","","",""
"SC3U.exe","0x0045f19f","FUN_0045f19f","35","fun","C0","","",""
"SC3U.exe","0x0045f1c2","FUN_0045f1c2","68","fun","C0","","",""
"SC3U.exe","0x0045f206","Catch@0045f206","21","lib","lib","","",""
"SC3U.exe","0x0045f21b","FUN_0045f21b","68","fun","C0","","",""
"SC3U.exe","0x0045f25f","Catch@0045f25f","21","lib","lib","","",""
"SC3U.exe","0x0045f274","FUN_0045f274","59","fun","C0","","",""
"SC3U.exe","0x0045f2af","FUN_0045f2af","59","fun","C0","","",""
"SC3U.exe","0x0045f2f1","FUN_0045f2f1","43","fun","C0","","",""
"SC3U.exe","0x0045f31c","FUN_0045f31c","93","fun","C0","","",""
"SC3U.exe","0x0045f37f","FUN_0045f37f","22","fun","C0","","",""
"SC3U.exe","0x0045f395","FUN_0045f395","28","fun","C0","","",""
"SC3U.exe","0x0045f3b1","thunk_FUN_00470966","5","thunk","thunk","","",""
"SC3U.exe","0x0045f3c0","FUN_0045f3c0","989","fun","C0","","",""
"SC3U.exe","0x0045f79d","FUN_0045f79d","140","fun","C0","","",""
"SC3U.exe","0x0045f829","FUN_0045f829","144","fun","C0","","",""
"SC3U.exe","0x0045f8b9","FUN_0045f8b9","83","fun","C0","","",""
"SC3U.exe","0x0045f90c","FUN_0045f90c","32","fun","C0","","",""
"SC3U.exe","0x0045f92c","FUN_0045f92c","104","fun","C0","","",""
"SC3U.exe","0x0045f994","FUN_0045f994","319","fun","C2","S15-ui","sc3_debug_window_create","RegisterClassA('cGZDebugStreamW95' 0x4f7748, wndproc FUN_00460913) + CreateWindowExA('Gonzo Debug Window' 0x4f7734, style = (-(this+0x89!=0)&0x10000000)|0xef0000) -> param_1[0x23]; child edit window ->param_1[0x24]; SystemParametersInfoA(0x30); confirms LAUNCH_CONTROL §7b"
"SC3U.exe","0x0045fad3","FUN_0045fad3","68","fun","C0","","",""
"SC3U.exe","0x0045fb17","FUN_0045fb17","180","fun","C0","","",""
"SC3U.exe","0x0045fbcb","FUN_0045fbcb","52","fun","C0","","",""
"SC3U.exe","0x0045fbff","FUN_0045fbff","51","fun","C0","","",""
"SC3U.exe","0x0045fc32","FUN_0045fc32","162","fun","C0","","",""
"SC3U.exe","0x0045fcd4","FUN_0045fcd4","345","fun","C0","","",""
"SC3U.exe","0x0045fe2d","FUN_0045fe2d","181","fun","C0","","",""
"SC3U.exe","0x0045fee2","FUN_0045fee2","836","fun","C0","","",""
"SC3U.exe","0x00460226","FUN_00460226","329","fun","C0","","",""
"SC3U.exe","0x0046036f","FUN_0046036f","752","fun","C0","","",""
"SC3U.exe","0x0046065f","Catch@0046065f","132","lib","lib","","",""
"SC3U.exe","0x004606ee","FUN_004606ee","46","fun","C0","","",""
"SC3U.exe","0x004607b5","Catch@004607b5","117","lib","lib","","",""
"SC3U.exe","0x00460835","FUN_00460835","325","fun","C0","","",""
"SC3U.exe","0x00460913","FUN_00460913","191","fun","C0","","",""
"SC3U.exe","0x004609d2","FUN_004609d2","6","fun","C0","","",""
"SC3U.exe","0x004609d8","FUN_004609d8","45","fun","C0","","",""
"SC3U.exe","0x00460a05","FUN_00460a05","29","fun","C0","","",""
"SC3U.exe","0x00460a22","FUN_00460a22","38","fun","C0","","",""
"SC3U.exe","0x00460a48","FUN_00460a48","51","fun","C0","","",""
"SC3U.exe","0x00460a7b","FUN_00460a7b","53","fun","C0","","",""
"SC3U.exe","0x00460ab0","FUN_00460ab0","58","fun","C0","","",""
"SC3U.exe","0x00460aea","FUN_00460aea","4","fun","C0","","",""
"SC3U.exe","0x00460aee","FUN_00460aee","71","fun","C0","","",""
"SC3U.exe","0x00460b35","FUN_00460b35","145","fun","C0","","",""
"SC3U.exe","0x00460bcd","FUN_00460bcd","82","fun","C0","","",""
"SC3U.exe","0x00460c1f","FUN_00460c1f","85","fun","C0","","",""
"SC3U.exe","0x00460c74","FUN_00460c74","198","fun","C0","","",""
"SC3U.exe","0x00460d3a","Catch@00460d3a","23","lib","lib","","",""
"SC3U.exe","0x00460d51","FUN_00460d51","57","fun","C0","","",""
"SC3U.exe","0x00460d8a","FUN_00460d8a","61","fun","C0","","",""
"SC3U.exe","0x00460dc7","FUN_00460dc7","12","fun","C0","","",""
"SC3U.exe","0x00460dd3","FUN_00460dd3","19","fun","C0","","",""
"SC3U.exe","0x00460de6","FUN_00460de6","362","fun","C0","","",""
"SC3U.exe","0x00460f50","FUN_00460f50","36","fun","C0","","",""
"SC3U.exe","0x0046100c","FUN_0046100c","132","fun","C0","","",""
"SC3U.exe","0x004610b5","FUN_004610b5","53","fun","C0","","",""
"SC3U.exe","0x004610ea","FUN_004610ea","19","fun","C0","","",""
"SC3U.exe","0x004610fd","FUN_004610fd","111","fun","C0","","",""
"SC3U.exe","0x00461187","FUN_00461187","28","fun","C0","","",""
"SC3U.exe","0x004611a3","FUN_004611a3","72","fun","C0","","",""
"SC3U.exe","0x004611eb","FUN_004611eb","141","fun","C0","","",""
"SC3U.exe","0x0046128c","FUN_0046128c","32","fun","C0","","",""
"SC3U.exe","0x004612ac","thunk_FUN_00461455","5","thunk","thunk","","",""
"SC3U.exe","0x0046135a","FUN_0046135a","126","fun","C0","","",""
"SC3U.exe","0x00461455","FUN_00461455","54","fun","C0","","",""
"SC3U.exe","0x0046148b","FUN_0046148b","54","fun","C0","","",""
"SC3U.exe","0x004614c1","FUN_004614c1","41","fun","C0","","",""
"SC3U.exe","0x004614ea","FUN_004614ea","12","fun","C0","","",""
"SC3U.exe","0x004614f6","FUN_004614f6","41","fun","C0","","",""
"SC3U.exe","0x0046151f","FUN_0046151f","12","fun","C0","","",""
"SC3U.exe","0x0046152b","FUN_0046152b","48","fun","C0","","",""
"SC3U.exe","0x0046155b","FUN_0046155b","46","fun","C0","","",""
"SC3U.exe","0x00461589","FUN_00461589","27","fun","C0","","",""
"SC3U.exe","0x004615a4","FUN_004615a4","23","fun","C0","","",""
"SC3U.exe","0x00461623","FUN_00461623","14","fun","C0","","",""
"SC3U.exe","0x00461631","FUN_00461631","28","fun","C0","","",""
"SC3U.exe","0x0046164d","FUN_0046164d","43","fun","C0","","",""
"SC3U.exe","0x00461678","FUN_00461678","25","fun","C0","","",""
"SC3U.exe","0x00461697","FUN_00461697","28","fun","C0","","",""
"SC3U.exe","0x004616b3","FUN_004616b3","18","fun","C0","","",""
"SC3U.exe","0x004616ef","FUN_004616ef","38","fun","C0","","",""
"SC3U.exe","0x00461715","FUN_00461715","140","fun","C0","","",""
"SC3U.exe","0x004617a1","FUN_004617a1","206","fun","C0","","",""
"SC3U.exe","0x0046186f","FUN_0046186f","131","fun","C0","","",""
"SC3U.exe","0x004618f2","FUN_004618f2","41","fun","C0","","",""
"SC3U.exe","0x0046191b","FUN_0046191b","60","fun","C0","","",""
"SC3U.exe","0x00461957","FUN_00461957","28","fun","C0","","",""
"SC3U.exe","0x00461973","FUN_00461973","57","fun","C0","","",""
"SC3U.exe","0x004619ac","thunk_FUN_0046319e","5","thunk","thunk","","",""
"SC3U.exe","0x00461a33","FUN_00461a33","227","fun","C0","","",""
"SC3U.exe","0x00461b16","FUN_00461b16","7","fun","C0","","",""
"SC3U.exe","0x00461b1d","FUN_00461b1d","70","fun","C0","","",""
"SC3U.exe","0x00461c1c","FUN_00461c1c","57","fun","C0","","",""
"SC3U.exe","0x00461c74","FUN_00461c74","62","fun","C0","","",""
"SC3U.exe","0x00461d6f","FUN_00461d6f","7","fun","C0","","",""
"SC3U.exe","0x00461d76","FUN_00461d76","31","fun","C0","","",""
"SC3U.exe","0x00461d95","FUN_00461d95","33","fun","C0","","",""
"SC3U.exe","0x00461dc8","FUN_00461dc8","134","fun","C0","","",""
"SC3U.exe","0x00461e4e","FUN_00461e4e","138","fun","C0","","",""
"SC3U.exe","0x00461ed8","FUN_00461ed8","135","fun","C0","","",""
"SC3U.exe","0x00461f5f","FUN_00461f5f","79","fun","C0","","",""
"SC3U.exe","0x00461fc0","FUN_00461fc0","145","fun","C0","","",""
"SC3U.exe","0x00462051","FUN_00462051","45","fun","C0","","",""
"SC3U.exe","0x0046207e","FUN_0046207e","112","fun","C0","","",""
"SC3U.exe","0x004620ee","FUN_004620ee","112","fun","C0","","",""
"SC3U.exe","0x0046215e","FUN_0046215e","110","fun","C0","","",""
"SC3U.exe","0x004621cc","FUN_004621cc","110","fun","C0","","",""
"SC3U.exe","0x0046223a","FUN_0046223a","113","fun","C0","","",""
"SC3U.exe","0x004622ab","FUN_004622ab","115","fun","C0","","",""
"SC3U.exe","0x0046231e","FUN_0046231e","114","fun","C0","","",""
"SC3U.exe","0x00462390","FUN_00462390","49","fun","C0","","",""
"SC3U.exe","0x004623c1","FUN_004623c1","28","fun","C0","","",""
"SC3U.exe","0x004623dd","FUN_004623dd","240","fun","C0","","",""
"SC3U.exe","0x00462535","FUN_00462535","285","fun","C0","","",""
"SC3U.exe","0x00462652","FUN_00462652","38","fun","C0","","",""
"SC3U.exe","0x00462678","FUN_00462678","31","fun","C0","","",""
"SC3U.exe","0x00462697","FUN_00462697","19","fun","C0","","",""
"SC3U.exe","0x004626aa","FUN_004626aa","85","fun","C0","","",""
"SC3U.exe","0x004626ff","FUN_004626ff","338","fun","C0","","",""
"SC3U.exe","0x00462851","FUN_00462851","29","fun","C0","","",""
"SC3U.exe","0x0046286e","FUN_0046286e","28","fun","C0","","",""
"SC3U.exe","0x004628cc","FUN_004628cc","472","fun","C0","","",""
"SC3U.exe","0x00462ac4","FUN_00462ac4","76","fun","C0","","",""
"SC3U.exe","0x00462b10","FUN_00462b10","71","fun","C0","","",""
"SC3U.exe","0x00462b57","FUN_00462b57","111","fun","C0","","",""
"SC3U.exe","0x00462bc6","FUN_00462bc6","46","fun","C0","","",""
"SC3U.exe","0x00462bf4","FUN_00462bf4","64","fun","C0","","",""
"SC3U.exe","0x00462c34","FUN_00462c34","46","fun","C0","","",""
"SC3U.exe","0x00462c62","FUN_00462c62","64","fun","C0","","",""
"SC3U.exe","0x00462ca2","FUN_00462ca2","46","fun","C0","","",""
"SC3U.exe","0x00462cd0","FUN_00462cd0","64","fun","C0","","",""
"SC3U.exe","0x00462d10","FUN_00462d10","46","fun","C0","","",""
"SC3U.exe","0x00462d3e","FUN_00462d3e","64","fun","C0","","",""
"SC3U.exe","0x00462d7e","FUN_00462d7e","46","fun","C0","","",""
"SC3U.exe","0x00462dac","FUN_00462dac","64","fun","C0","","",""
"SC3U.exe","0x00462dec","FUN_00462dec","46","fun","C0","","",""
"SC3U.exe","0x00462e1a","FUN_00462e1a","64","fun","C0","","",""
"SC3U.exe","0x00462e5a","FUN_00462e5a","46","fun","C0","","",""
"SC3U.exe","0x00462e88","FUN_00462e88","64","fun","C0","","",""
"SC3U.exe","0x00462ec8","FUN_00462ec8","46","fun","C0","","",""
"SC3U.exe","0x00462ef6","FUN_00462ef6","64","fun","C0","","",""
"SC3U.exe","0x00462f76","FUN_00462f76","37","fun","C0","","",""
"SC3U.exe","0x00462f9b","FUN_00462f9b","32","fun","C0","","",""
"SC3U.exe","0x00462fbb","FUN_00462fbb","18","fun","C0","","",""
"SC3U.exe","0x00462fe8","FUN_00462fe8","164","fun","C0","","",""
"SC3U.exe","0x0046308c","FUN_0046308c","165","fun","C0","","",""
"SC3U.exe","0x00463131","FUN_00463131","31","fun","C0","","",""
"SC3U.exe","0x00463150","FUN_00463150","14","fun","C0","","",""
"SC3U.exe","0x0046315e","FUN_0046315e","11","fun","C0","","",""
"SC3U.exe","0x00463169","FUN_00463169","17","fun","C0","","",""
"SC3U.exe","0x0046317a","FUN_0046317a","36","fun","C0","","",""
"SC3U.exe","0x0046319e","FUN_0046319e","54","fun","C0","","",""
"SC3U.exe","0x004631d4","FUN_004631d4","13","fun","C0","","",""
"SC3U.exe","0x004631e1","FUN_004631e1","99","fun","C0","","",""
"SC3U.exe","0x00463286","FUN_00463286","51","fun","C0","","",""
"SC3U.exe","0x004632b9","FUN_004632b9","51","fun","C0","","",""
"SC3U.exe","0x00463332","FUN_00463332","101","fun","C0","","",""
"SC3U.exe","0x004633dd","FUN_004633dd","52","fun","C0","","",""
"SC3U.exe","0x00463411","FUN_00463411","52","fun","C0","","",""
"SC3U.exe","0x0046348b","FUN_0046348b","102","fun","C0","","",""
"SC3U.exe","0x004634f1","FUN_004634f1","27","fun","C0","","",""
"SC3U.exe","0x0046350c","FUN_0046350c","52","fun","C0","","",""
"SC3U.exe","0x00463540","FUN_00463540","52","fun","C0","","",""
"SC3U.exe","0x004635ba","FUN_004635ba","102","fun","C0","","",""
"SC3U.exe","0x00463662","FUN_00463662","52","fun","C0","","",""
"SC3U.exe","0x00463696","FUN_00463696","52","fun","C0","","",""
"SC3U.exe","0x00463710","FUN_00463710","102","fun","C0","","",""
"SC3U.exe","0x004637ca","FUN_004637ca","52","fun","C0","","",""
"SC3U.exe","0x004637fe","FUN_004637fe","52","fun","C0","","",""
"SC3U.exe","0x00463878","FUN_00463878","102","fun","C0","","",""
"SC3U.exe","0x00463920","FUN_00463920","52","fun","C0","","",""
"SC3U.exe","0x00463954","FUN_00463954","52","fun","C0","","",""
"SC3U.exe","0x004639ce","FUN_004639ce","141","fun","C0","","",""
"SC3U.exe","0x00463ac0","FUN_00463ac0","58","fun","C0","","",""
"SC3U.exe","0x00463afa","FUN_00463afa","58","fun","C0","","",""
"SC3U.exe","0x00463b7a","FUN_00463b7a","147","fun","C0","","",""
"SC3U.exe","0x00463c40","FUN_00463c40","111","fun","C0","","",""
"SC3U.exe","0x00463caf","FUN_00463caf","58","fun","C0","","",""
"SC3U.exe","0x00463ce9","FUN_00463ce9","58","fun","C0","","",""
"SC3U.exe","0x00463d69","FUN_00463d69","28","fun","C0","","",""
"SC3U.exe","0x00463d85","FUN_00463d85","27","fun","C0","","",""
"SC3U.exe","0x00463da0","FUN_00463da0","28","fun","C0","","",""
"SC3U.exe","0x00463dbc","FUN_00463dbc","27","fun","C0","","",""
"SC3U.exe","0x00463dd7","FUN_00463dd7","28","fun","C0","","",""
"SC3U.exe","0x00463df3","FUN_00463df3","28","fun","C0","","",""
"SC3U.exe","0x00463e0f","FUN_00463e0f","27","fun","C0","","",""
"SC3U.exe","0x00463e2a","FUN_00463e2a","28","fun","C0","","",""
"SC3U.exe","0x00463e46","FUN_00463e46","27","fun","C0","","",""
"SC3U.exe","0x00463e61","FUN_00463e61","28","fun","C0","","",""
"SC3U.exe","0x00463e7d","FUN_00463e7d","27","fun","C0","","",""
"SC3U.exe","0x00463e98","FUN_00463e98","28","fun","C0","","",""
"SC3U.exe","0x00463eb4","FUN_00463eb4","27","fun","C0","","",""
"SC3U.exe","0x00463ecf","FUN_00463ecf","28","fun","C0","","",""
"SC3U.exe","0x00463eeb","FUN_00463eeb","65","fun","C0","","",""
"SC3U.exe","0x00463f77","FUN_00463f77","54","fun","C0","","",""
"SC3U.exe","0x00463fad","FUN_00463fad","41","fun","C0","","",""
"SC3U.exe","0x00463fd6","FUN_00463fd6","12","fun","C0","","",""
"SC3U.exe","0x00463fe9","FUN_00463fe9","48","fun","C0","","",""
"SC3U.exe","0x00464019","FUN_00464019","139","fun","C0","","",""
"SC3U.exe","0x004640a4","FUN_004640a4","76","fun","C0","","",""
"SC3U.exe","0x004640f0","FUN_004640f0","18","fun","C0","","",""
"SC3U.exe","0x00464102","FUN_00464102","44","fun","C0","","",""
"SC3U.exe","0x0046412e","FUN_0046412e","79","fun","C0","","",""
"SC3U.exe","0x0046417d","FUN_0046417d","130","fun","C0","","",""
"SC3U.exe","0x004641ff","FUN_004641ff","34","fun","C0","","",""
"SC3U.exe","0x00464239","FUN_00464239","52","fun","C0","","",""
"SC3U.exe","0x004642b0","FUN_004642b0","184","fun","C0","","",""
"SC3U.exe","0x00464368","FUN_00464368","1557","fun","C0","","",""
"SC3U.exe","0x00464991","FUN_00464991","64","fun","C0","","",""
"SC3U.exe","0x004649d1","FUN_004649d1","59","fun","C0","","",""
"SC3U.exe","0x00464a0c","FUN_00464a0c","41","fun","C0","","",""
"SC3U.exe","0x00464a35","FUN_00464a35","21","fun","C0","","",""
"SC3U.exe","0x00464a4a","FUN_00464a4a","75","fun","C0","","",""
"SC3U.exe","0x00464a95","FUN_00464a95","205","fun","C0","","",""
"SC3U.exe","0x00464b62","FUN_00464b62","1","fun","C0","","",""
"SC3U.exe","0x00464bed","FUN_00464bed","46","fun","C0","","",""
"SC3U.exe","0x00464c1b","FUN_00464c1b","201","fun","C0","","",""
"SC3U.exe","0x00464ce4","FUN_00464ce4","558","fun","C0","","",""
"SC3U.exe","0x00464f12","FUN_00464f12","116","fun","C0","","",""
"SC3U.exe","0x00464fb9","FUN_00464fb9","1153","fun","C0","","",""
"SC3U.exe","0x004654a3","FUN_004654a3","45","fun","C0","","",""
"SC3U.exe","0x0046550e","FUN_0046550e","87","fun","C0","","",""
"SC3U.exe","0x00465565","FUN_00465565","32","fun","C0","","",""
"SC3U.exe","0x00465585","FUN_00465585","97","fun","C0","","",""
"SC3U.exe","0x004655e6","FUN_004655e6","135","fun","C0","","",""
"SC3U.exe","0x0046570f","FUN_0046570f","64","fun","C0","","",""
"SC3U.exe","0x0046574f","FUN_0046574f","48","fun","C0","","",""
"SC3U.exe","0x00465783","FUN_00465783","14","fun","C0","","",""
"SC3U.exe","0x00465791","FUN_00465791","47","fun","C0","","",""
"SC3U.exe","0x004657c0","FUN_004657c0","74","fun","C0","","",""
"SC3U.exe","0x0046580a","FUN_0046580a","76","fun","C0","","",""
"SC3U.exe","0x00465856","FUN_00465856","25","fun","C0","","",""
"SC3U.exe","0x0046586f","FUN_0046586f","63","fun","C0","","",""
"SC3U.exe","0x004658ae","FUN_004658ae","85","fun","C0","","",""
"SC3U.exe","0x00465903","FUN_00465903","60","fun","C0","","",""
"SC3U.exe","0x0046593f","FUN_0046593f","99","fun","C0","","",""
"SC3U.exe","0x004659a2","FUN_004659a2","87","fun","C0","","",""
"SC3U.exe","0x004659f9","Catch@004659f9","30","lib","lib","","",""
"SC3U.exe","0x00465a1e","FUN_00465a1e","296","fun","C0","","",""
"SC3U.exe","0x00465b46","Catch@00465b46","30","lib","lib","","",""
"SC3U.exe","0x00465b64","FUN_00465b64","395","fun","C0","","",""
"SC3U.exe","0x00465cef","Catch@00465cef","30","lib","lib","","",""
"SC3U.exe","0x00465d0d","FUN_00465d0d","74","fun","C0","","",""
"SC3U.exe","0x00465d57","FUN_00465d57","146","fun","C0","","",""
"SC3U.exe","0x00465de9","FUN_00465de9","95","fun","C0","","",""
"SC3U.exe","0x00465e48","FUN_00465e48","237","fun","C0","","",""
"SC3U.exe","0x00465f35","FUN_00465f35","55","fun","C0","","",""
"SC3U.exe","0x00465f6c","FUN_00465f6c","52","fun","C0","","",""
"SC3U.exe","0x00465fa0","FUN_00465fa0","31","fun","C0","","",""
"SC3U.exe","0x00465fbf","FUN_00465fbf","37","fun","C0","","",""
"SC3U.exe","0x00465fe4","FUN_00465fe4","31","fun","C0","","",""
"SC3U.exe","0x00466003","FUN_00466003","31","fun","C0","","",""
"SC3U.exe","0x0046606a","FUN_0046606a","41","fun","C0","","",""
"SC3U.exe","0x00466093","FUN_00466093","32","fun","C0","","",""
"SC3U.exe","0x004660b3","FUN_004660b3","36","fun","C0","","",""
"SC3U.exe","0x004660d7","FUN_004660d7","37","fun","C0","","",""
"SC3U.exe","0x004660fc","FUN_004660fc","18","fun","C0","","",""
"SC3U.exe","0x0046610e","FUN_0046610e","42","fun","C0","","",""
"SC3U.exe","0x0046619a","FUN_0046619a","95","fun","C0","","",""
"SC3U.exe","0x004661f9","FUN_004661f9","95","fun","C0","","",""
"SC3U.exe","0x00466258","FUN_00466258","95","fun","C0","","",""
"SC3U.exe","0x004662b7","FUN_004662b7","98","fun","C0","","",""
"SC3U.exe","0x00466319","FUN_00466319","98","fun","C0","","",""
"SC3U.exe","0x0046637b","FUN_0046637b","95","fun","C0","","",""
"SC3U.exe","0x004663da","FUN_004663da","23","fun","C0","","",""
"SC3U.exe","0x004663f1","FUN_004663f1","28","fun","C0","","",""
"SC3U.exe","0x0046640d","FUN_0046640d","42","fun","C0","","",""
"SC3U.exe","0x00466437","FUN_00466437","7","fun","C0","","",""
"SC3U.exe","0x0046643e","FUN_0046643e","37","fun","C0","","",""
"SC3U.exe","0x00466463","FUN_00466463","7","fun","C0","","",""
"SC3U.exe","0x0046646a","FUN_0046646a","27","fun","C0","","",""
"SC3U.exe","0x00466489","FUN_00466489","4","fun","C0","","",""
"SC3U.exe","0x004664a7","FUN_004664a7","37","fun","C0","","",""
"SC3U.exe","0x004664cc","FUN_004664cc","32","fun","C0","","",""
"SC3U.exe","0x004664ec","FUN_004664ec","43","fun","C0","","",""
"SC3U.exe","0x00466517","FUN_00466517","29","fun","C0","","",""
"SC3U.exe","0x00466534","FUN_00466534","44","fun","C0","","",""
"SC3U.exe","0x0046667e","FUN_0046667e","111","fun","C0","","",""
"SC3U.exe","0x004666ed","FUN_004666ed","53","fun","C0","","",""
"SC3U.exe","0x00466722","FUN_00466722","1782","fun","C0","","",""
"SC3U.exe","0x00466ece","FUN_00466ece","27","fun","C0","","",""
"SC3U.exe","0x00466eff","FUN_00466eff","27","fun","C0","","",""
"SC3U.exe","0x00466f30","FUN_00466f30","27","fun","C0","","",""
"SC3U.exe","0x00466f8b","FUN_00466f8b","27","fun","C0","","",""
"SC3U.exe","0x00466fbd","FUN_00466fbd","35","fun","C0","","",""
"SC3U.exe","0x004670a2","FUN_004670a2","1274","fun","C0","","",""
"SC3U.exe","0x00467631","FUN_00467631","10","fun","C0","","",""
"SC3U.exe","0x0046763b","FUN_0046763b","12","fun","C0","","",""
"SC3U.exe","0x004676a4","FUN_004676a4","32","fun","C0","","",""
"SC3U.exe","0x004676c4","FUN_004676c4","73","fun","C0","","",""
"SC3U.exe","0x00467749","FUN_00467749","26","fun","C0","","",""
"SC3U.exe","0x00467779","FUN_00467779","25","fun","C0","","",""
"SC3U.exe","0x004677b6","FUN_004677b6","38","fun","C0","","",""
"SC3U.exe","0x004677e0","FUN_004677e0","51","fun","C0","","",""
"SC3U.exe","0x00467813","FUN_00467813","43","fun","C0","","",""
"SC3U.exe","0x00467855","FUN_00467855","28","fun","C0","","",""
"SC3U.exe","0x00467871","FUN_00467871","7","fun","C0","","",""
"SC3U.exe","0x0046789d","FUN_0046789d","56","fun","C0","","",""
"SC3U.exe","0x00467930","FUN_00467930","29","fun","C0","","",""
"SC3U.exe","0x0046794d","FUN_0046794d","32","fun","C0","","",""
"SC3U.exe","0x0046796d","FUN_0046796d","44","fun","C0","","",""
"SC3U.exe","0x00467999","FUN_00467999","8","fun","C0","","",""
"SC3U.exe","0x004679a1","FUN_004679a1","8","fun","C0","","",""
"SC3U.exe","0x004679a9","FUN_004679a9","124","fun","C0","","",""
"SC3U.exe","0x00467a25","FUN_00467a25","124","fun","C0","","",""
"SC3U.exe","0x00467aa6","FUN_00467aa6","192","fun","C0","","",""
"SC3U.exe","0x00467b66","FUN_00467b66","36","fun","C0","","",""
"SC3U.exe","0x00467b8a","FUN_00467b8a","54","fun","C0","","",""
"SC3U.exe","0x00467bc0","FUN_00467bc0","54","fun","C0","","",""
"SC3U.exe","0x00467bf6","FUN_00467bf6","41","fun","C0","","",""
"SC3U.exe","0x00467c1f","FUN_00467c1f","12","fun","C0","","",""
"SC3U.exe","0x00467c2b","FUN_00467c2b","13","fun","C0","","",""
"SC3U.exe","0x00467c38","FUN_00467c38","48","fun","C0","","",""
"SC3U.exe","0x00467c68","FUN_00467c68","151","fun","C0","","",""
"SC3U.exe","0x00467cff","FUN_00467cff","39","fun","C0","","",""
"SC3U.exe","0x00467d26","FUN_00467d26","76","fun","C0","","",""
"SC3U.exe","0x00467d72","FUN_00467d72","105","fun","C0","","",""
"SC3U.exe","0x00467ddb","FUN_00467ddb","100","fun","C0","","",""
"SC3U.exe","0x00467e3f","FUN_00467e3f","18","fun","C0","","",""
"SC3U.exe","0x00467e51","FUN_00467e51","142","fun","C0","","",""
"SC3U.exe","0x00467edf","FUN_00467edf","44","fun","C0","","",""
"SC3U.exe","0x00467f0b","FUN_00467f0b","55","fun","C0","","",""
"SC3U.exe","0x00467f42","FUN_00467f42","43","fun","C0","","",""
"SC3U.exe","0x00467f6d","FUN_00467f6d","40","fun","C0","","",""
"SC3U.exe","0x00467f95","FUN_00467f95","53","fun","C0","","",""
"SC3U.exe","0x00467fca","FUN_00467fca","53","fun","C0","","",""
"SC3U.exe","0x00467fff","FUN_00467fff","35","fun","C0","","",""
"SC3U.exe","0x0046805a","FUN_0046805a","7","fun","C0","","",""
"SC3U.exe","0x00468061","FUN_00468061","27","fun","C0","","",""
"SC3U.exe","0x004680a2","FUN_004680a2","470","fun","C0","","",""
"SC3U.exe","0x00468278","FUN_00468278","154","fun","C0","","",""
"SC3U.exe","0x00468312","FUN_00468312","186","fun","C0","","",""
"SC3U.exe","0x004683cc","FUN_004683cc","87","fun","C0","","",""
"SC3U.exe","0x00468445","FUN_00468445","34","fun","C0","","",""
"SC3U.exe","0x00468467","FUN_00468467","176","fun","C0","","",""
"SC3U.exe","0x00468517","FUN_00468517","184","fun","C0","","",""
"SC3U.exe","0x004685cf","FUN_004685cf","10","fun","C0","","",""
"SC3U.exe","0x004685d9","FUN_004685d9","252","fun","C0","","",""
"SC3U.exe","0x004686d5","FUN_004686d5","53","fun","C0","","",""
"SC3U.exe","0x0046870a","FUN_0046870a","62","fun","C0","","",""
"SC3U.exe","0x00468748","FUN_00468748","40","fun","C0","","",""
"SC3U.exe","0x00468770","FUN_00468770","40","fun","C0","","",""
"SC3U.exe","0x00468798","FUN_00468798","49","fun","C0","","",""
"SC3U.exe","0x004687c9","FUN_004687c9","47","fun","C0","","",""
"SC3U.exe","0x004687f8","FUN_004687f8","17","fun","C0","","",""
"SC3U.exe","0x00468809","FUN_00468809","858","fun","C0","","",""
"SC3U.exe","0x00468b7a","FUN_00468b7a","73","fun","C0","","",""
"SC3U.exe","0x00468bca","FUN_00468bca","78","fun","C0","","",""
"SC3U.exe","0x00468c18","FUN_00468c18","28","fun","C0","","",""
"SC3U.exe","0x00468c34","FUN_00468c34","125","fun","C0","","",""
"SC3U.exe","0x00468cb1","FUN_00468cb1","206","fun","C0","","",""
"SC3U.exe","0x00468d7f","FUN_00468d7f","170","fun","C0","","",""
"SC3U.exe","0x00468e29","FUN_00468e29","253","fun","C0","","",""
"SC3U.exe","0x00468f26","FUN_00468f26","253","fun","C0","","",""
"SC3U.exe","0x00469023","FUN_00469023","518","fun","C0","","",""
"SC3U.exe","0x00469229","FUN_00469229","104","fun","C0","","",""
"SC3U.exe","0x004692f4","FUN_004692f4","13","fun","C0","","",""
"SC3U.exe","0x00469301","FUN_00469301","282","fun","C0","","",""
"SC3U.exe","0x0046941b","FUN_0046941b","333","fun","C0","","",""
"SC3U.exe","0x00469568","FUN_00469568","493","fun","C0","","",""
"SC3U.exe","0x00469755","FUN_00469755","630","fun","C0","","",""
"SC3U.exe","0x004699cb","FUN_004699cb","266","fun","C0","","",""
"SC3U.exe","0x00469ad5","FUN_00469ad5","454","fun","C0","","",""
"SC3U.exe","0x00469c9b","FUN_00469c9b","226","fun","C0","","",""
"SC3U.exe","0x00469d7d","FUN_00469d7d","163","fun","C0","","",""
"SC3U.exe","0x00469e20","FUN_00469e20","44","fun","C0","","",""
"SC3U.exe","0x00469e6e","FUN_00469e6e","77","fun","C0","","",""
"SC3U.exe","0x00469ebb","FUN_00469ebb","50","fun","C0","","",""
"SC3U.exe","0x00469ef4","FUN_00469ef4","13","fun","C0","","",""
"SC3U.exe","0x00469f01","FUN_00469f01","28","fun","C0","","",""
"SC3U.exe","0x00469f1d","FUN_00469f1d","7","fun","C0","","",""
"SC3U.exe","0x00469f24","FUN_00469f24","32","fun","C0","","",""
"SC3U.exe","0x00469f48","FUN_00469f48","16","fun","C0","","",""
"SC3U.exe","0x00469f58","FUN_00469f58","22","fun","C0","","",""
"SC3U.exe","0x00469f6e","FUN_00469f6e","13","fun","C0","","",""
"SC3U.exe","0x00469f7b","FUN_00469f7b","28","fun","C0","","",""
"SC3U.exe","0x00469f97","FUN_00469f97","7","fun","C0","","",""
"SC3U.exe","0x00469f9e","FUN_00469f9e","27","fun","C0","","",""
"SC3U.exe","0x00469fb9","FUN_00469fb9","16","fun","C0","","",""
"SC3U.exe","0x00469fc9","FUN_00469fc9","44","fun","C0","","",""
"SC3U.exe","0x00469ff5","FUN_00469ff5","22","fun","C0","","",""
"SC3U.exe","0x0046a00f","FUN_0046a00f","42","fun","C0","","",""
"SC3U.exe","0x0046a039","FUN_0046a039","28","fun","C0","","",""
"SC3U.exe","0x0046a055","FUN_0046a055","14","fun","C0","","",""
"SC3U.exe","0x0046a0b2","FUN_0046a0b2","61","fun","C0","","",""
"SC3U.exe","0x0046a11f","FUN_0046a11f","77","fun","C0","","",""
"SC3U.exe","0x0046a16c","FUN_0046a16c","252","fun","C0","","",""
"SC3U.exe","0x0046a268","FUN_0046a268","77","fun","C0","","",""
"SC3U.exe","0x0046a2b5","FUN_0046a2b5","138","fun","C0","","",""
"SC3U.exe","0x0046a36e","FUN_0046a36e","60","fun","C0","","",""
"SC3U.exe","0x0046a3aa","FUN_0046a3aa","74","fun","C0","","",""
"SC3U.exe","0x0046a3ff","FUN_0046a3ff","23","fun","C0","","",""
"SC3U.exe","0x0046a416","FUN_0046a416","82","fun","C0","","",""
"SC3U.exe","0x0046a468","FUN_0046a468","13","fun","C0","","",""
"SC3U.exe","0x0046a475","FUN_0046a475","11","fun","C0","","",""
"SC3U.exe","0x0046a480","FUN_0046a480","40","fun","C0","","",""
"SC3U.exe","0x0046a4b8","FUN_0046a4b8","44","fun","C0","","",""
"SC3U.exe","0x0046a4e4","FUN_0046a4e4","44","fun","C0","","",""
"SC3U.exe","0x0046a510","FUN_0046a510","38","fun","C0","","",""
"SC3U.exe","0x0046a536","FUN_0046a536","42","fun","C0","","",""
"SC3U.exe","0x0046a560","thunk_FUN_0046a5e2","5","thunk","thunk","","",""
"SC3U.exe","0x0046a565","FUN_0046a565","13","fun","C0","","",""
"SC3U.exe","0x0046a572","FUN_0046a572","13","fun","C0","","",""
"SC3U.exe","0x0046a57f","FUN_0046a57f","12","fun","C0","","",""
"SC3U.exe","0x0046a58b","FUN_0046a58b","40","fun","C0","","",""
"SC3U.exe","0x0046a5b3","FUN_0046a5b3","47","fun","C0","","",""
"SC3U.exe","0x0046a5e2","FUN_0046a5e2","21","fun","C0","","",""
"SC3U.exe","0x0046a5f7","FUN_0046a5f7","10","fun","C0","","",""
"SC3U.exe","0x0046a601","FUN_0046a601","11","fun","C0","","",""
"SC3U.exe","0x0046a60c","FUN_0046a60c","68","fun","C0","","",""
"SC3U.exe","0x0046a650","Catch@0046a650","21","lib","lib","","",""
"SC3U.exe","0x0046a665","FUN_0046a665","54","fun","C0","","",""
"SC3U.exe","0x0046a69b","FUN_0046a69b","52","fun","C0","","",""
"SC3U.exe","0x0046a6cf","FUN_0046a6cf","16","fun","C0","","",""
"SC3U.exe","0x0046a6df","FUN_0046a6df","53","fun","C0","","",""
"SC3U.exe","0x0046a714","FUN_0046a714","57","fun","C0","","",""
"SC3U.exe","0x0046a74d","FUN_0046a74d","32","fun","C0","","",""
"SC3U.exe","0x0046a76d","FUN_0046a76d","29","fun","C0","","",""
"SC3U.exe","0x0046a790","FUN_0046a790","41","fun","C0","","",""
"SC3U.exe","0x0046a7b9","FUN_0046a7b9","8","fun","C0","","",""
"SC3U.exe","0x0046a7c1","FUN_0046a7c1","8","fun","C0","","",""
"SC3U.exe","0x0046a7df","FUN_0046a7df","10","fun","C0","","",""
"SC3U.exe","0x0046a7f6","FUN_0046a7f6","144","fun","C0","","",""
"SC3U.exe","0x0046a894","FUN_0046a894","28","fun","C0","","",""
"SC3U.exe","0x0046a8b0","thunk_FUN_0046b504","5","thunk","thunk","","",""
"SC3U.exe","0x0046a8b5","FUN_0046a8b5","160","fun","C0","","",""
"SC3U.exe","0x0046a97a","FUN_0046a97a","186","fun","C0","","",""
"SC3U.exe","0x0046aa34","FUN_0046aa34","20","fun","C0","","",""
"SC3U.exe","0x0046aa48","FUN_0046aa48","53","fun","C0","","",""
"SC3U.exe","0x0046aa7d","FUN_0046aa7d","118","fun","C0","","",""
"SC3U.exe","0x0046aaf3","FUN_0046aaf3","118","fun","C0","","",""
"SC3U.exe","0x0046ab69","FUN_0046ab69","40","fun","C0","","",""
"SC3U.exe","0x0046ab91","FUN_0046ab91","43","fun","C0","","",""
"SC3U.exe","0x0046abbc","FUN_0046abbc","90","fun","C0","","",""
"SC3U.exe","0x0046ac16","FUN_0046ac16","17","fun","C0","","",""
"SC3U.exe","0x0046ac27","FUN_0046ac27","98","fun","C0","","",""
"SC3U.exe","0x0046ac89","FUN_0046ac89","309","fun","C0","","",""
"SC3U.exe","0x0046adbe","FUN_0046adbe","431","fun","C0","","",""
"SC3U.exe","0x0046af6d","FUN_0046af6d","46","fun","C0","","",""
"SC3U.exe","0x0046af9b","FUN_0046af9b","95","fun","C0","","",""
"SC3U.exe","0x0046affa","FUN_0046affa","60","fun","C0","","",""
"SC3U.exe","0x0046b036","FUN_0046b036","465","fun","C0","","",""
"SC3U.exe","0x0046b208","FUN_0046b208","59","fun","C0","","",""
"SC3U.exe","0x0046b243","Catch@0046b243","6","lib","lib","","",""
"SC3U.exe","0x0046b24b","FUN_0046b24b","17","fun","C0","","",""
"SC3U.exe","0x0046b25c","FUN_0046b25c","9","fun","C0","","",""
"SC3U.exe","0x0046b265","FUN_0046b265","36","fun","C0","","",""
"SC3U.exe","0x0046b289","Catch@0046b289","6","lib","lib","","",""
"SC3U.exe","0x0046b291","FUN_0046b291","17","fun","C0","","",""
"SC3U.exe","0x0046b2a2","FUN_0046b2a2","80","fun","C0","","",""
"SC3U.exe","0x0046b2f2","FUN_0046b2f2","100","fun","C0","","",""
"SC3U.exe","0x0046b356","FUN_0046b356","165","fun","C0","","",""
"SC3U.exe","0x0046b3fb","FUN_0046b3fb","44","fun","C0","","",""
"SC3U.exe","0x0046b427","FUN_0046b427","11","fun","C0","","",""
"SC3U.exe","0x0046b432","FUN_0046b432","45","fun","C0","","",""
"SC3U.exe","0x0046b45f","thunk_FUN_0046b59b","5","thunk","thunk","","",""
"SC3U.exe","0x0046b464","FUN_0046b464","13","fun","C0","","",""
"SC3U.exe","0x0046b471","FUN_0046b471","13","fun","C0","","",""
"SC3U.exe","0x0046b47e","FUN_0046b47e","11","fun","C0","","",""
"SC3U.exe","0x0046b489","FUN_0046b489","44","fun","C0","","",""
"SC3U.exe","0x0046b4b5","thunk_FUN_0046b5d8","5","thunk","thunk","","",""
"SC3U.exe","0x0046b4ba","FUN_0046b4ba","13","fun","C0","","",""
"SC3U.exe","0x0046b4c7","FUN_0046b4c7","25","fun","C0","","",""
"SC3U.exe","0x0046b4e0","FUN_0046b4e0","36","fun","C0","","",""
"SC3U.exe","0x0046b504","FUN_0046b504","54","fun","C0","","",""
"SC3U.exe","0x0046b53a","FUN_0046b53a","14","fun","C0","","",""
"SC3U.exe","0x0046b548","FUN_0046b548","43","fun","C0","","",""
"SC3U.exe","0x0046b573","FUN_0046b573","40","fun","C0","","",""
"SC3U.exe","0x0046b59b","FUN_0046b59b","21","fun","C0","","",""
"SC3U.exe","0x0046b5b0","FUN_0046b5b0","40","fun","C0","","",""
"SC3U.exe","0x0046b5d8","FUN_0046b5d8","21","fun","C0","","",""
"SC3U.exe","0x0046b5ed","FUN_0046b5ed","54","fun","C0","","",""
"SC3U.exe","0x0046b623","FUN_0046b623","41","fun","C0","","",""
"SC3U.exe","0x0046b64c","FUN_0046b64c","12","fun","C0","","",""
"SC3U.exe","0x0046b658","FUN_0046b658","13","fun","C0","","",""
"SC3U.exe","0x0046b665","FUN_0046b665","25","fun","C0","","",""
"SC3U.exe","0x0046b67e","FUN_0046b67e","80","fun","C0","","",""
"SC3U.exe","0x0046b6ce","Catch@0046b6ce","21","lib","lib","","",""
"SC3U.exe","0x0046b6e3","FUN_0046b6e3","34","fun","C0","","",""
"SC3U.exe","0x0046b705","FUN_0046b705","52","fun","C0","","",""
"SC3U.exe","0x0046b739","FUN_0046b739","42","fun","C0","","",""
"SC3U.exe","0x0046b763","FUN_0046b763","68","fun","C0","","",""
"SC3U.exe","0x0046b7a7","FUN_0046b7a7","48","fun","C0","","",""
"SC3U.exe","0x0046b7d7","FUN_0046b7d7","139","fun","C0","","",""
"SC3U.exe","0x0046b862","FUN_0046b862","76","fun","C0","","",""
"SC3U.exe","0x0046b8ae","FUN_0046b8ae","105","fun","C0","","",""
"SC3U.exe","0x0046b917","FUN_0046b917","79","fun","C0","","",""
"SC3U.exe","0x0046b966","FUN_0046b966","297","fun","C0","","",""
"SC3U.exe","0x0046ba8f","Catch@0046ba8f","30","lib","lib","","",""
"SC3U.exe","0x0046baad","FUN_0046baad","54","fun","C0","","",""
"SC3U.exe","0x0046bae3","FUN_0046bae3","62","fun","C0","","",""
"SC3U.exe","0x0046bb28","FUN_0046bb28","35","fun","C0","","",""
"SC3U.exe","0x0046bb4b","FUN_0046bb4b","18","fun","C0","","",""
"SC3U.exe","0x0046bb5d","FUN_0046bb5d","130","fun","C0","","",""
"SC3U.exe","0x0046bbdf","FUN_0046bbdf","44","fun","C0","","",""
"SC3U.exe","0x0046bc0b","FUN_0046bc0b","85","fun","C0","","",""
"SC3U.exe","0x0046bc60","FUN_0046bc60","43","fun","C0","","",""
"SC3U.exe","0x0046bc8b","FUN_0046bc8b","45","fun","C0","","",""
"SC3U.exe","0x0046bcb8","FUN_0046bcb8","26","fun","C0","","",""
"SC3U.exe","0x0046bcd2","FUN_0046bcd2","35","fun","C0","","",""
"SC3U.exe","0x0046bcf5","FUN_0046bcf5","43","fun","C0","","",""
"SC3U.exe","0x0046bd20","FUN_0046bd20","386","fun","C0","","",""
"SC3U.exe","0x0046bea2","FUN_0046bea2","24","fun","C0","","",""
"SC3U.exe","0x0046bebe","FUN_0046bebe","28","fun","C0","","",""
"SC3U.exe","0x0046beda","FUN_0046beda","56","fun","C0","","",""
"SC3U.exe","0x0046bf12","FUN_0046bf12","53","fun","C0","","",""
"SC3U.exe","0x0046bf47","FUN_0046bf47","314","fun","C0","","",""
"SC3U.exe","0x0046c0e1","FUN_0046c0e1","37","fun","C0","","",""
"SC3U.exe","0x0046c107","FUN_0046c107","209","fun","C0","","",""
"SC3U.exe","0x0046c1d8","FUN_0046c1d8","327","fun","C0","","",""
"SC3U.exe","0x0046c31f","FUN_0046c31f","783","fun","C0","","",""
"SC3U.exe","0x0046c62e","FUN_0046c62e","798","fun","C0","","",""
"SC3U.exe","0x0046c94c","FUN_0046c94c","949","fun","C0","","",""
"SC3U.exe","0x0046cd01","FUN_0046cd01","225","fun","C0","","",""
"SC3U.exe","0x0046cde2","FUN_0046cde2","76","fun","C0","","",""
"SC3U.exe","0x0046cf6b","FUN_0046cf6b","315","fun","C0","","",""
"SC3U.exe","0x0046d0a6","FUN_0046d0a6","132","fun","C0","","",""
"SC3U.exe","0x0046d15e","FUN_0046d15e","86","fun","C0","","",""
"SC3U.exe","0x0046d1d1","FUN_0046d1d1","28","fun","C0","","",""
"SC3U.exe","0x0046d1ed","FUN_0046d1ed","88","fun","C0","","",""
"SC3U.exe","0x0046d245","FUN_0046d245","59","fun","C0","","",""
"SC3U.exe","0x0046d280","FUN_0046d280","62","fun","C0","","",""
"SC3U.exe","0x0046d2be","FUN_0046d2be","62","fun","C0","","",""
"SC3U.exe","0x0046d314","FUN_0046d314","28","fun","C0","","",""
"SC3U.exe","0x0046d330","FUN_0046d330","92","fun","C0","","",""
"SC3U.exe","0x0046d3ba","FUN_0046d3ba","75","fun","C0","","",""
"SC3U.exe","0x0046d46a","FUN_0046d46a","47","fun","C0","","",""
"SC3U.exe","0x0046d554","FUN_0046d554","99","fun","C0","","",""
"SC3U.exe","0x0046d5b7","FUN_0046d5b7","266","fun","C0","","",""
"SC3U.exe","0x0046d6c1","FUN_0046d6c1","278","fun","C0","","",""
"SC3U.exe","0x0046d88b","FUN_0046d88b","36","fun","C0","","",""
"SC3U.exe","0x0046d95d","FUN_0046d95d","2328","fun","C0","","",""
"SC3U.exe","0x0046e275","FUN_0046e275","143","fun","C0","","",""
"SC3U.exe","0x0046e304","FUN_0046e304","14","fun","C0","","",""
"SC3U.exe","0x0046e312","FUN_0046e312","39","fun","C0","","",""
"SC3U.exe","0x0046e339","FUN_0046e339","53","fun","C0","","",""
"SC3U.exe","0x0046e36e","thunk_FUN_0046e405","5","thunk","thunk","","",""
"SC3U.exe","0x0046e373","FUN_0046e373","39","fun","C0","","",""
"SC3U.exe","0x0046e39a","FUN_0046e39a","13","fun","C0","","",""
"SC3U.exe","0x0046e3a7","FUN_0046e3a7","69","fun","C0","","",""
"SC3U.exe","0x0046e3ec","FUN_0046e3ec","25","fun","C0","","",""
"SC3U.exe","0x0046e405","FUN_0046e405","25","fun","C0","","",""
"SC3U.exe","0x0046e425","FUN_0046e425","269","fun","C0","","",""
"SC3U.exe","0x0046e532","Catch@0046e532","30","lib","lib","","",""
"SC3U.exe","0x0046e550","FUN_0046e550","256","fun","C0","","",""
"SC3U.exe","0x0046e650","Catch@0046e650","30","lib","lib","","",""
"SC3U.exe","0x0046e66e","FUN_0046e66e","58","fun","C0","","",""
"SC3U.exe","0x0046e6a8","FUN_0046e6a8","79","fun","C0","","",""
"SC3U.exe","0x0046e6f7","FUN_0046e6f7","122","fun","C0","","",""
"SC3U.exe","0x0046e771","FUN_0046e771","31","fun","C0","","",""
"SC3U.exe","0x0046e790","FUN_0046e790","42","fun","C0","","",""
"SC3U.exe","0x0046e7ea","FUN_0046e7ea","67","fun","C0","","",""
"SC3U.exe","0x0046e859","FUN_0046e859","40","fun","C0","","",""
"SC3U.exe","0x0046e884","FUN_0046e884","62","fun","C0","","",""
"SC3U.exe","0x0046e8c2","FUN_0046e8c2","97","fun","C0","","",""
"SC3U.exe","0x0046e923","FUN_0046e923","97","fun","C0","","",""
"SC3U.exe","0x0046e984","FUN_0046e984","85","fun","C0","","",""
"SC3U.exe","0x0046e9f0","FUN_0046e9f0","33","fun","C0","","",""
"SC3U.exe","0x0046ea28","FUN_0046ea28","51","fun","C0","","",""
"SC3U.exe","0x0046ea7e","FUN_0046ea7e","57","fun","C0","","",""
"SC3U.exe","0x0046eada","FUN_0046eada","99","fun","C0","","",""
"SC3U.exe","0x0046eb3d","FUN_0046eb3d","34","fun","C0","","",""
"SC3U.exe","0x0046eb5f","FUN_0046eb5f","13","fun","C0","","",""
"SC3U.exe","0x0046eb6c","FUN_0046eb6c","11","fun","C0","","",""
"SC3U.exe","0x0046eb77","FUN_0046eb77","44","fun","C0","","",""
"SC3U.exe","0x0046eba3","FUN_0046eba3","13","fun","C0","","",""
"SC3U.exe","0x0046ebb0","FUN_0046ebb0","40","fun","C0","","",""
"SC3U.exe","0x0046ebd8","FUN_0046ebd8","26","fun","C0","","",""
"SC3U.exe","0x0046ebf2","FUN_0046ebf2","58","fun","C0","","",""
"SC3U.exe","0x0046ec2c","FUN_0046ec2c","54","fun","C0","","",""
"SC3U.exe","0x0046ec62","FUN_0046ec62","35","fun","C0","","",""
"SC3U.exe","0x0046ec85","FUN_0046ec85","35","fun","C0","","",""
"SC3U.exe","0x0046ecc0","FUN_0046ecc0","26","fun","C0","","",""
"SC3U.exe","0x0046ed56","FUN_0046ed56","28","fun","C0","","",""
"SC3U.exe","0x0046ed72","FUN_0046ed72","934","fun","C0","","",""
"SC3U.exe","0x0046f1af","FUN_0046f1af","51","fun","C0","","",""
"SC3U.exe","0x0046f1e2","FUN_0046f1e2","58","fun","C0","","",""
"SC3U.exe","0x0046f260","FUN_0046f260","33","fun","C0","","",""
"SC3U.exe","0x0046f2eb","FUN_0046f2eb","49","fun","C0","","",""
"SC3U.exe","0x0046f31c","FUN_0046f31c","35","fun","C0","","",""
"SC3U.exe","0x0046f33f","FUN_0046f33f","33","fun","C0","","",""
"SC3U.exe","0x0046f360","FUN_0046f360","24","fun","C0","","",""
"SC3U.exe","0x0046f378","FUN_0046f378","11","fun","C0","","",""
"SC3U.exe","0x0046f383","FUN_0046f383","59","fun","C0","","",""
"SC3U.exe","0x0046f3be","FUN_0046f3be","21","fun","C0","","",""
"SC3U.exe","0x0046f3d3","FUN_0046f3d3","21","fun","C0","","",""
"SC3U.exe","0x0046f437","FUN_0046f437","18","fun","C0","","",""
"SC3U.exe","0x0046f449","FUN_0046f449","18","fun","C0","","",""
"SC3U.exe","0x0046f45b","FUN_0046f45b","18","fun","C0","","",""
"SC3U.exe","0x0046f46d","FUN_0046f46d","22","fun","C0","","",""
"SC3U.exe","0x0046f4b0","FUN_0046f4b0","18","fun","C0","","",""
"SC3U.exe","0x0046f4d2","FUN_0046f4d2","22","fun","C0","","",""
"SC3U.exe","0x0046f511","FUN_0046f511","47","fun","C0","","",""
"SC3U.exe","0x0046f5c9","FUN_0046f5c9","34","fun","C0","","",""
"SC3U.exe","0x0046f610","FUN_0046f610","54","fun","C0","","",""
"SC3U.exe","0x0046f646","FUN_0046f646","59","fun","C0","","",""
"SC3U.exe","0x0046f681","FUN_0046f681","61","fun","C0","","",""
"SC3U.exe","0x0046f6be","FUN_0046f6be","61","fun","C0","","",""
"SC3U.exe","0x0046f6fb","FUN_0046f6fb","54","fun","C0","","",""
"SC3U.exe","0x0046f731","FUN_0046f731","59","fun","C0","","",""
"SC3U.exe","0x0046f76c","FUN_0046f76c","61","fun","C0","","",""
"SC3U.exe","0x0046f7a9","FUN_0046f7a9","61","fun","C0","","",""
"SC3U.exe","0x0046f7e6","FUN_0046f7e6","61","fun","C0","","",""
"SC3U.exe","0x0046f823","FUN_0046f823","61","fun","C0","","",""
"SC3U.exe","0x0046f860","FUN_0046f860","54","fun","C0","","",""
"SC3U.exe","0x0046f896","FUN_0046f896","54","fun","C0","","",""
"SC3U.exe","0x0046f8cc","FUN_0046f8cc","47","fun","C0","","",""
"SC3U.exe","0x0046f8fb","FUN_0046f8fb","47","fun","C0","","",""
"SC3U.exe","0x0046f92a","FUN_0046f92a","47","fun","C0","","",""
"SC3U.exe","0x0046f959","FUN_0046f959","54","fun","C0","","",""
"SC3U.exe","0x0046f98f","FUN_0046f98f","12","fun","C0","","",""
"SC3U.exe","0x0046f9ab","FUN_0046f9ab","23","fun","C0","","",""
"SC3U.exe","0x0046f9d3","FUN_0046f9d3","80","fun","C0","","",""
"SC3U.exe","0x0046fb54","FUN_0046fb54","122","fun","C0","","",""
"SC3U.exe","0x0046fc02","FUN_0046fc02","24","fun","C0","","",""
"SC3U.exe","0x0046fc1a","FUN_0046fc1a","34","fun","C0","","",""
"SC3U.exe","0x0046fc3c","FUN_0046fc3c","26","fun","C0","","",""
"SC3U.exe","0x0046fc56","FUN_0046fc56","39","fun","C0","","",""
"SC3U.exe","0x0046fc7d","FUN_0046fc7d","24","fun","C0","","",""
"SC3U.exe","0x0046fc95","FUN_0046fc95","37","fun","C0","","",""
"SC3U.exe","0x0046fcba","FUN_0046fcba","30","fun","C0","","",""
"SC3U.exe","0x0046fcd8","FUN_0046fcd8","44","fun","C0","","",""
"SC3U.exe","0x0046fd04","FUN_0046fd04","24","fun","C0","","",""
"SC3U.exe","0x0046fd1c","FUN_0046fd1c","37","fun","C0","","",""
"SC3U.exe","0x0046fd41","FUN_0046fd41","26","fun","C0","","",""
"SC3U.exe","0x0046fd5b","FUN_0046fd5b","39","fun","C0","","",""
"SC3U.exe","0x0046fd82","FUN_0046fd82","24","fun","C0","","",""
"SC3U.exe","0x0046fd9a","FUN_0046fd9a","37","fun","C0","","",""
"SC3U.exe","0x0046fdbf","FUN_0046fdbf","30","fun","C0","","",""
"SC3U.exe","0x0046fddd","FUN_0046fddd","44","fun","C0","","",""
"SC3U.exe","0x0046fe09","FUN_0046fe09","24","fun","C0","","",""
"SC3U.exe","0x0046fe21","FUN_0046fe21","37","fun","C0","","",""
"SC3U.exe","0x0046fe46","FUN_0046fe46","24","fun","C0","","",""
"SC3U.exe","0x0046fe5e","FUN_0046fe5e","37","fun","C0","","",""
"SC3U.exe","0x0046fe83","FUN_0046fe83","24","fun","C0","","",""
"SC3U.exe","0x0046fe9b","FUN_0046fe9b","37","fun","C0","","",""
"SC3U.exe","0x0046fec0","FUN_0046fec0","24","fun","C0","","",""
"SC3U.exe","0x0046fed8","FUN_0046fed8","37","fun","C0","","",""
"SC3U.exe","0x0046fefd","FUN_0046fefd","35","fun","C0","","",""
"SC3U.exe","0x0046ff20","FUN_0046ff20","43","fun","C0","","",""
"SC3U.exe","0x0046ff4b","FUN_0046ff4b","35","fun","C0","","",""
"SC3U.exe","0x0046ff6e","FUN_0046ff6e","52","fun","C0","","",""
"SC3U.exe","0x0046ffa2","FUN_0046ffa2","41","fun","C0","","",""
"SC3U.exe","0x0046ffcb","FUN_0046ffcb","28","fun","C0","","",""
"SC3U.exe","0x0046ffe7","FUN_0046ffe7","18","fun","C0","","",""
"SC3U.exe","0x00470074","FUN_00470074","17","fun","C0","","",""
"SC3U.exe","0x00470085","FUN_00470085","90","fun","C0","","",""
"SC3U.exe","0x004700df","FUN_004700df","120","fun","C0","","",""
"SC3U.exe","0x00470157","FUN_00470157","120","fun","C0","","",""
"SC3U.exe","0x004701cf","FUN_004701cf","120","fun","C0","","",""
"SC3U.exe","0x00470247","FUN_00470247","44","fun","C0","","",""
"SC3U.exe","0x00470273","FUN_00470273","44","fun","C0","","",""
"SC3U.exe","0x0047029f","FUN_0047029f","44","fun","C0","","",""
"SC3U.exe","0x004702cb","FUN_004702cb","44","fun","C0","","",""
"SC3U.exe","0x004702f7","FUN_004702f7","44","fun","C0","","",""
"SC3U.exe","0x00470323","FUN_00470323","44","fun","C0","","",""
"SC3U.exe","0x0047034f","FUN_0047034f","44","fun","C0","","",""
"SC3U.exe","0x0047037b","FUN_0047037b","44","fun","C0","","",""
"SC3U.exe","0x004703a7","FUN_004703a7","44","fun","C2","S15","sc3_ui_get_dialog_manager","[S15-B] lazy singleton DAT_004fac90 built by FUN_004706b9; exposes the modal-dialog call at vtable slot +0xac"
"SC3U.exe","0x004703d3","FUN_004703d3","44","fun","C0","","",""
"SC3U.exe","0x004703ff","FUN_004703ff","100","fun","C0","","",""
"SC3U.exe","0x00470463","FUN_00470463","44","fun","C0","","",""
"SC3U.exe","0x0047048f","FUN_0047048f","44","fun","C0","","",""
"SC3U.exe","0x004704bb","FUN_004704bb","33","fun","C0","","",""
"SC3U.exe","0x004704dc","FUN_004704dc","47","fun","C0","","",""
"SC3U.exe","0x0047050b","Catch@0047050b","6","lib","lib","","",""
"SC3U.exe","0x00470511","FUN_00470511","33","fun","C0","","",""
"SC3U.exe","0x00470532","FUN_00470532","47","fun","C0","","",""
"SC3U.exe","0x00470561","Catch@00470561","6","lib","lib","","",""
"SC3U.exe","0x00470567","FUN_00470567","27","fun","C0","","",""
"SC3U.exe","0x00470582","FUN_00470582","47","fun","C0","","",""
"SC3U.exe","0x004705b1","Catch@004705b1","6","lib","lib","","",""
"SC3U.exe","0x004705b7","FUN_004705b7","33","fun","C0","","",""
"SC3U.exe","0x004705d8","FUN_004705d8","47","fun","C0","","",""
"SC3U.exe","0x00470607","Catch@00470607","6","lib","lib","","",""
"SC3U.exe","0x0047060d","FUN_0047060d","33","fun","C0","","",""
"SC3U.exe","0x0047062e","FUN_0047062e","47","fun","C0","","",""
"SC3U.exe","0x0047065d","Catch@0047065d","6","lib","lib","","",""
"SC3U.exe","0x00470663","FUN_00470663","33","fun","C0","","",""
"SC3U.exe","0x00470684","FUN_00470684","47","fun","C0","","",""
"SC3U.exe","0x004706b3","Catch@004706b3","6","lib","lib","","",""
"SC3U.exe","0x004706b9","FUN_004706b9","33","fun","C2","S15","sc3_ui_construct_dialog_manager","[S15-B] (*(*framework+0x10))(0xa417445e, 0x5a4, param_1) -- GZCOM GetService CLSID 0xa417445e / IID 0x5a4 = the dialog/window manager"
"SC3U.exe","0x004706da","FUN_004706da","47","fun","C0","","",""
"SC3U.exe","0x00470709","Catch@00470709","6","lib","lib","","",""
"SC3U.exe","0x0047070f","FUN_0047070f","33","fun","C0","","",""
"SC3U.exe","0x00470730","FUN_00470730","47","fun","C0","","",""
"SC3U.exe","0x0047075f","Catch@0047075f","6","lib","lib","","",""
"SC3U.exe","0x00470765","FUN_00470765","33","fun","C0","","",""
"SC3U.exe","0x00470786","FUN_00470786","47","fun","C0","","",""
"SC3U.exe","0x004707b5","Catch@004707b5","6","lib","lib","","",""
"SC3U.exe","0x004707bb","FUN_004707bb","33","fun","C0","","",""
"SC3U.exe","0x004707dc","FUN_004707dc","47","fun","C0","","",""
"SC3U.exe","0x0047080b","Catch@0047080b","6","lib","lib","","",""
"SC3U.exe","0x00470811","FUN_00470811","33","fun","C0","","",""
"SC3U.exe","0x00470832","FUN_00470832","47","fun","C0","","",""
"SC3U.exe","0x00470861","Catch@00470861","6","lib","lib","","",""
"SC3U.exe","0x00470867","FUN_00470867","33","fun","C0","","",""
"SC3U.exe","0x00470888","FUN_00470888","47","fun","C0","","",""
"SC3U.exe","0x004708b7","Catch@004708b7","6","lib","lib","","",""
"SC3U.exe","0x004708c4","FUN_004708c4","12","fun","C0","","",""
"SC3U.exe","0x004708d0","GZDllGetGZCOMDirector","5","thunk","thunk","","",""
"SC3U.exe","0x004708d5","FUN_004708d5","112","fun","C0","","",""
"SC3U.exe","0x00470945","FUN_00470945","28","fun","C0","","",""
"SC3U.exe","0x00470961","thunk_FUN_00470d07","5","thunk","thunk","","",""
"SC3U.exe","0x00470966","FUN_00470966","103","fun","C0","","",""
"SC3U.exe","0x004709cd","FUN_004709cd","65","fun","C0","","",""
"SC3U.exe","0x00470a12","FUN_00470a12","7","fun","C0","","",""
"SC3U.exe","0x00470a19","FUN_00470a19","5","fun","C0","","",""
"SC3U.exe","0x00470a31","FUN_00470a31","137","fun","C0","","",""
"SC3U.exe","0x00470aba","FUN_00470aba","69","fun","C0","","",""
"SC3U.exe","0x00470aff","FUN_00470aff","129","fun","C0","","",""
"SC3U.exe","0x00470b80","FUN_00470b80","84","fun","C0","","",""
"SC3U.exe","0x00470be8","FUN_00470be8","74","fun","C0","","",""
"SC3U.exe","0x00470c32","FUN_00470c32","43","fun","C0","","",""
"SC3U.exe","0x00470c5d","FUN_00470c5d","44","fun","C0","","",""
"SC3U.exe","0x00470c89","FUN_00470c89","45","fun","C0","","",""
"SC3U.exe","0x00470cce","FUN_00470cce","4","fun","C0","","",""
"SC3U.exe","0x00470cd2","FUN_00470cd2","14","fun","C0","","",""
"SC3U.exe","0x00470ce0","FUN_00470ce0","39","fun","C0","","",""
"SC3U.exe","0x00470d07","FUN_00470d07","54","fun","C0","","",""
"SC3U.exe","0x00470d3d","FUN_00470d3d","25","fun","C0","","",""
"SC3U.exe","0x00470d56","FUN_00470d56","54","fun","C0","","",""
"SC3U.exe","0x00470d8c","FUN_00470d8c","41","fun","C0","","",""
"SC3U.exe","0x00470db5","FUN_00470db5","12","fun","C0","","",""
"SC3U.exe","0x00470dc1","FUN_00470dc1","269","fun","C0","","",""
"SC3U.exe","0x00470ece","Catch@00470ece","30","lib","lib","","",""
"SC3U.exe","0x00470eec","FUN_00470eec","48","fun","C0","","",""
"SC3U.exe","0x00470f1c","FUN_00470f1c","159","fun","C0","","",""
"SC3U.exe","0x00470fbb","FUN_00470fbb","142","fun","C0","","",""
"SC3U.exe","0x00471049","FUN_00471049","29","fun","C0","","",""
"SC3U.exe","0x00471066","FUN_00471066","31","fun","C0","","",""
"SC3U.exe","0x0047108c","FUN_0047108c","87","fun","C0","","",""
"SC3U.exe","0x004710e3","FUN_004710e3","28","fun","C0","","",""
"SC3U.exe","0x004710ff","thunk_FUN_00472934","5","thunk","thunk","","",""
"SC3U.exe","0x00471104","FUN_00471104","123","fun","C0","","",""
"SC3U.exe","0x0047117f","FUN_0047117f","117","fun","C0","","",""
"SC3U.exe","0x004711f8","FUN_004711f8","30","fun","C2","S18-data","sc3_dbfile_set_path","setter: if owns-handle byte this+0x19 set, calls vf+0xc (close); then FUN_00402d6c(this+4,param_1) assigns filename string; used by updater + ticker loaders"
"SC3U.exe","0x00471216","FUN_00471216","150","fun","C0","","",""
"SC3U.exe","0x004712d7","FUN_004712d7","142","fun","C0","","",""
"SC3U.exe","0x00471365","FUN_00471365","157","fun","C0","","",""
"SC3U.exe","0x00471402","FUN_00471402","159","fun","C0","","",""
"SC3U.exe","0x004714a1","FUN_004714a1","137","fun","C0","","",""
"SC3U.exe","0x0047152a","FUN_0047152a","129","fun","C0","","",""
"SC3U.exe","0x004715ab","FUN_004715ab","2356","fun","C0","","",""
"SC3U.exe","0x00471edf","FUN_00471edf","26","fun","C0","","",""
"SC3U.exe","0x00471ef9","FUN_00471ef9","20","fun","C0","","",""
"SC3U.exe","0x00471f0d","FUN_00471f0d","669","fun","C0","","",""
"SC3U.exe","0x004721aa","FUN_004721aa","731","fun","C0","","",""
"SC3U.exe","0x00472485","FUN_00472485","82","fun","C0","","",""
"SC3U.exe","0x004724d7","FUN_004724d7","227","fun","C0","","",""
"SC3U.exe","0x004725ba","FUN_004725ba","357","fun","C0","","",""
"SC3U.exe","0x0047271f","FUN_0047271f","371","fun","C0","","",""
"SC3U.exe","0x00472892","FUN_00472892","136","fun","C0","","",""
"SC3U.exe","0x00472934","FUN_00472934","54","fun","C0","","",""
"SC3U.exe","0x0047296a","FUN_0047296a","62","fun","C0","","",""
"SC3U.exe","0x004729a8","FUN_004729a8","70","fun","C0","","",""
"SC3U.exe","0x004729ee","FUN_004729ee","40","fun","C0","","",""
"SC3U.exe","0x00472a16","FUN_00472a16","19","fun","C0","","",""
"SC3U.exe","0x00472a29","FUN_00472a29","54","fun","C0","","",""
"SC3U.exe","0x00472a5f","FUN_00472a5f","41","fun","C0","","",""
"SC3U.exe","0x00472a88","FUN_00472a88","12","fun","C0","","",""
"SC3U.exe","0x00472a94","FUN_00472a94","35","fun","C0","","",""
"SC3U.exe","0x00472abe","FUN_00472abe","46","fun","C0","","",""
"SC3U.exe","0x00472aec","FUN_00472aec","202","fun","C0","","",""
"SC3U.exe","0x00472bb6","FUN_00472bb6","154","fun","C0","","",""
"SC3U.exe","0x00472c50","FUN_00472c50","379","fun","C0","","",""
"SC3U.exe","0x00472dcb","Catch@00472dcb","56","lib","lib","","",""
"SC3U.exe","0x00472e03","FUN_00472e03","45","fun","C0","","",""
"SC3U.exe","0x00472e30","FUN_00472e30","123","fun","C0","","",""
"SC3U.exe","0x00472eab","FUN_00472eab","33","fun","C0","","",""
"SC3U.exe","0x00472ecc","FUN_00472ecc","27","fun","C0","","",""
"SC3U.exe","0x00472ee7","FUN_00472ee7","161","fun","C0","","",""
"SC3U.exe","0x00472f88","FUN_00472f88","80","fun","C0","","",""
"SC3U.exe","0x00472fd8","Catch@00472fd8","21","lib","lib","","",""
"SC3U.exe","0x00472fed","FUN_00472fed","78","fun","C0","","",""
"SC3U.exe","0x0047303b","FUN_0047303b","62","fun","C0","","",""
"SC3U.exe","0x00473079","FUN_00473079","87","fun","C0","","",""
"SC3U.exe","0x004730bf","Catch@004730bf","29","lib","lib","","",""
"SC3U.exe","0x004730ed","FUN_004730ed","9","fun","C0","","",""
"SC3U.exe","0x00473100","FUN_00473100","16","fun","C0","","",""
"SC3U.exe","0x00473110","FUN_00473110","12","fun","C0","","",""
"SC3U.exe","0x00473130","FUN_00473130","16","fun","C0","","",""
"SC3U.exe","0x00473140","FUN_00473140","12","fun","C0","","",""
"SC3U.exe","0x00473156","FUN_00473156","739","fun","C0","","",""
"SC3U.exe","0x00473439","FUN_00473439","68","fun","C0","","",""
"SC3U.exe","0x0047347d","FUN_0047347d","108","fun","C0","","",""
"SC3U.exe","0x004734e9","FUN_004734e9","231","fun","C0","","",""
"SC3U.exe","0x004735d0","FUN_004735d0","204","fun","C0","","",""
"SC3U.exe","0x0047369c","FUN_0047369c","174","fun","C0","","",""
"SC3U.exe","0x00473786","FUN_00473786","100","fun","C0","","",""
"SC3U.exe","0x004737ea","FUN_004737ea","32","fun","C0","","",""
"SC3U.exe","0x0047380a","FUN_0047380a","87","fun","C0","","",""
"SC3U.exe","0x00473861","FUN_00473861","25","fun","C0","","",""
"SC3U.exe","0x0047387a","FUN_0047387a","26","fun","C0","","",""
"SC3U.exe","0x00473894","FUN_00473894","17","fun","C0","","",""
"SC3U.exe","0x004738a5","FUN_004738a5","26","fun","C0","","",""
"SC3U.exe","0x004738bf","FUN_004738bf","54","fun","C0","","",""
"SC3U.exe","0x004738f5","FUN_004738f5","90","fun","C0","","",""
"SC3U.exe","0x0047394f","FUN_0047394f","54","fun","C0","","",""
"SC3U.exe","0x00473985","FUN_00473985","41","fun","C0","","",""
"SC3U.exe","0x004739ae","FUN_004739ae","12","fun","C0","","",""
"SC3U.exe","0x004739ba","FUN_004739ba","46","fun","C0","","",""
"SC3U.exe","0x004739e8","FUN_004739e8","103","fun","C0","","",""
"SC3U.exe","0x00473a4f","FUN_00473a4f","44","fun","C0","","",""
"SC3U.exe","0x00473a7b","FUN_00473a7b","154","fun","C0","","",""
"SC3U.exe","0x00473b15","FUN_00473b15","27","fun","C0","","",""
"SC3U.exe","0x00473b30","FUN_00473b30","27","fun","C0","","",""
"SC3U.exe","0x00473b4b","FUN_00473b4b","119","fun","C0","","",""
"SC3U.exe","0x00473bc9","FUN_00473bc9","161","fun","C0","","",""
"SC3U.exe","0x00473c6a","FUN_00473c6a","80","fun","C0","","",""
"SC3U.exe","0x00473cba","Catch@00473cba","21","lib","lib","","",""
"SC3U.exe","0x00473ccf","FUN_00473ccf","93","fun","C0","","",""
"SC3U.exe","0x00473d7d","FUN_00473d7d","22","fun","C0","","",""
"SC3U.exe","0x00473d93","FUN_00473d93","18","fun","C0","","",""
"SC3U.exe","0x00473da5","FUN_00473da5","31","fun","C0","","",""
"SC3U.exe","0x00473dc4","FUN_00473dc4","27","fun","C0","","",""
"SC3U.exe","0x00473ddf","FUN_00473ddf","61","fun","C0","","",""
"SC3U.exe","0x00473e1c","FUN_00473e1c","123","fun","C0","","",""
"SC3U.exe","0x00473e97","FUN_00473e97","21","fun","C0","","",""
"SC3U.exe","0x00473edc","FUN_00473edc","76","fun","C0","","",""
"SC3U.exe","0x00473f28","FUN_00473f28","53","fun","C0","","",""
"SC3U.exe","0x00473f5d","FUN_00473f5d","53","fun","C0","","",""
"SC3U.exe","0x00473f92","FUN_00473f92","105","fun","C0","","",""
"SC3U.exe","0x00473ffb","FUN_00473ffb","46","fun","C0","","",""
"SC3U.exe","0x00474029","FUN_00474029","52","fun","C0","","",""
"SC3U.exe","0x0047405d","FUN_0047405d","66","fun","C0","","",""
"SC3U.exe","0x004740b5","FUN_004740b5","162","fun","C0","","",""
"SC3U.exe","0x0047419f","FUN_0047419f","96","fun","C0","","",""
"SC3U.exe","0x004741ff","FUN_004741ff","67","fun","C0","","",""
"SC3U.exe","0x00474242","FUN_00474242","67","fun","C0","","",""
"SC3U.exe","0x0047432c","FUN_0047432c","137","fun","C0","","",""
"SC3U.exe","0x004743b5","FUN_004743b5","32","fun","C0","","",""
"SC3U.exe","0x004743d5","FUN_004743d5","174","fun","C0","","",""
"SC3U.exe","0x00474483","FUN_00474483","34","fun","C0","","",""
"SC3U.exe","0x004744a5","FUN_004744a5","8","fun","C0","","",""
"SC3U.exe","0x004744ad","FUN_004744ad","8","fun","C0","","",""
"SC3U.exe","0x004744b5","FUN_004744b5","31","fun","C0","","",""
"SC3U.exe","0x004744d4","FUN_004744d4","38","fun","C0","","",""
"SC3U.exe","0x00474507","FUN_00474507","109","fun","C0","","",""
"SC3U.exe","0x00474574","FUN_00474574","35","fun","C0","","",""
"SC3U.exe","0x00474597","FUN_00474597","34","fun","C0","","",""
"SC3U.exe","0x004745b9","FUN_004745b9","47","fun","C0","","",""
"SC3U.exe","0x004745fb","FUN_004745fb","109","fun","C0","","",""
"SC3U.exe","0x00474668","FUN_00474668","35","fun","C0","","",""
"SC3U.exe","0x0047468b","FUN_0047468b","23","fun","C0","","",""
"SC3U.exe","0x004746a2","FUN_004746a2","28","fun","C0","","",""
"SC3U.exe","0x004746be","FUN_004746be","90","fun","C0","","",""
"SC3U.exe","0x00474718","FUN_00474718","34","fun","C0","","",""
"SC3U.exe","0x0047473a","FUN_0047473a","23","fun","C0","","",""
"SC3U.exe","0x00474751","FUN_00474751","42","fun","C0","","",""
"SC3U.exe","0x0047477b","FUN_0047477b","66","fun","C0","","",""
"SC3U.exe","0x004747bd","FUN_004747bd","39","fun","C0","","",""
"SC3U.exe","0x00474824","FUN_00474824","32","fun","C0","","",""
"SC3U.exe","0x00474844","FUN_00474844","88","fun","C0","","",""
"SC3U.exe","0x004748a9","FUN_004748a9","80","fun","C0","","",""
"SC3U.exe","0x00474908","FUN_00474908","79","fun","C0","","",""
"SC3U.exe","0x00474971","FUN_00474971","19","fun","C0","","",""
"SC3U.exe","0x00474984","FUN_00474984","8","fun","C0","","",""
"SC3U.exe","0x004749b9","FUN_004749b9","3","fun","C0","","",""
"SC3U.exe","0x004749bf","FUN_004749bf","3","fun","C0","","",""
"SC3U.exe","0x004749de","FUN_004749de","102","fun","C0","","",""
"SC3U.exe","0x00474a44","FUN_00474a44","51","fun","C0","","",""
"SC3U.exe","0x00474a77","FUN_00474a77","42","fun","C0","","",""
"SC3U.exe","0x00474aa1","FUN_00474aa1","102","fun","C0","","",""
"SC3U.exe","0x00474b07","FUN_00474b07","43","fun","C0","","",""
"SC3U.exe","0x00474b32","FUN_00474b32","25","fun","C0","","",""
"SC3U.exe","0x00474b4b","FUN_00474b4b","14","fun","C0","","",""
"SC3U.exe","0x00474b59","FUN_00474b59","39","fun","C0","","",""
"SC3U.exe","0x00474b80","FUN_00474b80","49","fun","C0","","",""
"SC3U.exe","0x00474bb1","FUN_00474bb1","31","fun","C0","","",""
"SC3U.exe","0x00474bd0","FUN_00474bd0","48","fun","C0","","",""
"SC3U.exe","0x00474c00","FUN_00474c00","49","fun","C0","","",""
"SC3U.exe","0x00474c31","FUN_00474c31","31","fun","C0","","",""
"SC3U.exe","0x00474c50","FUN_00474c50","49","fun","C0","","",""
"SC3U.exe","0x00474c81","FUN_00474c81","25","fun","C0","","",""
"SC3U.exe","0x00474c9a","FUN_00474c9a","6","fun","C0","","",""
"SC3U.exe","0x00474ca0","FUN_00474ca0","4","fun","C0","","",""
"SC3U.exe","0x00474ca4","FUN_00474ca4","61","fun","C0","","",""
"SC3U.exe","0x00474ce1","FUN_00474ce1","174","fun","C0","","",""
"SC3U.exe","0x00474d8f","Catch@00474d8f","37","lib","lib","","",""
"SC3U.exe","0x00474db4","FUN_00474db4","102","fun","C0","","",""
"SC3U.exe","0x00474e1a","FUN_00474e1a","61","fun","C0","","",""
"SC3U.exe","0x00474e57","FUN_00474e57","174","fun","C0","","",""
"SC3U.exe","0x00474f05","Catch@00474f05","37","lib","lib","","",""
"SC3U.exe","0x00474f2a","FUN_00474f2a","94","fun","C0","","",""
"SC3U.exe","0x00474f88","FUN_00474f88","46","fun","C0","","",""
"SC3U.exe","0x00474fb6","FUN_00474fb6","273","fun","C0","","",""
"SC3U.exe","0x004750c7","Catch@004750c7","30","lib","lib","","",""
"SC3U.exe","0x004750e5","FUN_004750e5","41","fun","C0","","",""
"SC3U.exe","0x0047510e","FUN_0047510e","41","fun","C0","","",""
"SC3U.exe","0x00475137","FUN_00475137","12","fun","C0","","",""
"SC3U.exe","0x00475143","FUN_00475143","19","fun","C0","","",""
"SC3U.exe","0x00475156","FUN_00475156","12","fun","C0","","",""
"SC3U.exe","0x00475162","FUN_00475162","19","fun","C0","","",""
"SC3U.exe","0x00475175","FUN_00475175","69","fun","C0","","",""
"SC3U.exe","0x004751a9","Catch@004751a9","32","lib","lib","","",""
"SC3U.exe","0x004751da","FUN_004751da","356","fun","C0","","",""
"SC3U.exe","0x0047533e","FUN_0047533e","69","fun","C0","","",""
"SC3U.exe","0x00475372","Catch@00475372","32","lib","lib","","",""
"SC3U.exe","0x004753a3","FUN_004753a3","356","fun","C0","","",""
"SC3U.exe","0x00475507","FUN_00475507","44","fun","C0","","",""
"SC3U.exe","0x00475533","FUN_00475533","44","fun","C0","","",""
"SC3U.exe","0x0047555f","FUN_0047555f","24","fun","C0","","",""
"SC3U.exe","0x00475577","FUN_00475577","24","fun","C0","","",""
"SC3U.exe","0x0047558f","FUN_0047558f","48","fun","C0","","",""
"SC3U.exe","0x004755bf","FUN_004755bf","31","fun","C0","","",""
"SC3U.exe","0x0047562e","FUN_0047562e","33","fun","C0","","",""
"SC3U.exe","0x0047564f","FUN_0047564f","43","fun","C0","","",""
"SC3U.exe","0x0047567a","FUN_0047567a","64","fun","C0","","",""
"SC3U.exe","0x004756ba","FUN_004756ba","163","fun","C0","","",""
"SC3U.exe","0x0047575d","FUN_0047575d","21","fun","C0","","",""
"SC3U.exe","0x00475772","FUN_00475772","78","fun","C0","","",""
"SC3U.exe","0x004757c0","FUN_004757c0","291","fun","C0","","",""
"SC3U.exe","0x004758e3","FUN_004758e3","56","fun","C0","","",""
"SC3U.exe","0x0047591b","FUN_0047591b","49","fun","C0","","",""
"SC3U.exe","0x0047594c","FUN_0047594c","49","fun","C0","","",""
"SC3U.exe","0x0047597d","FUN_0047597d","80","fun","C0","","",""
"SC3U.exe","0x004759cd","FUN_004759cd","28","fun","C0","","",""
"SC3U.exe","0x004759e9","FUN_004759e9","24","fun","C0","","",""
"SC3U.exe","0x00475a01","FUN_00475a01","18","fun","C0","","",""
"SC3U.exe","0x00475a17","FUN_00475a17","74","fun","C0","","",""
"SC3U.exe","0x00475a61","FUN_00475a61","15","fun","C0","","",""
"SC3U.exe","0x00475a74","FUN_00475a74","98","fun","C0","","",""
"SC3U.exe","0x00475ad6","FUN_00475ad6","98","fun","C0","","",""
"SC3U.exe","0x00475b38","FUN_00475b38","102","fun","C0","","",""
"SC3U.exe","0x00475b9e","FUN_00475b9e","14","fun","C0","","",""
"SC3U.exe","0x00475bac","FUN_00475bac","104","fun","C0","","",""
"SC3U.exe","0x00475c14","FUN_00475c14","87","fun","C0","","",""
"SC3U.exe","0x00475c6b","Catch@00475c6b","30","lib","lib","","",""
"SC3U.exe","0x00475c89","FUN_00475c89","25","fun","C0","","",""
"SC3U.exe","0x00475ca2","FUN_00475ca2","43","fun","C0","","",""
"SC3U.exe","0x00475ccd","FUN_00475ccd","24","fun","C0","","",""
"SC3U.exe","0x00475ce5","FUN_00475ce5","68","fun","C0","","",""
"SC3U.exe","0x00475d29","FUN_00475d29","27","fun","C0","","",""
"SC3U.exe","0x00475d44","FUN_00475d44","31","fun","C0","","",""
"SC3U.exe","0x00475d63","FUN_00475d63","21","fun","C0","","",""
"SC3U.exe","0x00475d78","FUN_00475d78","28","fun","C0","","",""
"SC3U.exe","0x00475d94","FUN_00475d94","38","fun","C0","","",""
"SC3U.exe","0x00475dba","FUN_00475dba","32","fun","C0","","",""
"SC3U.exe","0x00475dda","FUN_00475dda","47","fun","C0","","",""
"SC3U.exe","0x00475e09","FUN_00475e09","30","fun","C0","","",""
"SC3U.exe","0x00475e27","FUN_00475e27","74","fun","C0","","",""
"SC3U.exe","0x00475e71","FUN_00475e71","10","fun","C0","","",""
"SC3U.exe","0x00475e7b","FUN_00475e7b","83","fun","C0","","",""
"SC3U.exe","0x00475ece","FUN_00475ece","64","fun","C0","","",""
"SC3U.exe","0x00475f0e","FUN_00475f0e","22","fun","C0","","",""
"SC3U.exe","0x00475f24","FUN_00475f24","112","fun","C0","","",""
"SC3U.exe","0x00475f94","FUN_00475f94","46","fun","C0","","",""
"SC3U.exe","0x00475fc2","FUN_00475fc2","26","fun","C0","","",""
"SC3U.exe","0x00475fdc","FUN_00475fdc","31","fun","C0","","",""
"SC3U.exe","0x00475ffb","FUN_00475ffb","28","fun","C0","","",""
"SC3U.exe","0x00476017","FUN_00476017","54","fun","C0","","",""
"SC3U.exe","0x00476051","FUN_00476051","164","fun","C0","","",""
"SC3U.exe","0x004760f5","FUN_004760f5","31","fun","C0","","",""
"SC3U.exe","0x00476114","FUN_00476114","31","fun","C0","","",""
"SC3U.exe","0x00476133","FUN_00476133","28","fun","C0","","",""
"SC3U.exe","0x0047614f","FUN_0047614f","70","fun","C0","","",""
"SC3U.exe","0x00476195","FUN_00476195","24","fun","C0","","",""
"SC3U.exe","0x004761ad","FUN_004761ad","28","fun","C0","","",""
"SC3U.exe","0x004761cf","FUN_004761cf","323","fun","C0","","",""
"SC3U.exe","0x0047635a","FUN_0047635a","28","fun","C0","","",""
"SC3U.exe","0x00476376","FUN_00476376","42","fun","C0","","",""
"SC3U.exe","0x004763a0","FUN_004763a0","42","fun","C0","","",""
"SC3U.exe","0x004763ca","FUN_004763ca","42","fun","C0","","",""
"SC3U.exe","0x004763f4","FUN_004763f4","46","fun","C0","","",""
"SC3U.exe","0x00476422","FUN_00476422","50","fun","C0","","",""
"SC3U.exe","0x00476454","FUN_00476454","42","fun","C0","","",""
"SC3U.exe","0x004764a2","FUN_004764a2","50","fun","C0","","",""
"SC3U.exe","0x004764d4","FUN_004764d4","14","fun","C0","","",""
"SC3U.exe","0x004764e2","FUN_004764e2","26","fun","C0","","",""
"SC3U.exe","0x004764fc","FUN_004764fc","85","fun","C0","","",""
"SC3U.exe","0x00476600","FUN_00476600","52","fun","C0","","",""
"SC3U.exe","0x00476634","FUN_00476634","47","fun","C0","","",""
"SC3U.exe","0x00476663","FUN_00476663","36","fun","C0","","",""
"SC3U.exe","0x004766ed","FUN_004766ed","100","fun","C0","","",""
"SC3U.exe","0x00476751","FUN_00476751","100","fun","C0","","",""
"SC3U.exe","0x004767bd","FUN_004767bd","86","fun","C0","","",""
"SC3U.exe","0x00476829","FUN_00476829","34","fun","C0","","",""
"SC3U.exe","0x0047684b","FUN_0047684b","33","fun","C0","","",""
"SC3U.exe","0x0047686c","FUN_0047686c","34","fun","C0","","",""
"SC3U.exe","0x0047688e","FUN_0047688e","33","fun","C0","","",""
"SC3U.exe","0x004768af","FUN_004768af","35","fun","C0","","",""
"SC3U.exe","0x004768d2","FUN_004768d2","35","fun","C0","","",""
"SC3U.exe","0x004768f5","FUN_004768f5","30","fun","C0","","",""
"SC3U.exe","0x0047695a","FUN_0047695a","68","fun","C0","","",""
"SC3U.exe","0x0047699e","FUN_0047699e","68","fun","C0","","",""
"SC3U.exe","0x00476a08","FUN_00476a08","98","fun","C0","","",""
"SC3U.exe","0x00476ac3","FUN_00476ac3","10","fun","C0","","",""
"SC3U.exe","0x00476acd","FUN_00476acd","12","fun","C0","","",""
"SC3U.exe","0x00476af2","FUN_00476af2","10","fun","C0","","",""
"SC3U.exe","0x00476afc","FUN_00476afc","12","fun","C0","","",""
"SC3U.exe","0x00476b1c","FUN_00476b1c","10","fun","C0","","",""
"SC3U.exe","0x00476b26","FUN_00476b26","12","fun","C0","","",""
"SC3U.exe","0x00476b3c","FUN_00476b3c","93","fun","C0","","",""
"SC3U.exe","0x00476b9d","FUN_00476b9d","28","fun","C0","","",""
"SC3U.exe","0x00476bb9","FUN_00476bb9","120","fun","C0","","",""
"SC3U.exe","0x00476c31","FUN_00476c31","86","fun","C0","","",""
"SC3U.exe","0x00476c95","FUN_00476c95","86","fun","C0","","",""
"SC3U.exe","0x00476cf9","FUN_00476cf9","107","fun","C0","","",""
"SC3U.exe","0x00476dda","FUN_00476dda","53","fun","C0","","",""
"SC3U.exe","0x00476e0f","clock","6","thunk","thunk","","",""
"SC3U.exe","0x00476e1d","FUN_00476e1d","195","fun","C0","","",""
"SC3U.exe","0x00476ee0","FUN_00476ee0","19","fun","C0","","",""
"SC3U.exe","0x00476ef3","FUN_00476ef3","169","fun","C0","","",""
"SC3U.exe","0x00476f9c","FUN_00476f9c","25","fun","C0","","",""
"SC3U.exe","0x00476fb5","FUN_00476fb5","54","fun","C0","","",""
"SC3U.exe","0x00476feb","FUN_00476feb","54","fun","C0","","",""
"SC3U.exe","0x00477021","FUN_00477021","41","fun","C0","","",""
"SC3U.exe","0x0047704a","FUN_0047704a","12","fun","C0","","",""
"SC3U.exe","0x00477056","FUN_00477056","48","fun","C0","","",""
"SC3U.exe","0x00477086","FUN_00477086","139","fun","C0","","",""
"SC3U.exe","0x00477111","FUN_00477111","44","fun","C0","","",""
"SC3U.exe","0x0047713d","FUN_0047713d","79","fun","C0","","",""
"SC3U.exe","0x0047718c","FUN_0047718c","130","fun","C0","","",""
"SC3U.exe","0x0047720e","FUN_0047720e","26","fun","C0","","",""
"SC3U.exe","0x00477b70","FUN_00477b70","3457","fun","C0","","",""
"SC3U.exe","0x00478906","FUN_00478906","28","fun","C0","","",""
"SC3U.exe","0x00478922","FUN_00478922","28","fun","C0","","",""
"SC3U.exe","0x00478955","FUN_00478955","7","fun","C0","","",""
"SC3U.exe","0x0047895c","FUN_0047895c","56","fun","C0","","",""
"SC3U.exe","0x004789c0","FUN_004789c0","33","fun","C0","","",""
"SC3U.exe","0x004789e1","FUN_004789e1","33","fun","C0","","",""
"SC3U.exe","0x00478a02","FUN_00478a02","33","fun","C0","","",""
"SC3U.exe","0x00478a23","FUN_00478a23","33","fun","C0","","",""
"SC3U.exe","0x00478a44","FUN_00478a44","39","fun","C0","","",""
"SC3U.exe","0x00478a6b","FUN_00478a6b","39","fun","C0","","",""
"SC3U.exe","0x00478ab0","FUN_00478ab0","55","fun","C0","","",""
"SC3U.exe","0x00478ae7","FUN_00478ae7","103","fun","C0","","",""
"SC3U.exe","0x00478b5d","FUN_00478b5d","18","fun","C0","","",""
"SC3U.exe","0x00478b6f","FUN_00478b6f","18","fun","C0","","",""
"SC3U.exe","0x00478b81","FUN_00478b81","18","fun","C0","","",""
"SC3U.exe","0x00478b93","FUN_00478b93","18","fun","C0","","",""
"SC3U.exe","0x00478ba5","FUN_00478ba5","18","fun","C0","","",""
"SC3U.exe","0x00478bb7","FUN_00478bb7","18","fun","C0","","",""
"SC3U.exe","0x00478bc9","FUN_00478bc9","22","fun","C0","","",""
"SC3U.exe","0x00478bdf","FUN_00478bdf","22","fun","C0","","",""
"SC3U.exe","0x00478c22","FUN_00478c22","18","fun","C0","","",""
"SC3U.exe","0x00478c34","FUN_00478c34","18","fun","C0","","",""
"SC3U.exe","0x00478c46","FUN_00478c46","18","fun","C0","","",""
"SC3U.exe","0x00478c9f","FUN_00478c9f","28","fun","C0","","",""
"SC3U.exe","0x00478cbb","FUN_00478cbb","28","fun","C0","","",""
"SC3U.exe","0x00478cee","FUN_00478cee","7","fun","C0","","",""
"SC3U.exe","0x00478cf5","FUN_00478cf5","56","fun","C0","","",""
"SC3U.exe","0x00478d57","FUN_00478d57","31","fun","C0","","",""
"SC3U.exe","0x00478d76","FUN_00478d76","31","fun","C0","","",""
"SC3U.exe","0x00478d95","FUN_00478d95","28","fun","C0","","",""
"SC3U.exe","0x00478db1","FUN_00478db1","28","fun","C0","","",""
"SC3U.exe","0x00478dcd","FUN_00478dcd","34","fun","C0","","",""
"SC3U.exe","0x00478def","FUN_00478def","34","fun","C0","","",""
"SC3U.exe","0x00478e2d","FUN_00478e2d","74","fun","C0","","",""
"SC3U.exe","0x00478e77","FUN_00478e77","178","fun","C0","","",""
"SC3U.exe","0x00478f38","FUN_00478f38","18","fun","C0","","",""
"SC3U.exe","0x00478f4a","FUN_00478f4a","18","fun","C0","","",""
"SC3U.exe","0x00478f5c","FUN_00478f5c","18","fun","C0","","",""
"SC3U.exe","0x00478f6e","FUN_00478f6e","18","fun","C0","","",""
"SC3U.exe","0x00478f80","FUN_00478f80","18","fun","C0","","",""
"SC3U.exe","0x00478f92","FUN_00478f92","18","fun","C0","","",""
"SC3U.exe","0x00478fa4","FUN_00478fa4","18","fun","C0","","",""
"SC3U.exe","0x00478fb6","FUN_00478fb6","18","fun","C0","","",""
"SC3U.exe","0x00478fc8","FUN_00478fc8","18","fun","C0","","",""
"SC3U.exe","0x00478fda","FUN_00478fda","18","fun","C0","","",""
"SC3U.exe","0x00478fec","FUN_00478fec","18","fun","C0","","",""
"SC3U.exe","0x00478ffe","FUN_00478ffe","18","fun","C0","","",""
"SC3U.exe","0x00479054","FUN_00479054","20","fun","C0","","",""
"SC3U.exe","0x00479068","FUN_00479068","28","fun","C0","","",""
"SC3U.exe","0x00479084","FUN_00479084","11","fun","C0","","",""
"SC3U.exe","0x00479093","FUN_00479093","24","fun","C0","","",""
"SC3U.exe","0x004790ab","FUN_004790ab","28","fun","C0","","",""
"SC3U.exe","0x004790c7","FUN_004790c7","11","fun","C0","","",""
"SC3U.exe","0x004790e4","FUN_004790e4","13","fun","C0","","",""
"SC3U.exe","0x004790f1","FUN_004790f1","28","fun","C0","","",""
"SC3U.exe","0x0047910d","FUN_0047910d","7","fun","C0","","",""
"SC3U.exe","0x00479114","FUN_00479114","57","fun","C0","","",""
"SC3U.exe","0x0047914d","FUN_0047914d","57","fun","C0","","",""
"SC3U.exe","0x00479186","FUN_00479186","57","fun","C0","","",""
"SC3U.exe","0x004791bf","FUN_004791bf","57","fun","C0","","",""
"SC3U.exe","0x004791f8","FUN_004791f8","55","fun","C0","","",""
"SC3U.exe","0x0047922f","FUN_0047922f","55","fun","C0","","",""
"SC3U.exe","0x00479266","FUN_00479266","58","fun","C0","","",""
"SC3U.exe","0x004792a0","FUN_004792a0","58","fun","C0","","",""
"SC3U.exe","0x004792da","FUN_004792da","60","fun","C0","","",""
"SC3U.exe","0x00479316","FUN_00479316","60","fun","C0","","",""
"SC3U.exe","0x00479352","FUN_00479352","26","fun","C0","","",""
"SC3U.exe","0x0047937b","FUN_0047937b","127","fun","C0","","",""
"SC3U.exe","0x004793fa","FUN_004793fa","18","fun","C0","","",""
"SC3U.exe","0x0047940c","FUN_0047940c","18","fun","C0","","",""
"SC3U.exe","0x0047941e","FUN_0047941e","18","fun","C0","","",""
"SC3U.exe","0x00479430","FUN_00479430","18","fun","C0","","",""
"SC3U.exe","0x00479442","FUN_00479442","18","fun","C0","","",""
"SC3U.exe","0x00479454","FUN_00479454","18","fun","C0","","",""
"SC3U.exe","0x00479466","FUN_00479466","22","fun","C0","","",""
"SC3U.exe","0x0047947c","FUN_0047947c","22","fun","C0","","",""
"SC3U.exe","0x004794bf","FUN_004794bf","18","fun","C0","","",""
"SC3U.exe","0x004794d1","FUN_004794d1","18","fun","C0","","",""
"SC3U.exe","0x004794e3","FUN_004794e3","18","fun","C0","","",""
"SC3U.exe","0x0047953c","FUN_0047953c","18","fun","C0","","",""
"SC3U.exe","0x0047954e","FUN_0047954e","28","fun","C0","","",""
"SC3U.exe","0x0047956a","FUN_0047956a","11","fun","C0","","",""
"SC3U.exe","0x00479682","FUN_00479682","33","fun","C0","","",""
"SC3U.exe","0x004796a3","FUN_004796a3","42","fun","C0","","",""
"SC3U.exe","0x004796cd","FUN_004796cd","441","fun","C0","","",""
"SC3U.exe","0x00479886","FUN_00479886","82","fun","C0","","",""
"SC3U.exe","0x004798d8","FUN_004798d8","48","fun","C0","","",""
"SC3U.exe","0x00479908","FUN_00479908","906","fun","C0","","",""
"SC3U.exe","0x00479c92","FUN_00479c92","40","fun","C0","","",""
"SC3U.exe","0x00479cba","FUN_00479cba","165","fun","C0","","",""
"SC3U.exe","0x00479d5f","FUN_00479d5f","215","fun","C0","","",""
"SC3U.exe","0x00479e36","FUN_00479e36","227","fun","C0","","",""
"SC3U.exe","0x00479f19","FUN_00479f19","116","fun","C0","","",""
"SC3U.exe","0x00479f8d","FUN_00479f8d","449","fun","C0","","",""
"SC3U.exe","0x0047a14e","FUN_0047a14e","44","fun","C0","","",""
"SC3U.exe","0x0047a17a","FUN_0047a17a","11","fun","C0","","",""
"SC3U.exe","0x0047a185","FUN_0047a185","35","fun","C0","","",""
"SC3U.exe","0x0047a1a8","thunk_FUN_0047a1fc","5","thunk","thunk","","",""
"SC3U.exe","0x0047a1ad","FUN_0047a1ad","13","fun","C0","","",""
"SC3U.exe","0x0047a1ba","FUN_0047a1ba","40","fun","C0","","",""
"SC3U.exe","0x0047a1e2","FUN_0047a1e2","26","fun","C0","","",""
"SC3U.exe","0x0047a1fc","FUN_0047a1fc","21","fun","C0","","",""
"SC3U.exe","0x0047a211","FUN_0047a211","31","fun","C0","","",""
"SC3U.exe","0x0047a230","FUN_0047a230","42","fun","C0","","",""
"SC3U.exe","0x0047a25a","FUN_0047a25a","20","fun","C0","","",""
"SC3U.exe","0x0047a26e","FUN_0047a26e","28","fun","C0","","",""
"SC3U.exe","0x0047a28a","FUN_0047a28a","29","fun","C0","","",""
"SC3U.exe","0x0047a2a7","FUN_0047a2a7","150","fun","C0","","",""
"SC3U.exe","0x0047a33d","FUN_0047a33d","76","fun","C0","","",""
"SC3U.exe","0x0047a389","FUN_0047a389","208","fun","C0","","",""
"SC3U.exe","0x0047a459","FUN_0047a459","208","fun","C0","","",""
"SC3U.exe","0x0047a529","FUN_0047a529","208","fun","C0","","",""
"SC3U.exe","0x0047a5f9","FUN_0047a5f9","247","fun","C0","","",""
"SC3U.exe","0x0047a6f0","FUN_0047a6f0","50","fun","C0","","",""
"SC3U.exe","0x0047a722","FUN_0047a722","16","fun","C0","","",""
"SC3U.exe","0x0047a732","FUN_0047a732","294","fun","C0","","",""
"SC3U.exe","0x0047a858","FUN_0047a858","208","fun","C0","","",""
"SC3U.exe","0x0047a96a","FUN_0047a96a","116","fun","C0","","",""
"SC3U.exe","0x0047a9de","FUN_0047a9de","40","fun","C0","","",""
"SC3U.exe","0x0047aa06","FUN_0047aa06","19","fun","C0","","",""
"SC3U.exe","0x0047aa19","FUN_0047aa19","83","fun","C0","","",""
"SC3U.exe","0x0047aa6c","FUN_0047aa6c","1022","fun","C0","","",""
"SC3U.exe","0x0047ae96","FUN_0047ae96","37","fun","C0","","",""
"SC3U.exe","0x0047aebb","FUN_0047aebb","28","fun","C0","","",""
"SC3U.exe","0x0047aed7","FUN_0047aed7","204","fun","C0","","",""
"SC3U.exe","0x0047afa3","FUN_0047afa3","138","fun","C0","","",""
"SC3U.exe","0x0047b02d","thunk_FUN_00483aa8","5","thunk","thunk","","",""
"SC3U.exe","0x0047b032","FUN_0047b032","205","fun","C0","","",""
"SC3U.exe","0x0047b0ff","FUN_0047b0ff","12","fun","C0","","",""
"SC3U.exe","0x0047b10b","FUN_0047b10b","68","fun","C0","","",""
"SC3U.exe","0x0047b14f","FUN_0047b14f","202","fun","C0","","",""
"SC3U.exe","0x0047b220","FUN_0047b220","82","fun","C0","","",""
"SC3U.exe","0x0047b276","FUN_0047b276","28","fun","C0","","",""
"SC3U.exe","0x0047b292","FUN_0047b292","87","fun","C0","","",""
"SC3U.exe","0x0047b2e9","FUN_0047b2e9","155","fun","C0","","",""
"SC3U.exe","0x0047b384","FUN_0047b384","108","fun","C0","","",""
"SC3U.exe","0x0047b437","FUN_0047b437","251","fun","C0","","",""
"SC3U.exe","0x0047b532","FUN_0047b532","45","fun","C0","","",""
"SC3U.exe","0x0047b55f","FUN_0047b55f","46","fun","C0","","",""
"SC3U.exe","0x0047b58d","FUN_0047b58d","43","fun","C0","","",""
"SC3U.exe","0x0047b5b8","FUN_0047b5b8","60","fun","C0","","",""
"SC3U.exe","0x0047b5f4","FUN_0047b5f4","10","fun","C0","","",""
"SC3U.exe","0x0047b616","FUN_0047b616","14","fun","C0","","",""
"SC3U.exe","0x0047b624","FUN_0047b624","68","fun","C0","","",""
"SC3U.exe","0x0047b668","FUN_0047b668","61","fun","C0","","",""
"SC3U.exe","0x0047b6a5","FUN_0047b6a5","68","fun","C0","","",""
"SC3U.exe","0x0047b6e9","FUN_0047b6e9","61","fun","C0","","",""
"SC3U.exe","0x0047b726","FUN_0047b726","46","fun","C0","","",""
"SC3U.exe","0x0047b754","FUN_0047b754","52","fun","C0","","",""
"SC3U.exe","0x0047b788","FUN_0047b788","134","fun","C0","","",""
"SC3U.exe","0x0047b80e","FUN_0047b80e","32","fun","C0","","",""
"SC3U.exe","0x0047b848","FUN_0047b848","4","fun","C0","","",""
"SC3U.exe","0x0047b850","FUN_0047b850","44","fun","C0","","",""
"SC3U.exe","0x0047b87c","FUN_0047b87c","86","fun","C0","","",""
"SC3U.exe","0x0047b8d2","FUN_0047b8d2","86","fun","C0","","",""
"SC3U.exe","0x0047b928","FUN_0047b928","103","fun","C0","","",""
"SC3U.exe","0x0047b98f","FUN_0047b98f","27","fun","C0","","",""
"SC3U.exe","0x0047b9d6","FUN_0047b9d6","113","fun","C0","","",""
"SC3U.exe","0x0047ba73","FUN_0047ba73","81","fun","C0","","",""
"SC3U.exe","0x0047bac4","FUN_0047bac4","131","fun","C0","","",""
"SC3U.exe","0x0047bb47","FUN_0047bb47","23","fun","C0","","",""
"SC3U.exe","0x0047bb5e","FUN_0047bb5e","183","fun","C0","","",""
"SC3U.exe","0x0047bc15","FUN_0047bc15","43","fun","C0","","",""
"SC3U.exe","0x0047bc40","FUN_0047bc40","170","fun","C0","","",""
"SC3U.exe","0x0047bcea","FUN_0047bcea","181","fun","C0","","",""
"SC3U.exe","0x0047bd9f","FUN_0047bd9f","149","fun","C0","","",""
"SC3U.exe","0x0047be34","FUN_0047be34","174","fun","C0","","",""
"SC3U.exe","0x0047bee2","FUN_0047bee2","314","fun","C0","","",""
"SC3U.exe","0x0047c01c","FUN_0047c01c","322","fun","C0","","",""
"SC3U.exe","0x0047c15e","FUN_0047c15e","182","fun","C0","","",""
"SC3U.exe","0x0047c214","FUN_0047c214","154","fun","C0","","",""
"SC3U.exe","0x0047c2ae","FUN_0047c2ae","140","fun","C0","","",""
"SC3U.exe","0x0047c33a","FUN_0047c33a","140","fun","C0","","",""
"SC3U.exe","0x0047c3c6","FUN_0047c3c6","204","fun","C0","","",""
"SC3U.exe","0x0047c492","FUN_0047c492","254","fun","C0","","",""
"SC3U.exe","0x0047c590","FUN_0047c590","44","fun","C0","","",""
"SC3U.exe","0x0047c5c0","FUN_0047c5c0","123","fun","C0","","",""
"SC3U.exe","0x0047c63b","FUN_0047c63b","436","fun","C0","","",""
"SC3U.exe","0x0047c7ef","FUN_0047c7ef","319","fun","C0","","",""
"SC3U.exe","0x0047c92e","FUN_0047c92e","139","fun","C0","","",""
"SC3U.exe","0x0047c9b9","FUN_0047c9b9","220","fun","C0","","",""
"SC3U.exe","0x0047ca95","FUN_0047ca95","27","fun","C0","","",""
"SC3U.exe","0x0047cab0","FUN_0047cab0","414","fun","C0","","",""
"SC3U.exe","0x0047cc55","FUN_0047cc55","116","fun","C0","","",""
"SC3U.exe","0x0047ccc9","FUN_0047ccc9","28","fun","C0","","",""
"SC3U.exe","0x0047cce5","FUN_0047cce5","133","fun","C0","","",""
"SC3U.exe","0x0047cd6a","FUN_0047cd6a","162","fun","C0","","",""
"SC3U.exe","0x0047ce0c","FUN_0047ce0c","166","fun","C0","","",""
"SC3U.exe","0x0047ceb2","FUN_0047ceb2","93","fun","C0","","",""
"SC3U.exe","0x0047cf0f","FUN_0047cf0f","586","fun","C0","","",""
"SC3U.exe","0x0047d159","FUN_0047d159","71","fun","C0","","",""
"SC3U.exe","0x0047d1d4","FUN_0047d1d4","40","fun","C0","","",""
"SC3U.exe","0x0047d1fc","FUN_0047d1fc","155","fun","C0","","",""
"SC3U.exe","0x0047d2be","FUN_0047d2be","28","fun","C0","","",""
"SC3U.exe","0x0047d2da","FUN_0047d2da","15","fun","C0","","",""
"SC3U.exe","0x0047d340","FUN_0047d340","28","fun","C0","","",""
"SC3U.exe","0x0047d35c","thunk_FUN_0047d7c7","5","thunk","thunk","","",""
"SC3U.exe","0x0047d361","FUN_0047d361","72","fun","C0","","",""
"SC3U.exe","0x0047d3a9","thunk_FUN_0047d80a","5","thunk","thunk","","",""
"SC3U.exe","0x0047d464","FUN_0047d464","21","fun","C0","","",""
"SC3U.exe","0x0047d4c3","FUN_0047d4c3","62","fun","C0","","",""
"SC3U.exe","0x0047d577","FUN_0047d577","24","fun","C0","","",""
"SC3U.exe","0x0047d58f","FUN_0047d58f","63","fun","C0","","",""
"SC3U.exe","0x0047d5ce","FUN_0047d5ce","57","fun","C0","","",""
"SC3U.exe","0x0047d607","FUN_0047d607","41","fun","C0","","",""
"SC3U.exe","0x0047d630","FUN_0047d630","110","fun","C0","","",""
"SC3U.exe","0x0047d69e","FUN_0047d69e","39","fun","C0","","",""
"SC3U.exe","0x0047d6c5","FUN_0047d6c5","96","fun","C0","","",""
"SC3U.exe","0x0047d725","FUN_0047d725","48","fun","C0","","",""
"SC3U.exe","0x0047d755","FUN_0047d755","36","fun","C0","","",""
"SC3U.exe","0x0047d779","FUN_0047d779","14","fun","C0","","",""
"SC3U.exe","0x0047d787","FUN_0047d787","11","fun","C0","","",""
"SC3U.exe","0x0047d792","FUN_0047d792","17","fun","C0","","",""
"SC3U.exe","0x0047d7a3","FUN_0047d7a3","36","fun","C0","","",""
"SC3U.exe","0x0047d7c7","FUN_0047d7c7","54","fun","C0","","",""
"SC3U.exe","0x0047d7fd","FUN_0047d7fd","13","fun","C0","","",""
"SC3U.exe","0x0047d80a","FUN_0047d80a","102","fun","C0","","",""
"SC3U.exe","0x0047d870","FUN_0047d870","54","fun","C0","","",""
"SC3U.exe","0x0047d8a6","FUN_0047d8a6","41","fun","C0","","",""
"SC3U.exe","0x0047d8cf","FUN_0047d8cf","12","fun","C0","","",""
"SC3U.exe","0x0047d8db","FUN_0047d8db","43","fun","C0","","",""
"SC3U.exe","0x0047d906","FUN_0047d906","43","fun","C0","","",""
"SC3U.exe","0x0047d931","FUN_0047d931","20","fun","C0","","",""
"SC3U.exe","0x0047d945","FUN_0047d945","31","fun","C0","","",""
"SC3U.exe","0x0047d964","FUN_0047d964","49","fun","C0","","",""
"SC3U.exe","0x0047d995","FUN_0047d995","47","fun","C0","","",""
"SC3U.exe","0x0047d9c4","FUN_0047d9c4","6","fun","C0","","",""
"SC3U.exe","0x0047d9d1","FUN_0047d9d1","48","fun","C0","","",""
"SC3U.exe","0x0047da01","FUN_0047da01","139","fun","C0","","",""
"SC3U.exe","0x0047da8c","FUN_0047da8c","76","fun","C0","","",""
"SC3U.exe","0x0047dad8","FUN_0047dad8","44","fun","C0","","",""
"SC3U.exe","0x0047db04","FUN_0047db04","79","fun","C0","","",""
"SC3U.exe","0x0047db53","FUN_0047db53","61","fun","C0","","",""
"SC3U.exe","0x0047db90","FUN_0047db90","174","fun","C0","","",""
"SC3U.exe","0x0047dc3e","Catch@0047dc3e","37","lib","lib","","",""
"SC3U.exe","0x0047dc63","FUN_0047dc63","94","fun","C0","","",""
"SC3U.exe","0x0047dcc1","FUN_0047dcc1","47","fun","C0","","",""
"SC3U.exe","0x0047dcf0","FUN_0047dcf0","41","fun","C0","","",""
"SC3U.exe","0x0047dd19","FUN_0047dd19","18","fun","C0","","",""
"SC3U.exe","0x0047dd2b","FUN_0047dd2b","12","fun","C0","","",""
"SC3U.exe","0x0047dd37","FUN_0047dd37","19","fun","C0","","",""
"SC3U.exe","0x0047dd4a","FUN_0047dd4a","130","fun","C0","","",""
"SC3U.exe","0x0047ddcc","FUN_0047ddcc","69","fun","C0","","",""
"SC3U.exe","0x0047de00","Catch@0047de00","32","lib","lib","","",""
"SC3U.exe","0x0047de31","FUN_0047de31","356","fun","C0","","",""
"SC3U.exe","0x0047df95","FUN_0047df95","44","fun","C0","","",""
"SC3U.exe","0x0047dfc1","FUN_0047dfc1","34","fun","C0","","",""
"SC3U.exe","0x0047dfe3","FUN_0047dfe3","24","fun","C0","","",""
"SC3U.exe","0x0047dffb","FUN_0047dffb","48","fun","C0","","",""
"SC3U.exe","0x0047e02b","FUN_0047e02b","41","fun","C0","","",""
"SC3U.exe","0x0047e054","FUN_0047e054","140","fun","C0","","",""
"SC3U.exe","0x0047e0e0","FUN_0047e0e0","8","fun","C0","","",""
"SC3U.exe","0x0047e0e8","FUN_0047e0e8","32","fun","C0","","",""
"SC3U.exe","0x0047e108","FUN_0047e108","30","fun","C0","","",""
"SC3U.exe","0x0047e167","FUN_0047e167","28","fun","C0","","",""
"SC3U.exe","0x0047e183","FUN_0047e183","7","fun","C0","","",""
"SC3U.exe","0x0047e18a","FUN_0047e18a","44","fun","C0","","",""
"SC3U.exe","0x0047e1b6","FUN_0047e1b6","52","fun","C0","","",""
"SC3U.exe","0x0047e203","FUN_0047e203","23","fun","C0","","",""
"SC3U.exe","0x0047e248","FUN_0047e248","89","fun","C0","","",""
"SC3U.exe","0x0047e2bb","FUN_0047e2bb","82","fun","C0","","",""
"SC3U.exe","0x0047e331","FUN_0047e331","14","fun","C0","","",""
"SC3U.exe","0x0047e3a7","FUN_0047e3a7","92","fun","C0","","",""
"SC3U.exe","0x0047e403","FUN_0047e403","77","fun","C0","","",""
"SC3U.exe","0x0047e4a3","FUN_0047e4a3","13","fun","C0","","",""
"SC3U.exe","0x0047e4b0","FUN_0047e4b0","52","fun","C0","","",""
"SC3U.exe","0x0047e510","FUN_0047e510","28","fun","C0","","",""
"SC3U.exe","0x0047e52c","FUN_0047e52c","17","fun","C0","","",""
"SC3U.exe","0x0047e53d","FUN_0047e53d","20","fun","C0","","",""
"SC3U.exe","0x0047e55b","FUN_0047e55b","90","fun","C0","","",""
"SC3U.exe","0x0047e5b5","FUN_0047e5b5","12","fun","C0","","",""
"SC3U.exe","0x0047e60d","FUN_0047e60d","17","fun","C0","","",""
"SC3U.exe","0x0047e650","FUN_0047e650","28","fun","C0","","",""
"SC3U.exe","0x0047e66c","FUN_0047e66c","7","fun","C0","","",""
"SC3U.exe","0x0047e7a5","FUN_0047e7a5","57","fun","C0","","",""
"SC3U.exe","0x0047e834","FUN_0047e834","80","fun","C0","","",""
"SC3U.exe","0x0047e884","FUN_0047e884","42","fun","C0","","",""
"SC3U.exe","0x0047e8dc","FUN_0047e8dc","28","fun","C0","","",""
"SC3U.exe","0x0047e8f8","FUN_0047e8f8","82","fun","C0","","",""
"SC3U.exe","0x0047e94a","FUN_0047e94a","48","fun","C0","","",""
"SC3U.exe","0x0047e97a","FUN_0047e97a","77","fun","C0","","",""
"SC3U.exe","0x0047e9dd","FUN_0047e9dd","38","fun","C0","","",""
"SC3U.exe","0x0047ea03","FUN_0047ea03","23","fun","C0","","",""
"SC3U.exe","0x0047ea1a","FUN_0047ea1a","112","fun","C0","","",""
"SC3U.exe","0x0047eaae","FUN_0047eaae","32","fun","C0","","",""
"SC3U.exe","0x0047eace","FUN_0047eace","132","fun","C0","","",""
"SC3U.exe","0x0047eb52","FUN_0047eb52","107","fun","C0","","",""
"SC3U.exe","0x0047ec71","FUN_0047ec71","78","fun","C0","","",""
"SC3U.exe","0x0047ecbf","FUN_0047ecbf","57","fun","C0","","",""
"SC3U.exe","0x0047ed19","FUN_0047ed19","28","fun","C0","","",""
"SC3U.exe","0x0047ed35","FUN_0047ed35","106","fun","C0","","",""
"SC3U.exe","0x0047ed9f","FUN_0047ed9f","43","fun","C0","","",""
"SC3U.exe","0x0047ee08","FUN_0047ee08","54","fun","C0","","",""
"SC3U.exe","0x0047ee50","FUN_0047ee50","28","fun","C0","","",""
"SC3U.exe","0x0047ee6c","FUN_0047ee6c","85","fun","C0","","",""
"SC3U.exe","0x0047eec1","thunk_FUN_0047f0ef","5","thunk","thunk","","",""
"SC3U.exe","0x0047eec6","FUN_0047eec6","51","fun","C0","","",""
"SC3U.exe","0x0047eef9","FUN_0047eef9","48","fun","C0","","",""
"SC3U.exe","0x0047ef29","FUN_0047ef29","60","fun","C0","","",""
"SC3U.exe","0x0047ef65","FUN_0047ef65","83","fun","C0","","",""
"SC3U.exe","0x0047efb8","FUN_0047efb8","81","fun","C0","","",""
"SC3U.exe","0x0047f009","FUN_0047f009","37","fun","C0","","",""
"SC3U.exe","0x0047f043","FUN_0047f043","83","fun","C0","","",""
"SC3U.exe","0x0047f096","FUN_0047f096","43","fun","C0","","",""
"SC3U.exe","0x0047f0cb","FUN_0047f0cb","36","fun","C0","","",""
"SC3U.exe","0x0047f0ef","FUN_0047f0ef","54","fun","C0","","",""
"SC3U.exe","0x0047f125","FUN_0047f125","14","fun","C0","","",""
"SC3U.exe","0x0047f133","FUN_0047f133","39","fun","C0","","",""
"SC3U.exe","0x0047f15a","FUN_0047f15a","53","fun","C0","","",""
"SC3U.exe","0x0047f18f","FUN_0047f18f","69","fun","C0","","",""
"SC3U.exe","0x0047f1d4","FUN_0047f1d4","54","fun","C0","","",""
"SC3U.exe","0x0047f20a","FUN_0047f20a","41","fun","C0","","",""
"SC3U.exe","0x0047f233","FUN_0047f233","12","fun","C0","","",""
"SC3U.exe","0x0047f23f","FUN_0047f23f","13","fun","C0","","",""
"SC3U.exe","0x0047f24c","FUN_0047f24c","25","fun","C0","","",""
"SC3U.exe","0x0047f26c","FUN_0047f26c","48","fun","C0","","",""
"SC3U.exe","0x0047f29c","FUN_0047f29c","139","fun","C0","","",""
"SC3U.exe","0x0047f327","FUN_0047f327","76","fun","C0","","",""
"SC3U.exe","0x0047f373","FUN_0047f373","105","fun","C0","","",""
"SC3U.exe","0x0047f3dc","FUN_0047f3dc","269","fun","C0","","",""
"SC3U.exe","0x0047f4e9","Catch@0047f4e9","30","lib","lib","","",""
"SC3U.exe","0x0047f507","FUN_0047f507","18","fun","C0","","",""
"SC3U.exe","0x0047f519","FUN_0047f519","130","fun","C0","","",""
"SC3U.exe","0x0047f59b","FUN_0047f59b","44","fun","C0","","",""
"SC3U.exe","0x0047f5c7","FUN_0047f5c7","85","fun","C0","","",""
"SC3U.exe","0x0047f61c","FUN_0047f61c","43","fun","C0","","",""
"SC3U.exe","0x0047f647","FUN_0047f647","26","fun","C0","","",""
"SC3U.exe","0x0047f661","FUN_0047f661","35","fun","C0","","",""
"SC3U.exe","0x0047f684","FUN_0047f684","31","fun","C0","","",""
"SC3U.exe","0x0047f6d5","FUN_0047f6d5","81","fun","C0","","",""
"SC3U.exe","0x0047f726","FUN_0047f726","150","fun","C0","","",""
"SC3U.exe","0x0047f7bc","FUN_0047f7bc","110","fun","C0","","",""
"SC3U.exe","0x0047f82a","FUN_0047f82a","18","fun","C0","","",""
"SC3U.exe","0x0047f83c","FUN_0047f83c","66","fun","C0","","",""
"SC3U.exe","0x0047f950","FUN_0047f950","93","fun","C0","","",""
"SC3U.exe","0x0047f9ad","FUN_0047f9ad","77","fun","C0","","",""
"SC3U.exe","0x0047fa0c","FUN_0047fa0c","151","fun","C0","","",""
"SC3U.exe","0x0047fac6","thunk_FUN_00481832","5","thunk","thunk","","",""
"SC3U.exe","0x0047facb","FUN_0047facb","1287","fun","C0","","",""
"SC3U.exe","0x0047ffd2","FUN_0047ffd2","1328","fun","C0","","",""
"SC3U.exe","0x00480502","FUN_00480502","674","fun","C0","","",""
"SC3U.exe","0x004807a4","FUN_004807a4","434","fun","C0","","",""
"SC3U.exe","0x00480956","FUN_00480956","173","fun","C0","","",""
"SC3U.exe","0x00480a03","FUN_00480a03","21","fun","C0","","",""
"SC3U.exe","0x00480a18","FUN_00480a18","49","fun","C0","","",""
"SC3U.exe","0x00480a49","FUN_00480a49","71","fun","C0","","",""
"SC3U.exe","0x00480a90","FUN_00480a90","42","fun","C0","","",""
"SC3U.exe","0x00480aba","FUN_00480aba","684","fun","C0","","",""
"SC3U.exe","0x00480d66","FUN_00480d66","442","fun","C0","","",""
"SC3U.exe","0x00480f20","FUN_00480f20","42","fun","C0","","",""
"SC3U.exe","0x00480f4a","FUN_00480f4a","124","fun","C0","","",""
"SC3U.exe","0x00480fc6","FUN_00480fc6","32","fun","C0","","",""
"SC3U.exe","0x00480fe6","FUN_00480fe6","245","fun","C0","","",""
"SC3U.exe","0x004810e4","FUN_004810e4","14","fun","C0","","",""
"SC3U.exe","0x004810f2","FUN_004810f2","22","fun","C0","","",""
"SC3U.exe","0x00481108","FUN_00481108","93","fun","C0","","",""
"SC3U.exe","0x00481165","FUN_00481165","131","fun","C0","","",""
"SC3U.exe","0x004811e8","FUN_004811e8","216","fun","C0","","",""
"SC3U.exe","0x004812c0","FUN_004812c0","261","fun","C0","","",""
"SC3U.exe","0x004813c5","FUN_004813c5","22","fun","C0","","",""
"SC3U.exe","0x004813db","FUN_004813db","18","fun","C0","","",""
"SC3U.exe","0x004813ed","FUN_004813ed","23","fun","C0","","",""
"SC3U.exe","0x00481404","FUN_00481404","19","fun","C0","","",""
"SC3U.exe","0x00481417","FUN_00481417","23","fun","C0","","",""
"SC3U.exe","0x0048142e","FUN_0048142e","19","fun","C0","","",""
"SC3U.exe","0x00481441","FUN_00481441","23","fun","C0","","",""
"SC3U.exe","0x00481458","FUN_00481458","19","fun","C0","","",""
"SC3U.exe","0x0048146b","FUN_0048146b","23","fun","C0","","",""
"SC3U.exe","0x00481482","FUN_00481482","19","fun","C0","","",""
"SC3U.exe","0x004814b2","FUN_004814b2","63","fun","C0","","",""
"SC3U.exe","0x004814f1","FUN_004814f1","30","fun","C0","","",""
"SC3U.exe","0x0048150f","FUN_0048150f","23","fun","C0","","",""
"SC3U.exe","0x00481526","FUN_00481526","317","fun","C0","","",""
"SC3U.exe","0x00481663","FUN_00481663","127","fun","C0","","",""
"SC3U.exe","0x004816e2","FUN_004816e2","114","fun","C0","","",""
"SC3U.exe","0x00481754","FUN_00481754","198","fun","C0","","",""
"SC3U.exe","0x0048181a","FUN_0048181a","13","fun","C0","","",""
"SC3U.exe","0x00481827","FUN_00481827","11","fun","C0","","",""
"SC3U.exe","0x00481832","FUN_00481832","16","fun","C0","","",""
"SC3U.exe","0x00481842","FUN_00481842","44","fun","C0","","",""
"SC3U.exe","0x0048186e","FUN_0048186e","44","fun","C0","","",""
"SC3U.exe","0x0048189a","FUN_0048189a","13","fun","C0","","",""
"SC3U.exe","0x004818a7","FUN_004818a7","13","fun","C0","","",""
"SC3U.exe","0x004818b4","FUN_004818b4","11","fun","C0","","",""
"SC3U.exe","0x004818bf","FUN_004818bf","44","fun","C0","","",""
"SC3U.exe","0x004818eb","FUN_004818eb","13","fun","C0","","",""
"SC3U.exe","0x004818f8","FUN_004818f8","40","fun","C0","","",""
"SC3U.exe","0x00481920","FUN_00481920","40","fun","C0","","",""
"SC3U.exe","0x00481948","FUN_00481948","80","fun","C0","","",""
"SC3U.exe","0x00481998","Catch@00481998","21","lib","lib","","",""
"SC3U.exe","0x004819ad","FUN_004819ad","26","fun","C0","","",""
"SC3U.exe","0x004819ce","FUN_004819ce","61","fun","C0","","",""
"SC3U.exe","0x00481a0b","FUN_00481a0b","15","fun","C0","","",""
"SC3U.exe","0x00481a1a","FUN_00481a1a","61","fun","C0","","",""
"SC3U.exe","0x00481a57","FUN_00481a57","70","fun","C0","","",""
"SC3U.exe","0x00481a9d","FUN_00481a9d","45","fun","C0","","",""
"SC3U.exe","0x00481aca","FUN_00481aca","35","fun","C0","","",""
"SC3U.exe","0x00481aed","FUN_00481aed","15","fun","C0","","",""
"SC3U.exe","0x00481afc","FUN_00481afc","74","fun","C0","","",""
"SC3U.exe","0x00481b64","FUN_00481b64","17","fun","C0","","",""
"SC3U.exe","0x00481b75","FUN_00481b75","38","fun","C0","","",""
"SC3U.exe","0x00481bdf","FUN_00481bdf","76","fun","C0","","",""
"SC3U.exe","0x00481c47","FUN_00481c47","57","fun","C0","","",""
"SC3U.exe","0x00481c80","FUN_00481c80","216","fun","C0","","",""
"SC3U.exe","0x00481d68","FUN_00481d68","14","fun","C0","","",""
"SC3U.exe","0x00481d76","FUN_00481d76","39","fun","C0","","",""
"SC3U.exe","0x00481d9d","FUN_00481d9d","13","fun","C0","","",""
"SC3U.exe","0x00481daa","FUN_00481daa","11","fun","C0","","",""
"SC3U.exe","0x00481db5","FUN_00481db5","44","fun","C0","","",""
"SC3U.exe","0x00481de1","thunk_FUN_00481e1b","5","thunk","thunk","","",""
"SC3U.exe","0x00481de6","FUN_00481de6","13","fun","C0","","",""
"SC3U.exe","0x00481df3","FUN_00481df3","40","fun","C0","","",""
"SC3U.exe","0x00481e1b","FUN_00481e1b","21","fun","C0","","",""
"SC3U.exe","0x00481e30","FUN_00481e30","26","fun","C0","","",""
"SC3U.exe","0x00481e4a","FUN_00481e4a","42","fun","C0","","",""
"SC3U.exe","0x00481e74","FUN_00481e74","61","fun","C0","","",""
"SC3U.exe","0x00481eb1","FUN_00481eb1","58","fun","C0","","",""
"SC3U.exe","0x00481eeb","FUN_00481eeb","35","fun","C0","","",""
"SC3U.exe","0x00481f0e","FUN_00481f0e","15","fun","C0","","",""
"SC3U.exe","0x00481f1d","FUN_00481f1d","270","fun","C0","","",""
"SC3U.exe","0x00482038","FUN_00482038","89","fun","C0","","",""
"SC3U.exe","0x00482091","FUN_00482091","89","fun","C0","","",""
"SC3U.exe","0x004820ea","FUN_004820ea","32","fun","C0","","",""
"SC3U.exe","0x0048210a","FUN_0048210a","368","fun","C0","","",""
"SC3U.exe","0x004822be","FUN_004822be","27","fun","C0","","",""
"SC3U.exe","0x004822d9","FUN_004822d9","27","fun","C0","","",""
"SC3U.exe","0x004822f4","FUN_004822f4","27","fun","C0","","",""
"SC3U.exe","0x0048230f","FUN_0048230f","27","fun","C0","","",""
"SC3U.exe","0x0048232a","FUN_0048232a","520","fun","C0","","",""
"SC3U.exe","0x00482532","FUN_00482532","520","fun","C0","","",""
"SC3U.exe","0x0048273a","FUN_0048273a","478","fun","C0","","",""
"SC3U.exe","0x00482918","FUN_00482918","68","fun","C0","","",""
"SC3U.exe","0x0048295c","FUN_0048295c","25","fun","C0","","",""
"SC3U.exe","0x00482975","FUN_00482975","25","fun","C0","","",""
"SC3U.exe","0x0048298e","FUN_0048298e","25","fun","C0","","",""
"SC3U.exe","0x004829a7","FUN_004829a7","327","fun","C0","","",""
"SC3U.exe","0x00482aee","FUN_00482aee","1870","fun","C0","","",""
"SC3U.exe","0x004832b7","FUN_004832b7","9","fun","C0","","",""
"SC3U.exe","0x004832c0","FUN_004832c0","9","fun","C0","","",""
"SC3U.exe","0x004832c9","FUN_004832c9","9","fun","C0","","",""
"SC3U.exe","0x004832d2","FUN_004832d2","9","fun","C0","","",""
"SC3U.exe","0x0048331d","FUN_0048331d","97","fun","C2","lib","sc3_str_to_ulong_autoradix","[S15-B] strtoul wrapper: '0x'/'0X' prefix -> base 16; any a-f/A-F digit -> base 16; else base 10"
"SC3U.exe","0x0048337e","FUN_0048337e","65","fun","C0","","",""
"SC3U.exe","0x004833bf","FUN_004833bf","105","fun","C0","","",""
"SC3U.exe","0x00483428","FUN_00483428","208","fun","C0","","",""
"SC3U.exe","0x00483507","FUN_00483507","170","fun","C0","","",""
"SC3U.exe","0x004835b1","FUN_004835b1","64","fun","C0","","",""
"SC3U.exe","0x004835f1","FUN_004835f1","49","fun","C0","","",""
"SC3U.exe","0x00483622","FUN_00483622","87","fun","C0","","",""
"SC3U.exe","0x00483679","FUN_00483679","28","fun","C0","","",""
"SC3U.exe","0x00483695","FUN_00483695","19","fun","C0","","",""
"SC3U.exe","0x004836a8","FUN_004836a8","19","fun","C0","","",""
"SC3U.exe","0x004836bb","FUN_004836bb","19","fun","C0","","",""
"SC3U.exe","0x004836ce","FUN_004836ce","19","fun","C0","","",""
"SC3U.exe","0x004836e1","FUN_004836e1","19","fun","C0","","",""
"SC3U.exe","0x004836f4","FUN_004836f4","27","fun","C0","","",""
"SC3U.exe","0x0048370f","FUN_0048370f","27","fun","C0","","",""
"SC3U.exe","0x0048372a","FUN_0048372a","27","fun","C0","","",""
"SC3U.exe","0x00483745","FUN_00483745","27","fun","C0","","",""
"SC3U.exe","0x00483760","FUN_00483760","27","fun","C0","","",""
"SC3U.exe","0x0048377b","FUN_0048377b","27","fun","C0","","",""
"SC3U.exe","0x00483796","FUN_00483796","27","fun","C0","","",""
"SC3U.exe","0x004837b1","FUN_004837b1","27","fun","C0","","",""
"SC3U.exe","0x004837cc","FUN_004837cc","27","fun","C0","","",""
"SC3U.exe","0x004837e7","FUN_004837e7","27","fun","C0","","",""
"SC3U.exe","0x00483838","timeGetTime","6","thunk","thunk","","",""
"SC3U.exe","0x0048383e","FUN_0048383e","13","fun","C0","","",""
"SC3U.exe","0x0048384b","FUN_0048384b","28","fun","C0","","",""
"SC3U.exe","0x00483867","FUN_00483867","7","fun","C0","","",""
"SC3U.exe","0x004838b5","FUN_004838b5","89","fun","C0","","",""
"SC3U.exe","0x0048393d","FUN_0048393d","41","fun","C0","","",""
"SC3U.exe","0x00483966","FUN_00483966","78","fun","C0","","",""
"SC3U.exe","0x004839b4","FUN_004839b4","103","fun","C0","","",""
"SC3U.exe","0x00483a1b","FUN_00483a1b","141","fun","C0","","",""
"SC3U.exe","0x00483aa8","FUN_00483aa8","124","fun","C0","","",""
"SC3U.exe","0x00483b24","FUN_00483b24","38","fun","C0","","",""
"SC3U.exe","0x00483b4f","FUN_00483b4f","48","fun","C0","","",""
"SC3U.exe","0x00483b7f","FUN_00483b7f","66","fun","C0","","",""
"SC3U.exe","0x00483bc1","FUN_00483bc1","65","fun","C0","","",""
"SC3U.exe","0x00483c02","FUN_00483c02","69","fun","C0","","",""
"SC3U.exe","0x00483c47","FUN_00483c47","150","fun","C0","","",""
"SC3U.exe","0x00483cdd","FUN_00483cdd","38","fun","C0","","",""
"SC3U.exe","0x00483d03","FUN_00483d03","45","fun","C0","","",""
"SC3U.exe","0x00483d30","FUN_00483d30","38","fun","C0","","",""
"SC3U.exe","0x00483d56","FUN_00483d56","265","fun","C0","","",""
"SC3U.exe","0x00483e44","Catch@00483e44","6","lib","lib","","",""
"SC3U.exe","0x00483e65","FUN_00483e65","198","fun","C0","","",""
"SC3U.exe","0x00483f2b","FUN_00483f2b","492","fun","C0","","",""
"SC3U.exe","0x00484117","FUN_00484117","27","fun","C0","","",""
"SC3U.exe","0x00484132","FUN_00484132","39","fun","C0","","",""
"SC3U.exe","0x00484159","FUN_00484159","297","fun","C0","","",""
"SC3U.exe","0x00484282","FUN_00484282","49","fun","C0","","",""
"SC3U.exe","0x004842e4","VerQueryValueA","6","thunk","thunk","","",""
"SC3U.exe","0x004842ea","GetFileVersionInfoA","6","thunk","thunk","","",""
"SC3U.exe","0x004842f0","GetFileVersionInfoSizeA","6","thunk","thunk","","",""
"SC3U.exe","0x00484321","FUN_00484321","43","fun","C0","","",""
"SC3U.exe","0x0048434c","FUN_0048434c","35","fun","C0","","",""
"SC3U.exe","0x0048437c","FUN_0048437c","19","fun","C0","","",""
"SC3U.exe","0x0048439b","FUN_0048439b","19","fun","C0","","",""
"SC3U.exe","0x004843ae","FUN_004843ae","22","fun","C0","","",""
"SC3U.exe","0x004843c9","FUN_004843c9","22","fun","C0","","",""
"SC3U.exe","0x004843df","FUN_004843df","22","fun","C0","","",""
"SC3U.exe","0x004843f5","FUN_004843f5","22","fun","C0","","",""
"SC3U.exe","0x0048440b","FUN_0048440b","44","fun","C2","S15","sc3_gz_get_string_manager","[S15-B] lazy singleton DAT_004fae78 constructed by FUN_00406eb8; returns the manager whose vtable slot 0x14 resolves resource keys to strings"
"SC3U.exe","0x00484437","FUN_00484437","98","fun","C0","","",""
"SC3U.exe","0x00484499","FUN_00484499","98","fun","C0","","",""
"SC3U.exe","0x0048454b","FUN_0048454b","40","fun","C0","","",""
"SC3U.exe","0x00484573","FUN_00484573","44","fun","C0","","",""
"SC3U.exe","0x0048459f","FUN_0048459f","19","fun","C0","","",""
"SC3U.exe","0x004845fe","FUN_004845fe","19","fun","C0","","",""
"SC3U.exe","0x00484611","FUN_00484611","19","fun","C0","","",""
"SC3U.exe","0x00484624","FUN_00484624","29","fun","C0","","",""
"SC3U.exe","0x00484641","FUN_00484641","29","fun","C0","","",""
"SC3U.exe","0x0048465e","FUN_0048465e","29","fun","C0","","",""
"SC3U.exe","0x0048467b","FUN_0048467b","44","fun","C0","","",""
"SC3U.exe","0x004846a7","FUN_004846a7","33","fun","C0","","",""
"SC3U.exe","0x004846c8","FUN_004846c8","47","fun","C0","","",""
"SC3U.exe","0x004846f7","Catch@004846f7","6","lib","lib","","",""
"SC3U.exe","0x004846fd","FUN_004846fd","33","fun","C0","","",""
"SC3U.exe","0x0048471e","FUN_0048471e","47","fun","C0","","",""
"SC3U.exe","0x0048474d","Catch@0048474d","6","lib","lib","","",""
"SC3U.exe","0x00484753","FUN_00484753","33","fun","C0","","",""
"SC3U.exe","0x00484774","FUN_00484774","47","fun","C0","","",""
"SC3U.exe","0x004847a3","Catch@004847a3","6","lib","lib","","",""
"SC3U.exe","0x004847a9","FUN_004847a9","33","fun","C0","","",""
"SC3U.exe","0x004847ca","FUN_004847ca","47","fun","C0","","",""
"SC3U.exe","0x004847f9","Catch@004847f9","6","lib","lib","","",""
"SC3U.exe","0x004847ff","FUN_004847ff","24","fun","C0","","",""
"SC3U.exe","0x0048482f","FUN_0048482f","42","fun","C0","","",""
"SC3U.exe","0x00484859","FUN_00484859","28","fun","C0","","",""
"SC3U.exe","0x00484875","FUN_00484875","29","fun","C0","","",""
"SC3U.exe","0x00484892","FUN_00484892","134","fun","C0","","",""
"SC3U.exe","0x00484918","FUN_00484918","132","fun","C0","","",""
"SC3U.exe","0x0048499c","FUN_0048499c","132","fun","C0","","",""
"SC3U.exe","0x00484b0a","FUN_00484b0a","23","fun","C2","S15","sc3_gz_reskey_init_empty","[S15-B] zeroes +4,+8,+0xc,+0x10 and sets vtable &PTR_FUN_004da53c -- default-constructs an unresolved key with no tuple"
"SC3U.exe","0x00484b21","FUN_00484b21","28","fun","C0","","",""
"SC3U.exe","0x00484b6d","FUN_00484b6d","45","fun","C2","S18","sc3_gz_make_resource_key","[U-007 CORE, CONFIRMED @0x00484b6d] ctor of the GZCOM 3-tuple resource key: +0x00=&PTR_FUN_004da53c, +0x04=0, +0x08=0x2026960b (type), +0x0c=param_2 (group), +0x10=param_1 (instance), then FUN_004862e1(this). Same type/group/instance shape as CitySim.ini [AgentTypes] values. ~100 call sites across 20 functions; observed groups 0x209e6378 0x41f2625 0x29541f4 0x830cdf29 0x225872fe 0x63de4715 0x15e410c 0x42c1ed2d"
"SC3U.exe","0x00484b9a","FUN_00484b9a","11","fun","C2","S15","sc3_gz_reskey_dtor","[S15-B] sets vtable &PTR_FUN_004da53c then FUN_00486305 which, if *(this+4)!=0, calls (*(*(this+4)+8))() (release) and nulls +4 @0x00486305:6-9"
"SC3U.exe","0x00484ba5","FUN_00484ba5","40","fun","C2","S15","sc3_gz_reskey_assign","[S15-B] copy-assign: if param_1!=this, FUN_00486305(this) (release), FUN_00484c7a(param_1,this+8) copies the {0x2026960b,group,instance} triple into this+8, then FUN_004862e1(this) re-resolves"
"SC3U.exe","0x00484beb","FUN_00484beb","4","fun","C2","S15","sc3_gz_reskey_get_string_ptr","[S15-B] return *(undefined4*)(param_1+4) -- the resolved-string pointer field"
"SC3U.exe","0x00484bef","FUN_00484bef","135","fun","C2","S15","sc3_gz_reskey_copy_string","[S15-B, CORRECTS an earlier C1 note] does NOT resolve: if *(key+4)==0 builds an empty std::string via FUN_0040262c @0x00484c05-c1b, else copies the already-cached resolved string via FUN_00406f26(param_2,*(key+4)) @0x00484c5a. Resolution happens in 0x004862e1 at construction/assignment"
"SC3U.exe","0x00484c7a","FUN_00484c7a","25","fun","C2","S18","sc3_gz_get_resource_key","[U-007 CORE, CONFIRMED @0x00484c7a] getter: writes the triple {0x2026960b, this+0x0c, this+0x10} to param_1; 25 bytes; sole caller 0x00484ba5"
"SC3U.exe","0x00484c93","FUN_00484c93","9","fun","C2","S15","sc3_gz_reskey_is_resolved","[S15-B] return *(int*)(param_1+4) != 0 -- boolean 'key was resolved'"
"SC3U.exe","0x00484c9c","FUN_00484c9c","232","fun","C0","","",""
"SC3U.exe","0x00484d84","FUN_00484d84","114","fun","C2","S15","sc3_gz_reskey_write_to_sink","[S15-B] if *(this+4)!=0: copies string via FUN_00406f26, runs FUN_00485066, then (*(*param_1+0xc))(ptr,len) @0x00484da8 pushing the resolved (ptr,len) into a caller sink object's vtable+0xc; returns resolved!=0"
"SC3U.exe","0x00484df6","FUN_00484df6","120","fun","C0","","",""
"SC3U.exe","0x00484e6e","FUN_00484e6e","120","fun","C0","","",""
"SC3U.exe","0x00484ef0","FUN_00484ef0","16","fun","C0","","",""
"SC3U.exe","0x00484f00","FUN_00484f00","12","fun","C0","","",""
"SC3U.exe","0x00484f20","FUN_00484f20","16","fun","C0","","",""
"SC3U.exe","0x00484f30","FUN_00484f30","12","fun","C0","","",""
"SC3U.exe","0x00484f50","FUN_00484f50","16","fun","C0","","",""
"SC3U.exe","0x00484f60","FUN_00484f60","12","fun","C0","","",""
"SC3U.exe","0x00484f80","FUN_00484f80","16","fun","C0","","",""
"SC3U.exe","0x00484f90","FUN_00484f90","12","fun","C0","","",""
"SC3U.exe","0x00484fb0","FUN_00484fb0","16","fun","C0","","",""
"SC3U.exe","0x00484fc0","FUN_00484fc0","12","fun","C0","","",""
"SC3U.exe","0x00484fe0","FUN_00484fe0","16","fun","C0","","",""
"SC3U.exe","0x00484ff0","FUN_00484ff0","12","fun","C0","","",""
"SC3U.exe","0x00485010","FUN_00485010","16","fun","C0","","",""
"SC3U.exe","0x00485020","FUN_00485020","12","fun","C0","","",""
"SC3U.exe","0x00485040","FUN_00485040","16","fun","C0","","",""
"SC3U.exe","0x00485050","FUN_00485050","12","fun","C0","","",""
"SC3U.exe","0x00485066","FUN_00485066","113","fun","C0","","",""
"SC3U.exe","0x004850d7","FUN_004850d7","160","fun","C0","","",""
"SC3U.exe","0x00485177","FUN_00485177","180","fun","C0","","",""
"SC3U.exe","0x0048522b","FUN_0048522b","166","fun","C0","","",""
"SC3U.exe","0x004852d1","FUN_004852d1","104","fun","C0","","",""
"SC3U.exe","0x00485339","FUN_00485339","175","fun","C0","","",""
"SC3U.exe","0x004853e8","FUN_004853e8","714","fun","C2","S14","sc3_text_expand_token_by_type","[U-007] dispatch on *(param_2+4) in 1..5; type 1 resolves key from fields *(param_2+0x1c)/*(param_2+0x20); other types query app via FUN_0047048f/FUN_0048437c; appends via FUN_00486482 advancing *param_3+=len-1; type 5 uses &DAT_004f764c"
"SC3U.exe","0x004856b2","FUN_004856b2","3119","fun","C2","S14","sc3_text_expand_token_by_keyword","[U-007] keyword substitution: FUN_0041ff56 compares vs DAT_004faf34/004faf1c/004faf04/004faeec/004faed4/004faebc/004fae8c/004faea4; token region &DAT_004f80b4 adjacent to '%MAYOR%'@0x004f804c..'%ANYNEIGHBOR%'@0x004f80a0; sub-codes 6,0x11,0x13,0x1f,0x20,0x2d,0x2e,0x31,0x36 -> keys 0x258-0x260 grp 0x41f2625"
"SC3U.exe","0x004862e1","FUN_004862e1","36","fun","C2","S15","sc3_gz_reskey_resolve","[S15-B, THE RESOLVER] piVar2=FUN_0048440b() (string-manager singleton); cVar1=(*(*piVar2+0x14))(this+8, 0x69, this+4) @0x004862f1 -- manager vtable slot 0x14 given the {0x2026960b,group,instance} triple at +8, the constant 0x69 (=105), and out-ptr this+4; on cVar1==0 nulls +4 @0x004862f9-0x00486300. Called by the key ctor 0x00484b6d and by copy-assign 0x00484ba5"
"SC3U.exe","0x00486305","FUN_00486305","21","fun","C0","","",""
"SC3U.exe","0x0048631a","FUN_0048631a","360","fun","C2","S15-ui","sc3_text_truncate_encoded_to_width","like sc3_text_truncate_to_width but param_3 is an encoder/codec (vf+0x6c encode, vf+0x58 measure); ellipsis resource 0x5377be31 (FUN_0047037b vf+0x8c); rebuilds cRZString at param_1+4 to fit param_2, appending encoded ellipsis on overflow"
"SC3U.exe","0x00486482","FUN_00486482","112","fun","C0","","",""
"SC3U.exe","0x004864f9","FUN_004864f9","95","fun","C0","","",""
"SC3U.exe","0x00486558","FUN_00486558","476","fun","C0","","",""
"SC3U.exe","0x00486734","FUN_00486734","7","fun","C0","","",""
"SC3U.exe","0x00486758","FUN_00486758","28","fun","C0","","",""
"SC3U.exe","0x00486774","FUN_00486774","315","fun","C0","","",""
"SC3U.exe","0x004868af","FUN_004868af","63","fun","C0","","",""
"SC3U.exe","0x004868fd","FUN_004868fd","15","fun","C0","","",""
"SC3U.exe","0x0048691c","FUN_0048691c","57","fun","C0","","",""
"SC3U.exe","0x00486955","FUN_00486955","28","fun","C0","","",""
"SC3U.exe","0x00486971","FUN_00486971","57","fun","C0","","",""
"SC3U.exe","0x004869aa","FUN_004869aa","66","fun","C0","","",""
"SC3U.exe","0x004869ec","FUN_004869ec","9","fun","C0","","",""
"SC3U.exe","0x004869f9","FUN_004869f9","120","fun","C0","","",""
"SC3U.exe","0x00486a71","FUN_00486a71","28","fun","C0","","",""
"SC3U.exe","0x00486a8d","FUN_00486a8d","114","fun","C0","","",""
"SC3U.exe","0x00486aff","FUN_00486aff","67","fun","C0","","",""
"SC3U.exe","0x00486b42","FUN_00486b42","27","fun","C0","","",""
"SC3U.exe","0x00486b5d","FUN_00486b5d","4","fun","C0","","",""
"SC3U.exe","0x00486b61","FUN_00486b61","88","fun","C2","S-boot","sc3_registry_ctor","registry object ctor (vtable PTR_FUN_004da558)"
"SC3U.exe","0x00486bb9","FUN_00486bb9","28","fun","C0","","",""
"SC3U.exe","0x00486bd5","FUN_00486bd5","106","fun","C0","","",""
"SC3U.exe","0x00486c43","FUN_00486c43","22","fun","C2","S18-data","sc3_dbfile_set_archive_path","setter: this+0xb4=0 (reset cached handle), FUN_00402d6c(this+0x64,param_1) assigns archive path; paired with sc3_dbfile_set_path for SYS.PAK targets"
"SC3U.exe","0x00486c5e","FUN_00486c5e","759","fun","C0","","",""
"SC3U.exe","0x00486f55","FUN_00486f55","709","fun","C2","S-boot","sc3_registry_register_key_factory","register verb: iterates source records, invokes factory cb (mode *(this+0xb4))"
"SC3U.exe","0x0048723d","FUN_0048723d","171","fun","C0","","",""
"SC3U.exe","0x004872e8","FUN_004872e8","535","fun","C0","","",""
"SC3U.exe","0x00487513","FUN_00487513","28","fun","C0","","",""
"SC3U.exe","0x00487553","FUN_00487553","126","fun","C0","","",""
"SC3U.exe","0x004875d1","FUN_004875d1","27","fun","C0","","",""
"SC3U.exe","0x0048761d","FUN_0048761d","4","fun","C0","","",""
"SC3U.exe","0x0048762a","FUN_0048762a","52","fun","C0","","",""
"SC3U.exe","0x0048767e","FUN_0048767e","34","fun","C0","","",""
"SC3U.exe","0x004876a0","FUN_004876a0","19","fun","C0","","",""
"SC3U.exe","0x004876b3","FUN_004876b3","19","fun","C0","","",""
"SC3U.exe","0x004876f4","FUN_004876f4","61","fun","C0","","",""
"SC3U.exe","0x0048775f","FUN_0048775f","62","fun","C0","","",""
"SC3U.exe","0x0048779d","FUN_0048779d","78","fun","C0","","",""
"SC3U.exe","0x004877fa","FUN_004877fa","44","fun","C0","","",""
"SC3U.exe","0x0048782b","FUN_0048782b","246","fun","C0","","",""
"SC3U.exe","0x00487921","FUN_00487921","68","fun","C0","","",""
"SC3U.exe","0x00487965","FUN_00487965","12","fun","C0","","",""
"SC3U.exe","0x00487971","FUN_00487971","77","fun","C0","","",""
"SC3U.exe","0x004879be","FUN_004879be","55","fun","C0","","",""
"SC3U.exe","0x00487a20","FUN_00487a20","73","fun","C0","","",""
"SC3U.exe","0x00487a69","FUN_00487a69","25","fun","C0","","",""
"SC3U.exe","0x00487a82","FUN_00487a82","28","fun","C0","","",""
"SC3U.exe","0x00487a9e","FUN_00487a9e","75","fun","C0","","",""
"SC3U.exe","0x00487af3","FUN_00487af3","181","fun","C0","","",""
"SC3U.exe","0x00487ba8","FUN_00487ba8","37","fun","C0","","",""
"SC3U.exe","0x00487bcd","FUN_00487bcd","262","fun","C0","","",""
"SC3U.exe","0x00487cd3","FUN_00487cd3","313","fun","C0","","",""
"SC3U.exe","0x00487e0c","FUN_00487e0c","44","fun","C0","","",""
"SC3U.exe","0x00487e70","FUN_00487e70","45","fun","C0","","",""
"SC3U.exe","0x00487e9d","FUN_00487e9d","28","fun","C0","","",""
"SC3U.exe","0x00487eb9","FUN_00487eb9","11","fun","C0","","",""
"SC3U.exe","0x00487ece","FUN_00487ece","147","fun","C0","","",""
"SC3U.exe","0x00487f61","FUN_00487f61","343","fun","C0","","",""
"SC3U.exe","0x004880b8","FUN_004880b8","435","fun","C0","","",""
"SC3U.exe","0x0048826b","FUN_0048826b","61","fun","C0","","",""
"SC3U.exe","0x004882c1","FUN_004882c1","39","fun","C0","","",""
"SC3U.exe","0x004882ee","FUN_004882ee","54","fun","C0","","",""
"SC3U.exe","0x00488324","FUN_00488324","28","fun","C0","","",""
"SC3U.exe","0x00488340","FUN_00488340","11","fun","C0","","",""
"SC3U.exe","0x00488355","FUN_00488355","147","fun","C0","","",""
"SC3U.exe","0x004883e8","FUN_004883e8","340","fun","C0","","",""
"SC3U.exe","0x0048853c","FUN_0048853c","409","fun","C0","","",""
"SC3U.exe","0x004886d5","FUN_004886d5","61","fun","C0","","",""
"SC3U.exe","0x0048874a","FUN_0048874a","63","fun","C0","","",""
"SC3U.exe","0x00488789","FUN_00488789","28","fun","C0","","",""
"SC3U.exe","0x004887a5","FUN_004887a5","11","fun","C0","","",""
"SC3U.exe","0x004887ba","FUN_004887ba","145","fun","C0","","",""
"SC3U.exe","0x0048884b","FUN_0048884b","261","fun","C0","","",""
"SC3U.exe","0x00488950","FUN_00488950","228","fun","C0","","",""
"SC3U.exe","0x00488a34","FUN_00488a34","41","fun","C0","","",""
"SC3U.exe","0x00488a71","FUN_00488a71","59","fun","C0","","",""
"SC3U.exe","0x00488aac","FUN_00488aac","25","fun","C0","","",""
"SC3U.exe","0x00488ac5","FUN_00488ac5","51","fun","C0","","",""
"SC3U.exe","0x00488b0a","FUN_00488b0a","45","fun","C0","","",""
"SC3U.exe","0x00488b37","FUN_00488b37","28","fun","C0","","",""
"SC3U.exe","0x00488b53","FUN_00488b53","11","fun","C0","","",""
"SC3U.exe","0x00488b68","FUN_00488b68","266","fun","C0","","",""
"SC3U.exe","0x00488c72","FUN_00488c72","83","fun","C0","","",""
"SC3U.exe","0x00488cc5","FUN_00488cc5","483","fun","C0","","",""
"SC3U.exe","0x00488ea8","FUN_00488ea8","730","fun","C0","","",""
"SC3U.exe","0x0048921d","FUN_0048921d","90","fun","C0","","",""
"SC3U.exe","0x00489277","FUN_00489277","28","fun","C0","","",""
"SC3U.exe","0x00489293","FUN_00489293","11","fun","C0","","",""
"SC3U.exe","0x00489562","ImmReleaseContext","6","thunk","thunk","","",""
"SC3U.exe","0x00489568","ImmGetCompositionStringA","6","thunk","thunk","","",""
"SC3U.exe","0x0048956e","ImmGetContext","6","thunk","thunk","","",""
"SC3U.exe","0x00489574","ImmGetCandidateListA","6","thunk","thunk","","",""
"SC3U.exe","0x0048957a","ImmGetDefaultIMEWnd","6","thunk","thunk","","",""
"SC3U.exe","0x004895e7","FUN_004895e7","161","fun","C0","","",""
"SC3U.exe","0x00489688","FUN_00489688","32","fun","C0","","",""
"SC3U.exe","0x004896a8","FUN_004896a8","169","fun","C0","","",""
"SC3U.exe","0x00489751","FUN_00489751","26","fun","C0","","",""
"SC3U.exe","0x0048976b","FUN_0048976b","28","fun","C0","","",""
"SC3U.exe","0x00489787","FUN_00489787","28","fun","C0","","",""
"SC3U.exe","0x004897c4","FUN_004897c4","44","fun","C0","","",""
"SC3U.exe","0x004897f0","FUN_004897f0","559","fun","C0","","",""
"SC3U.exe","0x00489a1f","FUN_00489a1f","499","fun","C0","","",""
"SC3U.exe","0x00489c12","FUN_00489c12","818","fun","C0","","",""
"SC3U.exe","0x00489f44","FUN_00489f44","221","fun","C0","","",""
"SC3U.exe","0x0048a021","FUN_0048a021","102","fun","C0","","",""
"SC3U.exe","0x0048a087","FUN_0048a087","31","fun","C0","","",""
"SC3U.exe","0x0048a0a6","FUN_0048a0a6","42","fun","C0","","",""
"SC3U.exe","0x0048a0d0","FUN_0048a0d0","39","fun","C0","","",""
"SC3U.exe","0x0048a0f7","FUN_0048a0f7","69","fun","C0","","",""
"SC3U.exe","0x0048a13c","FUN_0048a13c","49","fun","C0","","",""
"SC3U.exe","0x0048a16d","FUN_0048a16d","25","fun","C0","","",""
"SC3U.exe","0x0048a18d","FUN_0048a18d","61","fun","C0","","",""
"SC3U.exe","0x0048a1ca","FUN_0048a1ca","187","fun","C0","","",""
"SC3U.exe","0x0048a285","Catch@0048a285","37","lib","lib","","",""
"SC3U.exe","0x0048a2aa","FUN_0048a2aa","269","fun","C0","","",""
"SC3U.exe","0x0048a3b7","Catch@0048a3b7","30","lib","lib","","",""
"SC3U.exe","0x0048a3d5","FUN_0048a3d5","62","fun","C0","","",""
"SC3U.exe","0x0048a413","FUN_0048a413","41","fun","C0","","",""
"SC3U.exe","0x0048a43c","FUN_0048a43c","69","fun","C0","","",""
"SC3U.exe","0x0048a470","Catch@0048a470","32","lib","lib","","",""
"SC3U.exe","0x0048a4a1","FUN_0048a4a1","44","fun","C0","","",""
"SC3U.exe","0x0048a4cd","FUN_0048a4cd","30","fun","C0","","",""
"SC3U.exe","0x0048a4eb","FUN_0048a4eb","31","fun","C0","","",""
"SC3U.exe","0x0048a51a","FUN_0048a51a","26","fun","C0","","",""
"SC3U.exe","0x0048a534","FUN_0048a534","65","fun","C0","","",""
"SC3U.exe","0x0048a575","FUN_0048a575","222","fun","C0","","",""
"SC3U.exe","0x0048a675","FUN_0048a675","94","fun","C0","","",""
"SC3U.exe","0x0048a6e3","FUN_0048a6e3","4","fun","C0","","",""
"SC3U.exe","0x0048a6e7","FUN_0048a6e7","4","fun","C0","","",""
"SC3U.exe","0x0048a721","FUN_0048a721","58","fun","C0","","",""
"SC3U.exe","0x0048a75b","FUN_0048a75b","58","fun","C0","","",""
"SC3U.exe","0x0048a795","FUN_0048a795","58","fun","C0","","",""
"SC3U.exe","0x0048a7cf","FUN_0048a7cf","3","fun","C0","","",""
"SC3U.exe","0x0048a7e9","FUN_0048a7e9","150","fun","C0","","",""
"SC3U.exe","0x0048a885","FUN_0048a885","139","fun","C0","","",""
"SC3U.exe","0x0048a920","FUN_0048a920","282","fun","C0","","",""
"SC3U.exe","0x0048aa3a","FUN_0048aa3a","91","fun","C0","","",""
"SC3U.exe","0x0048aa95","FUN_0048aa95","136","fun","C0","","",""
"SC3U.exe","0x0048ab1d","FUN_0048ab1d","55","fun","C0","","",""
"SC3U.exe","0x0048ab54","FUN_0048ab54","72","fun","C0","","",""
"SC3U.exe","0x0048ab9c","FUN_0048ab9c","103","fun","C0","","",""
"SC3U.exe","0x0048ac03","FUN_0048ac03","124","fun","C0","","",""
"SC3U.exe","0x0048ac7f","FUN_0048ac7f","76","fun","C0","","",""
"SC3U.exe","0x0048accb","FUN_0048accb","36","fun","C0","","",""
"SC3U.exe","0x0048acf2","FUN_0048acf2","143","fun","C0","","",""
"SC3U.exe","0x0048adbe","FUN_0048adbe","17","fun","C0","","",""
"SC3U.exe","0x0048adcf","FUN_0048adcf","54","fun","C0","","",""
"SC3U.exe","0x0048ae05","FUN_0048ae05","54","fun","C0","","",""
"SC3U.exe","0x0048ae42","FUN_0048ae42","139","fun","C0","","",""
"SC3U.exe","0x0048aecd","FUN_0048aecd","44","fun","C0","","",""
"SC3U.exe","0x0048aef9","FUN_0048aef9","79","fun","C0","","",""
"SC3U.exe","0x0048af48","FUN_0048af48","146","fun","C0","","",""
"SC3U.exe","0x0048afda","FUN_0048afda","95","fun","C0","","",""
"SC3U.exe","0x0048b039","FUN_0048b039","130","fun","C0","","",""
"SC3U.exe","0x0048b0bb","FUN_0048b0bb","140","fun","C0","","",""
"SC3U.exe","0x0048b147","FUN_0048b147","29","fun","C0","","",""
"SC3U.exe","0x0048b164","FUN_0048b164","80","fun","C0","","",""
"SC3U.exe","0x0048b1b4","Catch@0048b1b4","21","lib","lib","","",""
"SC3U.exe","0x0048b213","FUN_0048b213","7","fun","C0","","",""
"SC3U.exe","0x0048b21a","FUN_0048b21a","24","fun","C0","","",""
"SC3U.exe","0x0048b232","FUN_0048b232","24","fun","C0","","",""
"SC3U.exe","0x0048b24a","FUN_0048b24a","26","fun","C0","","",""
"SC3U.exe","0x0048b2e0","FUN_0048b2e0","42","fun","C0","","",""
"SC3U.exe","0x0048b30a","FUN_0048b30a","23","fun","C0","","",""
"SC3U.exe","0x0048b321","FUN_0048b321","23","fun","C0","","",""
"SC3U.exe","0x0048b338","FUN_0048b338","18","fun","C0","","",""
"SC3U.exe","0x0048b34a","FUN_0048b34a","34","fun","C0","","",""
"SC3U.exe","0x0048b36c","FUN_0048b36c","41","fun","C0","","",""
"SC3U.exe","0x0048b3f0","FUN_0048b3f0","56","fun","C0","","",""
"SC3U.exe","0x0048b428","FUN_0048b428","182","fun","C0","","",""
"SC3U.exe","0x0048b4fb","FUN_0048b4fb","20","fun","C0","","",""
"SC3U.exe","0x0048b50f","FUN_0048b50f","34","fun","C0","","",""
"SC3U.exe","0x0048b531","FUN_0048b531","73","fun","C0","","",""
"SC3U.exe","0x0048b5b2","FUN_0048b5b2","4","fun","C0","","",""
"SC3U.exe","0x0048b5b6","FUN_0048b5b6","23","fun","C0","","",""
"SC3U.exe","0x0048b5cd","FUN_0048b5cd","56","fun","C0","","",""
"SC3U.exe","0x0048b605","FUN_0048b605","12","fun","C0","","",""
"SC3U.exe","0x0048b611","FUN_0048b611","56","fun","C0","","",""
"SC3U.exe","0x0048b649","FUN_0048b649","16","fun","C0","","",""
"SC3U.exe","0x0048b659","FUN_0048b659","5","fun","C0","","",""
"SC3U.exe","0x0048b65e","FUN_0048b65e","26","fun","C0","","",""
"SC3U.exe","0x0048b678","FUN_0048b678","12","fun","C0","","",""
"SC3U.exe","0x0048b684","FUN_0048b684","10","fun","C0","","",""
"SC3U.exe","0x0048b68e","FUN_0048b68e","25","fun","C0","","",""
"SC3U.exe","0x0048b6a7","FUN_0048b6a7","9","fun","C0","","",""
"SC3U.exe","0x0048b6bd","FUN_0048b6bd","80","fun","C0","","",""
"SC3U.exe","0x0048b780","FUN_0048b780","72","fun","C0","","",""
"SC3U.exe","0x0048b7c8","FUN_0048b7c8","1123","fun","C0","","",""
"SC3U.exe","0x0048bc2b","FUN_0048bc2b","339","fun","C0","","",""
"SC3U.exe","0x0048bd7e","FUN_0048bd7e","28","fun","C0","","",""
"SC3U.exe","0x0048bd9a","FUN_0048bd9a","128","fun","C0","","",""
"SC3U.exe","0x0048be1a","thunk_FUN_0049c0b9","5","thunk","thunk","","",""
"SC3U.exe","0x0048be1f","FUN_0048be1f","426","fun","C0","","",""
"SC3U.exe","0x0048bfc9","FUN_0048bfc9","31","fun","C0","","",""
"SC3U.exe","0x0048bfe8","FUN_0048bfe8","59","fun","C0","","",""
"SC3U.exe","0x0048c04e","FUN_0048c04e","44","fun","C0","","",""
"SC3U.exe","0x0048c07a","FUN_0048c07a","130","fun","C0","","",""
"SC3U.exe","0x0048c0fc","FUN_0048c0fc","143","fun","C0","","",""
"SC3U.exe","0x0048c18b","FUN_0048c18b","381","fun","C0","","",""
"SC3U.exe","0x0048c30b","FUN_0048c30b","84","fun","C0","","",""
"SC3U.exe","0x0048c35f","FUN_0048c35f","58","fun","C0","","",""
"SC3U.exe","0x0048c399","FUN_0048c399","332","fun","C0","","",""
"SC3U.exe","0x0048c4e5","FUN_0048c4e5","56","fun","C0","","",""
"SC3U.exe","0x0048c51d","FUN_0048c51d","4","fun","C0","","",""
"SC3U.exe","0x0048c521","FUN_0048c521","438","fun","C0","","",""
"SC3U.exe","0x0048c6d7","FUN_0048c6d7","153","fun","C0","","",""
"SC3U.exe","0x0048c770","FUN_0048c770","195","fun","C0","","",""
"SC3U.exe","0x0048c833","FUN_0048c833","83","fun","C0","","",""
"SC3U.exe","0x0048c886","FUN_0048c886","116","fun","C0","","",""
"SC3U.exe","0x0048c8fa","FUN_0048c8fa","152","fun","C0","","",""
"SC3U.exe","0x0048c992","FUN_0048c992","47","fun","C0","","",""
"SC3U.exe","0x0048c9d8","FUN_0048c9d8","7","fun","C0","","",""
"SC3U.exe","0x0048c9df","FUN_0048c9df","67","fun","C0","","",""
"SC3U.exe","0x0048ca22","FUN_0048ca22","35","fun","C0","","",""
"SC3U.exe","0x0048ca45","FUN_0048ca45","139","fun","C0","","",""
"SC3U.exe","0x0048cad0","FUN_0048cad0","188","fun","C0","","",""
"SC3U.exe","0x0048cb8c","FUN_0048cb8c","27","fun","C0","","",""
"SC3U.exe","0x0048cba7","FUN_0048cba7","27","fun","C0","","",""
"SC3U.exe","0x0048cbc2","FUN_0048cbc2","27","fun","C0","","",""
"SC3U.exe","0x0048cbdd","FUN_0048cbdd","27","fun","C0","","",""
"SC3U.exe","0x0048cbf8","FUN_0048cbf8","30","fun","C0","","",""
"SC3U.exe","0x0048cc16","FUN_0048cc16","423","fun","C0","","",""
"SC3U.exe","0x0048cdbd","FUN_0048cdbd","175","fun","C0","","",""
"SC3U.exe","0x0048ce6c","FUN_0048ce6c","201","fun","C0","","",""
"SC3U.exe","0x0048cf35","FUN_0048cf35","90","fun","C0","","",""
"SC3U.exe","0x0048cf8f","FUN_0048cf8f","185","fun","C0","","",""
"SC3U.exe","0x0048d048","FUN_0048d048","149","fun","C0","","",""
"SC3U.exe","0x0048d0dd","FUN_0048d0dd","50","fun","C0","","",""
"SC3U.exe","0x0048d10f","FUN_0048d10f","92","fun","C0","","",""
"SC3U.exe","0x0048d16b","FUN_0048d16b","66","fun","C0","","",""
"SC3U.exe","0x0048d1fd","FUN_0048d1fd","84","fun","C0","","",""
"SC3U.exe","0x0048d251","FUN_0048d251","353","fun","C0","","",""
"SC3U.exe","0x0048d3b2","FUN_0048d3b2","394","fun","C0","","",""
"SC3U.exe","0x0048d53c","FUN_0048d53c","323","fun","C0","","",""
"SC3U.exe","0x0048d67f","FUN_0048d67f","21","fun","C0","","",""
"SC3U.exe","0x0048d694","FUN_0048d694","251","fun","C0","","",""
"SC3U.exe","0x0048d78f","FUN_0048d78f","193","fun","C0","","",""
"SC3U.exe","0x0048d850","FUN_0048d850","39","fun","C0","","",""
"SC3U.exe","0x0048d877","FUN_0048d877","241","fun","C0","","",""
"SC3U.exe","0x0048d968","FUN_0048d968","241","fun","C0","","",""
"SC3U.exe","0x0048da59","FUN_0048da59","43","fun","C0","","",""
"SC3U.exe","0x0048da84","FUN_0048da84","262","fun","C0","","",""
"SC3U.exe","0x0048db8a","FUN_0048db8a","216","fun","C0","","",""
"SC3U.exe","0x0048dc62","FUN_0048dc62","182","fun","C0","","",""
"SC3U.exe","0x0048dd18","FUN_0048dd18","314","fun","C0","","",""
"SC3U.exe","0x0048de52","FUN_0048de52","329","fun","C0","","",""
"SC3U.exe","0x0048df9b","FUN_0048df9b","296","fun","C0","","",""
"SC3U.exe","0x0048e0c3","FUN_0048e0c3","482","fun","C0","","",""
"SC3U.exe","0x0048e2a5","FUN_0048e2a5","131","fun","C0","","",""
"SC3U.exe","0x0048e328","FUN_0048e328","108","fun","C0","","",""
"SC3U.exe","0x0048e394","FUN_0048e394","53","fun","C0","","",""
"SC3U.exe","0x0048e3c9","FUN_0048e3c9","83","fun","C0","","",""
"SC3U.exe","0x0048e41c","FUN_0048e41c","48","fun","C0","","",""
"SC3U.exe","0x0048e44c","FUN_0048e44c","244","fun","C0","","",""
"SC3U.exe","0x0048e540","FUN_0048e540","143","fun","C0","","",""
"SC3U.exe","0x0048e5cf","FUN_0048e5cf","368","fun","C0","","",""
"SC3U.exe","0x0048e73f","FUN_0048e73f","143","fun","C0","","",""
"SC3U.exe","0x0048e7ce","FUN_0048e7ce","268","fun","C0","","",""
"SC3U.exe","0x0048e8da","FUN_0048e8da","285","fun","C0","","",""
"SC3U.exe","0x0048e9f7","FUN_0048e9f7","134","fun","C0","","",""
"SC3U.exe","0x0048ea7d","FUN_0048ea7d","65","fun","C0","","",""
"SC3U.exe","0x0048eabe","FUN_0048eabe","17","fun","C0","","",""
"SC3U.exe","0x0048eacf","FUN_0048eacf","107","fun","C0","","",""
"SC3U.exe","0x0048eb3a","FUN_0048eb3a","69","fun","C0","","",""
"SC3U.exe","0x0048eb7f","FUN_0048eb7f","17","fun","C0","","",""
"SC3U.exe","0x0048eb90","FUN_0048eb90","204","fun","C0","","",""
"SC3U.exe","0x0048ec5c","FUN_0048ec5c","8","fun","C0","","",""
"SC3U.exe","0x0048ec64","FUN_0048ec64","46","fun","C0","","",""
"SC3U.exe","0x0048ec92","FUN_0048ec92","336","fun","C0","","",""
"SC3U.exe","0x0048ede2","FUN_0048ede2","17","fun","C0","","",""
"SC3U.exe","0x0048edf3","FUN_0048edf3","246","fun","C0","","",""
"SC3U.exe","0x0048eee9","FUN_0048eee9","19","fun","C0","","",""
"SC3U.exe","0x0048eefc","FUN_0048eefc","14","fun","C0","","",""
"SC3U.exe","0x0048ef0a","FUN_0048ef0a","319","fun","C0","","",""
"SC3U.exe","0x0048f049","FUN_0048f049","26","fun","C0","","",""
"SC3U.exe","0x0048f063","FUN_0048f063","26","fun","C0","","",""
"SC3U.exe","0x0048f07d","FUN_0048f07d","351","fun","C0","","",""
"SC3U.exe","0x0048f1dc","FUN_0048f1dc","181","fun","C0","","",""
"SC3U.exe","0x0048f291","FUN_0048f291","172","fun","C0","","",""
"SC3U.exe","0x0048f33d","FUN_0048f33d","128","fun","C0","","",""
"SC3U.exe","0x0048f3bd","FUN_0048f3bd","127","fun","C0","","",""
"SC3U.exe","0x0048f43c","FUN_0048f43c","112","fun","C0","","",""
"SC3U.exe","0x0048f4c1","FUN_0048f4c1","7","fun","C0","","",""
"SC3U.exe","0x0048f4fb","FUN_0048f4fb","96","fun","C0","","",""
"SC3U.exe","0x0048f570","FUN_0048f570","17","fun","C0","","",""
"SC3U.exe","0x0048f581","FUN_0048f581","166","fun","C0","","",""
"SC3U.exe","0x0048f627","FUN_0048f627","85","fun","C0","","",""
"SC3U.exe","0x0048f67c","FUN_0048f67c","139","fun","C0","","",""
"SC3U.exe","0x0048f707","FUN_0048f707","63","fun","C0","","",""
"SC3U.exe","0x0048f746","FUN_0048f746","145","fun","C0","","",""
"SC3U.exe","0x0048f7d7","FUN_0048f7d7","98","fun","C0","","",""
"SC3U.exe","0x0048f839","FUN_0048f839","529","fun","C0","","",""
"SC3U.exe","0x0048fa4a","FUN_0048fa4a","99","fun","C0","","",""
"SC3U.exe","0x0048fab7","FUN_0048fab7","52","fun","C0","","",""
"SC3U.exe","0x0048faeb","FUN_0048faeb","21","fun","C0","","",""
"SC3U.exe","0x0048fb00","FUN_0048fb00","149","fun","C0","","",""
"SC3U.exe","0x0048fb95","FUN_0048fb95","79","fun","C0","","",""
"SC3U.exe","0x0048fbe4","FUN_0048fbe4","8","fun","C0","","",""
"SC3U.exe","0x0048fbec","FUN_0048fbec","614","fun","C0","","",""
"SC3U.exe","0x0048fe52","FUN_0048fe52","113","fun","C0","","",""
"SC3U.exe","0x0048fec3","FUN_0048fec3","138","fun","C0","","",""
"SC3U.exe","0x0048ff4d","FUN_0048ff4d","115","fun","C0","","",""
"SC3U.exe","0x0048ffc0","FUN_0048ffc0","260","fun","C0","","",""
"SC3U.exe","0x004900c4","FUN_004900c4","278","fun","C0","","",""
"SC3U.exe","0x004901da","FUN_004901da","339","fun","C0","","",""
"SC3U.exe","0x0049032d","FUN_0049032d","3874","fun","C0","","",""
"SC3U.exe","0x0049124f","FUN_0049124f","181","fun","C0","","",""
"SC3U.exe","0x00491304","FUN_00491304","80","fun","C0","","",""
"SC3U.exe","0x00491354","FUN_00491354","183","fun","C0","","",""
"SC3U.exe","0x0049140b","FUN_0049140b","2519","fun","C0","","",""
"SC3U.exe","0x00491de2","FUN_00491de2","222","fun","C0","","",""
"SC3U.exe","0x00491ec0","FUN_00491ec0","626","fun","C0","","",""
"SC3U.exe","0x00492132","thunk_FUN_004921ec","5","thunk","thunk","","",""
"SC3U.exe","0x00492137","FUN_00492137","181","fun","C0","","",""
"SC3U.exe","0x004921ec","FUN_004921ec","80","fun","C0","","",""
"SC3U.exe","0x0049223c","FUN_0049223c","740","fun","C0","","",""
"SC3U.exe","0x00492554","FUN_00492554","5","fun","C0","","",""
"SC3U.exe","0x00492559","FUN_00492559","69","fun","C0","","",""
"SC3U.exe","0x0049259e","FUN_0049259e","136","fun","C0","","",""
"SC3U.exe","0x00492626","FUN_00492626","118","fun","C0","","",""
"SC3U.exe","0x004926aa","FUN_004926aa","101","fun","C0","","",""
"SC3U.exe","0x0049270f","FUN_0049270f","150","fun","C0","","",""
"SC3U.exe","0x004927a5","FUN_004927a5","83","fun","C0","","",""
"SC3U.exe","0x004927f8","FUN_004927f8","83","fun","C0","","",""
"SC3U.exe","0x0049284b","FUN_0049284b","280","fun","C0","","",""
"SC3U.exe","0x00492963","FUN_00492963","10","fun","C0","","",""
"SC3U.exe","0x0049296d","FUN_0049296d","35","fun","C0","","",""
"SC3U.exe","0x00492990","FUN_00492990","45","fun","C0","","",""
"SC3U.exe","0x004929bd","FUN_004929bd","26","fun","C0","","",""
"SC3U.exe","0x004929d7","FUN_004929d7","731","fun","C0","","",""
"SC3U.exe","0x00492cb2","FUN_00492cb2","1801","fun","C0","","",""
"SC3U.exe","0x004933bb","FUN_004933bb","63","fun","C0","","",""
"SC3U.exe","0x004933fa","FUN_004933fa","44","fun","C0","","",""
"SC3U.exe","0x00493426","FUN_00493426","11","fun","C0","","",""
"SC3U.exe","0x00493431","FUN_00493431","45","fun","C0","","",""
"SC3U.exe","0x0049345e","FUN_0049345e","13","fun","C0","","",""
"SC3U.exe","0x0049346b","FUN_0049346b","99","fun","C0","","",""
"SC3U.exe","0x004934ce","FUN_004934ce","70","fun","C0","","",""
"SC3U.exe","0x00493514","FUN_00493514","40","fun","C0","","",""
"SC3U.exe","0x0049353c","FUN_0049353c","48","fun","C0","","",""
"SC3U.exe","0x0049356c","FUN_0049356c","98","fun","C0","","",""
"SC3U.exe","0x004935ce","FUN_004935ce","44","fun","C0","","",""
"SC3U.exe","0x004935fa","FUN_004935fa","11","fun","C0","","",""
"SC3U.exe","0x00493605","FUN_00493605","45","fun","C0","","",""
"SC3U.exe","0x00493632","thunk_FUN_0049398c","5","thunk","thunk","","",""
"SC3U.exe","0x00493637","FUN_00493637","13","fun","C0","","",""
"SC3U.exe","0x00493644","FUN_00493644","12","fun","C0","","",""
"SC3U.exe","0x00493650","FUN_00493650","70","fun","C0","","",""
"SC3U.exe","0x00493696","FUN_00493696","40","fun","C0","","",""
"SC3U.exe","0x004936be","FUN_004936be","48","fun","C0","","",""
"SC3U.exe","0x004936ee","FUN_004936ee","14","fun","C0","","",""
"SC3U.exe","0x004936fc","FUN_004936fc","39","fun","C0","","",""
"SC3U.exe","0x00493723","FUN_00493723","53","fun","C0","","",""
"SC3U.exe","0x00493758","FUN_00493758","44","fun","C0","","",""
"SC3U.exe","0x00493784","FUN_00493784","11","fun","C0","","",""
"SC3U.exe","0x0049378f","thunk_FUN_00493aad","5","thunk","thunk","","",""
"SC3U.exe","0x00493794","FUN_00493794","13","fun","C0","","",""
"SC3U.exe","0x004937a1","FUN_004937a1","44","fun","C0","","",""
"SC3U.exe","0x004937cd","FUN_004937cd","45","fun","C0","","",""
"SC3U.exe","0x004937fa","thunk_FUN_00493b04","5","thunk","thunk","","",""
"SC3U.exe","0x004937ff","FUN_004937ff","44","fun","C0","","",""
"SC3U.exe","0x0049382b","FUN_0049382b","38","fun","C0","","",""
"SC3U.exe","0x00493851","thunk_FUN_00493ba0","5","thunk","thunk","","",""
"SC3U.exe","0x00493856","FUN_00493856","40","fun","C0","","",""
"SC3U.exe","0x0049387e","FUN_0049387e","79","fun","C0","","",""
"SC3U.exe","0x004938cd","FUN_004938cd","60","fun","C0","","",""
"SC3U.exe","0x00493909","FUN_00493909","56","fun","C0","","",""
"SC3U.exe","0x00493941","FUN_00493941","35","fun","C0","","",""
"SC3U.exe","0x00493964","FUN_00493964","40","fun","C0","","",""
"SC3U.exe","0x0049398c","FUN_0049398c","21","fun","C0","","",""
"SC3U.exe","0x004939a1","FUN_004939a1","76","fun","C0","","",""
"SC3U.exe","0x004939ed","FUN_004939ed","32","fun","C0","","",""
"SC3U.exe","0x00493a0d","FUN_00493a0d","69","fun","C0","","",""
"SC3U.exe","0x00493a52","FUN_00493a52","25","fun","C0","","",""
"SC3U.exe","0x00493a6b","FUN_00493a6b","40","fun","C0","","",""
"SC3U.exe","0x00493a93","FUN_00493a93","26","fun","C0","","",""
"SC3U.exe","0x00493aad","FUN_00493aad","21","fun","C0","","",""
"SC3U.exe","0x00493ac2","FUN_00493ac2","40","fun","C0","","",""
"SC3U.exe","0x00493aea","FUN_00493aea","26","fun","C0","","",""
"SC3U.exe","0x00493b04","FUN_00493b04","21","fun","C0","","",""
"SC3U.exe","0x00493b19","FUN_00493b19","13","fun","C0","","",""
"SC3U.exe","0x00493b26","FUN_00493b26","11","fun","C0","","",""
"SC3U.exe","0x00493b31","FUN_00493b31","40","fun","C0","","",""
"SC3U.exe","0x00493b59","FUN_00493b59","45","fun","C0","","",""
"SC3U.exe","0x00493b86","FUN_00493b86","26","fun","C0","","",""
"SC3U.exe","0x00493ba0","FUN_00493ba0","21","fun","C0","","",""
"SC3U.exe","0x00493bb5","FUN_00493bb5","13","fun","C0","","",""
"SC3U.exe","0x00493bc2","FUN_00493bc2","80","fun","C0","","",""
"SC3U.exe","0x00493c12","Catch@00493c12","21","lib","lib","","",""
"SC3U.exe","0x00493c27","FUN_00493c27","80","fun","C0","","",""
"SC3U.exe","0x00493c77","Catch@00493c77","21","lib","lib","","",""
"SC3U.exe","0x00493c8c","FUN_00493c8c","80","fun","C0","","",""
"SC3U.exe","0x00493cdc","Catch@00493cdc","21","lib","lib","","",""
"SC3U.exe","0x00493cf1","FUN_00493cf1","68","fun","C0","","",""
"SC3U.exe","0x00493d35","Catch@00493d35","21","lib","lib","","",""
"SC3U.exe","0x00493d4a","FUN_00493d4a","80","fun","C0","","",""
"SC3U.exe","0x00493d9a","Catch@00493d9a","21","lib","lib","","",""
"SC3U.exe","0x00493db6","FUN_00493db6","373","fun","C0","","",""
"SC3U.exe","0x00493f2b","FUN_00493f2b","13","fun","C0","","",""
"SC3U.exe","0x00493f38","FUN_00493f38","421","fun","C0","","",""
"SC3U.exe","0x004940dd","Catch@004940dd","56","lib","lib","","",""
"SC3U.exe","0x00494222","FUN_00494222","542","fun","C0","","",""
"SC3U.exe","0x00494440","Catch@00494440","56","lib","lib","","",""
"SC3U.exe","0x00494478","FUN_00494478","52","fun","C0","","",""
"SC3U.exe","0x004944ac","FUN_004944ac","369","fun","C0","","",""
"SC3U.exe","0x0049461d","Catch@0049461d","53","lib","lib","","",""
"SC3U.exe","0x00494756","FUN_00494756","269","fun","C0","","",""
"SC3U.exe","0x00494863","Catch@00494863","30","lib","lib","","",""
"SC3U.exe","0x00494881","FUN_00494881","52","fun","C0","","",""
"SC3U.exe","0x004948b5","FUN_004948b5","132","fun","C0","","",""
"SC3U.exe","0x00494939","FUN_00494939","52","fun","C0","","",""
"SC3U.exe","0x0049496d","FUN_0049496d","52","fun","C0","","",""
"SC3U.exe","0x004949a1","FUN_004949a1","9","fun","C0","","",""
"SC3U.exe","0x004949aa","FUN_004949aa","45","fun","C0","","",""
"SC3U.exe","0x004949d7","FUN_004949d7","60","fun","C0","","",""
"SC3U.exe","0x00494a13","FUN_00494a13","45","fun","C0","","",""
"SC3U.exe","0x00494a40","FUN_00494a40","54","fun","C0","","",""
"SC3U.exe","0x00494a76","FUN_00494a76","25","fun","C0","","",""
"SC3U.exe","0x00494a8f","FUN_00494a8f","62","fun","C0","","",""
"SC3U.exe","0x00494ada","FUN_00494ada","26","fun","C0","","",""
"SC3U.exe","0x00494af4","FUN_00494af4","125","fun","C0","","",""
"SC3U.exe","0x00494b71","FUN_00494b71","101","fun","C0","","",""
"SC3U.exe","0x00494bd6","FUN_00494bd6","55","fun","C0","","",""
"SC3U.exe","0x00494c0d","FUN_00494c0d","169","fun","C0","","",""
"SC3U.exe","0x00494cb6","FUN_00494cb6","67","fun","C0","","",""
"SC3U.exe","0x00494cf9","FUN_00494cf9","47","fun","C0","","",""
"SC3U.exe","0x00494d28","FUN_00494d28","62","fun","C0","","",""
"SC3U.exe","0x00494d66","FUN_00494d66","90","fun","C0","","",""
"SC3U.exe","0x00494dc0","Catch@00494dc0","33","lib","lib","","",""
"SC3U.exe","0x00494de1","FUN_00494de1","95","fun","C0","","",""
"SC3U.exe","0x00494e40","FUN_00494e40","13","fun","C0","","",""
"SC3U.exe","0x00494e4d","FUN_00494e4d","87","fun","C0","","",""
"SC3U.exe","0x00494ea4","Catch@00494ea4","30","lib","lib","","",""
"SC3U.exe","0x00494ec2","FUN_00494ec2","56","fun","C0","","",""
"SC3U.exe","0x00494efa","FUN_00494efa","184","fun","C0","","",""
"SC3U.exe","0x00494fb2","FUN_00494fb2","9","fun","C0","","",""
"SC3U.exe","0x00494ff7","FUN_00494ff7","54","fun","C0","","",""
"SC3U.exe","0x00495063","FUN_00495063","52","fun","C0","","",""
"SC3U.exe","0x00495097","FUN_00495097","61","fun","C0","","",""
"SC3U.exe","0x004950d4","FUN_004950d4","15","fun","C0","","",""
"SC3U.exe","0x004950e3","FUN_004950e3","52","fun","C0","","",""
"SC3U.exe","0x00495117","FUN_00495117","132","fun","C0","","",""
"SC3U.exe","0x0049519b","FUN_0049519b","45","fun","C0","","",""
"SC3U.exe","0x004951c8","FUN_004951c8","60","fun","C0","","",""
"SC3U.exe","0x00495204","FUN_00495204","87","fun","C0","","",""
"SC3U.exe","0x0049524a","Catch@0049524a","29","lib","lib","","",""
"SC3U.exe","0x00495278","FUN_00495278","61","fun","C0","","",""
"SC3U.exe","0x004952b5","FUN_004952b5","15","fun","C0","","",""
"SC3U.exe","0x004952c4","FUN_004952c4","87","fun","C0","","",""
"SC3U.exe","0x0049530a","Catch@0049530a","29","lib","lib","","",""
"SC3U.exe","0x00495338","FUN_00495338","87","fun","C0","","",""
"SC3U.exe","0x0049537e","Catch@0049537e","29","lib","lib","","",""
"SC3U.exe","0x004953ac","FUN_004953ac","87","fun","C0","","",""
"SC3U.exe","0x004953f2","Catch@004953f2","29","lib","lib","","",""
"SC3U.exe","0x00495420","FUN_00495420","87","fun","C0","","",""
"SC3U.exe","0x00495466","Catch@00495466","29","lib","lib","","",""
"SC3U.exe","0x00495494","FUN_00495494","31","fun","C0","","",""
"SC3U.exe","0x004954fd","FUN_004954fd","162","fun","C0","","",""
"SC3U.exe","0x0049559f","FUN_0049559f","197","fun","C0","","",""
"SC3U.exe","0x00495664","FUN_00495664","479","fun","C0","","",""
"SC3U.exe","0x00495843","FUN_00495843","177","fun","C0","","",""
"SC3U.exe","0x004958fd","FUN_004958fd","128","fun","C0","","",""
"SC3U.exe","0x0049597d","FUN_0049597d","78","fun","C0","","",""
"SC3U.exe","0x004959cb","FUN_004959cb","256","fun","C0","","",""
"SC3U.exe","0x00495acb","FUN_00495acb","122","fun","C0","","",""
"SC3U.exe","0x00495b45","FUN_00495b45","4","fun","C0","","",""
"SC3U.exe","0x00495b49","FUN_00495b49","122","fun","C0","","",""
"SC3U.exe","0x00495bc3","FUN_00495bc3","122","fun","C0","","",""
"SC3U.exe","0x00495c3d","FUN_00495c3d","122","fun","C0","","",""
"SC3U.exe","0x00495cb7","FUN_00495cb7","122","fun","C0","","",""
"SC3U.exe","0x00495d31","FUN_00495d31","122","fun","C0","","",""
"SC3U.exe","0x00495dab","FUN_00495dab","125","fun","C0","","",""
"SC3U.exe","0x00495e28","FUN_00495e28","125","fun","C0","","",""
"SC3U.exe","0x00495ea5","FUN_00495ea5","125","fun","C0","","",""
"SC3U.exe","0x00495f22","FUN_00495f22","7","fun","C0","","",""
"SC3U.exe","0x00495f33","FUN_00495f33","26","fun","C0","","",""
"SC3U.exe","0x00495f4d","FUN_00495f4d","15","fun","C0","","",""
"SC3U.exe","0x00495f5c","FUN_00495f5c","15","fun","C0","","",""
"SC3U.exe","0x00495f6b","FUN_00495f6b","15","fun","C0","","",""
"SC3U.exe","0x00495f7a","FUN_00495f7a","15","fun","C0","","",""
"SC3U.exe","0x00495f89","FUN_00495f89","15","fun","C0","","",""
"SC3U.exe","0x00495f98","FUN_00495f98","18","fun","C0","","",""
"SC3U.exe","0x00495faa","FUN_00495faa","18","fun","C0","","",""
"SC3U.exe","0x00495fbc","FUN_00495fbc","18","fun","C0","","",""
"SC3U.exe","0x00495fce","FUN_00495fce","13","fun","C0","","",""
"SC3U.exe","0x00495fdb","FUN_00495fdb","1167","fun","C0","","",""
"SC3U.exe","0x0049646a","FUN_0049646a","324","fun","C0","","",""
"SC3U.exe","0x004965ae","FUN_004965ae","44","fun","C0","","",""
"SC3U.exe","0x004965da","FUN_004965da","454","fun","C0","","",""
"SC3U.exe","0x004967a0","FUN_004967a0","369","fun","C0","","",""
"SC3U.exe","0x00496911","FUN_00496911","84","fun","C0","","",""
"SC3U.exe","0x00496965","FUN_00496965","313","fun","C0","","",""
"SC3U.exe","0x00496aeb","FUN_00496aeb","347","fun","C0","","",""
"SC3U.exe","0x00496c46","FUN_00496c46","257","fun","C0","","",""
"SC3U.exe","0x00496d47","FUN_00496d47","1224","fun","C0","","",""
"SC3U.exe","0x0049720f","FUN_0049720f","371","fun","C0","","",""
"SC3U.exe","0x00497382","FUN_00497382","924","fun","C0","","",""
"SC3U.exe","0x0049771e","FUN_0049771e","199","fun","C0","","",""
"SC3U.exe","0x004977e5","FUN_004977e5","535","fun","C0","","",""
"SC3U.exe","0x004979fc","FUN_004979fc","580","fun","C0","","",""
"SC3U.exe","0x00497c40","FUN_00497c40","140","fun","C0","","",""
"SC3U.exe","0x00497ccc","FUN_00497ccc","281","fun","C0","","",""
"SC3U.exe","0x00497de5","FUN_00497de5","125","fun","C0","","",""
"SC3U.exe","0x00497e62","FUN_00497e62","125","fun","C0","","",""
"SC3U.exe","0x00497edf","FUN_00497edf","12","fun","C0","","",""
"SC3U.exe","0x00497eeb","FUN_00497eeb","36","fun","C0","","",""
"SC3U.exe","0x00497f0f","FUN_00497f0f","12","fun","C0","","",""
"SC3U.exe","0x00497f1b","FUN_00497f1b","180","fun","C0","","",""
"SC3U.exe","0x00497fcf","FUN_00497fcf","272","fun","C0","","",""
"SC3U.exe","0x004980df","FUN_004980df","108","fun","C0","","",""
"SC3U.exe","0x0049814b","FUN_0049814b","370","fun","C0","","",""
"SC3U.exe","0x004982c7","FUN_004982c7","234","fun","C0","","",""
"SC3U.exe","0x004983e7","FUN_004983e7","81","fun","C0","","",""
"SC3U.exe","0x00498489","FUN_00498489","420","fun","C0","","",""
"SC3U.exe","0x0049862d","FUN_0049862d","300","fun","C0","","",""
"SC3U.exe","0x00498759","FUN_00498759","28","fun","C0","","",""
"SC3U.exe","0x00498775","FUN_00498775","147","fun","C0","","",""
"SC3U.exe","0x00498808","FUN_00498808","13","fun","C0","","",""
"SC3U.exe","0x00498815","FUN_00498815","69","fun","C0","","",""
"SC3U.exe","0x004988a9","FUN_004988a9","149","fun","C0","","",""
"SC3U.exe","0x0049893e","FUN_0049893e","599","fun","C0","","",""
"SC3U.exe","0x00498b95","FUN_00498b95","184","fun","C0","","",""
"SC3U.exe","0x00498c4d","FUN_00498c4d","114","fun","C0","","",""
"SC3U.exe","0x00498ce0","FUN_00498ce0","176","fun","C0","","",""
"SC3U.exe","0x00498d90","FUN_00498d90","157","fun","C0","","",""
"SC3U.exe","0x00498e77","FUN_00498e77","48","fun","C0","","",""
"SC3U.exe","0x00498ea7","FUN_00498ea7","10","fun","C0","","",""
"SC3U.exe","0x00498eb5","FUN_00498eb5","13","fun","C0","","",""
"SC3U.exe","0x00498ee3","FUN_00498ee3","122","fun","C0","","",""
"SC3U.exe","0x00498f5d","FUN_00498f5d","148","fun","C0","","",""
"SC3U.exe","0x00498ff1","FUN_00498ff1","180","fun","C0","","",""
"SC3U.exe","0x004990a5","FUN_004990a5","196","fun","C0","","",""
"SC3U.exe","0x00499169","FUN_00499169","19","fun","C0","","",""
"SC3U.exe","0x0049917c","FUN_0049917c","133","fun","C0","","",""
"SC3U.exe","0x00499201","FUN_00499201","358","fun","C0","","",""
"SC3U.exe","0x00499367","FUN_00499367","510","fun","C0","","",""
"SC3U.exe","0x00499565","FUN_00499565","505","fun","C0","","",""
"SC3U.exe","0x0049975e","FUN_0049975e","107","fun","C0","","",""
"SC3U.exe","0x004997c9","FUN_004997c9","33","fun","C0","","",""
"SC3U.exe","0x004997ea","FUN_004997ea","10","fun","C0","","",""
"SC3U.exe","0x0049984f","FUN_0049984f","10","fun","C0","","",""
"SC3U.exe","0x00499859","FUN_00499859","12","fun","C0","","",""
"SC3U.exe","0x0049988f","FUN_0049988f","18","fun","C0","","",""
"SC3U.exe","0x004998a1","FUN_004998a1","12","fun","C0","","",""
"SC3U.exe","0x004998d2","FUN_004998d2","10","fun","C0","","",""
"SC3U.exe","0x004998dc","FUN_004998dc","12","fun","C0","","",""
"SC3U.exe","0x0049990d","FUN_0049990d","1","fun","C0","","",""
"SC3U.exe","0x0049990e","FUN_0049990e","12","fun","C0","","",""
"SC3U.exe","0x00499923","FUN_00499923","59","fun","C0","","",""
"SC3U.exe","0x0049995e","FUN_0049995e","28","fun","C0","","",""
"SC3U.exe","0x0049997a","FUN_0049997a","57","fun","C0","","",""
"SC3U.exe","0x004999c0","FUN_004999c0","36","fun","C0","","",""
"SC3U.exe","0x00499a2a","FUN_00499a2a","112","fun","C0","","",""
"SC3U.exe","0x00499a9a","FUN_00499a9a","82","fun","C0","","",""
"SC3U.exe","0x00499aec","FUN_00499aec","95","fun","C0","","",""
"SC3U.exe","0x00499b4b","FUN_00499b4b","617","fun","C0","","",""
"SC3U.exe","0x00499db4","FUN_00499db4","29","fun","C0","","",""
"SC3U.exe","0x00499dfa","FUN_00499dfa","4","fun","C0","","",""
"SC3U.exe","0x00499dfe","FUN_00499dfe","28","fun","C0","","",""
"SC3U.exe","0x00499e1a","FUN_00499e1a","23","fun","C0","","",""
"SC3U.exe","0x00499e55","FUN_00499e55","143","fun","C0","","",""
"SC3U.exe","0x00499ef8","FUN_00499ef8","202","fun","C0","","",""
"SC3U.exe","0x00499fc2","FUN_00499fc2","20","fun","C0","","",""
"SC3U.exe","0x00499fd6","FUN_00499fd6","85","fun","C0","","",""
"SC3U.exe","0x0049a02b","FUN_0049a02b","200","fun","C0","","",""
"SC3U.exe","0x0049a0f3","FUN_0049a0f3","120","fun","C0","","",""
"SC3U.exe","0x0049a16b","FUN_0049a16b","176","fun","C0","","",""
"SC3U.exe","0x0049a21b","FUN_0049a21b","208","fun","C0","","",""
"SC3U.exe","0x0049a2eb","FUN_0049a2eb","362","fun","C0","","",""
"SC3U.exe","0x0049a455","FUN_0049a455","94","fun","C0","","",""
"SC3U.exe","0x0049a4b3","FUN_0049a4b3","25","fun","C0","","",""
"SC3U.exe","0x0049a4cc","FUN_0049a4cc","17","fun","C0","","",""
"SC3U.exe","0x0049a4dd","FUN_0049a4dd","54","fun","C0","","",""
"SC3U.exe","0x0049a513","FUN_0049a513","26","fun","C0","","",""
"SC3U.exe","0x0049a52d","FUN_0049a52d","44","fun","C0","","",""
"SC3U.exe","0x0049a559","FUN_0049a559","11","fun","C0","","",""
"SC3U.exe","0x0049a564","FUN_0049a564","45","fun","C0","","",""
"SC3U.exe","0x0049a591","FUN_0049a591","38","fun","C0","","",""
"SC3U.exe","0x0049a5b7","FUN_0049a5b7","13","fun","C0","","",""
"SC3U.exe","0x0049a5c9","FUN_0049a5c9","13","fun","C0","","",""
"SC3U.exe","0x0049a5d6","FUN_0049a5d6","67","fun","C0","","",""
"SC3U.exe","0x0049a619","FUN_0049a619","54","fun","C0","","",""
"SC3U.exe","0x0049a64f","FUN_0049a64f","41","fun","C0","","",""
"SC3U.exe","0x0049a678","FUN_0049a678","12","fun","C0","","",""
"SC3U.exe","0x0049a684","FUN_0049a684","40","fun","C0","","",""
"SC3U.exe","0x0049a6ac","FUN_0049a6ac","21","fun","C0","","",""
"SC3U.exe","0x0049a6c1","FUN_0049a6c1","80","fun","C0","","",""
"SC3U.exe","0x0049a711","Catch@0049a711","21","lib","lib","","",""
"SC3U.exe","0x0049a72d","FUN_0049a72d","46","fun","C0","","",""
"SC3U.exe","0x0049a75b","FUN_0049a75b","202","fun","C0","","",""
"SC3U.exe","0x0049a825","FUN_0049a825","44","fun","C0","","",""
"SC3U.exe","0x0049a851","FUN_0049a851","154","fun","C0","","",""
"SC3U.exe","0x0049a8eb","FUN_0049a8eb","52","fun","C0","","",""
"SC3U.exe","0x0049a91f","FUN_0049a91f","27","fun","C0","","",""
"SC3U.exe","0x0049a93a","FUN_0049a93a","161","fun","C0","","",""
"SC3U.exe","0x0049a9db","FUN_0049a9db","80","fun","C0","","",""
"SC3U.exe","0x0049aa2b","Catch@0049aa2b","21","lib","lib","","",""
"SC3U.exe","0x0049aa40","FUN_0049aa40","67","fun","C0","","",""
"SC3U.exe","0x0049aacd","FUN_0049aacd","20","fun","C0","","",""
"SC3U.exe","0x0049aaef","FUN_0049aaef","7","fun","C0","","",""
"SC3U.exe","0x0049ab1c","FUN_0049ab1c","39","fun","C0","","",""
"SC3U.exe","0x0049ab68","FUN_0049ab68","94","fun","C0","","",""
"SC3U.exe","0x0049abc6","FUN_0049abc6","190","fun","C0","","",""
"SC3U.exe","0x0049ac84","FUN_0049ac84","94","fun","C0","","",""
"SC3U.exe","0x0049ace2","FUN_0049ace2","203","fun","C0","","",""
"SC3U.exe","0x0049adad","FUN_0049adad","41","fun","C0","","",""
"SC3U.exe","0x0049add6","FUN_0049add6","10","fun","C0","","",""
"SC3U.exe","0x0049ade0","FUN_0049ade0","148","fun","C0","","",""
"SC3U.exe","0x0049ae74","FUN_0049ae74","147","fun","C0","","",""
"SC3U.exe","0x0049af07","FUN_0049af07","161","fun","C0","","",""
"SC3U.exe","0x0049afa8","FUN_0049afa8","28","fun","C0","","",""
"SC3U.exe","0x0049afc4","FUN_0049afc4","23","fun","C0","","",""
"SC3U.exe","0x0049afe5","FUN_0049afe5","1","fun","C0","","",""
"SC3U.exe","0x0049afe6","FUN_0049afe6","12","fun","C0","","",""
"SC3U.exe","0x0049b00a","FUN_0049b00a","232","fun","C0","","",""
"SC3U.exe","0x0049b0f2","FUN_0049b0f2","35","fun","C0","","",""
"SC3U.exe","0x0049b115","FUN_0049b115","32","fun","C0","","",""
"SC3U.exe","0x0049b135","FUN_0049b135","178","fun","C0","","",""
"SC3U.exe","0x0049b1e7","FUN_0049b1e7","150","fun","C0","","",""
"SC3U.exe","0x0049b27d","FUN_0049b27d","52","fun","C0","","",""
"SC3U.exe","0x0049b302","FUN_0049b302","61","fun","C0","","",""
"SC3U.exe","0x0049b33f","FUN_0049b33f","282","fun","C0","","",""
"SC3U.exe","0x0049b459","FUN_0049b459","32","fun","C0","","",""
"SC3U.exe","0x0049b479","FUN_0049b479","121","fun","C0","","",""
"SC3U.exe","0x0049b4f2","FUN_0049b4f2","237","fun","C0","","",""
"SC3U.exe","0x0049b5df","FUN_0049b5df","122","fun","C0","","",""
"SC3U.exe","0x0049b6a8","FUN_0049b6a8","130","fun","C0","","",""
"SC3U.exe","0x0049b72a","FUN_0049b72a","97","fun","C0","","",""
"SC3U.exe","0x0049b78b","FUN_0049b78b","139","fun","C0","","",""
"SC3U.exe","0x0049b816","FUN_0049b816","250","fun","C0","","",""
"SC3U.exe","0x0049b910","FUN_0049b910","193","fun","C0","","",""
"SC3U.exe","0x0049b9d1","FUN_0049b9d1","113","fun","C0","","",""
"SC3U.exe","0x0049ba42","FUN_0049ba42","437","fun","C0","","",""
"SC3U.exe","0x0049bbf7","FUN_0049bbf7","114","fun","C0","","",""
"SC3U.exe","0x0049bc69","FUN_0049bc69","94","fun","C0","","",""
"SC3U.exe","0x0049bcc7","FUN_0049bcc7","249","fun","C0","","",""
"SC3U.exe","0x0049bdc0","FUN_0049bdc0","250","fun","C0","","",""
"SC3U.exe","0x0049bf3b","FUN_0049bf3b","93","fun","C0","","",""
"SC3U.exe","0x0049bfaa","FUN_0049bfaa","28","fun","C0","","",""
"SC3U.exe","0x0049bfc6","FUN_0049bfc6","137","fun","C0","","",""
"SC3U.exe","0x0049c04f","FUN_0049c04f","106","fun","C0","","",""
"SC3U.exe","0x0049c0b9","FUN_0049c0b9","60","fun","C0","","",""
"SC3U.exe","0x0049c0f5","FUN_0049c0f5","78","fun","C0","","",""
"SC3U.exe","0x0049c143","FUN_0049c143","169","fun","C0","","",""
"SC3U.exe","0x0049c1ec","FUN_0049c1ec","178","fun","C2","network","sc3_net_create_socket_window","RegisterClassA('SocketWindowClass' 0x4f88d0, wndproc FUN_0049c0f5, cbWndExtra=4) if absent; CreateWindowExA('SocketWindow' 0x4f88c0, 16x16 hidden); SetWindowLongA(GWL_USERDATA) binds object; stores hwnd at obj+0x50; confirms LAUNCH_CONTROL §6 winsock window"
"SC3U.exe","0x0049c29e","FUN_0049c29e","14","fun","C0","","",""
"SC3U.exe","0x0049c34c","FUN_0049c34c","134","fun","C0","","",""
"SC3U.exe","0x0049c3f4","FUN_0049c3f4","125","fun","C0","","",""
"SC3U.exe","0x0049c47b","FUN_0049c47b","129","fun","C0","","",""
"SC3U.exe","0x0049c4fc","FUN_0049c4fc","126","fun","C0","","",""
"SC3U.exe","0x0049c57a","FUN_0049c57a","144","fun","C0","","",""
"SC3U.exe","0x0049c614","FUN_0049c614","133","fun","C0","","",""
"SC3U.exe","0x0049c6a9","FUN_0049c6a9","133","fun","C0","","",""
"SC3U.exe","0x0049c73e","FUN_0049c73e","20","fun","C0","","",""
"SC3U.exe","0x0049c752","FUN_0049c752","20","fun","C0","","",""
"SC3U.exe","0x0049c766","FUN_0049c766","297","fun","C0","","",""
"SC3U.exe","0x0049c88f","FUN_0049c88f","192","fun","C0","","",""
"SC3U.exe","0x0049c94f","FUN_0049c94f","188","fun","C0","","",""
"SC3U.exe","0x0049ca10","FUN_0049ca10","137","fun","C0","","",""
"SC3U.exe","0x0049ca99","FUN_0049ca99","137","fun","C0","","",""
"SC3U.exe","0x0049cb22","FUN_0049cb22","153","fun","C0","","",""
"SC3U.exe","0x0049cbbb","FUN_0049cbbb","141","fun","C0","","",""
"SC3U.exe","0x0049cc48","FUN_0049cc48","137","fun","C0","","",""
"SC3U.exe","0x0049ccd1","FUN_0049ccd1","140","fun","C0","","",""
"SC3U.exe","0x0049cd5d","FUN_0049cd5d","133","fun","C0","","",""
"SC3U.exe","0x0049cde2","FUN_0049cde2","133","fun","C0","","",""
"SC3U.exe","0x0049ce67","FUN_0049ce67","137","fun","C0","","",""
"SC3U.exe","0x0049cef0","FUN_0049cef0","137","fun","C0","","",""
"SC3U.exe","0x0049cf79","FUN_0049cf79","151","fun","C0","","",""
"SC3U.exe","0x0049d010","FUN_0049d010","151","fun","C0","","",""
"SC3U.exe","0x0049d0a7","FUN_0049d0a7","164","fun","C0","","",""
"SC3U.exe","0x0049d14b","FUN_0049d14b","151","fun","C0","","",""
"SC3U.exe","0x0049d1e2","FUN_0049d1e2","151","fun","C0","","",""
"SC3U.exe","0x0049d279","FUN_0049d279","154","fun","C0","","",""
"SC3U.exe","0x0049d313","FUN_0049d313","141","fun","C0","","",""
"SC3U.exe","0x0049d3a0","FUN_0049d3a0","141","fun","C0","","",""
"SC3U.exe","0x0049d42d","FUN_0049d42d","149","fun","C0","","",""
"SC3U.exe","0x0049d4c2","FUN_0049d4c2","151","fun","C0","","",""
"SC3U.exe","0x0049d559","FUN_0049d559","31","fun","C0","","",""
"SC3U.exe","0x0049d58c","FUN_0049d58c","28","fun","C0","","",""
"SC3U.exe","0x0049d5a8","thunk_FUN_0049c0b9","5","thunk","thunk","","",""
"SC3U.exe","0x0049d5ad","FUN_0049d5ad","37","fun","C0","","",""
"SC3U.exe","0x0049d5d2","FUN_0049d5d2","36","fun","C0","","",""
"SC3U.exe","0x0049d5f6","FUN_0049d5f6","170","fun","C0","","",""
"SC3U.exe","0x0049d6a0","FUN_0049d6a0","170","fun","C0","","",""
"SC3U.exe","0x0049d74a","FUN_0049d74a","154","fun","C0","","",""
"SC3U.exe","0x0049d800","FUN_0049d800","40","fun","C0","","",""
"SC3U.exe","0x0049d82c","FUN_0049d82c","28","fun","C0","","",""
"SC3U.exe","0x0049d848","FUN_0049d848","42","fun","C0","","",""
"SC3U.exe","0x0049d872","FUN_0049d872","40","fun","C0","","",""
"SC3U.exe","0x0049d89a","FUN_0049d89a","180","fun","C0","","",""
"SC3U.exe","0x0049d94e","FUN_0049d94e","180","fun","C0","","",""
"SC3U.exe","0x0049da02","FUN_0049da02","155","fun","C0","","",""
"SC3U.exe","0x0049da9d","FUN_0049da9d","180","fun","C0","","",""
"SC3U.exe","0x0049db51","FUN_0049db51","159","fun","C0","","",""
"SC3U.exe","0x0049dbf0","FUN_0049dbf0","87","fun","C0","","",""
"SC3U.exe","0x0049dc63","FUN_0049dc63","127","fun","C0","","",""
"SC3U.exe","0x0049dce2","FUN_0049dce2","129","fun","C0","","",""
"SC3U.exe","0x0049dd63","FUN_0049dd63","30","fun","C0","","",""
"SC3U.exe","0x0049dd81","FUN_0049dd81","146","fun","C0","","",""
"SC3U.exe","0x0049de13","FUN_0049de13","78","fun","C0","","",""
"SC3U.exe","0x0049de61","FUN_0049de61","155","fun","C0","","",""
"SC3U.exe","0x0049df30","FUN_0049df30","609","fun","C0","","",""
"SC3U.exe","0x0049e2ad","FUN_0049e2ad","97","fun","C0","","",""
"SC3U.exe","0x0049e30e","FUN_0049e30e","28","fun","C0","","",""
"SC3U.exe","0x0049e32a","FUN_0049e32a","99","fun","C0","","",""
"SC3U.exe","0x0049e38d","FUN_0049e38d","30","fun","C0","","",""
"SC3U.exe","0x0049e3ab","FUN_0049e3ab","35","fun","C0","","",""
"SC3U.exe","0x0049e3ce","FUN_0049e3ce","33","fun","C0","","",""
"SC3U.exe","0x0049e3ef","FUN_0049e3ef","66","fun","C0","","",""
"SC3U.exe","0x0049e43b","FUN_0049e43b","82","fun","C0","","",""
"SC3U.exe","0x0049e48d","FUN_0049e48d","130","fun","C0","","",""
"SC3U.exe","0x0049e50f","FUN_0049e50f","167","fun","C0","","",""
"SC3U.exe","0x0049e5b6","FUN_0049e5b6","232","fun","C0","","",""
"SC3U.exe","0x0049e69e","FUN_0049e69e","104","fun","C0","","",""
"SC3U.exe","0x0049e706","FUN_0049e706","828","fun","C0","","",""
"SC3U.exe","0x0049ea42","FUN_0049ea42","44","fun","C0","","",""
"SC3U.exe","0x0049ea6e","FUN_0049ea6e","152","fun","C0","","",""
"SC3U.exe","0x0049eb5a","FUN_0049eb5a","90","fun","C0","","",""
"SC3U.exe","0x0049ebb4","FUN_0049ebb4","734","fun","C0","","",""
"SC3U.exe","0x0049ee92","FUN_0049ee92","159","fun","C0","","",""
"SC3U.exe","0x0049ef31","FUN_0049ef31","168","fun","C0","","",""
"SC3U.exe","0x0049efd9","FUN_0049efd9","1471","fun","C0","","",""
"SC3U.exe","0x0049f598","FUN_0049f598","90","fun","C0","","",""
"SC3U.exe","0x0049f5ff","~CParkingWnd","53","lib","lib","","",""
"SC3U.exe","0x0049f634","FUN_0049f634","93","fun","C0","","",""
"SC3U.exe","0x0049f691","FUN_0049f691","108","fun","C0","","",""
"SC3U.exe","0x0049f6fd","FUN_0049f6fd","566","fun","C0","","",""
"SC3U.exe","0x0049f933","FUN_0049f933","219","fun","C0","","",""
"SC3U.exe","0x0049fa0e","FUN_0049fa0e","116","fun","C0","","",""
"SC3U.exe","0x0049fa82","FUN_0049fa82","77","fun","C0","","",""
"SC3U.exe","0x0049facf","FUN_0049facf","77","fun","C0","","",""
"SC3U.exe","0x0049fb1c","FUN_0049fb1c","97","fun","C0","","",""
"SC3U.exe","0x0049fb7d","FUN_0049fb7d","686","fun","C0","","",""
"SC3U.exe","0x0049fe2b","FUN_0049fe2b","743","fun","C0","","",""
"SC3U.exe","0x004a0112","FUN_004a0112","381","fun","C0","","",""
"SC3U.exe","0x004a02bb","FUN_004a02bb","32","fun","C0","","",""
"SC3U.exe","0x004a02db","FUN_004a02db","210","fun","C0","","",""
"SC3U.exe","0x004a03ad","FUN_004a03ad","73","fun","C0","","",""
"SC3U.exe","0x004a03f6","FUN_004a03f6","78","fun","C0","","",""
"SC3U.exe","0x004a0459","FUN_004a0459","48","fun","C0","","",""
"SC3U.exe","0x004a0489","FUN_004a0489","62","fun","C0","","",""
"SC3U.exe","0x004a04d6","FUN_004a04d6","329","fun","C0","","",""
"SC3U.exe","0x004a066a","FUN_004a066a","151","fun","C0","","",""
"SC3U.exe","0x004a0701","FUN_004a0701","1207","fun","C0","","",""
"SC3U.exe","0x004a0bb8","FUN_004a0bb8","69","fun","C0","","",""
"SC3U.exe","0x004a0bfd","FUN_004a0bfd","117","fun","C0","","",""
"SC3U.exe","0x004a0c72","FUN_004a0c72","155","fun","C0","","",""
"SC3U.exe","0x004a0d0d","FUN_004a0d0d","623","fun","C0","","",""
"SC3U.exe","0x004a0f7c","FUN_004a0f7c","1396","fun","C0","","",""
"SC3U.exe","0x004a1529","FUN_004a1529","97","fun","C0","","",""
"SC3U.exe","0x004a158a","FUN_004a158a","178","fun","C0","","",""
"SC3U.exe","0x004a163c","FUN_004a163c","294","fun","C0","","",""
"SC3U.exe","0x004a1762","FUN_004a1762","182","fun","C0","","",""
"SC3U.exe","0x004a1818","FUN_004a1818","102","fun","C0","","",""
"SC3U.exe","0x004a18df","FUN_004a18df","201","fun","C0","","",""
"SC3U.exe","0x004a19a8","FUN_004a19a8","222","fun","C0","","",""
"SC3U.exe","0x004a1a9d","FUN_004a1a9d","610","fun","C0","","",""
"SC3U.exe","0x004a1cff","FUN_004a1cff","1386","fun","C0","","",""
"SC3U.exe","0x004a2269","FUN_004a2269","82","fun","C0","","",""
"SC3U.exe","0x004a22bb","FUN_004a22bb","75","fun","C0","","",""
"SC3U.exe","0x004a2306","FUN_004a2306","284","fun","C0","","",""
"SC3U.exe","0x004a2427","FUN_004a2427","44","fun","C0","","",""
"SC3U.exe","0x004a2453","FUN_004a2453","11","fun","C0","","",""
"SC3U.exe","0x004a245e","FUN_004a245e","45","fun","C0","","",""
"SC3U.exe","0x004a248b","thunk_FUN_004a2648","5","thunk","thunk","","",""
"SC3U.exe","0x004a2490","FUN_004a2490","13","fun","C0","","",""
"SC3U.exe","0x004a249d","FUN_004a249d","72","fun","C0","","",""
"SC3U.exe","0x004a24e5","FUN_004a24e5","40","fun","C0","","",""
"SC3U.exe","0x004a250d","FUN_004a250d","73","fun","C0","","",""
"SC3U.exe","0x004a2556","FUN_004a2556","43","fun","C0","","",""
"SC3U.exe","0x004a2581","FUN_004a2581","54","fun","C0","","",""
"SC3U.exe","0x004a25b7","FUN_004a25b7","105","fun","C0","","",""
"SC3U.exe","0x004a2620","FUN_004a2620","40","fun","C0","","",""
"SC3U.exe","0x004a2648","FUN_004a2648","21","fun","C0","","",""
"SC3U.exe","0x004a265d","FUN_004a265d","79","fun","C0","","",""
"SC3U.exe","0x004a26ac","FUN_004a26ac","35","fun","C0","","",""
"SC3U.exe","0x004a26cf","FUN_004a26cf","84","fun","C0","","",""
"SC3U.exe","0x004a2723","FUN_004a2723","37","fun","C0","","",""
"SC3U.exe","0x004a2748","FUN_004a2748","80","fun","C0","","",""
"SC3U.exe","0x004a2798","Catch@004a2798","21","lib","lib","","",""
"SC3U.exe","0x004a27b4","FUN_004a27b4","94","fun","C0","","",""
"SC3U.exe","0x004a2812","FUN_004a2812","52","fun","C0","","",""
"SC3U.exe","0x004a2846","FUN_004a2846","432","fun","C0","","",""
"SC3U.exe","0x004a29f6","Catch@004a29f6","56","lib","lib","","",""
"SC3U.exe","0x004a2a2e","FUN_004a2a2e","269","fun","C0","","",""
"SC3U.exe","0x004a2b3b","FUN_004a2b3b","411","fun","C0","","",""
"SC3U.exe","0x004a2cd6","Catch@004a2cd6","60","lib","lib","","",""
"SC3U.exe","0x004a2d12","FUN_004a2d12","68","fun","C0","","",""
"SC3U.exe","0x004a2d56","FUN_004a2d56","45","fun","C0","","",""
"SC3U.exe","0x004a2d83","FUN_004a2d83","62","fun","C0","","",""
"SC3U.exe","0x004a2dc1","FUN_004a2dc1","54","fun","C0","","",""
"SC3U.exe","0x004a2df7","FUN_004a2df7","61","fun","C0","","",""
"SC3U.exe","0x004a2e34","FUN_004a2e34","49","fun","C0","","",""
"SC3U.exe","0x004a2e65","FUN_004a2e65","165","fun","C0","","",""
"SC3U.exe","0x004a2f0a","FUN_004a2f0a","167","fun","C0","","",""
"SC3U.exe","0x004a2fb1","FUN_004a2fb1","99","fun","C0","","",""
"SC3U.exe","0x004a3014","FUN_004a3014","90","fun","C0","","",""
"SC3U.exe","0x004a306e","Catch@004a306e","33","lib","lib","","",""
"SC3U.exe","0x004a308f","FUN_004a308f","56","fun","C0","","",""
"SC3U.exe","0x004a30c7","FUN_004a30c7","54","fun","C0","","",""
"SC3U.exe","0x004a30fd","FUN_004a30fd","62","fun","C0","","",""
"SC3U.exe","0x004a313b","FUN_004a313b","50","fun","C0","","",""
"SC3U.exe","0x004a316d","FUN_004a316d","74","fun","C0","","",""
"SC3U.exe","0x004a31a5","Catch@004a31a5","29","lib","lib","","",""
"SC3U.exe","0x004a31d4","FUN_004a31d4","74","fun","C0","","",""
"SC3U.exe","0x004a320c","Catch@004a320c","29","lib","lib","","",""
"SC3U.exe","0x004a323b","FUN_004a323b","90","fun","C0","","",""
"SC3U.exe","0x004a3284","Catch@004a3284","36","lib","lib","","",""
"SC3U.exe","0x004a32b9","`scalar_deleting_destructor'","28","lib","lib","","",""
"SC3U.exe","0x004a331d","FUN_004a331d","55","fun","C0","","",""
"SC3U.exe","0x004a3354","FUN_004a3354","149","fun","C0","","",""
"SC3U.exe","0x004a33fa","FUN_004a33fa","28","fun","C0","","",""
"SC3U.exe","0x004a3416","FUN_004a3416","82","fun","C0","","",""
"SC3U.exe","0x004a3468","FUN_004a3468","170","fun","C0","","",""
"SC3U.exe","0x004a3512","FUN_004a3512","164","fun","C0","","",""
"SC3U.exe","0x004a35c5","FUN_004a35c5","609","fun","C0","","",""
"SC3U.exe","0x004a387b","FUN_004a387b","703","fun","C0","","",""
"SC3U.exe","0x004a3c05","FUN_004a3c05","133","fun","C0","","",""
"SC3U.exe","0x004a3c8a","FUN_004a3c8a","642","fun","C0","","",""
"SC3U.exe","0x004a3f0c","FUN_004a3f0c","318","fun","C2","S15-ui","sc3_ui_init_html_window","confirms existing name; 'HTML Window' (0x4f9468); bg color vf+0x184(0xc0,0xc0,0xc0)/vf+0x178; GetService 0x849b190a/0x449b1912 ->param_1[0xf1] (matches RESOURCE_KEYS); computes client rects +0x2b..+0x33; FUN_00495b45/FUN_004a43c1; FUN_0044211a"
"SC3U.exe","0x004a404a","FUN_004a404a","322","fun","C0","","",""
"SC3U.exe","0x004a418c","FUN_004a418c","94","fun","C0","","",""
"SC3U.exe","0x004a4238","FUN_004a4238","87","fun","C0","","",""
"SC3U.exe","0x004a42b5","FUN_004a42b5","137","fun","C0","","",""
"SC3U.exe","0x004a433e","FUN_004a433e","41","fun","C0","","",""
"SC3U.exe","0x004a4367","FUN_004a4367","90","fun","C0","","",""
"SC3U.exe","0x004a43c1","FUN_004a43c1","297","fun","C0","","",""
"SC3U.exe","0x004a44ea","FUN_004a44ea","135","fun","C0","","",""
"SC3U.exe","0x004a4584","thunk_FUN_004a4597","5","thunk","thunk","","",""
"SC3U.exe","0x004a4589","FUN_004a4589","14","fun","C0","","",""
"SC3U.exe","0x004a4597","FUN_004a4597","21","fun","C0","","",""
"SC3U.exe","0x004a45ac","FUN_004a45ac","35","fun","C0","","",""
"SC3U.exe","0x004a45cf","FUN_004a45cf","25","fun","C0","","",""
"SC3U.exe","0x004a45ef","FUN_004a45ef","42","fun","C0","","",""
"SC3U.exe","0x004a4619","FUN_004a4619","112","fun","C0","","",""
"SC3U.exe","0x004a4689","FUN_004a4689","28","fun","C0","","",""
"SC3U.exe","0x004a46a5","FUN_004a46a5","113","fun","C0","","",""
"SC3U.exe","0x004a4716","thunk_FUN_004a629c","5","thunk","thunk","","",""
"SC3U.exe","0x004a471b","FUN_004a471b","100","fun","C0","","",""
"SC3U.exe","0x004a477f","FUN_004a477f","29","fun","C0","","",""
"SC3U.exe","0x004a47cf","FUN_004a47cf","87","fun","C0","","",""
"SC3U.exe","0x004a4838","FUN_004a4838","170","fun","C0","","",""
"SC3U.exe","0x004a4906","FUN_004a4906","108","fun","C0","","",""
"SC3U.exe","0x004a4972","FUN_004a4972","42","fun","C0","","",""
"SC3U.exe","0x004a499c","FUN_004a499c","114","fun","C0","","",""
"SC3U.exe","0x004a4a0e","FUN_004a4a0e","118","fun","C0","","",""
"SC3U.exe","0x004a4a84","FUN_004a4a84","555","fun","C0","","",""
"SC3U.exe","0x004a4caf","FUN_004a4caf","258","fun","C0","","",""
"SC3U.exe","0x004a4db1","FUN_004a4db1","56","fun","C0","","",""
"SC3U.exe","0x004a4de9","FUN_004a4de9","63","fun","C0","","",""
"SC3U.exe","0x004a4e28","FUN_004a4e28","56","fun","C0","","",""
"SC3U.exe","0x004a4e60","FUN_004a4e60","91","fun","C0","","",""
"SC3U.exe","0x004a4ebb","FUN_004a4ebb","33","fun","C0","","",""
"SC3U.exe","0x004a4edc","FUN_004a4edc","33","fun","C0","","",""
"SC3U.exe","0x004a4f07","FUN_004a4f07","692","fun","C0","","",""
"SC3U.exe","0x004a51bb","FUN_004a51bb","20","fun","C0","","",""
"SC3U.exe","0x004a51cf","FUN_004a51cf","82","fun","C0","","",""
"SC3U.exe","0x004a5221","FUN_004a5221","408","fun","C0","","",""
"SC3U.exe","0x004a53b9","FUN_004a53b9","111","fun","C0","","",""
"SC3U.exe","0x004a5428","FUN_004a5428","172","fun","C0","","",""
"SC3U.exe","0x004a54d4","FUN_004a54d4","459","fun","C0","","",""
"SC3U.exe","0x004a569f","FUN_004a569f","491","fun","C0","","",""
"SC3U.exe","0x004a588a","FUN_004a588a","75","fun","C0","","",""
"SC3U.exe","0x004a58d5","FUN_004a58d5","141","fun","C0","","",""
"SC3U.exe","0x004a5962","FUN_004a5962","151","fun","C0","","",""
"SC3U.exe","0x004a59f9","FUN_004a59f9","311","fun","C0","","",""
"SC3U.exe","0x004a5b30","FUN_004a5b30","526","fun","C0","","",""
"SC3U.exe","0x004a5d3e","FUN_004a5d3e","208","fun","C0","","",""
"SC3U.exe","0x004a5e0e","FUN_004a5e0e","198","fun","C0","","",""
"SC3U.exe","0x004a5ed4","FUN_004a5ed4","665","fun","C0","","",""
"SC3U.exe","0x004a616d","FUN_004a616d","229","fun","C0","","",""
"SC3U.exe","0x004a6252","FUN_004a6252","74","fun","C0","","",""
"SC3U.exe","0x004a629c","FUN_004a629c","57","fun","C0","","",""
"SC3U.exe","0x004a62d5","FUN_004a62d5","90","fun","C0","","",""
"SC3U.exe","0x004a632f","FUN_004a632f","98","fun","C0","","",""
"SC3U.exe","0x004a6391","FUN_004a6391","63","fun","C0","","",""
"SC3U.exe","0x004a63d0","FUN_004a63d0","100","fun","C0","","",""
"SC3U.exe","0x004a6434","FUN_004a6434","39","fun","C0","","",""
"SC3U.exe","0x004a645b","FUN_004a645b","14","fun","C0","","",""
"SC3U.exe","0x004a6469","FUN_004a6469","60","fun","C0","","",""
"SC3U.exe","0x004a64a5","FUN_004a64a5","25","fun","C0","","",""
"SC3U.exe","0x004a64be","FUN_004a64be","99","fun","C0","","",""
"SC3U.exe","0x004a6521","FUN_004a6521","87","fun","C0","","",""
"SC3U.exe","0x004a6578","Catch@004a6578","30","lib","lib","","",""
"SC3U.exe","0x004a659d","FUN_004a659d","395","fun","C0","","",""
"SC3U.exe","0x004a6728","Catch@004a6728","30","lib","lib","","",""
"SC3U.exe","0x004a6746","FUN_004a6746","82","fun","C0","","",""
"SC3U.exe","0x004a6798","FUN_004a6798","178","fun","C0","","",""
"SC3U.exe","0x004a684a","FUN_004a684a","98","fun","C0","","",""
"SC3U.exe","0x004a68ac","FUN_004a68ac","255","fun","C0","","",""
"SC3U.exe","0x004a69ab","FUN_004a69ab","73","fun","C0","","",""
"SC3U.exe","0x004a69f4","FUN_004a69f4","83","fun","C0","","",""
"SC3U.exe","0x004a6a47","Catch@004a6a47","21","lib","lib","","",""
"SC3U.exe","0x004a6a5c","FUN_004a6a5c","27","fun","C0","","",""
"SC3U.exe","0x004a6a77","FUN_004a6a77","52","fun","C0","","",""
"SC3U.exe","0x004a6aab","FUN_004a6aab","93","fun","C0","","",""
"SC3U.exe","0x004a6b08","FUN_004a6b08","31","fun","C0","","",""
"SC3U.exe","0x004a6b27","FUN_004a6b27","31","fun","C0","","",""
"SC3U.exe","0x004a6b46","FUN_004a6b46","31","fun","C0","","",""
"SC3U.exe","0x004a6b65","FUN_004a6b65","77","fun","C0","","",""
"SC3U.exe","0x004a6bb2","FUN_004a6bb2","98","fun","C0","","",""
"SC3U.exe","0x004a6c14","FUN_004a6c14","48","fun","C0","","",""
"SC3U.exe","0x004a6c44","FUN_004a6c44","43","fun","C0","","",""
"SC3U.exe","0x004a6c6f","FUN_004a6c6f","123","fun","C0","","",""
"SC3U.exe","0x004a6cea","FUN_004a6cea","80","fun","C0","","",""
"SC3U.exe","0x004a6d3a","FUN_004a6d3a","35","fun","C0","","",""
"SC3U.exe","0x004a6d5d","FUN_004a6d5d","94","fun","C0","","",""
"SC3U.exe","0x004a6dbb","FUN_004a6dbb","22","fun","C0","","",""
"SC3U.exe","0x004a6dd1","FUN_004a6dd1","110","fun","C0","","",""
"SC3U.exe","0x004a6e3f","FUN_004a6e3f","22","fun","C0","","",""
"SC3U.exe","0x004a6e55","FUN_004a6e55","42","fun","C0","","",""
"SC3U.exe","0x004a6e7f","FUN_004a6e7f","277","fun","C0","","",""
"SC3U.exe","0x004a6fb7","FUN_004a6fb7","80","fun","C0","","",""
"SC3U.exe","0x004a7007","FUN_004a7007","44","fun","C0","","",""
"SC3U.exe","0x004a7033","FUN_004a7033","11","fun","C0","","",""
"SC3U.exe","0x004a703e","FUN_004a703e","35","fun","C0","","",""
"SC3U.exe","0x004a7061","FUN_004a7061","13","fun","C0","","",""
"SC3U.exe","0x004a706e","FUN_004a706e","15","fun","C0","","",""
"SC3U.exe","0x004a707d","FUN_004a707d","42","fun","C0","","",""
"SC3U.exe","0x004a70a7","FUN_004a70a7","47","fun","C0","","",""
"SC3U.exe","0x004a70d6","FUN_004a70d6","40","fun","C0","","",""
"SC3U.exe","0x004a70fe","FUN_004a70fe","26","fun","C0","","",""
"SC3U.exe","0x004a7118","FUN_004a7118","318","fun","C0","","",""
"SC3U.exe","0x004a7256","Catch@004a7256","33","lib","lib","","",""
"SC3U.exe","0x004a7277","FUN_004a7277","296","fun","C0","","",""
"SC3U.exe","0x004a739f","Catch@004a739f","30","lib","lib","","",""
"SC3U.exe","0x004a73bd","FUN_004a73bd","42","fun","C0","","",""
"SC3U.exe","0x004a73e7","FUN_004a73e7","37","fun","C0","","",""
"SC3U.exe","0x004a740c","FUN_004a740c","119","fun","C0","","",""
"SC3U.exe","0x004a748d","FUN_004a748d","10","fun","C0","","",""
"SC3U.exe","0x004a7497","FUN_004a7497","12","fun","C0","","",""
"SC3U.exe","0x004a74c8","FUN_004a74c8","10","fun","C0","","",""
"SC3U.exe","0x004a74d2","FUN_004a74d2","12","fun","C0","","",""
"SC3U.exe","0x004a7508","FUN_004a7508","10","fun","C0","","",""
"SC3U.exe","0x004a7512","FUN_004a7512","12","fun","C0","","",""
"SC3U.exe","0x004a7543","FUN_004a7543","10","fun","C0","","",""
"SC3U.exe","0x004a754d","FUN_004a754d","12","fun","C0","","",""
"SC3U.exe","0x004a757e","FUN_004a757e","10","fun","C0","","",""
"SC3U.exe","0x004a7588","FUN_004a7588","12","fun","C0","","",""
"SC3U.exe","0x004a75b9","FUN_004a75b9","10","fun","C0","","",""
"SC3U.exe","0x004a75c3","FUN_004a75c3","12","fun","C0","","",""
"SC3U.exe","0x004a75f4","FUN_004a75f4","10","fun","C0","","",""
"SC3U.exe","0x004a75fe","FUN_004a75fe","12","fun","C0","","",""
"SC3U.exe","0x004a762f","FUN_004a762f","10","fun","C0","","",""
"SC3U.exe","0x004a7639","FUN_004a7639","12","fun","C0","","",""
"SC3U.exe","0x004a766a","FUN_004a766a","10","fun","C0","","",""
"SC3U.exe","0x004a7674","FUN_004a7674","12","fun","C0","","",""
"SC3U.exe","0x004a76a5","FUN_004a76a5","10","fun","C0","","",""
"SC3U.exe","0x004a76af","FUN_004a76af","12","fun","C0","","",""
"SC3U.exe","0x004a76e0","FUN_004a76e0","18","fun","C0","","",""
"SC3U.exe","0x004a76f2","FUN_004a76f2","12","fun","C0","","",""
"SC3U.exe","0x004a7720","FUN_004a7720","56","fun","C0","","",""
"SC3U.exe","0x004a7758","FUN_004a7758","2195","fun","C0","","",""
"SC3U.exe","0x004a7feb","FUN_004a7feb","537","fun","C2","S16-render","sc3_ui_control_ctor","UI control ctor; vtables PTR_004db64c then PTR_004db61c/004db60c; string members via FUN_004029d7; one-time init (DAT_004fb18c latch): graphics svc FUN_00470323 vf+0x84 palette-match caches DAT_004fb188=black(0,0,0), 004fb184=red(0xff,0,0), 004fb180=blue(0,0,0xff), 004fb17c=magenta(0xff,0,0xff), then FUN_004a89f6 (15KB) + FUN_004a7758; param_1[0x3f]=*(&DAT_004db5a8+param_1[0x43]*4), default [0x43]=3"
"SC3U.exe","0x004a8216","FUN_004a8216","28","fun","C0","","",""
"SC3U.exe","0x004a8232","thunk_FUN_004b0d88","5","thunk","thunk","","",""
"SC3U.exe","0x004a8237","thunk_FUN_004b0f0d","5","thunk","thunk","","",""
"SC3U.exe","0x004a823c","FUN_004a823c","404","fun","C0","","",""
"SC3U.exe","0x004a83d0","FUN_004a83d0","718","fun","C0","","",""
"SC3U.exe","0x004a86c7","FUN_004a86c7","56","fun","C0","","",""
"SC3U.exe","0x004a86ff","FUN_004a86ff","161","fun","C0","","",""
"SC3U.exe","0x004a87d1","FUN_004a87d1","491","fun","C0","","",""
"SC3U.exe","0x004a89bc","FUN_004a89bc","58","fun","C0","","",""
"SC3U.exe","0x004a89f6","FUN_004a89f6","15247","fun","C2","S15","sc3_html_init_tag_table","builds HTML parser keyword/tag table into DAT_004fb170 (~155 entries: DOCTYPE/HTML/HEAD/BODY/TITLE/form-input-types/align/shape/NOBR/ParseA); single caller FUN_004a7feb"
"SC3U.exe","0x004ac585","FUN_004ac585","85","fun","C0","","",""
"SC3U.exe","0x004ac5da","FUN_004ac5da","79","fun","C0","","",""
"SC3U.exe","0x004ac629","FUN_004ac629","86","fun","C0","","",""
"SC3U.exe","0x004ac67f","FUN_004ac67f","65","fun","C0","","",""
"SC3U.exe","0x004ac6c0","FUN_004ac6c0","194","fun","C0","","",""
"SC3U.exe","0x004ac782","FUN_004ac782","116","fun","C0","","",""
"SC3U.exe","0x004ac7f6","FUN_004ac7f6","85","fun","C0","","",""
"SC3U.exe","0x004ac84b","FUN_004ac84b","128","fun","C0","","",""
"SC3U.exe","0x004ac8cb","FUN_004ac8cb","86","fun","C0","","",""
"SC3U.exe","0x004ac921","FUN_004ac921","525","fun","C0","","",""
"SC3U.exe","0x004acb2e","FUN_004acb2e","100","fun","C0","","",""
"SC3U.exe","0x004acb92","FUN_004acb92","100","fun","C0","","",""
"SC3U.exe","0x004acbf6","FUN_004acbf6","100","fun","C0","","",""
"SC3U.exe","0x004acc5a","FUN_004acc5a","295","fun","C0","","",""
"SC3U.exe","0x004acd87","FUN_004acd87","35","fun","C0","","",""
"SC3U.exe","0x004acdad","FUN_004acdad","28","fun","C0","","",""
"SC3U.exe","0x004acdc9","FUN_004acdc9","28","fun","C0","","",""
"SC3U.exe","0x004acde5","thunk_FUN_004b26e4","5","thunk","thunk","","",""
"SC3U.exe","0x004acdea","FUN_004acdea","10","fun","C0","","",""
"SC3U.exe","0x004acdf4","FUN_004acdf4","647","fun","C0","","",""
"SC3U.exe","0x004ad07b","FUN_004ad07b","82","fun","C0","","",""
"SC3U.exe","0x004ad0cd","FUN_004ad0cd","104","fun","C0","","",""
"SC3U.exe","0x004ad135","FUN_004ad135","10","fun","C0","","",""
"SC3U.exe","0x004ad13f","FUN_004ad13f","407","fun","C0","","",""
"SC3U.exe","0x004ad2d6","FUN_004ad2d6","9","fun","C0","","",""
"SC3U.exe","0x004ad2df","FUN_004ad2df","242","fun","C0","","",""
"SC3U.exe","0x004ad3d1","FUN_004ad3d1","31","fun","C0","","",""
"SC3U.exe","0x004ad3f0","FUN_004ad3f0","28","fun","C0","","",""
"SC3U.exe","0x004ad40c","thunk_FUN_004b26e4","5","thunk","thunk","","",""
"SC3U.exe","0x004ad411","FUN_004ad411","610","fun","C0","","",""
"SC3U.exe","0x004ad673","FUN_004ad673","127","fun","C0","","",""
"SC3U.exe","0x004ad6f9","FUN_004ad6f9","28","fun","C0","","",""
"SC3U.exe","0x004ad715","FUN_004ad715","7","fun","C0","","",""
"SC3U.exe","0x004ad73c","FUN_004ad73c","10","fun","C0","","",""
"SC3U.exe","0x004ad746","FUN_004ad746","13","fun","C0","","",""
"SC3U.exe","0x004ad753","FUN_004ad753","306","fun","C0","","",""
"SC3U.exe","0x004ad885","FUN_004ad885","16","fun","C0","","",""
"SC3U.exe","0x004ad895","FUN_004ad895","5","fun","C0","","",""
"SC3U.exe","0x004ad89a","FUN_004ad89a","60","fun","C0","","",""
"SC3U.exe","0x004ad8d6","FUN_004ad8d6","198","fun","C0","","",""
"SC3U.exe","0x004ad99c","FUN_004ad99c","31","fun","C0","","",""
"SC3U.exe","0x004ad9bb","FUN_004ad9bb","28","fun","C0","","",""
"SC3U.exe","0x004ad9d7","thunk_FUN_004b26e4","5","thunk","thunk","","",""
"SC3U.exe","0x004ad9dc","FUN_004ad9dc","10","fun","C0","","",""
"SC3U.exe","0x004ad9e6","FUN_004ad9e6","132","fun","C0","","",""
"SC3U.exe","0x004ada6a","FUN_004ada6a","258","fun","C0","","",""
"SC3U.exe","0x004adb6c","FUN_004adb6c","31","fun","C0","","",""
"SC3U.exe","0x004adb8b","FUN_004adb8b","28","fun","C0","","",""
"SC3U.exe","0x004adba7","thunk_FUN_004b26e4","5","thunk","thunk","","",""
"SC3U.exe","0x004adbac","FUN_004adbac","245","fun","C0","","",""
"SC3U.exe","0x004adca1","FUN_004adca1","198","fun","C0","","",""
"SC3U.exe","0x004add67","FUN_004add67","31","fun","C0","","",""
"SC3U.exe","0x004add86","FUN_004add86","28","fun","C0","","",""
"SC3U.exe","0x004adda2","thunk_FUN_004b26e4","5","thunk","thunk","","",""
"SC3U.exe","0x004adda7","FUN_004adda7","10","fun","C0","","",""
"SC3U.exe","0x004addb1","FUN_004addb1","115","fun","C0","","",""
"SC3U.exe","0x004ade24","FUN_004ade24","680","fun","C0","","",""
"SC3U.exe","0x004ae0cc","FUN_004ae0cc","258","fun","C0","","",""
"SC3U.exe","0x004ae1ce","FUN_004ae1ce","31","fun","C0","","",""
"SC3U.exe","0x004ae1ed","FUN_004ae1ed","28","fun","C0","","",""
"SC3U.exe","0x004ae209","thunk_FUN_004b26e4","5","thunk","thunk","","",""
"SC3U.exe","0x004ae20e","FUN_004ae20e","86","fun","C0","","",""
"SC3U.exe","0x004ae264","FUN_004ae264","116","fun","C0","","",""
"SC3U.exe","0x004ae2d8","FUN_004ae2d8","31","fun","C0","","",""
"SC3U.exe","0x004ae2f7","FUN_004ae2f7","28","fun","C0","","",""
"SC3U.exe","0x004ae313","thunk_FUN_004b26e4","5","thunk","thunk","","",""
"SC3U.exe","0x004ae3e2","FUN_004ae3e2","31","fun","C0","","",""
"SC3U.exe","0x004ae401","FUN_004ae401","28","fun","C0","","",""
"SC3U.exe","0x004ae41d","thunk_FUN_004b26e4","5","thunk","thunk","","",""
"SC3U.exe","0x004ae422","FUN_004ae422","157","fun","C0","","",""
"SC3U.exe","0x004ae4bf","FUN_004ae4bf","389","fun","C0","","",""
"SC3U.exe","0x004ae644","FUN_004ae644","31","fun","C0","","",""
"SC3U.exe","0x004ae663","FUN_004ae663","28","fun","C0","","",""
"SC3U.exe","0x004ae67f","thunk_FUN_004b26e4","5","thunk","thunk","","",""
"SC3U.exe","0x004ae684","FUN_004ae684","82","fun","C0","","",""
"SC3U.exe","0x004ae6d6","FUN_004ae6d6","28","fun","C0","","",""
"SC3U.exe","0x004ae6f2","FUN_004ae6f2","7","fun","C0","","",""
"SC3U.exe","0x004ae6f9","FUN_004ae6f9","46","fun","C0","","",""
"SC3U.exe","0x004ae727","FUN_004ae727","146","fun","C0","","",""
"SC3U.exe","0x004ae7b9","FUN_004ae7b9","546","fun","C0","","",""
"SC3U.exe","0x004ae9db","FUN_004ae9db","73","fun","C0","","",""
"SC3U.exe","0x004aea24","FUN_004aea24","272","fun","C0","","",""
"SC3U.exe","0x004aeb34","FUN_004aeb34","103","fun","C0","","",""
"SC3U.exe","0x004aeb9b","FUN_004aeb9b","28","fun","C0","","",""
"SC3U.exe","0x004aebb7","FUN_004aebb7","7","fun","C0","","",""
"SC3U.exe","0x004aebbe","FUN_004aebbe","3","fun","C0","","",""
"SC3U.exe","0x004aebc1","FUN_004aebc1","10","fun","C0","","",""
"SC3U.exe","0x004aebcb","FUN_004aebcb","298","fun","C0","","",""
"SC3U.exe","0x004aecf5","FUN_004aecf5","31","fun","C0","","",""
"SC3U.exe","0x004aed14","FUN_004aed14","28","fun","C0","","",""
"SC3U.exe","0x004aed30","thunk_FUN_004b26e4","5","thunk","thunk","","",""
"SC3U.exe","0x004aed35","FUN_004aed35","491","fun","C0","","",""
"SC3U.exe","0x004aef20","FUN_004aef20","43","fun","C0","","",""
"SC3U.exe","0x004aef4b","FUN_004aef4b","371","fun","C0","","",""
"SC3U.exe","0x004af0be","FUN_004af0be","34","fun","C0","","",""
"SC3U.exe","0x004af0e0","FUN_004af0e0","73","fun","C0","","",""
"SC3U.exe","0x004af129","FUN_004af129","28","fun","C0","","",""
"SC3U.exe","0x004af145","thunk_FUN_004b26e4","5","thunk","thunk","","",""
"SC3U.exe","0x004af14a","FUN_004af14a","10","fun","C0","","",""
"SC3U.exe","0x004af154","FUN_004af154","265","fun","C0","","",""
"SC3U.exe","0x004af25d","FUN_004af25d","73","fun","C0","","",""
"SC3U.exe","0x004af2a6","FUN_004af2a6","73","fun","C0","","",""
"SC3U.exe","0x004af2ef","FUN_004af2ef","73","fun","C0","","",""
"SC3U.exe","0x004af338","FUN_004af338","89","fun","C0","","",""
"SC3U.exe","0x004af391","FUN_004af391","10","fun","C0","","",""
"SC3U.exe","0x004af39b","FUN_004af39b","10","fun","C0","","",""
"SC3U.exe","0x004af3a5","FUN_004af3a5","292","fun","C0","","",""
"SC3U.exe","0x004af4c9","FUN_004af4c9","10","fun","C0","","",""
"SC3U.exe","0x004af4d3","FUN_004af4d3","144","fun","C0","","",""
"SC3U.exe","0x004af563","FUN_004af563","31","fun","C0","","",""
"SC3U.exe","0x004af582","FUN_004af582","28","fun","C0","","",""
"SC3U.exe","0x004af59e","thunk_FUN_004b26e4","5","thunk","thunk","","",""
"SC3U.exe","0x004af5a3","FUN_004af5a3","237","fun","C0","","",""
"SC3U.exe","0x004af690","FUN_004af690","31","fun","C0","","",""
"SC3U.exe","0x004af6af","FUN_004af6af","28","fun","C0","","",""
"SC3U.exe","0x004af6cb","thunk_FUN_004b26e4","5","thunk","thunk","","",""
"SC3U.exe","0x004af6d0","FUN_004af6d0","243","fun","C0","","",""
"SC3U.exe","0x004af7c3","FUN_004af7c3","158","fun","C0","","",""
"SC3U.exe","0x004af861","FUN_004af861","10","fun","C0","","",""
"SC3U.exe","0x004af86b","FUN_004af86b","84","fun","C0","","",""
"SC3U.exe","0x004af8bf","FUN_004af8bf","173","fun","C0","","",""
"SC3U.exe","0x004af96c","FUN_004af96c","31","fun","C0","","",""
"SC3U.exe","0x004af98b","FUN_004af98b","28","fun","C0","","",""
"SC3U.exe","0x004af9a7","thunk_FUN_004b26e4","5","thunk","thunk","","",""
"SC3U.exe","0x004af9ac","FUN_004af9ac","566","fun","C0","","",""
"SC3U.exe","0x004afbe2","FUN_004afbe2","79","fun","C0","","",""
"SC3U.exe","0x004afc31","FUN_004afc31","10","fun","C0","","",""
"SC3U.exe","0x004afc3b","FUN_004afc3b","169","fun","C0","","",""
"SC3U.exe","0x004afce4","FUN_004afce4","8","fun","C0","","",""
"SC3U.exe","0x004afcec","FUN_004afcec","10","fun","C0","","",""
"SC3U.exe","0x004afcf6","FUN_004afcf6","10","fun","C0","","",""
"SC3U.exe","0x004afd00","FUN_004afd00","537","fun","C0","","",""
"SC3U.exe","0x004aff19","FUN_004aff19","57","fun","C0","","",""
"SC3U.exe","0x004aff52","FUN_004aff52","84","fun","C0","","",""
"SC3U.exe","0x004affa6","FUN_004affa6","517","fun","C0","","",""
"SC3U.exe","0x004b01ab","FUN_004b01ab","117","fun","C0","","",""
"SC3U.exe","0x004b0220","FUN_004b0220","57","fun","C0","","",""
"SC3U.exe","0x004b0259","FUN_004b0259","10","fun","C0","","",""
"SC3U.exe","0x004b0263","FUN_004b0263","72","fun","C0","","",""
"SC3U.exe","0x004b02ab","FUN_004b02ab","240","fun","C0","","",""
"SC3U.exe","0x004b039b","FUN_004b039b","31","fun","C0","","",""
"SC3U.exe","0x004b03ba","FUN_004b03ba","28","fun","C0","","",""
"SC3U.exe","0x004b03d6","thunk_FUN_004b26e4","5","thunk","thunk","","",""
"SC3U.exe","0x004b03db","FUN_004b03db","72","fun","C0","","",""
"SC3U.exe","0x004b0423","FUN_004b0423","55","fun","C0","","",""
"SC3U.exe","0x004b045a","FUN_004b045a","180","fun","C0","","",""
"SC3U.exe","0x004b050e","FUN_004b050e","31","fun","C0","","",""
"SC3U.exe","0x004b052d","FUN_004b052d","28","fun","C0","","",""
"SC3U.exe","0x004b0549","thunk_FUN_004b26e4","5","thunk","thunk","","",""
"SC3U.exe","0x004b054e","FUN_004b054e","280","fun","C0","","",""
"SC3U.exe","0x004b0666","FUN_004b0666","48","fun","C0","","",""
"SC3U.exe","0x004b0696","FUN_004b0696","19","fun","C0","","",""
"SC3U.exe","0x004b06a9","FUN_004b06a9","65","fun","C0","","",""
"SC3U.exe","0x004b0705","FUN_004b0705","271","fun","C0","","",""
"SC3U.exe","0x004b0814","FUN_004b0814","18","fun","C0","","",""
"SC3U.exe","0x004b0826","FUN_004b0826","68","fun","C0","","",""
"SC3U.exe","0x004b086a","FUN_004b086a","237","fun","C0","","",""
"SC3U.exe","0x004b0957","FUN_004b0957","5","fun","C0","","",""
"SC3U.exe","0x004b095c","FUN_004b095c","141","fun","C0","","",""
"SC3U.exe","0x004b09e9","FUN_004b09e9","319","fun","C0","","",""
"SC3U.exe","0x004b0b28","FUN_004b0b28","62","fun","C0","","",""
"SC3U.exe","0x004b0b66","FUN_004b0b66","54","fun","C0","","",""
"SC3U.exe","0x004b0bdd","FUN_004b0bdd","143","fun","C0","","",""
"SC3U.exe","0x004b0c6c","FUN_004b0c6c","62","fun","C0","","",""
"SC3U.exe","0x004b0caa","FUN_004b0caa","105","fun","C0","","",""
"SC3U.exe","0x004b0d13","FUN_004b0d13","75","fun","C0","","",""
"SC3U.exe","0x004b0d5e","FUN_004b0d5e","25","fun","C0","","",""
"SC3U.exe","0x004b0d77","FUN_004b0d77","17","fun","C0","","",""
"SC3U.exe","0x004b0d88","FUN_004b0d88","54","fun","C0","","",""
"SC3U.exe","0x004b0dbe","FUN_004b0dbe","25","fun","C0","","",""
"SC3U.exe","0x004b0dd7","FUN_004b0dd7","36","fun","C0","","",""
"SC3U.exe","0x004b0dfb","FUN_004b0dfb","39","fun","C0","","",""
"SC3U.exe","0x004b0e22","FUN_004b0e22","14","fun","C0","","",""
"SC3U.exe","0x004b0e30","FUN_004b0e30","39","fun","C0","","",""
"SC3U.exe","0x004b0e57","FUN_004b0e57","14","fun","C0","","",""
"SC3U.exe","0x004b0e65","FUN_004b0e65","39","fun","C0","","",""
"SC3U.exe","0x004b0e8c","FUN_004b0e8c","14","fun","C0","","",""
"SC3U.exe","0x004b0e9a","FUN_004b0e9a","48","fun","C0","","",""
"SC3U.exe","0x004b0eca","FUN_004b0eca","14","fun","C0","","",""
"SC3U.exe","0x004b0ed8","FUN_004b0ed8","39","fun","C0","","",""
"SC3U.exe","0x004b0eff","FUN_004b0eff","14","fun","C0","","",""
"SC3U.exe","0x004b0f0d","FUN_004b0f0d","54","fun","C0","","",""
"SC3U.exe","0x004b0f43","FUN_004b0f43","25","fun","C0","","",""
"SC3U.exe","0x004b0f5c","FUN_004b0f5c","40","fun","C0","","",""
"SC3U.exe","0x004b0f84","FUN_004b0f84","54","fun","C0","","",""
"SC3U.exe","0x004b0fba","FUN_004b0fba","15","fun","C0","","",""
"SC3U.exe","0x004b0fd7","FUN_004b0fd7","43","fun","C0","","",""
"SC3U.exe","0x004b1002","FUN_004b1002","119","fun","C0","","",""
"SC3U.exe","0x004b1079","FUN_004b1079","106","fun","C0","","",""
"SC3U.exe","0x004b10e3","FUN_004b10e3","19","fun","C0","","",""
"SC3U.exe","0x004b10f6","FUN_004b10f6","54","fun","C0","","",""
"SC3U.exe","0x004b112c","FUN_004b112c","14","fun","C0","","",""
"SC3U.exe","0x004b113a","FUN_004b113a","41","fun","C0","","",""
"SC3U.exe","0x004b1163","FUN_004b1163","12","fun","C0","","",""
"SC3U.exe","0x004b116f","FUN_004b116f","96","fun","C0","","",""
"SC3U.exe","0x004b11cf","FUN_004b11cf","69","fun","C0","","",""
"SC3U.exe","0x004b1214","FUN_004b1214","25","fun","C0","","",""
"SC3U.exe","0x004b122d","FUN_004b122d","69","fun","C0","","",""
"SC3U.exe","0x004b1272","FUN_004b1272","25","fun","C0","","",""
"SC3U.exe","0x004b128b","FUN_004b128b","69","fun","C0","","",""
"SC3U.exe","0x004b12d0","FUN_004b12d0","25","fun","C0","","",""
"SC3U.exe","0x004b12e9","FUN_004b12e9","35","fun","C0","","",""
"SC3U.exe","0x004b130c","FUN_004b130c","25","fun","C0","","",""
"SC3U.exe","0x004b1325","FUN_004b1325","25","fun","C0","","",""
"SC3U.exe","0x004b133e","FUN_004b133e","54","fun","C0","","",""
"SC3U.exe","0x004b1374","FUN_004b1374","41","fun","C0","","",""
"SC3U.exe","0x004b139d","FUN_004b139d","12","fun","C0","","",""
"SC3U.exe","0x004b13a9","FUN_004b13a9","54","fun","C0","","",""
"SC3U.exe","0x004b13df","FUN_004b13df","41","fun","C0","","",""
"SC3U.exe","0x004b1408","FUN_004b1408","12","fun","C0","","",""
"SC3U.exe","0x004b1414","FUN_004b1414","75","fun","C0","","",""
"SC3U.exe","0x004b145f","FUN_004b145f","25","fun","C0","","",""
"SC3U.exe","0x004b1478","FUN_004b1478","22","fun","C0","","",""
"SC3U.exe","0x004b148e","FUN_004b148e","52","fun","C0","","",""
"SC3U.exe","0x004b14c9","FUN_004b14c9","46","fun","C0","","",""
"SC3U.exe","0x004b14f7","FUN_004b14f7","202","fun","C0","","",""
"SC3U.exe","0x004b15c1","FUN_004b15c1","44","fun","C0","","",""
"SC3U.exe","0x004b15ed","FUN_004b15ed","154","fun","C0","","",""
"SC3U.exe","0x004b1687","FUN_004b1687","269","fun","C0","","",""
"SC3U.exe","0x004b1794","Catch@004b1794","30","lib","lib","","",""
"SC3U.exe","0x004b17b2","FUN_004b17b2","269","fun","C0","","",""
"SC3U.exe","0x004b18bf","Catch@004b18bf","30","lib","lib","","",""
"SC3U.exe","0x004b18dd","FUN_004b18dd","269","fun","C0","","",""
"SC3U.exe","0x004b19ea","Catch@004b19ea","30","lib","lib","","",""
"SC3U.exe","0x004b1a08","FUN_004b1a08","333","fun","C0","","",""
"SC3U.exe","0x004b1b55","Catch@004b1b55","33","lib","lib","","",""
"SC3U.exe","0x004b1b76","FUN_004b1b76","269","fun","C0","","",""
"SC3U.exe","0x004b1c83","Catch@004b1c83","30","lib","lib","","",""
"SC3U.exe","0x004b1ca1","FUN_004b1ca1","46","fun","C0","","",""
"SC3U.exe","0x004b1ccf","FUN_004b1ccf","202","fun","C0","","",""
"SC3U.exe","0x004b1d99","FUN_004b1d99","154","fun","C0","","",""
"SC3U.exe","0x004b1e33","FUN_004b1e33","48","fun","C0","","",""
"SC3U.exe","0x004b1e63","FUN_004b1e63","139","fun","C0","","",""
"SC3U.exe","0x004b1eee","FUN_004b1eee","79","fun","C0","","",""
"SC3U.exe","0x004b1f3d","FUN_004b1f3d","297","fun","C0","","",""
"SC3U.exe","0x004b2066","Catch@004b2066","30","lib","lib","","",""
"SC3U.exe","0x004b2084","FUN_004b2084","27","fun","C0","","",""
"SC3U.exe","0x004b209f","FUN_004b209f","27","fun","C0","","",""
"SC3U.exe","0x004b20ba","FUN_004b20ba","161","fun","C0","","",""
"SC3U.exe","0x004b215b","FUN_004b215b","161","fun","C0","","",""
"SC3U.exe","0x004b21fc","FUN_004b21fc","130","fun","C0","","",""
"SC3U.exe","0x004b227e","FUN_004b227e","80","fun","C0","","",""
"SC3U.exe","0x004b22ce","Catch@004b22ce","21","lib","lib","","",""
"SC3U.exe","0x004b22e3","FUN_004b22e3","80","fun","C0","","",""
"SC3U.exe","0x004b2333","Catch@004b2333","21","lib","lib","","",""
"SC3U.exe","0x004b2348","FUN_004b2348","26","fun","C0","","",""
"SC3U.exe","0x004b2362","FUN_004b2362","31","fun","C0","","",""
"SC3U.exe","0x004b2381","FUN_004b2381","123","fun","C0","","",""
"SC3U.exe","0x004b23fc","FUN_004b23fc","105","fun","C0","","",""
"SC3U.exe","0x004b2465","FUN_004b2465","31","fun","C0","","",""
"SC3U.exe","0x004b2484","FUN_004b2484","31","fun","C0","","",""
"SC3U.exe","0x004b24a3","FUN_004b24a3","31","fun","C0","","",""
"SC3U.exe","0x004b24c2","FUN_004b24c2","44","fun","C0","","",""
"SC3U.exe","0x004b24ee","FUN_004b24ee","31","fun","C0","","",""
"SC3U.exe","0x004b250d","FUN_004b250d","43","fun","C0","","",""
"SC3U.exe","0x004b2550","FUN_004b2550","40","fun","C0","","",""
"SC3U.exe","0x004b257b","FUN_004b257b","28","fun","C0","","",""
"SC3U.exe","0x004b2597","FUN_004b2597","93","fun","C0","","",""
"SC3U.exe","0x004b25f4","FUN_004b25f4","85","fun","C0","","",""
"SC3U.exe","0x004b2649","FUN_004b2649","28","fun","C0","","",""
"SC3U.exe","0x004b2665","FUN_004b2665","88","fun","C0","","",""
"SC3U.exe","0x004b26e4","FUN_004b26e4","120","fun","C0","","",""
"SC3U.exe","0x004b275c","FUN_004b275c","7","fun","C0","","",""
"SC3U.exe","0x004b2763","FUN_004b2763","94","fun","C0","","",""
"SC3U.exe","0x004b280e","FUN_004b280e","38","fun","C0","","",""
"SC3U.exe","0x004b2834","FUN_004b2834","43","fun","C0","","",""
"SC3U.exe","0x004b2862","FUN_004b2862","58","fun","C0","","",""
"SC3U.exe","0x004b28ae","FUN_004b28ae","69","fun","C0","","",""
"SC3U.exe","0x004b28f7","FUN_004b28f7","28","fun","C0","","",""
"SC3U.exe","0x004b2913","FUN_004b2913","94","fun","C0","","",""
"SC3U.exe","0x004b2971","FUN_004b2971","49","fun","C0","","",""
"SC3U.exe","0x004b29a2","FUN_004b29a2","84","fun","C0","","",""
"SC3U.exe","0x004b29f6","FUN_004b29f6","32","fun","C0","","",""
"SC3U.exe","0x004b2a16","FUN_004b2a16","28","fun","C0","","",""
"SC3U.exe","0x004b2a32","FUN_004b2a32","88","fun","C0","","",""
"SC3U.exe","0x004b2a8a","FUN_004b2a8a","42","fun","C0","","",""
"SC3U.exe","0x004b2ab4","FUN_004b2ab4","28","fun","C0","","",""
"SC3U.exe","0x004b2ad0","thunk_FUN_004b26e4","5","thunk","thunk","","",""
"SC3U.exe","0x004b2ad5","FUN_004b2ad5","31","fun","C0","","",""
"SC3U.exe","0x004b2af4","FUN_004b2af4","28","fun","C0","","",""
"SC3U.exe","0x004b2b10","FUN_004b2b10","88","fun","C0","","",""
"SC3U.exe","0x004b2b68","FUN_004b2b68","163","fun","C0","","",""
"SC3U.exe","0x004b2c0b","FUN_004b2c0b","28","fun","C0","","",""
"SC3U.exe","0x004b2c34","FUN_004b2c34","63","fun","C0","","",""
"SC3U.exe","0x004b2c73","FUN_004b2c73","18","fun","C0","","",""
"SC3U.exe","0x004b2c85","FUN_004b2c85","128","fun","C0","","",""
"SC3U.exe","0x004b2d05","FUN_004b2d05","28","fun","C0","","",""
"SC3U.exe","0x004b2d21","thunk_FUN_004b26e4","5","thunk","thunk","","",""
"SC3U.exe","0x004b2d26","FUN_004b2d26","699","fun","C0","","",""
"SC3U.exe","0x004b2fe5","FUN_004b2fe5","28","fun","C0","","",""
"SC3U.exe","0x004b3001","FUN_004b3001","127","fun","C0","","",""
"SC3U.exe","0x004b3080","FUN_004b3080","427","fun","C0","","",""
"SC3U.exe","0x004b322b","FUN_004b322b","31","fun","C0","","",""
"SC3U.exe","0x004b3279","FUN_004b3279","93","fun","C0","","",""
"SC3U.exe","0x004b32d6","FUN_004b32d6","14","fun","C0","","",""
"SC3U.exe","0x004b32e4","FUN_004b32e4","39","fun","C0","","",""
"SC3U.exe","0x004b330b","FUN_004b330b","15","fun","C0","","",""
"SC3U.exe","0x004b3328","FUN_004b3328","14","fun","C0","","",""
"SC3U.exe","0x004b3336","FUN_004b3336","69","fun","C0","","",""
"SC3U.exe","0x004b337b","FUN_004b337b","25","fun","C0","","",""
"SC3U.exe","0x004b3394","FUN_004b3394","25","fun","C0","","",""
"SC3U.exe","0x004b33ad","FUN_004b33ad","25","fun","C0","","",""
"SC3U.exe","0x004b33cd","FUN_004b33cd","269","fun","C0","","",""
"SC3U.exe","0x004b34da","Catch@004b34da","30","lib","lib","","",""
"SC3U.exe","0x004b34f8","FUN_004b34f8","31","fun","C0","","",""
"SC3U.exe","0x004b3517","FUN_004b3517","86","fun","C0","","",""
"SC3U.exe","0x004b35f8","FUN_004b35f8","74","fun","C0","","",""
"SC3U.exe","0x004b3642","FUN_004b3642","48","fun","C0","","",""
"SC3U.exe","0x004b368b","FUN_004b368b","54","fun","C0","","",""
"SC3U.exe","0x004b36c1","FUN_004b36c1","33","fun","C0","","",""
"SC3U.exe","0x004b3737","FUN_004b3737","59","fun","C0","","",""
"SC3U.exe","0x004b3772","FUN_004b3772","59","fun","C0","","",""
"SC3U.exe","0x004b37ad","FUN_004b37ad","18","fun","C0","","",""
"SC3U.exe","0x004b37bf","FUN_004b37bf","59","fun","C0","","",""
"SC3U.exe","0x004b37fa","FUN_004b37fa","439","fun","C0","","",""
"SC3U.exe","0x004b39da","FUN_004b39da","331","fun","C0","","",""
"SC3U.exe","0x004b3b25","FUN_004b3b25","166","fun","C0","","",""
"SC3U.exe","0x004b3bcb","FUN_004b3bcb","143","fun","C0","","",""
"SC3U.exe","0x004b3cb2","FUN_004b3cb2","48","fun","C0","","",""
"SC3U.exe","0x004b3d47","FUN_004b3d47","70","fun","C0","","",""
"SC3U.exe","0x004b3d8d","FUN_004b3d8d","138","fun","C0","","",""
"SC3U.exe","0x004b3e17","FUN_004b3e17","219","fun","C0","","",""
"SC3U.exe","0x004b3f46","FUN_004b3f46","43","fun","C0","","",""
"SC3U.exe","0x004b3f71","FUN_004b3f71","301","fun","C0","","",""
"SC3U.exe","0x004b409e","Catch@004b409e","30","lib","lib","","",""
"SC3U.exe","0x004b40bc","FUN_004b40bc","43","fun","C0","","",""
"SC3U.exe","0x004b411c","FUN_004b411c","1471","fun","C0","","",""
"SC3U.exe","0x004b46db","FUN_004b46db","25","fun","C0","","",""
"SC3U.exe","0x004b46f4","FUN_004b46f4","142","fun","C0","","",""
"SC3U.exe","0x004b4782","FUN_004b4782","20","fun","C0","","",""
"SC3U.exe","0x004b4796","FUN_004b4796","62","fun","C0","","",""
"SC3U.exe","0x004b47d4","FUN_004b47d4","33","fun","C0","","",""
"SC3U.exe","0x004b4836","FUN_004b4836","35","fun","C0","","",""
"SC3U.exe","0x004b4860","FUN_004b4860","11","fun","C0","","",""
"SC3U.exe","0x004b4890","operator_new","6","thunk","thunk","","",""
"SC3U.exe","0x004b48a0","_EH_prolog","6","thunk","thunk","","",""
"SC3U.exe","0x004b48a6","strcat","6","thunk","thunk","","",""
"SC3U.exe","0x004b48b2","strcpy","6","thunk","thunk","","",""
"SC3U.exe","0x004b48b8","memset","6","thunk","thunk","","",""
"SC3U.exe","0x004b48be","strlen","6","thunk","thunk","","",""
"SC3U.exe","0x004b48c4","_CxxThrowException","6","thunk","thunk","","",""
"SC3U.exe","0x004b48d6","free","6","thunk","thunk","","",""
"SC3U.exe","0x004b48e7","FUN_004b48e7","28","fun","C0","","",""
"SC3U.exe","0x004b490e","memcpy","6","thunk","thunk","","",""
"SC3U.exe","0x004b4914","memcmp","6","thunk","thunk","","",""
"SC3U.exe","0x004b492c","log","6","thunk","thunk","","",""
"SC3U.exe","0x004b4932","ftol","6","thunk","thunk","","",""
"SC3U.exe","0x004b493e","FUN_004b493e","44","fun","C0","","",""
"SC3U.exe","0x004b496a","FUN_004b496a","18","fun","C0","","",""
"SC3U.exe","0x004b4990","FUN_004b4990","47","fun","C0","","",""
"SC3U.exe","0x004b49d2","FUN_004b49d2","104","fun","C0","","",""
"SC3U.exe","0x004b4a3a","FUN_004b4a3a","24","fun","C0","","",""
"SC3U.exe","0x004b4a52","FUN_004b4a52","81","fun","C0","","",""
"SC3U.exe","0x004b4ac6","FUN_004b4ac6","106","fun","C0","","",""
"SC3U.exe","0x004b4b30","FUN_004b4b30","24","fun","C0","","",""
"SC3U.exe","0x004b4b48","strcmp","6","thunk","thunk","","",""
"SC3U.exe","0x004b4b54","entry","338","lib","lib","","",""
"SC3U.exe","0x004b4cb2","tan","6","thunk","thunk","","",""
"SC3U.exe","0x004b4cb8","sqrt","6","thunk","thunk","","",""
"SC3U.exe","0x004b4cbe","sin","6","thunk","thunk","","",""
"SC3U.exe","0x004b4cc4","cos","6","thunk","thunk","","",""
"SC3U.exe","0x004b4cca","fabs","6","thunk","thunk","","",""
"SC3U.exe","0x004b4d3c","abs","6","thunk","thunk","","",""
"SC3U.exe","0x004b4d60","__aulldiv","104","lib","lib","","",""
"SC3U.exe","0x004b4dd0","__allmul","52","lib","lib","","",""
"SC3U.exe","0x004b4e16","~type_info","6","thunk","thunk","","",""
"SC3U.exe","0x004b4e1c","__dllonexit","6","thunk","thunk","","",""
"SC3U.exe","0x004b4e28","_XcptFilter","6","thunk","thunk","","",""
"SC3U.exe","0x004b4e3a","initterm","6","thunk","thunk","","",""
"SC3U.exe","0x004b4e40","FUN_004b4e40","18","fun","C0","","",""
"SC3U.exe","0x004b4e5b","FUN_004b4e5b","1","fun","C0","","",""
"SC3U.exe","0x004b4e6e","_controlfp","6","thunk","thunk","","",""
"SC3U.exe","0x004b4e80","inet_addr","6","thunk","thunk","","",""
"SC3U.exe","0x004b4e86","gethostbyname","6","thunk","thunk","","",""
"SC3U.exe","0x004b4e8c","gethostname","6","thunk","thunk","","",""
"SC3U.exe","0x004b4e92","WSAGetLastError","6","thunk","thunk","","",""
"SC3U.exe","0x004b4e98","socket","6","thunk","thunk","","",""
"SC3U.exe","0x004b4e9e","closesocket","6","thunk","thunk","","",""
"SC3U.exe","0x004b4ea4","sendto","6","thunk","thunk","","",""
"SC3U.exe","0x004b4eaa","recvfrom","6","thunk","thunk","","",""
"SC3U.exe","0x004b4eb0","WSAStartup","6","thunk","thunk","","",""
"SC3U.exe","0x004b4eb6","WSACleanup","6","thunk","thunk","","",""
"SC3U.exe","0x004b4ebc","inet_ntoa","6","thunk","thunk","","",""
"SC3U.exe","0x004b4ec2","WSAAsyncSelect","6","thunk","thunk","","",""
"SC3U.exe","0x004b4ec8","shutdown","6","thunk","thunk","","",""
"SC3U.exe","0x004b4ece","bind","6","thunk","thunk","","",""
"SC3U.exe","0x004b4ed4","getsockname","6","thunk","thunk","","",""
"SC3U.exe","0x004b4eda","getpeername","6","thunk","thunk","","",""
"SC3U.exe","0x004b4ee0","ioctlsocket","6","thunk","thunk","","",""
"SC3U.exe","0x004b4ee6","__WSAFDIsSet","6","thunk","thunk","","",""
"SC3U.exe","0x004b4eec","select","6","thunk","thunk","","",""
"SC3U.exe","0x004b4ef2","setsockopt","6","thunk","thunk","","",""
"SC3U.exe","0x004b4ef8","getsockopt","6","thunk","thunk","","",""
"SC3U.exe","0x004b4efe","recv","6","thunk","thunk","","",""
"SC3U.exe","0x004b4f04","send","6","thunk","thunk","","",""
"SC3U.exe","0x004b4f0a","listen","6","thunk","thunk","","",""
"SC3U.exe","0x004b4f10","connect","6","thunk","thunk","","",""
"SC3U.exe","0x004b4f16","accept","6","thunk","thunk","","",""
"SC3U.exe","0x004b4f7e","FUN_004b4f7e","178","fun","C0","","",""
"SC3U.exe","0x004b5030","FUN_004b5030","28","fun","C0","","",""
"SC3U.exe","0x004b504c","FUN_004b504c","160","fun","C0","","",""
"SC3U.exe","0x004b50ec","FUN_004b50ec","7","fun","C0","","",""
"SC3U.exe","0x004b50f3","FUN_004b50f3","26","fun","C0","","",""
"SC3U.exe","0x004b5127","FUN_004b5127","145","fun","C0","","",""
"SC3U.exe","0x004b51b8","FUN_004b51b8","127","fun","C0","","",""
"SC3U.exe","0x004b5237","FUN_004b5237","91","fun","C0","","",""
"SC3U.exe","0x004b5292","FUN_004b5292","1244","fun","C0","","",""
"SC3U.exe","0x004b576e","FUN_004b576e","348","fun","C0","","",""
"SC3U.exe","0x004b59a2","FUN_004b59a2","136","fun","C0","","",""
"SC3U.exe","0x004b5a2a","FUN_004b5a2a","584","fun","C0","","",""
"SC3U.exe","0x004b5c72","FUN_004b5c72","178","fun","C0","","",""
"SC3U.exe","0x004b5d24","FUN_004b5d24","213","fun","C0","","",""
"SC3U.exe","0x004b5df9","FUN_004b5df9","115","fun","C0","","",""
"SC3U.exe","0x004b5e6c","FUN_004b5e6c","90","fun","C0","","",""
"SC3U.exe","0x004b5ec6","FUN_004b5ec6","493","fun","C0","","",""
"SC3U.exe","0x004b60b3","FUN_004b60b3","285","fun","C0","","",""
"SC3U.exe","0x004b61d0","FUN_004b61d0","47","fun","C0","","",""
"SC3U.exe","0x004b61ff","FUN_004b61ff","139","fun","C0","","",""
"SC3U.exe","0x004b628a","FUN_004b628a","2267","fun","C0","","",""
"SC3U.exe","0x004b6b89","FUN_004b6b89","1635","fun","C0","","",""
"SC3U.exe","0x004b71ec","FUN_004b71ec","347","fun","C0","","",""
"SC3U.exe","0x004b7347","FUN_004b7347","565","fun","C0","","",""
"SC3U.exe","0x004b757c","FUN_004b757c","51","fun","C0","","",""
"SC3U.exe","0x004b75af","FUN_004b75af","117","fun","C0","","",""
"SC3U.exe","0x004b7624","FUN_004b7624","81","fun","C0","","",""
"SC3U.exe","0x004b7675","FUN_004b7675","323","fun","C0","","",""
"SC3U.exe","0x004b77b8","FUN_004b77b8","28","fun","C0","","",""
"SC3U.exe","0x004b77d4","FUN_004b77d4","393","fun","C0","","",""
"SC3U.exe","0x004b796a","FUN_004b796a","120","fun","C0","","",""
"SC3U.exe","0x004b7a29","FUN_004b7a29","34","fun","C0","","",""
"SC3U.exe","0x004b7a4b","FUN_004b7a4b","359","fun","C0","","",""
"SC3U.exe","0x004b7bb2","FUN_004b7bb2","144","fun","C0","","",""
"SC3U.exe","0x004b7c42","FUN_004b7c42","33","fun","C0","","",""
"SC3U.exe","0x004b7c63","FUN_004b7c63","31","fun","C0","","",""
"SC3U.exe","0x004b7c82","FUN_004b7c82","55","fun","C0","","",""
"SC3U.exe","0x004b7cb9","FUN_004b7cb9","15","fun","C0","","",""
"SC3U.exe","0x004b7ccc","FUN_004b7ccc","39","fun","C0","","",""
"SC3U.exe","0x004b7d40","FUN_004b7d40","288","fun","C0","","",""
"SC3U.exe","0x004b7e60","FUN_004b7e60","237","fun","C0","","",""
"SC3U.exe","0x004b7f4d","FUN_004b7f4d","131","fun","C0","","",""
"SC3U.exe","0x004b7fd0","FUN_004b7fd0","166","fun","C0","","",""
"SC3U.exe","0x004b8076","FUN_004b8076","97","fun","C0","","",""
"SC3U.exe","0x004b80d7","FUN_004b80d7","135","fun","C0","","",""
"SC3U.exe","0x004b815e","FUN_004b815e","205","fun","C0","","",""
"SC3U.exe","0x004b822b","FUN_004b822b","92","fun","C0","","",""
"SC3U.exe","0x004b8287","FUN_004b8287","231","fun","C0","","",""
"SC3U.exe","0x004b8373","FUN_004b8373","157","fun","C0","","",""
"SC3U.exe","0x004b8410","FUN_004b8410","48","fun","C0","","",""
"SC3U.exe","0x004b8440","FUN_004b8440","18","fun","C0","","",""
"SC3U.exe","0x004b8452","FUN_004b8452","248","fun","C0","","",""
"SC3U.exe","0x004b854a","FUN_004b854a","102","fun","C0","","",""
"SC3U.exe","0x004b85b0","FUN_004b85b0","80","fun","C0","","",""
"SC3U.exe","0x004b8628","FUN_004b8628","1514","fun","C0","","",""
"SC3U.exe","0x004b8c12","FUN_004b8c12","72","fun","C0","","",""
"SC3U.exe","0x004b8c7a","FUN_004b8c7a","2603","fun","C0","","",""
"SC3U.exe","0x004b96a5","FUN_004b96a5","48","fun","C0","","",""
"SC3U.exe","0x004b96d5","FUN_004b96d5","533","fun","C0","","",""
"SC3U.exe","0x004b98ea","FUN_004b98ea","2685","fun","C0","","",""
"SC3U.exe","0x004ba367","FUN_004ba367","302","fun","C0","","",""
"SC3U.exe","0x004ba495","FUN_004ba495","133","fun","C0","","",""
"SC3U.exe","0x004ba51a","FUN_004ba51a","748","fun","C0","","",""
"SC3U.exe","0x004ba806","FUN_004ba806","866","fun","C0","","",""
"SC3U.exe","0x004bab68","FUN_004bab68","457","fun","C0","","",""
"SC3U.exe","0x004bad31","FUN_004bad31","77","fun","C0","","",""
"SC3U.exe","0x004bad7e","FUN_004bad7e","61","fun","C0","","",""
"SC3U.exe","0x004badbb","FUN_004badbb","979","fun","C0","","",""
"SC3U.exe","0x004bb18e","FUN_004bb18e","91","fun","C0","","",""
"SC3U.exe","0x004bb1e9","FUN_004bb1e9","90","fun","C0","","",""
"SC3U.exe","0x004bb243","FUN_004bb243","93","fun","C0","","",""
"SC3U.exe","0x004bb2a0","FUN_004bb2a0","43","fun","C0","","",""
"SC3U.exe","0x004bb2cb","FUN_004bb2cb","48","fun","C0","","",""
"SC3U.exe","0x004bb2fb","FUN_004bb2fb","25","fun","C0","","",""
"SC3U.exe","0x004bb314","FUN_004bb314","33","fun","C0","","",""
"SC3U.exe","0x004bb335","FUN_004bb335","48","fun","C0","","",""
"SC3U.exe","0x004bb365","FUN_004bb365","44","fun","C0","","",""
"SC3U.exe","0x004bb391","FUN_004bb391","13","fun","C0","","",""
"SC3U.exe","0x004bb39e","FUN_004bb39e","44","fun","C0","","",""
"SC3U.exe","0x004bb3ca","FUN_004bb3ca","11","fun","C0","","",""
"SC3U.exe","0x004bb3d5","FUN_004bb3d5","35","fun","C0","","",""
"SC3U.exe","0x004bb3f8","FUN_004bb3f8","38","fun","C0","","",""
"SC3U.exe","0x004bb41e","thunk_FUN_004bb458","5","thunk","thunk","","",""
"SC3U.exe","0x004bb423","FUN_004bb423","13","fun","C0","","",""
"SC3U.exe","0x004bb430","FUN_004bb430","40","fun","C0","","",""
"SC3U.exe","0x004bb458","FUN_004bb458","21","fun","C0","","",""
"SC3U.exe","0x004bb46d","FUN_004bb46d","31","fun","C0","","",""
"SC3U.exe","0x004bb493","FUN_004bb493","42","fun","C0","","",""
"SC3U.exe","0x004bb511","FUN_004bb511","16","fun","C0","","",""
"SC3U.exe","0x004bb521","FUN_004bb521","12","fun","C0","","",""
"SC3U.exe","0x004bb537","FUN_004bb537","591","fun","C0","","",""
"SC3U.exe","0x004bb786","FUN_004bb786","28","fun","C0","","",""
"SC3U.exe","0x004bb7a2","FUN_004bb7a2","350","fun","C0","","",""
"SC3U.exe","0x004bb900","FUN_004bb900","21","fun","C0","","",""
"SC3U.exe","0x004bb915","FUN_004bb915","111","fun","C0","","",""
"SC3U.exe","0x004bb9d0","FUN_004bb9d0","39","fun","C0","","",""
"SC3U.exe","0x004bb9fb","FUN_004bb9fb","43","fun","C0","","",""
"SC3U.exe","0x004bba26","FUN_004bba26","46","fun","C0","","",""
"SC3U.exe","0x004bba54","FUN_004bba54","70","fun","C0","","",""
"SC3U.exe","0x004bba9a","FUN_004bba9a","61","fun","C0","","",""
"SC3U.exe","0x004bbae5","FUN_004bbae5","10","fun","C0","","",""
"SC3U.exe","0x004bbb05","FUN_004bbb05","10","fun","C0","","",""
"SC3U.exe","0x004bbb0f","FUN_004bbb0f","206","fun","C0","","",""
"SC3U.exe","0x004bbbe1","FUN_004bbbe1","78","fun","C0","","",""
"SC3U.exe","0x004bbd37","FUN_004bbd37","67","fun","C0","","",""
"SC3U.exe","0x004bbd7a","FUN_004bbd7a","1582","fun","C0","","",""
"SC3U.exe","0x004bc3a8","FUN_004bc3a8","72","fun","C0","","",""
"SC3U.exe","0x004bc3f0","FUN_004bc3f0","90","fun","C0","","",""
"SC3U.exe","0x004bc44a","FUN_004bc44a","120","fun","C0","","",""
"SC3U.exe","0x004bc4c2","FUN_004bc4c2","1652","fun","C0","","",""
"SC3U.exe","0x004bcb36","FUN_004bcb36","1310","fun","C0","","",""
"SC3U.exe","0x004bd054","FUN_004bd054","635","fun","C0","","",""
"SC3U.exe","0x004bd2cf","FUN_004bd2cf","450","fun","C0","","",""
"SC3U.exe","0x004bd491","FUN_004bd491","357","fun","C0","","",""
"SC3U.exe","0x004bd5f6","FUN_004bd5f6","450","fun","C0","","",""
"SC3U.exe","0x004bd7b8","FUN_004bd7b8","450","fun","C0","","",""
"SC3U.exe","0x004bd97a","FUN_004bd97a","407","fun","C0","","",""
"SC3U.exe","0x004bdb11","FUN_004bdb11","613","fun","C0","","",""
"SC3U.exe","0x004bdd76","FUN_004bdd76","75","fun","C0","","",""
"SC3U.exe","0x004bddc5","FUN_004bddc5","17","fun","C0","","",""
"SC3U.exe","0x004bddd6","FUN_004bddd6","17","fun","C0","","",""
"SC3U.exe","0x004bdde7","FUN_004bdde7","1096","fun","C0","","",""
"SC3U.exe","0x004be22f","FUN_004be22f","8","fun","C0","","",""
"SC3U.exe","0x004be237","FUN_004be237","297","fun","C0","","",""
"SC3U.exe","0x004be360","FUN_004be360","46","fun","C0","","",""
"SC3U.exe","0x004be38e","FUN_004be38e","344","fun","C0","","",""
"SC3U.exe","0x004be4e6","FUN_004be4e6","149","fun","C0","","",""
"SC3U.exe","0x004be57b","FUN_004be57b","106","fun","C0","","",""
"SC3U.exe","0x004be5e5","FUN_004be5e5","81","fun","C0","","",""
"SC3U.exe","0x004be636","FUN_004be636","33","fun","C0","","",""
"SC3U.exe","0x004be657","FUN_004be657","131","fun","C0","","",""
"SC3U.exe","0x004be6da","FUN_004be6da","33","fun","C0","","",""
"SC3U.exe","0x004be6fb","FUN_004be6fb","81","fun","C0","","",""
"SC3U.exe","0x004be74c","FUN_004be74c","33","fun","C0","","",""
"SC3U.exe","0x004be76d","FUN_004be76d","114","fun","C0","","",""
"SC3U.exe","0x004be7df","FUN_004be7df","103","fun","C0","","",""
"SC3U.exe","0x004be846","FUN_004be846","231","fun","C0","","",""
"SC3U.exe","0x004be92d","FUN_004be92d","20","fun","C0","","",""
"SC3U.exe","0x004be941","FUN_004be941","3197","fun","C0","","",""
"SC3U.exe","0x004bf5ab","Catch@004bf5ab","6","lib","lib","","",""
"SC3U.exe","0x004bf608","FUN_004bf608","267","fun","C0","","",""
"SC3U.exe","0x004bf713","FUN_004bf713","168","fun","C0","","",""
"SC3U.exe","0x004bf7bb","FUN_004bf7bb","28","fun","C0","","",""
"SC3U.exe","0x004bf7d7","FUN_004bf7d7","140","fun","C0","","",""
"SC3U.exe","0x004bf863","FUN_004bf863","13","fun","C0","","",""
"SC3U.exe","0x004bf870","FUN_004bf870","13","fun","C0","","",""
"SC3U.exe","0x004bf8c8","FUN_004bf8c8","39","fun","C0","","",""
"SC3U.exe","0x004bf8ef","FUN_004bf8ef","55","fun","C0","","",""
"SC3U.exe","0x004bf930","FUN_004bf930","127","fun","C0","","",""
"SC3U.exe","0x004bf9af","FUN_004bf9af","230","fun","C0","","",""
"SC3U.exe","0x004bfa95","FUN_004bfa95","83","fun","C0","","",""
"SC3U.exe","0x004bfae8","FUN_004bfae8","134","fun","C0","","",""
"SC3U.exe","0x004bfb6e","FUN_004bfb6e","67","fun","C0","","",""
"SC3U.exe","0x004bfbb1","FUN_004bfbb1","66","fun","C0","","",""
"SC3U.exe","0x004bfbf3","FUN_004bfbf3","85","fun","C0","","",""
"SC3U.exe","0x004bfc48","FUN_004bfc48","119","fun","C0","","",""
"SC3U.exe","0x004bfcbf","FUN_004bfcbf","184","fun","C0","","",""
"SC3U.exe","0x004bfd77","FUN_004bfd77","83","fun","C0","","",""
"SC3U.exe","0x004bfdca","FUN_004bfdca","159","fun","C0","","",""
"SC3U.exe","0x004bfe89","FUN_004bfe89","916","fun","C0","","",""
"SC3U.exe","0x004c021d","FUN_004c021d","44","fun","C0","","",""
"SC3U.exe","0x004c0249","FUN_004c0249","11","fun","C0","","",""
"SC3U.exe","0x004c0254","FUN_004c0254","45","fun","C0","","",""
"SC3U.exe","0x004c0281","FUN_004c0281","38","fun","C0","","",""
"SC3U.exe","0x004c02a7","FUN_004c02a7","13","fun","C0","","",""
"SC3U.exe","0x004c02b4","thunk_FUN_004c0344","5","thunk","thunk","","",""
"SC3U.exe","0x004c02b9","FUN_004c02b9","13","fun","C0","","",""
"SC3U.exe","0x004c02c6","FUN_004c02c6","13","fun","C0","","",""
"SC3U.exe","0x004c02d3","FUN_004c02d3","11","fun","C0","","",""
"SC3U.exe","0x004c02de","FUN_004c02de","44","fun","C0","","",""
"SC3U.exe","0x004c030a","thunk_FUN_004c0381","5","thunk","thunk","","",""
"SC3U.exe","0x004c030f","FUN_004c030f","13","fun","C0","","",""
"SC3U.exe","0x004c031c","FUN_004c031c","40","fun","C0","","",""
"SC3U.exe","0x004c0344","FUN_004c0344","21","fun","C0","","",""
"SC3U.exe","0x004c0359","FUN_004c0359","40","fun","C0","","",""
"SC3U.exe","0x004c0381","FUN_004c0381","21","fun","C0","","",""
"SC3U.exe","0x004c0396","FUN_004c0396","80","fun","C0","","",""
"SC3U.exe","0x004c03e6","Catch@004c03e6","21","lib","lib","","",""
"SC3U.exe","0x004c03fb","FUN_004c03fb","80","fun","C0","","",""
"SC3U.exe","0x004c044b","Catch@004c044b","21","lib","lib","","",""
"SC3U.exe","0x004c0467","FUN_004c0467","52","fun","C0","","",""
"SC3U.exe","0x004c049b","FUN_004c049b","52","fun","C0","","",""
"SC3U.exe","0x004c04cf","FUN_004c04cf","61","fun","C0","","",""
"SC3U.exe","0x004c050c","FUN_004c050c","155","fun","C0","","",""
"SC3U.exe","0x004c05a7","FUN_004c05a7","62","fun","C0","","",""
"SC3U.exe","0x004c05e5","FUN_004c05e5","45","fun","C0","","",""
"SC3U.exe","0x004c0612","FUN_004c0612","15","fun","C0","","",""
"SC3U.exe","0x004c0670","Unwind@004c0670","10","lib","lib","","",""
"SC3U.exe","0x004c0684","Unwind@004c0684","8","lib","lib","","",""
"SC3U.exe","0x004c0698","Unwind@004c0698","8","lib","lib","","",""
"SC3U.exe","0x004c06a0","Unwind@004c06a0","8","lib","lib","","",""
"SC3U.exe","0x004c06a8","Unwind@004c06a8","8","lib","lib","","",""
"SC3U.exe","0x004c06b0","Unwind@004c06b0","8","lib","lib","","",""
"SC3U.exe","0x004c06c4","Unwind@004c06c4","8","lib","lib","","",""
"SC3U.exe","0x004c06d8","Unwind@004c06d8","11","lib","lib","","",""
"SC3U.exe","0x004c06e3","Unwind@004c06e3","11","lib","lib","","",""
"SC3U.exe","0x004c06ee","Unwind@004c06ee","8","lib","lib","","",""
"SC3U.exe","0x004c06f6","Unwind@004c06f6","8","lib","lib","","",""
"SC3U.exe","0x004c0708","Unwind@004c0708","8","lib","lib","","",""
"SC3U.exe","0x004c071c","Unwind@004c071c","8","lib","lib","","",""
"SC3U.exe","0x004c073c","Unwind@004c073c","8","lib","lib","","",""
"SC3U.exe","0x004c0750","Unwind@004c0750","8","lib","lib","","",""
"SC3U.exe","0x004c0758","Unwind@004c0758","8","lib","lib","","",""
"SC3U.exe","0x004c076c","Unwind@004c076c","9","lib","lib","","",""
"SC3U.exe","0x004c0780","Unwind@004c0780","14","lib","lib","","",""
"SC3U.exe","0x004c078e","Unwind@004c078e","8","lib","lib","","",""
"SC3U.exe","0x004c0796","Unwind@004c0796","14","lib","lib","","",""
"SC3U.exe","0x004c07b0","Unwind@004c07b0","14","lib","lib","","",""
"SC3U.exe","0x004c07c8","Unwind@004c07c8","8","lib","lib","","",""
"SC3U.exe","0x004c07dc","Unwind@004c07dc","8","lib","lib","","",""
"SC3U.exe","0x004c07f0","Unwind@004c07f0","8","lib","lib","","",""
"SC3U.exe","0x004c07f8","Unwind@004c07f8","8","lib","lib","","",""
"SC3U.exe","0x004c080c","Unwind@004c080c","14","lib","lib","","",""
"SC3U.exe","0x004c0824","Unwind@004c0824","8","lib","lib","","",""
"SC3U.exe","0x004c0838","Unwind@004c0838","8","lib","lib","","",""
"SC3U.exe","0x004c084c","Unwind@004c084c","8","lib","lib","","",""
"SC3U.exe","0x004c086c","Unwind@004c086c","10","lib","lib","","",""
"SC3U.exe","0x004c0880","Unwind@004c0880","11","lib","lib","","",""
"SC3U.exe","0x004c088b","Unwind@004c088b","11","lib","lib","","",""
"SC3U.exe","0x004c0896","Unwind@004c0896","11","lib","lib","","",""
"SC3U.exe","0x004c08a1","Unwind@004c08a1","11","lib","lib","","",""
"SC3U.exe","0x004c08ac","Unwind@004c08ac","14","lib","lib","","",""
"SC3U.exe","0x004c08ba","Unwind@004c08ba","14","lib","lib","","",""
"SC3U.exe","0x004c08c8","Unwind@004c08c8","14","lib","lib","","",""
"SC3U.exe","0x004c08d6","Unwind@004c08d6","14","lib","lib","","",""
"SC3U.exe","0x004c08e4","Unwind@004c08e4","10","lib","lib","","",""
"SC3U.exe","0x004c08f8","Unwind@004c08f8","8","lib","lib","","",""
"SC3U.exe","0x004c0900","Unwind@004c0900","11","lib","lib","","",""
"SC3U.exe","0x004c090b","Unwind@004c090b","11","lib","lib","","",""
"SC3U.exe","0x004c0916","Unwind@004c0916","11","lib","lib","","",""
"SC3U.exe","0x004c0921","Unwind@004c0921","14","lib","lib","","",""
"SC3U.exe","0x004c092f","Unwind@004c092f","14","lib","lib","","",""
"SC3U.exe","0x004c093d","Unwind@004c093d","14","lib","lib","","",""
"SC3U.exe","0x004c094b","Unwind@004c094b","14","lib","lib","","",""
"SC3U.exe","0x004c0959","Unwind@004c0959","8","lib","lib","","",""
"SC3U.exe","0x004c0961","Unwind@004c0961","8","lib","lib","","",""
"SC3U.exe","0x004c0969","Unwind@004c0969","8","lib","lib","","",""
"SC3U.exe","0x004c097c","Unwind@004c097c","8","lib","lib","","",""
"SC3U.exe","0x004c0984","Unwind@004c0984","10","lib","lib","","",""
"SC3U.exe","0x004c098e","Unwind@004c098e","10","lib","lib","","",""
"SC3U.exe","0x004c0998","Unwind@004c0998","10","lib","lib","","",""
"SC3U.exe","0x004c09a2","Unwind@004c09a2","10","lib","lib","","",""
"SC3U.exe","0x004c09b8","Unwind@004c09b8","8","lib","lib","","",""
"SC3U.exe","0x004c09c0","Unwind@004c09c0","10","lib","lib","","",""
"SC3U.exe","0x004c09ca","Unwind@004c09ca","10","lib","lib","","",""
"SC3U.exe","0x004c09e0","Unwind@004c09e0","8","lib","lib","","",""
"SC3U.exe","0x004c09e8","Unwind@004c09e8","10","lib","lib","","",""
"SC3U.exe","0x004c09fc","Unwind@004c09fc","8","lib","lib","","",""
"SC3U.exe","0x004c0a04","Unwind@004c0a04","11","lib","lib","","",""
"SC3U.exe","0x004c0a0f","Unwind@004c0a0f","8","lib","lib","","",""
"SC3U.exe","0x004c0a17","Unwind@004c0a17","8","lib","lib","","",""
"SC3U.exe","0x004c0a1f","Unwind@004c0a1f","8","lib","lib","","",""
"SC3U.exe","0x004c0a27","Unwind@004c0a27","10","lib","lib","","",""
"SC3U.exe","0x004c0a31","Unwind@004c0a31","10","lib","lib","","",""
"SC3U.exe","0x004c0a3b","Unwind@004c0a3b","8","lib","lib","","",""
"SC3U.exe","0x004c0a43","Unwind@004c0a43","8","lib","lib","","",""
"SC3U.exe","0x004c0a4b","Unwind@004c0a4b","8","lib","lib","","",""
"SC3U.exe","0x004c0a53","Unwind@004c0a53","8","lib","lib","","",""
"SC3U.exe","0x004c0a5b","Unwind@004c0a5b","8","lib","lib","","",""
"SC3U.exe","0x004c0a63","Unwind@004c0a63","8","lib","lib","","",""
"SC3U.exe","0x004c0a6b","Unwind@004c0a6b","8","lib","lib","","",""
"SC3U.exe","0x004c0a73","Unwind@004c0a73","10","lib","lib","","",""
"SC3U.exe","0x004c0a7d","Unwind@004c0a7d","10","lib","lib","","",""
"SC3U.exe","0x004c0a94","Unwind@004c0a94","8","lib","lib","","",""
"SC3U.exe","0x004c0a9c","Unwind@004c0a9c","8","lib","lib","","",""
"SC3U.exe","0x004c0aa4","Unwind@004c0aa4","8","lib","lib","","",""
"SC3U.exe","0x004c0aac","Unwind@004c0aac","11","lib","lib","","",""
"SC3U.exe","0x004c0ab7","Unwind@004c0ab7","8","lib","lib","","",""
"SC3U.exe","0x004c0abf","Unwind@004c0abf","8","lib","lib","","",""
"SC3U.exe","0x004c0ad4","Unwind@004c0ad4","8","lib","lib","","",""
"SC3U.exe","0x004c0adc","Unwind@004c0adc","8","lib","lib","","",""
"SC3U.exe","0x004c0ae4","Unwind@004c0ae4","8","lib","lib","","",""
"SC3U.exe","0x004c0af8","Unwind@004c0af8","8","lib","lib","","",""
"SC3U.exe","0x004c0b00","Unwind@004c0b00","8","lib","lib","","",""
"SC3U.exe","0x004c0b08","Unwind@004c0b08","8","lib","lib","","",""
"SC3U.exe","0x004c0b1c","Unwind@004c0b1c","8","lib","lib","","",""
"SC3U.exe","0x004c0b24","Unwind@004c0b24","11","lib","lib","","",""
"SC3U.exe","0x004c0b2f","Unwind@004c0b2f","11","lib","lib","","",""
"SC3U.exe","0x004c0b3a","Unwind@004c0b3a","8","lib","lib","","",""
"SC3U.exe","0x004c0b42","Unwind@004c0b42","8","lib","lib","","",""
"SC3U.exe","0x004c0b4a","Unwind@004c0b4a","8","lib","lib","","",""
"SC3U.exe","0x004c0b52","Unwind@004c0b52","8","lib","lib","","",""
"SC3U.exe","0x004c0b64","Unwind@004c0b64","8","lib","lib","","",""
"SC3U.exe","0x004c0b6c","Unwind@004c0b6c","11","lib","lib","","",""
"SC3U.exe","0x004c0b77","Unwind@004c0b77","11","lib","lib","","",""
"SC3U.exe","0x004c0b82","Unwind@004c0b82","8","lib","lib","","",""
"SC3U.exe","0x004c0b8a","Unwind@004c0b8a","8","lib","lib","","",""
"SC3U.exe","0x004c0b92","Unwind@004c0b92","8","lib","lib","","",""
"SC3U.exe","0x004c0b9a","Unwind@004c0b9a","8","lib","lib","","",""
"SC3U.exe","0x004c0bac","Unwind@004c0bac","8","lib","lib","","",""
"SC3U.exe","0x004c0bb4","Unwind@004c0bb4","11","lib","lib","","",""
"SC3U.exe","0x004c0bbf","Unwind@004c0bbf","8","lib","lib","","",""
"SC3U.exe","0x004c0bc7","Unwind@004c0bc7","8","lib","lib","","",""
"SC3U.exe","0x004c0bcf","Unwind@004c0bcf","8","lib","lib","","",""
"SC3U.exe","0x004c0bd7","Unwind@004c0bd7","8","lib","lib","","",""
"SC3U.exe","0x004c0bec","Unwind@004c0bec","11","lib","lib","","",""
"SC3U.exe","0x004c0bf7","Unwind@004c0bf7","8","lib","lib","","",""
"SC3U.exe","0x004c0bff","Unwind@004c0bff","11","lib","lib","","",""
"SC3U.exe","0x004c0c0a","Unwind@004c0c0a","8","lib","lib","","",""
"SC3U.exe","0x004c0c12","Unwind@004c0c12","8","lib","lib","","",""
"SC3U.exe","0x004c0c1a","Unwind@004c0c1a","10","lib","lib","","",""
"SC3U.exe","0x004c0c24","Unwind@004c0c24","23","lib","lib","","",""
"SC3U.exe","0x004c0c3b","Unwind@004c0c3b","8","lib","lib","","",""
"SC3U.exe","0x004c0c43","Unwind@004c0c43","8","lib","lib","","",""
"SC3U.exe","0x004c0c4b","Unwind@004c0c4b","11","lib","lib","","",""
"SC3U.exe","0x004c0c56","Unwind@004c0c56","11","lib","lib","","",""
"SC3U.exe","0x004c0c61","Unwind@004c0c61","8","lib","lib","","",""
"SC3U.exe","0x004c0c69","Unwind@004c0c69","8","lib","lib","","",""
"SC3U.exe","0x004c0c71","Unwind@004c0c71","8","lib","lib","","",""
"SC3U.exe","0x004c0c79","Unwind@004c0c79","10","lib","lib","","",""
"SC3U.exe","0x004c0c83","Unwind@004c0c83","8","lib","lib","","",""
"SC3U.exe","0x004c0c8b","Unwind@004c0c8b","10","lib","lib","","",""
"SC3U.exe","0x004c0c95","Unwind@004c0c95","11","lib","lib","","",""
"SC3U.exe","0x004c0ca0","Unwind@004c0ca0","8","lib","lib","","",""
"SC3U.exe","0x004c0cb4","Unwind@004c0cb4","8","lib","lib","","",""
"SC3U.exe","0x004c0cbc","Unwind@004c0cbc","11","lib","lib","","",""
"SC3U.exe","0x004c0cc7","Unwind@004c0cc7","11","lib","lib","","",""
"SC3U.exe","0x004c0cd2","Unwind@004c0cd2","11","lib","lib","","",""
"SC3U.exe","0x004c0ce8","Unwind@004c0ce8","11","lib","lib","","",""
"SC3U.exe","0x004c0cf3","Unwind@004c0cf3","11","lib","lib","","",""
"SC3U.exe","0x004c0cfe","Unwind@004c0cfe","11","lib","lib","","",""
"SC3U.exe","0x004c0d09","Unwind@004c0d09","11","lib","lib","","",""
"SC3U.exe","0x004c0d14","Unwind@004c0d14","11","lib","lib","","",""
"SC3U.exe","0x004c0d1f","Unwind@004c0d1f","11","lib","lib","","",""
"SC3U.exe","0x004c0d2a","Unwind@004c0d2a","11","lib","lib","","",""
"SC3U.exe","0x004c0d35","Unwind@004c0d35","11","lib","lib","","",""
"SC3U.exe","0x004c0d40","Unwind@004c0d40","8","lib","lib","","",""
"SC3U.exe","0x004c0d48","Unwind@004c0d48","8","lib","lib","","",""
"SC3U.exe","0x004c0d50","Unwind@004c0d50","11","lib","lib","","",""
"SC3U.exe","0x004c0d5b","Unwind@004c0d5b","11","lib","lib","","",""
"SC3U.exe","0x004c0d66","Unwind@004c0d66","8","lib","lib","","",""
"SC3U.exe","0x004c0d6e","Unwind@004c0d6e","8","lib","lib","","",""
"SC3U.exe","0x004c0d76","Unwind@004c0d76","11","lib","lib","","",""
"SC3U.exe","0x004c0d81","Unwind@004c0d81","11","lib","lib","","",""
"SC3U.exe","0x004c0d8c","Unwind@004c0d8c","11","lib","lib","","",""
"SC3U.exe","0x004c0d97","Unwind@004c0d97","8","lib","lib","","",""
"SC3U.exe","0x004c0d9f","Unwind@004c0d9f","8","lib","lib","","",""
"SC3U.exe","0x004c0da7","Unwind@004c0da7","11","lib","lib","","",""
"SC3U.exe","0x004c0db2","Unwind@004c0db2","11","lib","lib","","",""
"SC3U.exe","0x004c0dbd","Unwind@004c0dbd","11","lib","lib","","",""
"SC3U.exe","0x004c0dc8","Unwind@004c0dc8","8","lib","lib","","",""
"SC3U.exe","0x004c0dd0","Unwind@004c0dd0","8","lib","lib","","",""
"SC3U.exe","0x004c0dd8","Unwind@004c0dd8","11","lib","lib","","",""
"SC3U.exe","0x004c0df0","Unwind@004c0df0","8","lib","lib","","",""
"SC3U.exe","0x004c0e04","Unwind@004c0e04","11","lib","lib","","",""
"SC3U.exe","0x004c0e0f","Unwind@004c0e0f","8","lib","lib","","",""
"SC3U.exe","0x004c0e17","Unwind@004c0e17","8","lib","lib","","",""
"SC3U.exe","0x004c0e1f","Unwind@004c0e1f","11","lib","lib","","",""
"SC3U.exe","0x004c0e2a","Unwind@004c0e2a","8","lib","lib","","",""
"SC3U.exe","0x004c0e32","Unwind@004c0e32","8","lib","lib","","",""
"SC3U.exe","0x004c0e3a","Unwind@004c0e3a","8","lib","lib","","",""
"SC3U.exe","0x004c0e42","Unwind@004c0e42","8","lib","lib","","",""
"SC3U.exe","0x004c0e4a","Unwind@004c0e4a","8","lib","lib","","",""
"SC3U.exe","0x004c0e52","Unwind@004c0e52","11","lib","lib","","",""
"SC3U.exe","0x004c0e5d","Unwind@004c0e5d","8","lib","lib","","",""
"SC3U.exe","0x004c0e65","Unwind@004c0e65","11","lib","lib","","",""
"SC3U.exe","0x004c0e7c","Unwind@004c0e7c","8","lib","lib","","",""
"SC3U.exe","0x004c0e84","Unwind@004c0e84","8","lib","lib","","",""
"SC3U.exe","0x004c0e8c","Unwind@004c0e8c","8","lib","lib","","",""
"SC3U.exe","0x004c0ea0","Unwind@004c0ea0","10","lib","lib","","",""
"SC3U.exe","0x004c0eaa","Unwind@004c0eaa","10","lib","lib","","",""
"SC3U.exe","0x004c0eb4","Unwind@004c0eb4","8","lib","lib","","",""
"SC3U.exe","0x004c0ebc","Unwind@004c0ebc","10","lib","lib","","",""
"SC3U.exe","0x004c0ec6","Unwind@004c0ec6","8","lib","lib","","",""
"SC3U.exe","0x004c0ece","Unwind@004c0ece","8","lib","lib","","",""
"SC3U.exe","0x004c0ed6","Unwind@004c0ed6","8","lib","lib","","",""
"SC3U.exe","0x004c0ede","Unwind@004c0ede","10","lib","lib","","",""
"SC3U.exe","0x004c0ef4","Unwind@004c0ef4","8","lib","lib","","",""
"SC3U.exe","0x004c0efc","Unwind@004c0efc","8","lib","lib","","",""
"SC3U.exe","0x004c0f10","Unwind@004c0f10","8","lib","lib","","",""
"SC3U.exe","0x004c0f24","Unwind@004c0f24","8","lib","lib","","",""
"SC3U.exe","0x004c0f38","Unwind@004c0f38","8","lib","lib","","",""
"SC3U.exe","0x004c0f4c","Unwind@004c0f4c","11","lib","lib","","",""
"SC3U.exe","0x004c0f57","Unwind@004c0f57","8","lib","lib","","",""
"SC3U.exe","0x004c0f5f","Unwind@004c0f5f","11","lib","lib","","",""
"SC3U.exe","0x004c0f6a","Unwind@004c0f6a","11","lib","lib","","",""
"SC3U.exe","0x004c0f75","Unwind@004c0f75","8","lib","lib","","",""
"SC3U.exe","0x004c0f7d","Unwind@004c0f7d","8","lib","lib","","",""
"SC3U.exe","0x004c0f85","Unwind@004c0f85","11","lib","lib","","",""
"SC3U.exe","0x004c0f90","Unwind@004c0f90","11","lib","lib","","",""
"SC3U.exe","0x004c0f9b","Unwind@004c0f9b","11","lib","lib","","",""
"SC3U.exe","0x004c0fa6","Unwind@004c0fa6","11","lib","lib","","",""
"SC3U.exe","0x004c0fb1","Unwind@004c0fb1","11","lib","lib","","",""
"SC3U.exe","0x004c0fbc","Unwind@004c0fbc","11","lib","lib","","",""
"SC3U.exe","0x004c0fc7","Unwind@004c0fc7","11","lib","lib","","",""
"SC3U.exe","0x004c0fd2","Unwind@004c0fd2","11","lib","lib","","",""
"SC3U.exe","0x004c0fdd","Unwind@004c0fdd","8","lib","lib","","",""
"SC3U.exe","0x004c0ff0","Unwind@004c0ff0","8","lib","lib","","",""
"SC3U.exe","0x004c0ff8","Unwind@004c0ff8","8","lib","lib","","",""
"SC3U.exe","0x004c1000","Unwind@004c1000","8","lib","lib","","",""
"SC3U.exe","0x004c1014","Unwind@004c1014","8","lib","lib","","",""
"SC3U.exe","0x004c1028","Unwind@004c1028","8","lib","lib","","",""
"SC3U.exe","0x004c1060","Unwind@004c1060","8","lib","lib","","",""
"SC3U.exe","0x004c108c","Unwind@004c108c","8","lib","lib","","",""
"SC3U.exe","0x004c1094","Unwind@004c1094","8","lib","lib","","",""
"SC3U.exe","0x004c109c","Unwind@004c109c","8","lib","lib","","",""
"SC3U.exe","0x004c10a4","Unwind@004c10a4","23","lib","lib","","",""
"SC3U.exe","0x004c10e0","Unwind@004c10e0","14","lib","lib","","",""
"SC3U.exe","0x004c10f8","Unwind@004c10f8","8","lib","lib","","",""
"SC3U.exe","0x004c1100","Unwind@004c1100","8","lib","lib","","",""
"SC3U.exe","0x004c1108","Unwind@004c1108","8","lib","lib","","",""
"SC3U.exe","0x004c1110","Unwind@004c1110","8","lib","lib","","",""
"SC3U.exe","0x004c1124","Unwind@004c1124","8","lib","lib","","",""
"SC3U.exe","0x004c112c","Unwind@004c112c","8","lib","lib","","",""
"SC3U.exe","0x004c1134","Unwind@004c1134","11","lib","lib","","",""
"SC3U.exe","0x004c114c","Unwind@004c114c","8","lib","lib","","",""
"SC3U.exe","0x004c1154","Unwind@004c1154","11","lib","lib","","",""
"SC3U.exe","0x004c115f","Unwind@004c115f","11","lib","lib","","",""
"SC3U.exe","0x004c116a","Unwind@004c116a","14","lib","lib","","",""
"SC3U.exe","0x004c1178","Unwind@004c1178","14","lib","lib","","",""
"SC3U.exe","0x004c1190","Unwind@004c1190","8","lib","lib","","",""
"SC3U.exe","0x004c1198","Unwind@004c1198","8","lib","lib","","",""
"SC3U.exe","0x004c11a0","Unwind@004c11a0","8","lib","lib","","",""
"SC3U.exe","0x004c11a8","Unwind@004c11a8","8","lib","lib","","",""
"SC3U.exe","0x004c11b0","Unwind@004c11b0","8","lib","lib","","",""
"SC3U.exe","0x004c11b8","Unwind@004c11b8","8","lib","lib","","",""
"SC3U.exe","0x004c11cc","Unwind@004c11cc","8","lib","lib","","",""
"SC3U.exe","0x004c11d4","Unwind@004c11d4","8","lib","lib","","",""
"SC3U.exe","0x004c11dc","Unwind@004c11dc","8","lib","lib","","",""
"SC3U.exe","0x004c11e4","Unwind@004c11e4","8","lib","lib","","",""
"SC3U.exe","0x004c11ec","Unwind@004c11ec","8","lib","lib","","",""
"SC3U.exe","0x004c11f4","Unwind@004c11f4","8","lib","lib","","",""
"SC3U.exe","0x004c1208","Unwind@004c1208","8","lib","lib","","",""
"SC3U.exe","0x004c1210","Unwind@004c1210","8","lib","lib","","",""
"SC3U.exe","0x004c1218","Unwind@004c1218","8","lib","lib","","",""
"SC3U.exe","0x004c122c","Unwind@004c122c","11","lib","lib","","",""
"SC3U.exe","0x004c1244","Unwind@004c1244","11","lib","lib","","",""
"SC3U.exe","0x004c124f","Unwind@004c124f","11","lib","lib","","",""
"SC3U.exe","0x004c125a","Unwind@004c125a","11","lib","lib","","",""
"SC3U.exe","0x004c1265","Unwind@004c1265","14","lib","lib","","",""
"SC3U.exe","0x004c1273","Unwind@004c1273","14","lib","lib","","",""
"SC3U.exe","0x004c1281","Unwind@004c1281","14","lib","lib","","",""
"SC3U.exe","0x004c128f","Unwind@004c128f","14","lib","lib","","",""
"SC3U.exe","0x004c129d","Unwind@004c129d","14","lib","lib","","",""
"SC3U.exe","0x004c12b8","Unwind@004c12b8","8","lib","lib","","",""
"SC3U.exe","0x004c12cc","Unwind@004c12cc","8","lib","lib","","",""
"SC3U.exe","0x004c12e0","Unwind@004c12e0","20","lib","lib","","",""
"SC3U.exe","0x004c12f4","Unwind@004c12f4","11","lib","lib","","",""
"SC3U.exe","0x004c12ff","Unwind@004c12ff","11","lib","lib","","",""
"SC3U.exe","0x004c130a","Unwind@004c130a","14","lib","lib","","",""
"SC3U.exe","0x004c1318","Unwind@004c1318","14","lib","lib","","",""
"SC3U.exe","0x004c1326","Unwind@004c1326","14","lib","lib","","",""
"SC3U.exe","0x004c1334","Unwind@004c1334","14","lib","lib","","",""
"SC3U.exe","0x004c134c","Unwind@004c134c","8","lib","lib","","",""
"SC3U.exe","0x004c1360","Unwind@004c1360","11","lib","lib","","",""
"SC3U.exe","0x004c136b","Unwind@004c136b","11","lib","lib","","",""
"SC3U.exe","0x004c1376","Unwind@004c1376","11","lib","lib","","",""
"SC3U.exe","0x004c1381","Unwind@004c1381","8","lib","lib","","",""
"SC3U.exe","0x004c1389","Unwind@004c1389","11","lib","lib","","",""
"SC3U.exe","0x004c1394","Unwind@004c1394","8","lib","lib","","",""
"SC3U.exe","0x004c139c","Unwind@004c139c","8","lib","lib","","",""
"SC3U.exe","0x004c13a4","Unwind@004c13a4","8","lib","lib","","",""
"SC3U.exe","0x004c13ac","Unwind@004c13ac","11","lib","lib","","",""
"SC3U.exe","0x004c13b7","Unwind@004c13b7","8","lib","lib","","",""
"SC3U.exe","0x004c13bf","Unwind@004c13bf","8","lib","lib","","",""
"SC3U.exe","0x004c13c7","Unwind@004c13c7","8","lib","lib","","",""
"SC3U.exe","0x004c13cf","Unwind@004c13cf","8","lib","lib","","",""
"SC3U.exe","0x004c13d7","Unwind@004c13d7","8","lib","lib","","",""
"SC3U.exe","0x004c13df","Unwind@004c13df","8","lib","lib","","",""
"SC3U.exe","0x004c13e7","Unwind@004c13e7","8","lib","lib","","",""
"SC3U.exe","0x004c13ef","Unwind@004c13ef","11","lib","lib","","",""
"SC3U.exe","0x004c13fa","Unwind@004c13fa","11","lib","lib","","",""
"SC3U.exe","0x004c1405","Unwind@004c1405","8","lib","lib","","",""
"SC3U.exe","0x004c140d","Unwind@004c140d","8","lib","lib","","",""
"SC3U.exe","0x004c1415","Unwind@004c1415","8","lib","lib","","",""
"SC3U.exe","0x004c1428","Unwind@004c1428","8","lib","lib","","",""
"SC3U.exe","0x004c1430","Unwind@004c1430","8","lib","lib","","",""
"SC3U.exe","0x004c1438","Unwind@004c1438","8","lib","lib","","",""
"SC3U.exe","0x004c1440","Unwind@004c1440","8","lib","lib","","",""
"SC3U.exe","0x004c1454","Unwind@004c1454","8","lib","lib","","",""
"SC3U.exe","0x004c145c","Unwind@004c145c","11","lib","lib","","",""
"SC3U.exe","0x004c1474","Unwind@004c1474","8","lib","lib","","",""
"SC3U.exe","0x004c1488","Unwind@004c1488","8","lib","lib","","",""
"SC3U.exe","0x004c1490","Unwind@004c1490","11","lib","lib","","",""
"SC3U.exe","0x004c149b","Unwind@004c149b","11","lib","lib","","",""
"SC3U.exe","0x004c14a6","Unwind@004c14a6","11","lib","lib","","",""
"SC3U.exe","0x004c14b1","Unwind@004c14b1","11","lib","lib","","",""
"SC3U.exe","0x004c14bc","Unwind@004c14bc","11","lib","lib","","",""
"SC3U.exe","0x004c14c7","Unwind@004c14c7","11","lib","lib","","",""
"SC3U.exe","0x004c14d2","Unwind@004c14d2","11","lib","lib","","",""
"SC3U.exe","0x004c14dd","Unwind@004c14dd","11","lib","lib","","",""
"SC3U.exe","0x004c14e8","Unwind@004c14e8","11","lib","lib","","",""
"SC3U.exe","0x004c14f3","Unwind@004c14f3","11","lib","lib","","",""
"SC3U.exe","0x004c14fe","Unwind@004c14fe","8","lib","lib","","",""
"SC3U.exe","0x004c1506","Unwind@004c1506","8","lib","lib","","",""
"SC3U.exe","0x004c150e","Unwind@004c150e","11","lib","lib","","",""
"SC3U.exe","0x004c1519","Unwind@004c1519","11","lib","lib","","",""
"SC3U.exe","0x004c1524","Unwind@004c1524","11","lib","lib","","",""
"SC3U.exe","0x004c152f","Unwind@004c152f","8","lib","lib","","",""
"SC3U.exe","0x004c1537","Unwind@004c1537","8","lib","lib","","",""
"SC3U.exe","0x004c153f","Unwind@004c153f","8","lib","lib","","",""
"SC3U.exe","0x004c1547","Unwind@004c1547","8","lib","lib","","",""
"SC3U.exe","0x004c154f","Unwind@004c154f","8","lib","lib","","",""
"SC3U.exe","0x004c1557","Unwind@004c1557","8","lib","lib","","",""
"SC3U.exe","0x004c155f","Unwind@004c155f","8","lib","lib","","",""
"SC3U.exe","0x004c1567","Unwind@004c1567","8","lib","lib","","",""
"SC3U.exe","0x004c156f","Unwind@004c156f","11","lib","lib","","",""
"SC3U.exe","0x004c157a","Unwind@004c157a","11","lib","lib","","",""
"SC3U.exe","0x004c1585","Unwind@004c1585","8","lib","lib","","",""
"SC3U.exe","0x004c158d","Unwind@004c158d","8","lib","lib","","",""
"SC3U.exe","0x004c1595","Unwind@004c1595","8","lib","lib","","",""
"SC3U.exe","0x004c159d","Unwind@004c159d","8","lib","lib","","",""
"SC3U.exe","0x004c15a5","Unwind@004c15a5","8","lib","lib","","",""
"SC3U.exe","0x004c15ad","Unwind@004c15ad","11","lib","lib","","",""
"SC3U.exe","0x004c15b8","Unwind@004c15b8","11","lib","lib","","",""
"SC3U.exe","0x004c15c3","Unwind@004c15c3","11","lib","lib","","",""
"SC3U.exe","0x004c15ce","Unwind@004c15ce","8","lib","lib","","",""
"SC3U.exe","0x004c15d6","Unwind@004c15d6","8","lib","lib","","",""
"SC3U.exe","0x004c15de","Unwind@004c15de","8","lib","lib","","",""
"SC3U.exe","0x004c15e6","Unwind@004c15e6","11","lib","lib","","",""
"SC3U.exe","0x004c15f1","Unwind@004c15f1","11","lib","lib","","",""
"SC3U.exe","0x004c15fc","Unwind@004c15fc","11","lib","lib","","",""
"SC3U.exe","0x004c1607","Unwind@004c1607","8","lib","lib","","",""
"SC3U.exe","0x004c160f","Unwind@004c160f","11","lib","lib","","",""
"SC3U.exe","0x004c161a","Unwind@004c161a","8","lib","lib","","",""
"SC3U.exe","0x004c1622","Unwind@004c1622","8","lib","lib","","",""
"SC3U.exe","0x004c162a","Unwind@004c162a","8","lib","lib","","",""
"SC3U.exe","0x004c1632","Unwind@004c1632","8","lib","lib","","",""
"SC3U.exe","0x004c1644","Unwind@004c1644","8","lib","lib","","",""
"SC3U.exe","0x004c164c","Unwind@004c164c","8","lib","lib","","",""
"SC3U.exe","0x004c1660","Unwind@004c1660","8","lib","lib","","",""
"SC3U.exe","0x004c1668","Unwind@004c1668","8","lib","lib","","",""
"SC3U.exe","0x004c1670","Unwind@004c1670","8","lib","lib","","",""
"SC3U.exe","0x004c1684","Unwind@004c1684","8","lib","lib","","",""
"SC3U.exe","0x004c1698","Unwind@004c1698","8","lib","lib","","",""
"SC3U.exe","0x004c16a0","Unwind@004c16a0","8","lib","lib","","",""
"SC3U.exe","0x004c16b4","Unwind@004c16b4","8","lib","lib","","",""
"SC3U.exe","0x004c16bc","Unwind@004c16bc","8","lib","lib","","",""
"SC3U.exe","0x004c16d0","Unwind@004c16d0","8","lib","lib","","",""
"SC3U.exe","0x004c16d8","Unwind@004c16d8","8","lib","lib","","",""
"SC3U.exe","0x004c16ec","Unwind@004c16ec","8","lib","lib","","",""
"SC3U.exe","0x004c16f4","Unwind@004c16f4","8","lib","lib","","",""
"SC3U.exe","0x004c1708","Unwind@004c1708","8","lib","lib","","",""
"SC3U.exe","0x004c1710","Unwind@004c1710","8","lib","lib","","",""
"SC3U.exe","0x004c1724","Unwind@004c1724","8","lib","lib","","",""
"SC3U.exe","0x004c172c","Unwind@004c172c","8","lib","lib","","",""
"SC3U.exe","0x004c1740","Unwind@004c1740","8","lib","lib","","",""
"SC3U.exe","0x004c1748","Unwind@004c1748","8","lib","lib","","",""
"SC3U.exe","0x004c175c","Unwind@004c175c","8","lib","lib","","",""
"SC3U.exe","0x004c1764","Unwind@004c1764","8","lib","lib","","",""
"SC3U.exe","0x004c1778","Unwind@004c1778","8","lib","lib","","",""
"SC3U.exe","0x004c1780","Unwind@004c1780","11","lib","lib","","",""
"SC3U.exe","0x004c178b","Unwind@004c178b","11","lib","lib","","",""
"SC3U.exe","0x004c1796","Unwind@004c1796","11","lib","lib","","",""
"SC3U.exe","0x004c17a1","Unwind@004c17a1","11","lib","lib","","",""
"SC3U.exe","0x004c17ac","Unwind@004c17ac","8","lib","lib","","",""
"SC3U.exe","0x004c17b4","Unwind@004c17b4","11","lib","lib","","",""
"SC3U.exe","0x004c17bf","Unwind@004c17bf","11","lib","lib","","",""
"SC3U.exe","0x004c17ca","Unwind@004c17ca","8","lib","lib","","",""
"SC3U.exe","0x004c17d2","Unwind@004c17d2","11","lib","lib","","",""
"SC3U.exe","0x004c17dd","Unwind@004c17dd","8","lib","lib","","",""
"SC3U.exe","0x004c17e5","Unwind@004c17e5","8","lib","lib","","",""
"SC3U.exe","0x004c17ed","Unwind@004c17ed","11","lib","lib","","",""
"SC3U.exe","0x004c17f8","Unwind@004c17f8","8","lib","lib","","",""
"SC3U.exe","0x004c1800","Unwind@004c1800","11","lib","lib","","",""
"SC3U.exe","0x004c180b","Unwind@004c180b","11","lib","lib","","",""
"SC3U.exe","0x004c1816","Unwind@004c1816","11","lib","lib","","",""
"SC3U.exe","0x004c182c","Unwind@004c182c","8","lib","lib","","",""
"SC3U.exe","0x004c1834","Unwind@004c1834","11","lib","lib","","",""
"SC3U.exe","0x004c183f","Unwind@004c183f","11","lib","lib","","",""
"SC3U.exe","0x004c184a","Unwind@004c184a","11","lib","lib","","",""
"SC3U.exe","0x004c1855","Unwind@004c1855","11","lib","lib","","",""
"SC3U.exe","0x004c1860","Unwind@004c1860","8","lib","lib","","",""
"SC3U.exe","0x004c1868","Unwind@004c1868","11","lib","lib","","",""
"SC3U.exe","0x004c1873","Unwind@004c1873","11","lib","lib","","",""
"SC3U.exe","0x004c187e","Unwind@004c187e","8","lib","lib","","",""
"SC3U.exe","0x004c1886","Unwind@004c1886","11","lib","lib","","",""
"SC3U.exe","0x004c1891","Unwind@004c1891","8","lib","lib","","",""
"SC3U.exe","0x004c1899","Unwind@004c1899","8","lib","lib","","",""
"SC3U.exe","0x004c18a1","Unwind@004c18a1","11","lib","lib","","",""
"SC3U.exe","0x004c18ac","Unwind@004c18ac","8","lib","lib","","",""
"SC3U.exe","0x004c18b4","Unwind@004c18b4","11","lib","lib","","",""
"SC3U.exe","0x004c18bf","Unwind@004c18bf","11","lib","lib","","",""
"SC3U.exe","0x004c18ca","Unwind@004c18ca","11","lib","lib","","",""
"SC3U.exe","0x004c18e0","Unwind@004c18e0","8","lib","lib","","",""
"SC3U.exe","0x004c18e8","Unwind@004c18e8","8","lib","lib","","",""
"SC3U.exe","0x004c18f0","Unwind@004c18f0","8","lib","lib","","",""
"SC3U.exe","0x004c1904","Unwind@004c1904","8","lib","lib","","",""
"SC3U.exe","0x004c190c","Unwind@004c190c","8","lib","lib","","",""
"SC3U.exe","0x004c1914","Unwind@004c1914","8","lib","lib","","",""
"SC3U.exe","0x004c1928","Unwind@004c1928","8","lib","lib","","",""
"SC3U.exe","0x004c1930","Unwind@004c1930","8","lib","lib","","",""
"SC3U.exe","0x004c1938","Unwind@004c1938","8","lib","lib","","",""
"SC3U.exe","0x004c1940","Unwind@004c1940","23","lib","lib","","",""
"SC3U.exe","0x004c1964","Unwind@004c1964","8","lib","lib","","",""
"SC3U.exe","0x004c196c","Unwind@004c196c","8","lib","lib","","",""
"SC3U.exe","0x004c1974","Unwind@004c1974","8","lib","lib","","",""
"SC3U.exe","0x004c197c","Unwind@004c197c","23","lib","lib","","",""
"SC3U.exe","0x004c19a0","Unwind@004c19a0","11","lib","lib","","",""
"SC3U.exe","0x004c19b8","Unwind@004c19b8","11","lib","lib","","",""
"SC3U.exe","0x004c19c3","Unwind@004c19c3","11","lib","lib","","",""
"SC3U.exe","0x004c19d8","Unwind@004c19d8","11","lib","lib","","",""
"SC3U.exe","0x004c19f0","Unwind@004c19f0","11","lib","lib","","",""
"SC3U.exe","0x004c1a08","Unwind@004c1a08","11","lib","lib","","",""
"SC3U.exe","0x004c1a20","Unwind@004c1a20","11","lib","lib","","",""
"SC3U.exe","0x004c1a5c","Unwind@004c1a5c","8","lib","lib","","",""
"SC3U.exe","0x004c1a64","Unwind@004c1a64","8","lib","lib","","",""
"SC3U.exe","0x004c1a84","Unwind@004c1a84","8","lib","lib","","",""
"SC3U.exe","0x004c1a8c","Unwind@004c1a8c","8","lib","lib","","",""
"SC3U.exe","0x004c1aa0","Unwind@004c1aa0","11","lib","lib","","",""
"SC3U.exe","0x004c1aab","Unwind@004c1aab","8","lib","lib","","",""
"SC3U.exe","0x004c1ab3","Unwind@004c1ab3","8","lib","lib","","",""
"SC3U.exe","0x004c1abb","Unwind@004c1abb","8","lib","lib","","",""
"SC3U.exe","0x004c1ac3","Unwind@004c1ac3","11","lib","lib","","",""
"SC3U.exe","0x004c1ace","Unwind@004c1ace","11","lib","lib","","",""
"SC3U.exe","0x004c1ad9","Unwind@004c1ad9","8","lib","lib","","",""
"SC3U.exe","0x004c1ae1","Unwind@004c1ae1","8","lib","lib","","",""
"SC3U.exe","0x004c1af4","Unwind@004c1af4","11","lib","lib","","",""
"SC3U.exe","0x004c1aff","Unwind@004c1aff","11","lib","lib","","",""
"SC3U.exe","0x004c1b0a","Unwind@004c1b0a","11","lib","lib","","",""
"SC3U.exe","0x004c1b15","Unwind@004c1b15","11","lib","lib","","",""
"SC3U.exe","0x004c1b20","Unwind@004c1b20","11","lib","lib","","",""
"SC3U.exe","0x004c1b2b","Unwind@004c1b2b","8","lib","lib","","",""
"SC3U.exe","0x004c1b33","Unwind@004c1b33","8","lib","lib","","",""
"SC3U.exe","0x004c1b3b","Unwind@004c1b3b","8","lib","lib","","",""
"SC3U.exe","0x004c1b43","Unwind@004c1b43","8","lib","lib","","",""
"SC3U.exe","0x004c1b4b","Unwind@004c1b4b","8","lib","lib","","",""
"SC3U.exe","0x004c1b53","Unwind@004c1b53","8","lib","lib","","",""
"SC3U.exe","0x004c1b5b","Unwind@004c1b5b","8","lib","lib","","",""
"SC3U.exe","0x004c1b63","Unwind@004c1b63","8","lib","lib","","",""
"SC3U.exe","0x004c1b6b","Unwind@004c1b6b","8","lib","lib","","",""
"SC3U.exe","0x004c1b73","Unwind@004c1b73","8","lib","lib","","",""
"SC3U.exe","0x004c1b7b","Unwind@004c1b7b","8","lib","lib","","",""
"SC3U.exe","0x004c1b83","Unwind@004c1b83","8","lib","lib","","",""
"SC3U.exe","0x004c1b8b","Unwind@004c1b8b","8","lib","lib","","",""
"SC3U.exe","0x004c1b93","Unwind@004c1b93","8","lib","lib","","",""
"SC3U.exe","0x004c1b9b","Unwind@004c1b9b","8","lib","lib","","",""
"SC3U.exe","0x004c1ba3","Unwind@004c1ba3","8","lib","lib","","",""
"SC3U.exe","0x004c1bab","Unwind@004c1bab","8","lib","lib","","",""
"SC3U.exe","0x004c1bb3","Unwind@004c1bb3","8","lib","lib","","",""
"SC3U.exe","0x004c1bbb","Unwind@004c1bbb","8","lib","lib","","",""
"SC3U.exe","0x004c1bc3","Unwind@004c1bc3","8","lib","lib","","",""
"SC3U.exe","0x004c1bcb","Unwind@004c1bcb","8","lib","lib","","",""
"SC3U.exe","0x004c1bd3","Unwind@004c1bd3","8","lib","lib","","",""
"SC3U.exe","0x004c1bdb","Unwind@004c1bdb","8","lib","lib","","",""
"SC3U.exe","0x004c1be3","Unwind@004c1be3","8","lib","lib","","",""
"SC3U.exe","0x004c1beb","Unwind@004c1beb","8","lib","lib","","",""
"SC3U.exe","0x004c1bf3","Unwind@004c1bf3","8","lib","lib","","",""
"SC3U.exe","0x004c1bfb","Unwind@004c1bfb","8","lib","lib","","",""
"SC3U.exe","0x004c1c03","Unwind@004c1c03","8","lib","lib","","",""
"SC3U.exe","0x004c1c0b","Unwind@004c1c0b","8","lib","lib","","",""
"SC3U.exe","0x004c1c13","Unwind@004c1c13","8","lib","lib","","",""
"SC3U.exe","0x004c1c1b","Unwind@004c1c1b","8","lib","lib","","",""
"SC3U.exe","0x004c1c23","Unwind@004c1c23","8","lib","lib","","",""
"SC3U.exe","0x004c1c2b","Unwind@004c1c2b","8","lib","lib","","",""
"SC3U.exe","0x004c1c33","Unwind@004c1c33","8","lib","lib","","",""
"SC3U.exe","0x004c1c3b","Unwind@004c1c3b","8","lib","lib","","",""
"SC3U.exe","0x004c1c43","Unwind@004c1c43","8","lib","lib","","",""
"SC3U.exe","0x004c1c4b","Unwind@004c1c4b","8","lib","lib","","",""
"SC3U.exe","0x004c1c53","Unwind@004c1c53","11","lib","lib","","",""
"SC3U.exe","0x004c1c5e","Unwind@004c1c5e","10","lib","lib","","",""
"SC3U.exe","0x004c1c68","Unwind@004c1c68","23","lib","lib","","",""
"SC3U.exe","0x004c1c7f","Unwind@004c1c7f","23","lib","lib","","",""
"SC3U.exe","0x004c1c96","Unwind@004c1c96","10","lib","lib","","",""
"SC3U.exe","0x004c1ca0","Unwind@004c1ca0","23","lib","lib","","",""
"SC3U.exe","0x004c1cb7","Unwind@004c1cb7","23","lib","lib","","",""
"SC3U.exe","0x004c1cce","Unwind@004c1cce","10","lib","lib","","",""
"SC3U.exe","0x004c1cd8","Unwind@004c1cd8","23","lib","lib","","",""
"SC3U.exe","0x004c1cef","Unwind@004c1cef","23","lib","lib","","",""
"SC3U.exe","0x004c1d06","Unwind@004c1d06","10","lib","lib","","",""
"SC3U.exe","0x004c1d10","Unwind@004c1d10","23","lib","lib","","",""
"SC3U.exe","0x004c1d27","Unwind@004c1d27","25","lib","lib","","",""
"SC3U.exe","0x004c1d40","Unwind@004c1d40","10","lib","lib","","",""
"SC3U.exe","0x004c1d4a","Unwind@004c1d4a","25","lib","lib","","",""
"SC3U.exe","0x004c1d63","Unwind@004c1d63","25","lib","lib","","",""
"SC3U.exe","0x004c1d7c","Unwind@004c1d7c","10","lib","lib","","",""
"SC3U.exe","0x004c1d86","Unwind@004c1d86","25","lib","lib","","",""
"SC3U.exe","0x004c1d9f","Unwind@004c1d9f","25","lib","lib","","",""
"SC3U.exe","0x004c1db8","Unwind@004c1db8","10","lib","lib","","",""
"SC3U.exe","0x004c1dc2","Unwind@004c1dc2","25","lib","lib","","",""
"SC3U.exe","0x004c1ddb","Unwind@004c1ddb","25","lib","lib","","",""
"SC3U.exe","0x004c1df4","Unwind@004c1df4","11","lib","lib","","",""
"SC3U.exe","0x004c1dff","Unwind@004c1dff","8","lib","lib","","",""
"SC3U.exe","0x004c1e07","Unwind@004c1e07","8","lib","lib","","",""
"SC3U.exe","0x004c1e0f","Unwind@004c1e0f","8","lib","lib","","",""
"SC3U.exe","0x004c1e17","Unwind@004c1e17","8","lib","lib","","",""
"SC3U.exe","0x004c1e1f","Unwind@004c1e1f","8","lib","lib","","",""
"SC3U.exe","0x004c1e27","Unwind@004c1e27","8","lib","lib","","",""
"SC3U.exe","0x004c1e2f","Unwind@004c1e2f","8","lib","lib","","",""
"SC3U.exe","0x004c1e37","Unwind@004c1e37","8","lib","lib","","",""
"SC3U.exe","0x004c1e4c","Unwind@004c1e4c","11","lib","lib","","",""
"SC3U.exe","0x004c1e57","Unwind@004c1e57","11","lib","lib","","",""
"SC3U.exe","0x004c1e62","Unwind@004c1e62","8","lib","lib","","",""
"SC3U.exe","0x004c1e6a","Unwind@004c1e6a","8","lib","lib","","",""
"SC3U.exe","0x004c1e72","Unwind@004c1e72","8","lib","lib","","",""
"SC3U.exe","0x004c1e7a","Unwind@004c1e7a","8","lib","lib","","",""
"SC3U.exe","0x004c1e82","Unwind@004c1e82","8","lib","lib","","",""
"SC3U.exe","0x004c1e8a","Unwind@004c1e8a","8","lib","lib","","",""
"SC3U.exe","0x004c1e92","Unwind@004c1e92","8","lib","lib","","",""
"SC3U.exe","0x004c1e9a","Unwind@004c1e9a","8","lib","lib","","",""
"SC3U.exe","0x004c1ea2","Unwind@004c1ea2","8","lib","lib","","",""
"SC3U.exe","0x004c1eaa","Unwind@004c1eaa","8","lib","lib","","",""
"SC3U.exe","0x004c1eb2","Unwind@004c1eb2","8","lib","lib","","",""
"SC3U.exe","0x004c1eba","Unwind@004c1eba","8","lib","lib","","",""
"SC3U.exe","0x004c1ec2","Unwind@004c1ec2","8","lib","lib","","",""
"SC3U.exe","0x004c1eca","Unwind@004c1eca","8","lib","lib","","",""
"SC3U.exe","0x004c1ed2","Unwind@004c1ed2","8","lib","lib","","",""
"SC3U.exe","0x004c1eda","Unwind@004c1eda","8","lib","lib","","",""
"SC3U.exe","0x004c1ee2","Unwind@004c1ee2","8","lib","lib","","",""
"SC3U.exe","0x004c1eea","Unwind@004c1eea","8","lib","lib","","",""
"SC3U.exe","0x004c1ef2","Unwind@004c1ef2","8","lib","lib","","",""
"SC3U.exe","0x004c1efa","Unwind@004c1efa","8","lib","lib","","",""
"SC3U.exe","0x004c1f02","Unwind@004c1f02","8","lib","lib","","",""
"SC3U.exe","0x004c1f0a","Unwind@004c1f0a","8","lib","lib","","",""
"SC3U.exe","0x004c1f12","Unwind@004c1f12","8","lib","lib","","",""
"SC3U.exe","0x004c1f1a","Unwind@004c1f1a","8","lib","lib","","",""
"SC3U.exe","0x004c1f22","Unwind@004c1f22","8","lib","lib","","",""
"SC3U.exe","0x004c1f2a","Unwind@004c1f2a","11","lib","lib","","",""
"SC3U.exe","0x004c1f35","Unwind@004c1f35","8","lib","lib","","",""
"SC3U.exe","0x004c1f3d","Unwind@004c1f3d","8","lib","lib","","",""
"SC3U.exe","0x004c1f45","Unwind@004c1f45","8","lib","lib","","",""
"SC3U.exe","0x004c1f4d","Unwind@004c1f4d","8","lib","lib","","",""
"SC3U.exe","0x004c1f55","Unwind@004c1f55","8","lib","lib","","",""
"SC3U.exe","0x004c1f5d","Unwind@004c1f5d","8","lib","lib","","",""
"SC3U.exe","0x004c1f65","Unwind@004c1f65","8","lib","lib","","",""
"SC3U.exe","0x004c1f6d","Unwind@004c1f6d","8","lib","lib","","",""
"SC3U.exe","0x004c1f75","Unwind@004c1f75","8","lib","lib","","",""
"SC3U.exe","0x004c1f7d","Unwind@004c1f7d","8","lib","lib","","",""
"SC3U.exe","0x004c1f85","Unwind@004c1f85","8","lib","lib","","",""
"SC3U.exe","0x004c1f8d","Unwind@004c1f8d","8","lib","lib","","",""
"SC3U.exe","0x004c1f95","Unwind@004c1f95","8","lib","lib","","",""
"SC3U.exe","0x004c1f9d","Unwind@004c1f9d","10","lib","lib","","",""
"SC3U.exe","0x004c1fb4","Unwind@004c1fb4","10","lib","lib","","",""
"SC3U.exe","0x004c1fc8","Unwind@004c1fc8","10","lib","lib","","",""
"SC3U.exe","0x004c1fd2","Unwind@004c1fd2","10","lib","lib","","",""
"SC3U.exe","0x004c1fdc","Unwind@004c1fdc","10","lib","lib","","",""
"SC3U.exe","0x004c1fe6","Unwind@004c1fe6","10","lib","lib","","",""
"SC3U.exe","0x004c1ff0","Unwind@004c1ff0","10","lib","lib","","",""
"SC3U.exe","0x004c1ffa","Unwind@004c1ffa","10","lib","lib","","",""
"SC3U.exe","0x004c2004","Unwind@004c2004","10","lib","lib","","",""
"SC3U.exe","0x004c200e","Unwind@004c200e","10","lib","lib","","",""
"SC3U.exe","0x004c2018","Unwind@004c2018","10","lib","lib","","",""
"SC3U.exe","0x004c2022","Unwind@004c2022","10","lib","lib","","",""
"SC3U.exe","0x004c202c","Unwind@004c202c","10","lib","lib","","",""
"SC3U.exe","0x004c2036","Unwind@004c2036","10","lib","lib","","",""
"SC3U.exe","0x004c2040","Unwind@004c2040","10","lib","lib","","",""
"SC3U.exe","0x004c204a","Unwind@004c204a","10","lib","lib","","",""
"SC3U.exe","0x004c2054","Unwind@004c2054","10","lib","lib","","",""
"SC3U.exe","0x004c205e","Unwind@004c205e","10","lib","lib","","",""
"SC3U.exe","0x004c2068","Unwind@004c2068","10","lib","lib","","",""
"SC3U.exe","0x004c2072","Unwind@004c2072","10","lib","lib","","",""
"SC3U.exe","0x004c2088","Unwind@004c2088","11","lib","lib","","",""
"SC3U.exe","0x004c20a0","Unwind@004c20a0","10","lib","lib","","",""
"SC3U.exe","0x004c20b4","Unwind@004c20b4","8","lib","lib","","",""
"SC3U.exe","0x004c20c8","Unwind@004c20c8","10","lib","lib","","",""
"SC3U.exe","0x004c20dc","Unwind@004c20dc","10","lib","lib","","",""
"SC3U.exe","0x004c20f0","Unwind@004c20f0","10","lib","lib","","",""
"SC3U.exe","0x004c2104","Unwind@004c2104","10","lib","lib","","",""
"SC3U.exe","0x004c2118","Unwind@004c2118","10","lib","lib","","",""
"SC3U.exe","0x004c212c","Unwind@004c212c","10","lib","lib","","",""
"SC3U.exe","0x004c2140","Unwind@004c2140","10","lib","lib","","",""
"SC3U.exe","0x004c2154","Unwind@004c2154","11","lib","lib","","",""
"SC3U.exe","0x004c216c","Unwind@004c216c","11","lib","lib","","",""
"SC3U.exe","0x004c2184","Unwind@004c2184","11","lib","lib","","",""
"SC3U.exe","0x004c219c","Unwind@004c219c","11","lib","lib","","",""
"SC3U.exe","0x004c21b4","Unwind@004c21b4","11","lib","lib","","",""
"SC3U.exe","0x004c21cc","Unwind@004c21cc","11","lib","lib","","",""
"SC3U.exe","0x004c21e4","Unwind@004c21e4","11","lib","lib","","",""
"SC3U.exe","0x004c21fc","Unwind@004c21fc","11","lib","lib","","",""
"SC3U.exe","0x004c2214","Unwind@004c2214","11","lib","lib","","",""
"SC3U.exe","0x004c222c","Unwind@004c222c","11","lib","lib","","",""
"SC3U.exe","0x004c2244","Unwind@004c2244","11","lib","lib","","",""
"SC3U.exe","0x004c225c","Unwind@004c225c","8","lib","lib","","",""
"SC3U.exe","0x004c2270","Unwind@004c2270","8","lib","lib","","",""
"SC3U.exe","0x004c2284","Unwind@004c2284","8","lib","lib","","",""
"SC3U.exe","0x004c2298","Unwind@004c2298","8","lib","lib","","",""
"SC3U.exe","0x004c22ac","Unwind@004c22ac","8","lib","lib","","",""
"SC3U.exe","0x004c22c0","Unwind@004c22c0","8","lib","lib","","",""
"SC3U.exe","0x004c22d4","Unwind@004c22d4","11","lib","lib","","",""
"SC3U.exe","0x004c22ec","Unwind@004c22ec","8","lib","lib","","",""
"SC3U.exe","0x004c22f4","Unwind@004c22f4","8","lib","lib","","",""
"SC3U.exe","0x004c2308","Unwind@004c2308","8","lib","lib","","",""
"SC3U.exe","0x004c2310","Unwind@004c2310","8","lib","lib","","",""
"SC3U.exe","0x004c2324","Unwind@004c2324","11","lib","lib","","",""
"SC3U.exe","0x004c232f","Unwind@004c232f","11","lib","lib","","",""
"SC3U.exe","0x004c233a","Unwind@004c233a","11","lib","lib","","",""
"SC3U.exe","0x004c2345","Unwind@004c2345","14","lib","lib","","",""
"SC3U.exe","0x004c2353","Unwind@004c2353","14","lib","lib","","",""
"SC3U.exe","0x004c2361","Unwind@004c2361","14","lib","lib","","",""
"SC3U.exe","0x004c236f","Unwind@004c236f","14","lib","lib","","",""
"SC3U.exe","0x004c237d","Unwind@004c237d","14","lib","lib","","",""
"SC3U.exe","0x004c238b","Unwind@004c238b","14","lib","lib","","",""
"SC3U.exe","0x004c2399","Unwind@004c2399","14","lib","lib","","",""
"SC3U.exe","0x004c23a7","Unwind@004c23a7","14","lib","lib","","",""
"SC3U.exe","0x004c23b5","Unwind@004c23b5","14","lib","lib","","",""
"SC3U.exe","0x004c23c3","Unwind@004c23c3","14","lib","lib","","",""
"SC3U.exe","0x004c23d1","Unwind@004c23d1","14","lib","lib","","",""
"SC3U.exe","0x004c23df","Unwind@004c23df","14","lib","lib","","",""
"SC3U.exe","0x004c23ed","Unwind@004c23ed","14","lib","lib","","",""
"SC3U.exe","0x004c23fb","Unwind@004c23fb","14","lib","lib","","",""
"SC3U.exe","0x004c2409","Unwind@004c2409","14","lib","lib","","",""
"SC3U.exe","0x004c2417","Unwind@004c2417","14","lib","lib","","",""
"SC3U.exe","0x004c2425","Unwind@004c2425","14","lib","lib","","",""
"SC3U.exe","0x004c2433","Unwind@004c2433","14","lib","lib","","",""
"SC3U.exe","0x004c2441","Unwind@004c2441","14","lib","lib","","",""
"SC3U.exe","0x004c244f","Unwind@004c244f","14","lib","lib","","",""
"SC3U.exe","0x004c245d","Unwind@004c245d","8","lib","lib","","",""
"SC3U.exe","0x004c2470","Unwind@004c2470","11","lib","lib","","",""
"SC3U.exe","0x004c247b","Unwind@004c247b","11","lib","lib","","",""
"SC3U.exe","0x004c2486","Unwind@004c2486","11","lib","lib","","",""
"SC3U.exe","0x004c2491","Unwind@004c2491","14","lib","lib","","",""
"SC3U.exe","0x004c249f","Unwind@004c249f","14","lib","lib","","",""
"SC3U.exe","0x004c24ad","Unwind@004c24ad","14","lib","lib","","",""
"SC3U.exe","0x004c24bb","Unwind@004c24bb","14","lib","lib","","",""
"SC3U.exe","0x004c24c9","Unwind@004c24c9","14","lib","lib","","",""
"SC3U.exe","0x004c24d7","Unwind@004c24d7","14","lib","lib","","",""
"SC3U.exe","0x004c24e5","Unwind@004c24e5","14","lib","lib","","",""
"SC3U.exe","0x004c24f3","Unwind@004c24f3","14","lib","lib","","",""
"SC3U.exe","0x004c2501","Unwind@004c2501","14","lib","lib","","",""
"SC3U.exe","0x004c250f","Unwind@004c250f","14","lib","lib","","",""
"SC3U.exe","0x004c251d","Unwind@004c251d","14","lib","lib","","",""
"SC3U.exe","0x004c252b","Unwind@004c252b","14","lib","lib","","",""
"SC3U.exe","0x004c2539","Unwind@004c2539","14","lib","lib","","",""
"SC3U.exe","0x004c2547","Unwind@004c2547","14","lib","lib","","",""
"SC3U.exe","0x004c2555","Unwind@004c2555","14","lib","lib","","",""
"SC3U.exe","0x004c2563","Unwind@004c2563","14","lib","lib","","",""
"SC3U.exe","0x004c2571","Unwind@004c2571","14","lib","lib","","",""
"SC3U.exe","0x004c257f","Unwind@004c257f","14","lib","lib","","",""
"SC3U.exe","0x004c258d","Unwind@004c258d","14","lib","lib","","",""
"SC3U.exe","0x004c259b","Unwind@004c259b","14","lib","lib","","",""
"SC3U.exe","0x004c25b4","Unwind@004c25b4","10","lib","lib","","",""
"SC3U.exe","0x004c25be","Unwind@004c25be","10","lib","lib","","",""
"SC3U.exe","0x004c25c8","Unwind@004c25c8","8","lib","lib","","",""
"SC3U.exe","0x004c25d0","Unwind@004c25d0","10","lib","lib","","",""
"SC3U.exe","0x004c25da","Unwind@004c25da","10","lib","lib","","",""
"SC3U.exe","0x004c25e4","Unwind@004c25e4","10","lib","lib","","",""
"SC3U.exe","0x004c25f8","Unwind@004c25f8","8","lib","lib","","",""
"SC3U.exe","0x004c2600","Unwind@004c2600","8","lib","lib","","",""
"SC3U.exe","0x004c2614","Unwind@004c2614","8","lib","lib","","",""
"SC3U.exe","0x004c261c","Unwind@004c261c","8","lib","lib","","",""
"SC3U.exe","0x004c2630","Unwind@004c2630","11","lib","lib","","",""
"SC3U.exe","0x004c263b","Unwind@004c263b","8","lib","lib","","",""
"SC3U.exe","0x004c2643","Unwind@004c2643","8","lib","lib","","",""
"SC3U.exe","0x004c264b","Unwind@004c264b","11","lib","lib","","",""
"SC3U.exe","0x004c2656","Unwind@004c2656","8","lib","lib","","",""
"SC3U.exe","0x004c265e","Unwind@004c265e","8","lib","lib","","",""
"SC3U.exe","0x004c2666","Unwind@004c2666","8","lib","lib","","",""
"SC3U.exe","0x004c266e","Unwind@004c266e","8","lib","lib","","",""
"SC3U.exe","0x004c2676","Unwind@004c2676","8","lib","lib","","",""
"SC3U.exe","0x004c267e","Unwind@004c267e","8","lib","lib","","",""
"SC3U.exe","0x004c2686","Unwind@004c2686","8","lib","lib","","",""
"SC3U.exe","0x004c268e","Unwind@004c268e","8","lib","lib","","",""
"SC3U.exe","0x004c2696","Unwind@004c2696","8","lib","lib","","",""
"SC3U.exe","0x004c269e","Unwind@004c269e","11","lib","lib","","",""
"SC3U.exe","0x004c26a9","Unwind@004c26a9","8","lib","lib","","",""
"SC3U.exe","0x004c26b1","Unwind@004c26b1","8","lib","lib","","",""
"SC3U.exe","0x004c26b9","Unwind@004c26b9","8","lib","lib","","",""
"SC3U.exe","0x004c26c1","Unwind@004c26c1","8","lib","lib","","",""
"SC3U.exe","0x004c26c9","Unwind@004c26c9","8","lib","lib","","",""
"SC3U.exe","0x004c26d1","Unwind@004c26d1","8","lib","lib","","",""
"SC3U.exe","0x004c26d9","Unwind@004c26d9","8","lib","lib","","",""
"SC3U.exe","0x004c26e1","Unwind@004c26e1","8","lib","lib","","",""
"SC3U.exe","0x004c26e9","Unwind@004c26e9","8","lib","lib","","",""
"SC3U.exe","0x004c26f1","Unwind@004c26f1","8","lib","lib","","",""
"SC3U.exe","0x004c26f9","Unwind@004c26f9","8","lib","lib","","",""
"SC3U.exe","0x004c2701","Unwind@004c2701","8","lib","lib","","",""
"SC3U.exe","0x004c2709","Unwind@004c2709","8","lib","lib","","",""
"SC3U.exe","0x004c2711","Unwind@004c2711","8","lib","lib","","",""
"SC3U.exe","0x004c2719","Unwind@004c2719","8","lib","lib","","",""
"SC3U.exe","0x004c2721","Unwind@004c2721","8","lib","lib","","",""
"SC3U.exe","0x004c2729","Unwind@004c2729","8","lib","lib","","",""
"SC3U.exe","0x004c2731","Unwind@004c2731","8","lib","lib","","",""
"SC3U.exe","0x004c2739","Unwind@004c2739","8","lib","lib","","",""
"SC3U.exe","0x004c2741","Unwind@004c2741","8","lib","lib","","",""
"SC3U.exe","0x004c2749","Unwind@004c2749","8","lib","lib","","",""
"SC3U.exe","0x004c2751","Unwind@004c2751","8","lib","lib","","",""
"SC3U.exe","0x004c2759","Unwind@004c2759","8","lib","lib","","",""
"SC3U.exe","0x004c2761","Unwind@004c2761","8","lib","lib","","",""
"SC3U.exe","0x004c2769","Unwind@004c2769","8","lib","lib","","",""
"SC3U.exe","0x004c2771","Unwind@004c2771","8","lib","lib","","",""
"SC3U.exe","0x004c2779","Unwind@004c2779","8","lib","lib","","",""
"SC3U.exe","0x004c2781","Unwind@004c2781","8","lib","lib","","",""
"SC3U.exe","0x004c2789","Unwind@004c2789","8","lib","lib","","",""
"SC3U.exe","0x004c2791","Unwind@004c2791","8","lib","lib","","",""
"SC3U.exe","0x004c2799","Unwind@004c2799","8","lib","lib","","",""
"SC3U.exe","0x004c27a1","Unwind@004c27a1","8","lib","lib","","",""
"SC3U.exe","0x004c27a9","Unwind@004c27a9","8","lib","lib","","",""
"SC3U.exe","0x004c27b1","Unwind@004c27b1","8","lib","lib","","",""
"SC3U.exe","0x004c27b9","Unwind@004c27b9","8","lib","lib","","",""
"SC3U.exe","0x004c27c1","Unwind@004c27c1","8","lib","lib","","",""
"SC3U.exe","0x004c27d4","Unwind@004c27d4","8","lib","lib","","",""
"SC3U.exe","0x004c27e8","Unwind@004c27e8","8","lib","lib","","",""
"SC3U.exe","0x004c27fc","Unwind@004c27fc","8","lib","lib","","",""
"SC3U.exe","0x004c2810","Unwind@004c2810","8","lib","lib","","",""
"SC3U.exe","0x004c2818","Unwind@004c2818","8","lib","lib","","",""
"SC3U.exe","0x004c2820","Unwind@004c2820","8","lib","lib","","",""
"SC3U.exe","0x004c2828","Unwind@004c2828","11","lib","lib","","",""
"SC3U.exe","0x004c2833","Unwind@004c2833","8","lib","lib","","",""
"SC3U.exe","0x004c283b","Unwind@004c283b","8","lib","lib","","",""
"SC3U.exe","0x004c2843","Unwind@004c2843","8","lib","lib","","",""
"SC3U.exe","0x004c284b","Unwind@004c284b","8","lib","lib","","",""
"SC3U.exe","0x004c2853","Unwind@004c2853","8","lib","lib","","",""
"SC3U.exe","0x004c285b","Unwind@004c285b","8","lib","lib","","",""
"SC3U.exe","0x004c2863","Unwind@004c2863","8","lib","lib","","",""
"SC3U.exe","0x004c286b","Unwind@004c286b","8","lib","lib","","",""
"SC3U.exe","0x004c2873","Unwind@004c2873","8","lib","lib","","",""
"SC3U.exe","0x004c2888","Unwind@004c2888","11","lib","lib","","",""
"SC3U.exe","0x004c2893","Unwind@004c2893","8","lib","lib","","",""
"SC3U.exe","0x004c28a8","Unwind@004c28a8","11","lib","lib","","",""
"SC3U.exe","0x004c28b3","Unwind@004c28b3","8","lib","lib","","",""
"SC3U.exe","0x004c28c8","Unwind@004c28c8","11","lib","lib","","",""
"SC3U.exe","0x004c28d3","Unwind@004c28d3","8","lib","lib","","",""
"SC3U.exe","0x004c28db","Unwind@004c28db","8","lib","lib","","",""
"SC3U.exe","0x004c28e3","Unwind@004c28e3","8","lib","lib","","",""
"SC3U.exe","0x004c28eb","Unwind@004c28eb","11","lib","lib","","",""
"SC3U.exe","0x004c28f6","Unwind@004c28f6","11","lib","lib","","",""
"SC3U.exe","0x004c2901","Unwind@004c2901","8","lib","lib","","",""
"SC3U.exe","0x004c2909","Unwind@004c2909","8","lib","lib","","",""
"SC3U.exe","0x004c2911","Unwind@004c2911","8","lib","lib","","",""
"SC3U.exe","0x004c2919","Unwind@004c2919","11","lib","lib","","",""
"SC3U.exe","0x004c2930","Unwind@004c2930","8","lib","lib","","",""
"SC3U.exe","0x004c2944","Unwind@004c2944","8","lib","lib","","",""
"SC3U.exe","0x004c294c","Unwind@004c294c","8","lib","lib","","",""
"SC3U.exe","0x004c2954","Unwind@004c2954","8","lib","lib","","",""
"SC3U.exe","0x004c295c","Unwind@004c295c","8","lib","lib","","",""
"SC3U.exe","0x004c2964","Unwind@004c2964","8","lib","lib","","",""
"SC3U.exe","0x004c296c","Unwind@004c296c","8","lib","lib","","",""
"SC3U.exe","0x004c2974","Unwind@004c2974","8","lib","lib","","",""
"SC3U.exe","0x004c297c","Unwind@004c297c","8","lib","lib","","",""
"SC3U.exe","0x004c2984","Unwind@004c2984","8","lib","lib","","",""
"SC3U.exe","0x004c298c","Unwind@004c298c","8","lib","lib","","",""
"SC3U.exe","0x004c2994","Unwind@004c2994","8","lib","lib","","",""
"SC3U.exe","0x004c299c","Unwind@004c299c","8","lib","lib","","",""
"SC3U.exe","0x004c29a4","Unwind@004c29a4","8","lib","lib","","",""
"SC3U.exe","0x004c29ac","Unwind@004c29ac","8","lib","lib","","",""
"SC3U.exe","0x004c29b4","Unwind@004c29b4","8","lib","lib","","",""
"SC3U.exe","0x004c29bc","Unwind@004c29bc","8","lib","lib","","",""
"SC3U.exe","0x004c29c4","Unwind@004c29c4","8","lib","lib","","",""
"SC3U.exe","0x004c29cc","Unwind@004c29cc","8","lib","lib","","",""
"SC3U.exe","0x004c29d4","Unwind@004c29d4","8","lib","lib","","",""
"SC3U.exe","0x004c29dc","Unwind@004c29dc","8","lib","lib","","",""
"SC3U.exe","0x004c29e4","Unwind@004c29e4","8","lib","lib","","",""
"SC3U.exe","0x004c29ec","Unwind@004c29ec","8","lib","lib","","",""
"SC3U.exe","0x004c29f4","Unwind@004c29f4","8","lib","lib","","",""
"SC3U.exe","0x004c29fc","Unwind@004c29fc","8","lib","lib","","",""
"SC3U.exe","0x004c2a04","Unwind@004c2a04","8","lib","lib","","",""
"SC3U.exe","0x004c2a0c","Unwind@004c2a0c","8","lib","lib","","",""
"SC3U.exe","0x004c2a14","Unwind@004c2a14","8","lib","lib","","",""
"SC3U.exe","0x004c2a1c","Unwind@004c2a1c","8","lib","lib","","",""
"SC3U.exe","0x004c2a24","Unwind@004c2a24","8","lib","lib","","",""
"SC3U.exe","0x004c2a2c","Unwind@004c2a2c","8","lib","lib","","",""
"SC3U.exe","0x004c2a34","Unwind@004c2a34","8","lib","lib","","",""
"SC3U.exe","0x004c2a3c","Unwind@004c2a3c","8","lib","lib","","",""
"SC3U.exe","0x004c2a44","Unwind@004c2a44","8","lib","lib","","",""
"SC3U.exe","0x004c2a4c","Unwind@004c2a4c","8","lib","lib","","",""
"SC3U.exe","0x004c2a54","Unwind@004c2a54","8","lib","lib","","",""
"SC3U.exe","0x004c2a5c","Unwind@004c2a5c","8","lib","lib","","",""
"SC3U.exe","0x004c2a64","Unwind@004c2a64","8","lib","lib","","",""
"SC3U.exe","0x004c2a6c","Unwind@004c2a6c","8","lib","lib","","",""
"SC3U.exe","0x004c2a74","Unwind@004c2a74","8","lib","lib","","",""
"SC3U.exe","0x004c2a7c","Unwind@004c2a7c","8","lib","lib","","",""
"SC3U.exe","0x004c2a84","Unwind@004c2a84","8","lib","lib","","",""
"SC3U.exe","0x004c2a98","Unwind@004c2a98","11","lib","lib","","",""
"SC3U.exe","0x004c2aa3","Unwind@004c2aa3","8","lib","lib","","",""
"SC3U.exe","0x004c2aab","Unwind@004c2aab","8","lib","lib","","",""
"SC3U.exe","0x004c2ab3","Unwind@004c2ab3","8","lib","lib","","",""
"SC3U.exe","0x004c2abb","Unwind@004c2abb","8","lib","lib","","",""
"SC3U.exe","0x004c2ac3","Unwind@004c2ac3","8","lib","lib","","",""
"SC3U.exe","0x004c2acb","Unwind@004c2acb","8","lib","lib","","",""
"SC3U.exe","0x004c2ad3","Unwind@004c2ad3","8","lib","lib","","",""
"SC3U.exe","0x004c2ae8","Unwind@004c2ae8","10","lib","lib","","",""
"SC3U.exe","0x004c2af2","Unwind@004c2af2","8","lib","lib","","",""
"SC3U.exe","0x004c2b04","Unwind@004c2b04","8","lib","lib","","",""
"SC3U.exe","0x004c2b18","Unwind@004c2b18","8","lib","lib","","",""
"SC3U.exe","0x004c2b20","Unwind@004c2b20","8","lib","lib","","",""
"SC3U.exe","0x004c2b28","Unwind@004c2b28","8","lib","lib","","",""
"SC3U.exe","0x004c2b3c","Unwind@004c2b3c","8","lib","lib","","",""
"SC3U.exe","0x004c2b44","Unwind@004c2b44","8","lib","lib","","",""
"SC3U.exe","0x004c2b4c","Unwind@004c2b4c","8","lib","lib","","",""
"SC3U.exe","0x004c2b54","Unwind@004c2b54","8","lib","lib","","",""
"SC3U.exe","0x004c2b5c","Unwind@004c2b5c","8","lib","lib","","",""
"SC3U.exe","0x004c2b64","Unwind@004c2b64","8","lib","lib","","",""
"SC3U.exe","0x004c2b6c","Unwind@004c2b6c","11","lib","lib","","",""
"SC3U.exe","0x004c2b77","Unwind@004c2b77","11","lib","lib","","",""
"SC3U.exe","0x004c2b8c","Unwind@004c2b8c","8","lib","lib","","",""
"SC3U.exe","0x004c2ba0","Unwind@004c2ba0","8","lib","lib","","",""
"SC3U.exe","0x004c2bb4","Unwind@004c2bb4","10","lib","lib","","",""
"SC3U.exe","0x004c2bc8","Unwind@004c2bc8","8","lib","lib","","",""
"SC3U.exe","0x004c2bd0","Unwind@004c2bd0","11","lib","lib","","",""
"SC3U.exe","0x004c2be8","Unwind@004c2be8","8","lib","lib","","",""
"SC3U.exe","0x004c2bf0","Unwind@004c2bf0","11","lib","lib","","",""
"SC3U.exe","0x004c2bfb","Unwind@004c2bfb","8","lib","lib","","",""
"SC3U.exe","0x004c2c03","Unwind@004c2c03","8","lib","lib","","",""
"SC3U.exe","0x004c2c0b","Unwind@004c2c0b","11","lib","lib","","",""
"SC3U.exe","0x004c2c16","Unwind@004c2c16","8","lib","lib","","",""
"SC3U.exe","0x004c2c1e","Unwind@004c2c1e","8","lib","lib","","",""
"SC3U.exe","0x004c2c26","Unwind@004c2c26","8","lib","lib","","",""
"SC3U.exe","0x004c2c2e","Unwind@004c2c2e","8","lib","lib","","",""
"SC3U.exe","0x004c2c36","Unwind@004c2c36","8","lib","lib","","",""
"SC3U.exe","0x004c2c3e","Unwind@004c2c3e","8","lib","lib","","",""
"SC3U.exe","0x004c2c46","Unwind@004c2c46","8","lib","lib","","",""
"SC3U.exe","0x004c2c4e","Unwind@004c2c4e","8","lib","lib","","",""
"SC3U.exe","0x004c2c56","Unwind@004c2c56","8","lib","lib","","",""
"SC3U.exe","0x004c2c5e","Unwind@004c2c5e","8","lib","lib","","",""
"SC3U.exe","0x004c2c66","Unwind@004c2c66","8","lib","lib","","",""
"SC3U.exe","0x004c2c6e","Unwind@004c2c6e","8","lib","lib","","",""
"SC3U.exe","0x004c2c76","Unwind@004c2c76","8","lib","lib","","",""
"SC3U.exe","0x004c2c7e","Unwind@004c2c7e","8","lib","lib","","",""
"SC3U.exe","0x004c2c86","Unwind@004c2c86","8","lib","lib","","",""
"SC3U.exe","0x004c2c8e","Unwind@004c2c8e","8","lib","lib","","",""
"SC3U.exe","0x004c2c96","Unwind@004c2c96","8","lib","lib","","",""
"SC3U.exe","0x004c2c9e","Unwind@004c2c9e","8","lib","lib","","",""
"SC3U.exe","0x004c2ca6","Unwind@004c2ca6","8","lib","lib","","",""
"SC3U.exe","0x004c2cae","Unwind@004c2cae","8","lib","lib","","",""
"SC3U.exe","0x004c2cb6","Unwind@004c2cb6","8","lib","lib","","",""
"SC3U.exe","0x004c2cbe","Unwind@004c2cbe","8","lib","lib","","",""
"SC3U.exe","0x004c2cc6","Unwind@004c2cc6","8","lib","lib","","",""
"SC3U.exe","0x004c2cce","Unwind@004c2cce","8","lib","lib","","",""
"SC3U.exe","0x004c2cd6","Unwind@004c2cd6","8","lib","lib","","",""
"SC3U.exe","0x004c2cde","Unwind@004c2cde","8","lib","lib","","",""
"SC3U.exe","0x004c2ce6","Unwind@004c2ce6","8","lib","lib","","",""
"SC3U.exe","0x004c2cf8","Unwind@004c2cf8","8","lib","lib","","",""
"SC3U.exe","0x004c2d00","Unwind@004c2d00","11","lib","lib","","",""
"SC3U.exe","0x004c2d18","Unwind@004c2d18","11","lib","lib","","",""
"SC3U.exe","0x004c2d23","Unwind@004c2d23","11","lib","lib","","",""
"SC3U.exe","0x004c2d2e","Unwind@004c2d2e","11","lib","lib","","",""
"SC3U.exe","0x004c2d39","Unwind@004c2d39","11","lib","lib","","",""
"SC3U.exe","0x004c2d44","Unwind@004c2d44","14","lib","lib","","",""
"SC3U.exe","0x004c2d52","Unwind@004c2d52","14","lib","lib","","",""
"SC3U.exe","0x004c2d60","Unwind@004c2d60","14","lib","lib","","",""
"SC3U.exe","0x004c2d6e","Unwind@004c2d6e","14","lib","lib","","",""
"SC3U.exe","0x004c2d7c","Unwind@004c2d7c","14","lib","lib","","",""
"SC3U.exe","0x004c2d8a","Unwind@004c2d8a","14","lib","lib","","",""
"SC3U.exe","0x004c2d98","Unwind@004c2d98","8","lib","lib","","",""
"SC3U.exe","0x004c2da0","Unwind@004c2da0","8","lib","lib","","",""
"SC3U.exe","0x004c2db4","Unwind@004c2db4","11","lib","lib","","",""
"SC3U.exe","0x004c2dbf","Unwind@004c2dbf","11","lib","lib","","",""
"SC3U.exe","0x004c2dca","Unwind@004c2dca","11","lib","lib","","",""
"SC3U.exe","0x004c2dd5","Unwind@004c2dd5","11","lib","lib","","",""
"SC3U.exe","0x004c2de0","Unwind@004c2de0","14","lib","lib","","",""
"SC3U.exe","0x004c2dee","Unwind@004c2dee","14","lib","lib","","",""
"SC3U.exe","0x004c2dfc","Unwind@004c2dfc","14","lib","lib","","",""
"SC3U.exe","0x004c2e0a","Unwind@004c2e0a","14","lib","lib","","",""
"SC3U.exe","0x004c2e18","Unwind@004c2e18","14","lib","lib","","",""
"SC3U.exe","0x004c2e26","Unwind@004c2e26","14","lib","lib","","",""
"SC3U.exe","0x004c2e40","Unwind@004c2e40","8","lib","lib","","",""
"SC3U.exe","0x004c2e48","Unwind@004c2e48","10","lib","lib","","",""
"SC3U.exe","0x004c2e5c","Unwind@004c2e5c","8","lib","lib","","",""
"SC3U.exe","0x004c2e64","Unwind@004c2e64","8","lib","lib","","",""
"SC3U.exe","0x004c2e6c","Unwind@004c2e6c","8","lib","lib","","",""
"SC3U.exe","0x004c2e74","Unwind@004c2e74","8","lib","lib","","",""
"SC3U.exe","0x004c2e7c","Unwind@004c2e7c","8","lib","lib","","",""
"SC3U.exe","0x004c2e84","Unwind@004c2e84","8","lib","lib","","",""
"SC3U.exe","0x004c2e8c","Unwind@004c2e8c","8","lib","lib","","",""
"SC3U.exe","0x004c2e94","Unwind@004c2e94","8","lib","lib","","",""
"SC3U.exe","0x004c2ea8","Unwind@004c2ea8","8","lib","lib","","",""
"SC3U.exe","0x004c2ebc","Unwind@004c2ebc","8","lib","lib","","",""
"SC3U.exe","0x004c2ed0","Unwind@004c2ed0","10","lib","lib","","",""
"SC3U.exe","0x004c2ee4","Unwind@004c2ee4","8","lib","lib","","",""
"SC3U.exe","0x004c2ef8","Unwind@004c2ef8","8","lib","lib","","",""
"SC3U.exe","0x004c2f0c","Unwind@004c2f0c","8","lib","lib","","",""
"SC3U.exe","0x004c2f14","Unwind@004c2f14","8","lib","lib","","",""
"SC3U.exe","0x004c2f28","Unwind@004c2f28","8","lib","lib","","",""
"SC3U.exe","0x004c2f30","Unwind@004c2f30","8","lib","lib","","",""
"SC3U.exe","0x004c2f44","Unwind@004c2f44","10","lib","lib","","",""
"SC3U.exe","0x004c2f58","Unwind@004c2f58","11","lib","lib","","",""
"SC3U.exe","0x004c2f63","Unwind@004c2f63","11","lib","lib","","",""
"SC3U.exe","0x004c2f6e","Unwind@004c2f6e","8","lib","lib","","",""
"SC3U.exe","0x004c2f76","Unwind@004c2f76","8","lib","lib","","",""
"SC3U.exe","0x004c2f7e","Unwind@004c2f7e","8","lib","lib","","",""
"SC3U.exe","0x004c2f86","Unwind@004c2f86","8","lib","lib","","",""
"SC3U.exe","0x004c2f8e","Unwind@004c2f8e","8","lib","lib","","",""
"SC3U.exe","0x004c2f96","Unwind@004c2f96","8","lib","lib","","",""
"SC3U.exe","0x004c2f9e","Unwind@004c2f9e","8","lib","lib","","",""
"SC3U.exe","0x004c2fa6","Unwind@004c2fa6","8","lib","lib","","",""
"SC3U.exe","0x004c2fae","Unwind@004c2fae","8","lib","lib","","",""
"SC3U.exe","0x004c2fb6","Unwind@004c2fb6","8","lib","lib","","",""
"SC3U.exe","0x004c2fbe","Unwind@004c2fbe","8","lib","lib","","",""
"SC3U.exe","0x004c2fc6","Unwind@004c2fc6","8","lib","lib","","",""
"SC3U.exe","0x004c2fce","Unwind@004c2fce","8","lib","lib","","",""
"SC3U.exe","0x004c2fd6","Unwind@004c2fd6","8","lib","lib","","",""
"SC3U.exe","0x004c2fde","Unwind@004c2fde","8","lib","lib","","",""
"SC3U.exe","0x004c2fe6","Unwind@004c2fe6","8","lib","lib","","",""
"SC3U.exe","0x004c2ff8","Unwind@004c2ff8","8","lib","lib","","",""
"SC3U.exe","0x004c3000","Unwind@004c3000","8","lib","lib","","",""
"SC3U.exe","0x004c3008","Unwind@004c3008","8","lib","lib","","",""
"SC3U.exe","0x004c3010","Unwind@004c3010","8","lib","lib","","",""
"SC3U.exe","0x004c3018","Unwind@004c3018","8","lib","lib","","",""
"SC3U.exe","0x004c3020","Unwind@004c3020","8","lib","lib","","",""
"SC3U.exe","0x004c3034","Unwind@004c3034","8","lib","lib","","",""
"SC3U.exe","0x004c3048","Unwind@004c3048","8","lib","lib","","",""
"SC3U.exe","0x004c305c","Unwind@004c305c","8","lib","lib","","",""
"SC3U.exe","0x004c3064","Unwind@004c3064","8","lib","lib","","",""
"SC3U.exe","0x004c306c","Unwind@004c306c","8","lib","lib","","",""
"SC3U.exe","0x004c3074","Unwind@004c3074","8","lib","lib","","",""
"SC3U.exe","0x004c3088","Unwind@004c3088","11","lib","lib","","",""
"SC3U.exe","0x004c3093","Unwind@004c3093","11","lib","lib","","",""
"SC3U.exe","0x004c309e","Unwind@004c309e","8","lib","lib","","",""
"SC3U.exe","0x004c30a6","Unwind@004c30a6","8","lib","lib","","",""
"SC3U.exe","0x004c30ae","Unwind@004c30ae","8","lib","lib","","",""
"SC3U.exe","0x004c30b6","Unwind@004c30b6","8","lib","lib","","",""
"SC3U.exe","0x004c30be","Unwind@004c30be","8","lib","lib","","",""
"SC3U.exe","0x004c30c6","Unwind@004c30c6","8","lib","lib","","",""
"SC3U.exe","0x004c30ce","Unwind@004c30ce","8","lib","lib","","",""
"SC3U.exe","0x004c30d6","Unwind@004c30d6","8","lib","lib","","",""
"SC3U.exe","0x004c30de","Unwind@004c30de","8","lib","lib","","",""
"SC3U.exe","0x004c30e6","Unwind@004c30e6","11","lib","lib","","",""
"SC3U.exe","0x004c30fc","Unwind@004c30fc","8","lib","lib","","",""
"SC3U.exe","0x004c3104","Unwind@004c3104","8","lib","lib","","",""
"SC3U.exe","0x004c310c","Unwind@004c310c","8","lib","lib","","",""
"SC3U.exe","0x004c3114","Unwind@004c3114","8","lib","lib","","",""
"SC3U.exe","0x004c311c","Unwind@004c311c","8","lib","lib","","",""
"SC3U.exe","0x004c3124","Unwind@004c3124","8","lib","lib","","",""
"SC3U.exe","0x004c312c","Unwind@004c312c","8","lib","lib","","",""
"SC3U.exe","0x004c3134","Unwind@004c3134","8","lib","lib","","",""
"SC3U.exe","0x004c313c","Unwind@004c313c","11","lib","lib","","",""
"SC3U.exe","0x004c3147","Unwind@004c3147","8","lib","lib","","",""
"SC3U.exe","0x004c314f","Unwind@004c314f","8","lib","lib","","",""
"SC3U.exe","0x004c3157","Unwind@004c3157","11","lib","lib","","",""
"SC3U.exe","0x004c3162","Unwind@004c3162","8","lib","lib","","",""
"SC3U.exe","0x004c316a","Unwind@004c316a","8","lib","lib","","",""
"SC3U.exe","0x004c317c","Unwind@004c317c","8","lib","lib","","",""
"SC3U.exe","0x004c3184","Unwind@004c3184","8","lib","lib","","",""
"SC3U.exe","0x004c318c","Unwind@004c318c","8","lib","lib","","",""
"SC3U.exe","0x004c31a0","Unwind@004c31a0","8","lib","lib","","",""
"SC3U.exe","0x004c31a8","Unwind@004c31a8","8","lib","lib","","",""
"SC3U.exe","0x004c31b0","Unwind@004c31b0","8","lib","lib","","",""
"SC3U.exe","0x004c31b8","Unwind@004c31b8","8","lib","lib","","",""
"SC3U.exe","0x004c31c0","Unwind@004c31c0","8","lib","lib","","",""
"SC3U.exe","0x004c31c8","Unwind@004c31c8","8","lib","lib","","",""
"SC3U.exe","0x004c31d0","Unwind@004c31d0","8","lib","lib","","",""
"SC3U.exe","0x004c31d8","Unwind@004c31d8","8","lib","lib","","",""
"SC3U.exe","0x004c31e0","Unwind@004c31e0","8","lib","lib","","",""
"SC3U.exe","0x004c31e8","Unwind@004c31e8","8","lib","lib","","",""
"SC3U.exe","0x004c31f0","Unwind@004c31f0","8","lib","lib","","",""
"SC3U.exe","0x004c31f8","Unwind@004c31f8","8","lib","lib","","",""
"SC3U.exe","0x004c3200","Unwind@004c3200","8","lib","lib","","",""
"SC3U.exe","0x004c3208","Unwind@004c3208","8","lib","lib","","",""
"SC3U.exe","0x004c3210","Unwind@004c3210","8","lib","lib","","",""
"SC3U.exe","0x004c3218","Unwind@004c3218","8","lib","lib","","",""
"SC3U.exe","0x004c3220","Unwind@004c3220","8","lib","lib","","",""
"SC3U.exe","0x004c3228","Unwind@004c3228","8","lib","lib","","",""
"SC3U.exe","0x004c3230","Unwind@004c3230","8","lib","lib","","",""
"SC3U.exe","0x004c3238","Unwind@004c3238","8","lib","lib","","",""
"SC3U.exe","0x004c3240","Unwind@004c3240","8","lib","lib","","",""
"SC3U.exe","0x004c3248","Unwind@004c3248","8","lib","lib","","",""
"SC3U.exe","0x004c3250","Unwind@004c3250","8","lib","lib","","",""
"SC3U.exe","0x004c3258","Unwind@004c3258","8","lib","lib","","",""
"SC3U.exe","0x004c3260","Unwind@004c3260","8","lib","lib","","",""
"SC3U.exe","0x004c3268","Unwind@004c3268","8","lib","lib","","",""
"SC3U.exe","0x004c3270","Unwind@004c3270","8","lib","lib","","",""
"SC3U.exe","0x004c3278","Unwind@004c3278","8","lib","lib","","",""
"SC3U.exe","0x004c3280","Unwind@004c3280","8","lib","lib","","",""
"SC3U.exe","0x004c3288","Unwind@004c3288","8","lib","lib","","",""
"SC3U.exe","0x004c3290","Unwind@004c3290","8","lib","lib","","",""
"SC3U.exe","0x004c3298","Unwind@004c3298","8","lib","lib","","",""
"SC3U.exe","0x004c32a0","Unwind@004c32a0","8","lib","lib","","",""
"SC3U.exe","0x004c32a8","Unwind@004c32a8","8","lib","lib","","",""
"SC3U.exe","0x004c32b0","Unwind@004c32b0","8","lib","lib","","",""
"SC3U.exe","0x004c32b8","Unwind@004c32b8","8","lib","lib","","",""
"SC3U.exe","0x004c32c0","Unwind@004c32c0","8","lib","lib","","",""
"SC3U.exe","0x004c32c8","Unwind@004c32c8","8","lib","lib","","",""
"SC3U.exe","0x004c32d0","Unwind@004c32d0","8","lib","lib","","",""
"SC3U.exe","0x004c32d8","Unwind@004c32d8","8","lib","lib","","",""
"SC3U.exe","0x004c32e0","Unwind@004c32e0","8","lib","lib","","",""
"SC3U.exe","0x004c32e8","Unwind@004c32e8","8","lib","lib","","",""
"SC3U.exe","0x004c32f0","Unwind@004c32f0","8","lib","lib","","",""
"SC3U.exe","0x004c32f8","Unwind@004c32f8","8","lib","lib","","",""
"SC3U.exe","0x004c3300","Unwind@004c3300","8","lib","lib","","",""
"SC3U.exe","0x004c3308","Unwind@004c3308","8","lib","lib","","",""
"SC3U.exe","0x004c3310","Unwind@004c3310","8","lib","lib","","",""
"SC3U.exe","0x004c3318","Unwind@004c3318","8","lib","lib","","",""
"SC3U.exe","0x004c3320","Unwind@004c3320","8","lib","lib","","",""
"SC3U.exe","0x004c3328","Unwind@004c3328","8","lib","lib","","",""
"SC3U.exe","0x004c3330","Unwind@004c3330","8","lib","lib","","",""
"SC3U.exe","0x004c3338","Unwind@004c3338","8","lib","lib","","",""
"SC3U.exe","0x004c3340","Unwind@004c3340","8","lib","lib","","",""
"SC3U.exe","0x004c3348","Unwind@004c3348","8","lib","lib","","",""
"SC3U.exe","0x004c3350","Unwind@004c3350","8","lib","lib","","",""
"SC3U.exe","0x004c3358","Unwind@004c3358","8","lib","lib","","",""
"SC3U.exe","0x004c3360","Unwind@004c3360","8","lib","lib","","",""
"SC3U.exe","0x004c3368","Unwind@004c3368","8","lib","lib","","",""
"SC3U.exe","0x004c3370","Unwind@004c3370","8","lib","lib","","",""
"SC3U.exe","0x004c3378","Unwind@004c3378","8","lib","lib","","",""
"SC3U.exe","0x004c3380","Unwind@004c3380","8","lib","lib","","",""
"SC3U.exe","0x004c3388","Unwind@004c3388","8","lib","lib","","",""
"SC3U.exe","0x004c3390","Unwind@004c3390","8","lib","lib","","",""
"SC3U.exe","0x004c3398","Unwind@004c3398","8","lib","lib","","",""
"SC3U.exe","0x004c33a0","Unwind@004c33a0","8","lib","lib","","",""
"SC3U.exe","0x004c33a8","Unwind@004c33a8","8","lib","lib","","",""
"SC3U.exe","0x004c33b0","Unwind@004c33b0","8","lib","lib","","",""
"SC3U.exe","0x004c33b8","Unwind@004c33b8","8","lib","lib","","",""
"SC3U.exe","0x004c33c0","Unwind@004c33c0","8","lib","lib","","",""
"SC3U.exe","0x004c33c8","Unwind@004c33c8","8","lib","lib","","",""
"SC3U.exe","0x004c33d0","Unwind@004c33d0","8","lib","lib","","",""
"SC3U.exe","0x004c33d8","Unwind@004c33d8","8","lib","lib","","",""
"SC3U.exe","0x004c33e0","Unwind@004c33e0","8","lib","lib","","",""
"SC3U.exe","0x004c33e8","Unwind@004c33e8","8","lib","lib","","",""
"SC3U.exe","0x004c33f0","Unwind@004c33f0","8","lib","lib","","",""
"SC3U.exe","0x004c33f8","Unwind@004c33f8","8","lib","lib","","",""
"SC3U.exe","0x004c3400","Unwind@004c3400","8","lib","lib","","",""
"SC3U.exe","0x004c3408","Unwind@004c3408","8","lib","lib","","",""
"SC3U.exe","0x004c341c","Unwind@004c341c","8","lib","lib","","",""
"SC3U.exe","0x004c3430","Unwind@004c3430","8","lib","lib","","",""
"SC3U.exe","0x004c3438","Unwind@004c3438","8","lib","lib","","",""
"SC3U.exe","0x004c3440","Unwind@004c3440","8","lib","lib","","",""
"SC3U.exe","0x004c3448","Unwind@004c3448","8","lib","lib","","",""
"SC3U.exe","0x004c3450","Unwind@004c3450","8","lib","lib","","",""
"SC3U.exe","0x004c3458","Unwind@004c3458","8","lib","lib","","",""
"SC3U.exe","0x004c3460","Unwind@004c3460","8","lib","lib","","",""
"SC3U.exe","0x004c3474","Unwind@004c3474","8","lib","lib","","",""
"SC3U.exe","0x004c347c","Unwind@004c347c","8","lib","lib","","",""
"SC3U.exe","0x004c3484","Unwind@004c3484","8","lib","lib","","",""
"SC3U.exe","0x004c3498","Unwind@004c3498","11","lib","lib","","",""
"SC3U.exe","0x004c34b0","Unwind@004c34b0","8","lib","lib","","",""
"SC3U.exe","0x004c34c4","Unwind@004c34c4","10","lib","lib","","",""
"SC3U.exe","0x004c34ce","Unwind@004c34ce","8","lib","lib","","",""
"SC3U.exe","0x004c34e0","Unwind@004c34e0","10","lib","lib","","",""
"SC3U.exe","0x004c34ea","Unwind@004c34ea","11","lib","lib","","",""
"SC3U.exe","0x004c34f5","Unwind@004c34f5","10","lib","lib","","",""
"SC3U.exe","0x004c34ff","Unwind@004c34ff","8","lib","lib","","",""
"SC3U.exe","0x004c3507","Unwind@004c3507","8","lib","lib","","",""
"SC3U.exe","0x004c350f","Unwind@004c350f","8","lib","lib","","",""
"SC3U.exe","0x004c3517","Unwind@004c3517","11","lib","lib","","",""
"SC3U.exe","0x004c3522","Unwind@004c3522","11","lib","lib","","",""
"SC3U.exe","0x004c352d","Unwind@004c352d","11","lib","lib","","",""
"SC3U.exe","0x004c3538","Unwind@004c3538","8","lib","lib","","",""
"SC3U.exe","0x004c3540","Unwind@004c3540","8","lib","lib","","",""
"SC3U.exe","0x004c3548","Unwind@004c3548","8","lib","lib","","",""
"SC3U.exe","0x004c3550","Unwind@004c3550","10","lib","lib","","",""
"SC3U.exe","0x004c355a","Unwind@004c355a","13","lib","lib","","",""
"SC3U.exe","0x004c3567","Unwind@004c3567","8","lib","lib","","",""
"SC3U.exe","0x004c356f","Unwind@004c356f","8","lib","lib","","",""
"SC3U.exe","0x004c3577","Unwind@004c3577","8","lib","lib","","",""
"SC3U.exe","0x004c357f","Unwind@004c357f","8","lib","lib","","",""
"SC3U.exe","0x004c3587","Unwind@004c3587","8","lib","lib","","",""
"SC3U.exe","0x004c358f","Unwind@004c358f","8","lib","lib","","",""
"SC3U.exe","0x004c3597","Unwind@004c3597","11","lib","lib","","",""
"SC3U.exe","0x004c35a2","Unwind@004c35a2","8","lib","lib","","",""
"SC3U.exe","0x004c35aa","Unwind@004c35aa","8","lib","lib","","",""
"SC3U.exe","0x004c35b2","Unwind@004c35b2","11","lib","lib","","",""
"SC3U.exe","0x004c35c8","Unwind@004c35c8","8","lib","lib","","",""
"SC3U.exe","0x004c35d0","Unwind@004c35d0","8","lib","lib","","",""
"SC3U.exe","0x004c35d8","Unwind@004c35d8","8","lib","lib","","",""
"SC3U.exe","0x004c35ec","Unwind@004c35ec","8","lib","lib","","",""
"SC3U.exe","0x004c35f4","Unwind@004c35f4","8","lib","lib","","",""
"SC3U.exe","0x004c3608","Unwind@004c3608","8","lib","lib","","",""
"SC3U.exe","0x004c3610","Unwind@004c3610","8","lib","lib","","",""
"SC3U.exe","0x004c3618","Unwind@004c3618","8","lib","lib","","",""
"SC3U.exe","0x004c362c","Unwind@004c362c","8","lib","lib","","",""
"SC3U.exe","0x004c3634","Unwind@004c3634","8","lib","lib","","",""
"SC3U.exe","0x004c3648","Unwind@004c3648","8","lib","lib","","",""
"SC3U.exe","0x004c3650","Unwind@004c3650","8","lib","lib","","",""
"SC3U.exe","0x004c3658","Unwind@004c3658","8","lib","lib","","",""
"SC3U.exe","0x004c3660","Unwind@004c3660","8","lib","lib","","",""
"SC3U.exe","0x004c3668","Unwind@004c3668","8","lib","lib","","",""
"SC3U.exe","0x004c3670","Unwind@004c3670","8","lib","lib","","",""
"SC3U.exe","0x004c3678","Unwind@004c3678","8","lib","lib","","",""
"SC3U.exe","0x004c3680","Unwind@004c3680","8","lib","lib","","",""
"SC3U.exe","0x004c3688","Unwind@004c3688","8","lib","lib","","",""
"SC3U.exe","0x004c3690","Unwind@004c3690","8","lib","lib","","",""
"SC3U.exe","0x004c3698","Unwind@004c3698","8","lib","lib","","",""
"SC3U.exe","0x004c36a0","Unwind@004c36a0","8","lib","lib","","",""
"SC3U.exe","0x004c36a8","Unwind@004c36a8","8","lib","lib","","",""
"SC3U.exe","0x004c36b0","Unwind@004c36b0","8","lib","lib","","",""
"SC3U.exe","0x004c36b8","Unwind@004c36b8","8","lib","lib","","",""
"SC3U.exe","0x004c36c0","Unwind@004c36c0","8","lib","lib","","",""
"SC3U.exe","0x004c36c8","Unwind@004c36c8","8","lib","lib","","",""
"SC3U.exe","0x004c36d0","Unwind@004c36d0","8","lib","lib","","",""
"SC3U.exe","0x004c36d8","Unwind@004c36d8","8","lib","lib","","",""
"SC3U.exe","0x004c36e0","Unwind@004c36e0","11","lib","lib","","",""
"SC3U.exe","0x004c36eb","Unwind@004c36eb","8","lib","lib","","",""
"SC3U.exe","0x004c3700","Unwind@004c3700","8","lib","lib","","",""
"SC3U.exe","0x004c3708","Unwind@004c3708","11","lib","lib","","",""
"SC3U.exe","0x004c3713","Unwind@004c3713","10","lib","lib","","",""
"SC3U.exe","0x004c371d","Unwind@004c371d","8","lib","lib","","",""
"SC3U.exe","0x004c3725","Unwind@004c3725","8","lib","lib","","",""
"SC3U.exe","0x004c372d","Unwind@004c372d","10","lib","lib","","",""
"SC3U.exe","0x004c3737","Unwind@004c3737","23","lib","lib","","",""
"SC3U.exe","0x004c374e","Unwind@004c374e","8","lib","lib","","",""
"SC3U.exe","0x004c3756","Unwind@004c3756","8","lib","lib","","",""
"SC3U.exe","0x004c375e","Unwind@004c375e","11","lib","lib","","",""
"SC3U.exe","0x004c3774","Unwind@004c3774","8","lib","lib","","",""
"SC3U.exe","0x004c377c","Unwind@004c377c","8","lib","lib","","",""
"SC3U.exe","0x004c3784","Unwind@004c3784","8","lib","lib","","",""
"SC3U.exe","0x004c378c","Unwind@004c378c","8","lib","lib","","",""
"SC3U.exe","0x004c3794","Unwind@004c3794","8","lib","lib","","",""
"SC3U.exe","0x004c37a8","Unwind@004c37a8","8","lib","lib","","",""
"SC3U.exe","0x004c37b0","Unwind@004c37b0","8","lib","lib","","",""
"SC3U.exe","0x004c37c4","Unwind@004c37c4","8","lib","lib","","",""
"SC3U.exe","0x004c37cc","Unwind@004c37cc","8","lib","lib","","",""
"SC3U.exe","0x004c37d4","Unwind@004c37d4","8","lib","lib","","",""
"SC3U.exe","0x004c37dc","Unwind@004c37dc","8","lib","lib","","",""
"SC3U.exe","0x004c37e4","Unwind@004c37e4","8","lib","lib","","",""
"SC3U.exe","0x004c37ec","Unwind@004c37ec","8","lib","lib","","",""
"SC3U.exe","0x004c3800","Unwind@004c3800","8","lib","lib","","",""
"SC3U.exe","0x004c3808","Unwind@004c3808","8","lib","lib","","",""
"SC3U.exe","0x004c381c","Unwind@004c381c","8","lib","lib","","",""
"SC3U.exe","0x004c3830","Unwind@004c3830","8","lib","lib","","",""
"SC3U.exe","0x004c3844","Unwind@004c3844","8","lib","lib","","",""
"SC3U.exe","0x004c3864","Unwind@004c3864","14","lib","lib","","",""
"SC3U.exe","0x004c3872","Unwind@004c3872","8","lib","lib","","",""
"SC3U.exe","0x004c387a","Unwind@004c387a","14","lib","lib","","",""
"SC3U.exe","0x004c3894","Unwind@004c3894","14","lib","lib","","",""
"SC3U.exe","0x004c38ac","Unwind@004c38ac","8","lib","lib","","",""
"SC3U.exe","0x004c38cc","Unwind@004c38cc","10","lib","lib","","",""
"SC3U.exe","0x004c38e0","Unwind@004c38e0","11","lib","lib","","",""
"SC3U.exe","0x004c38eb","Unwind@004c38eb","14","lib","lib","","",""
"SC3U.exe","0x004c38f9","Unwind@004c38f9","14","lib","lib","","",""
"SC3U.exe","0x004c3907","Unwind@004c3907","24","lib","lib","","",""
"SC3U.exe","0x004c392c","Unwind@004c392c","8","lib","lib","","",""
"SC3U.exe","0x004c3934","Unwind@004c3934","14","lib","lib","","",""
"SC3U.exe","0x004c3942","Unwind@004c3942","14","lib","lib","","",""
"SC3U.exe","0x004c3950","Unwind@004c3950","24","lib","lib","","",""
"SC3U.exe","0x004c3968","Unwind@004c3968","14","lib","lib","","",""
"SC3U.exe","0x004c3980","Unwind@004c3980","8","lib","lib","","",""
"SC3U.exe","0x004c3988","Unwind@004c3988","8","lib","lib","","",""
"SC3U.exe","0x004c3990","Unwind@004c3990","8","lib","lib","","",""
"SC3U.exe","0x004c3998","Unwind@004c3998","8","lib","lib","","",""
"SC3U.exe","0x004c39a0","Unwind@004c39a0","8","lib","lib","","",""
"SC3U.exe","0x004c39a8","Unwind@004c39a8","8","lib","lib","","",""
"SC3U.exe","0x004c39b0","Unwind@004c39b0","8","lib","lib","","",""
"SC3U.exe","0x004c39b8","Unwind@004c39b8","8","lib","lib","","",""
"SC3U.exe","0x004c39c0","Unwind@004c39c0","8","lib","lib","","",""
"SC3U.exe","0x004c39c8","Unwind@004c39c8","8","lib","lib","","",""
"SC3U.exe","0x004c39d0","Unwind@004c39d0","8","lib","lib","","",""
"SC3U.exe","0x004c39d8","Unwind@004c39d8","8","lib","lib","","",""
"SC3U.exe","0x004c39e0","Unwind@004c39e0","8","lib","lib","","",""
"SC3U.exe","0x004c39e8","Unwind@004c39e8","8","lib","lib","","",""
"SC3U.exe","0x004c39f0","Unwind@004c39f0","8","lib","lib","","",""
"SC3U.exe","0x004c39f8","Unwind@004c39f8","8","lib","lib","","",""
"SC3U.exe","0x004c3a00","Unwind@004c3a00","8","lib","lib","","",""
"SC3U.exe","0x004c3a08","Unwind@004c3a08","8","lib","lib","","",""
"SC3U.exe","0x004c3a10","Unwind@004c3a10","8","lib","lib","","",""
"SC3U.exe","0x004c3a18","Unwind@004c3a18","8","lib","lib","","",""
"SC3U.exe","0x004c3a20","Unwind@004c3a20","8","lib","lib","","",""
"SC3U.exe","0x004c3a28","Unwind@004c3a28","8","lib","lib","","",""
"SC3U.exe","0x004c3a30","Unwind@004c3a30","8","lib","lib","","",""
"SC3U.exe","0x004c3a38","Unwind@004c3a38","8","lib","lib","","",""
"SC3U.exe","0x004c3a4c","Unwind@004c3a4c","10","lib","lib","","",""
"SC3U.exe","0x004c3a56","Unwind@004c3a56","23","lib","lib","","",""
"SC3U.exe","0x004c3a6d","Unwind@004c3a6d","10","lib","lib","","",""
"SC3U.exe","0x004c3a84","Unwind@004c3a84","8","lib","lib","","",""
"SC3U.exe","0x004c3a8c","Unwind@004c3a8c","8","lib","lib","","",""
"SC3U.exe","0x004c3a94","Unwind@004c3a94","10","lib","lib","","",""
"SC3U.exe","0x004c3a9e","Unwind@004c3a9e","10","lib","lib","","",""
"SC3U.exe","0x004c3ab4","Unwind@004c3ab4","8","lib","lib","","",""
"SC3U.exe","0x004c3ac8","Unwind@004c3ac8","8","lib","lib","","",""
"SC3U.exe","0x004c3ad0","Unwind@004c3ad0","10","lib","lib","","",""
"SC3U.exe","0x004c3ada","Unwind@004c3ada","10","lib","lib","","",""
"SC3U.exe","0x004c3af0","Unwind@004c3af0","8","lib","lib","","",""
"SC3U.exe","0x004c3af8","Unwind@004c3af8","10","lib","lib","","",""
"SC3U.exe","0x004c3b02","Unwind@004c3b02","10","lib","lib","","",""
"SC3U.exe","0x004c3b0c","Unwind@004c3b0c","10","lib","lib","","",""
"SC3U.exe","0x004c3b16","Unwind@004c3b16","10","lib","lib","","",""
"SC3U.exe","0x004c3b20","Unwind@004c3b20","10","lib","lib","","",""
"SC3U.exe","0x004c3b2a","Unwind@004c3b2a","10","lib","lib","","",""
"SC3U.exe","0x004c3b34","Unwind@004c3b34","10","lib","lib","","",""
"SC3U.exe","0x004c3b48","Unwind@004c3b48","8","lib","lib","","",""
"SC3U.exe","0x004c3b5c","Unwind@004c3b5c","8","lib","lib","","",""
"SC3U.exe","0x004c3b70","Unwind@004c3b70","8","lib","lib","","",""
"SC3U.exe","0x004c3b78","Unwind@004c3b78","11","lib","lib","","",""
"SC3U.exe","0x004c3b83","Unwind@004c3b83","8","lib","lib","","",""
"SC3U.exe","0x004c3b98","Unwind@004c3b98","8","lib","lib","","",""
"SC3U.exe","0x004c3ba0","Unwind@004c3ba0","8","lib","lib","","",""
"SC3U.exe","0x004c3ba8","Unwind@004c3ba8","8","lib","lib","","",""
"SC3U.exe","0x004c3bb0","Unwind@004c3bb0","8","lib","lib","","",""
"SC3U.exe","0x004c3bb8","Unwind@004c3bb8","8","lib","lib","","",""
"SC3U.exe","0x004c3bc0","Unwind@004c3bc0","8","lib","lib","","",""
"SC3U.exe","0x004c3bc8","Unwind@004c3bc8","8","lib","lib","","",""
"SC3U.exe","0x004c3bd0","Unwind@004c3bd0","8","lib","lib","","",""
"SC3U.exe","0x004c3bd8","Unwind@004c3bd8","8","lib","lib","","",""
"SC3U.exe","0x004c3be0","Unwind@004c3be0","8","lib","lib","","",""
"SC3U.exe","0x004c3be8","Unwind@004c3be8","8","lib","lib","","",""
"SC3U.exe","0x004c3bfc","Unwind@004c3bfc","8","lib","lib","","",""
"SC3U.exe","0x004c3c04","Unwind@004c3c04","11","lib","lib","","",""
"SC3U.exe","0x004c3c0f","Unwind@004c3c0f","8","lib","lib","","",""
"SC3U.exe","0x004c3c24","Unwind@004c3c24","8","lib","lib","","",""
"SC3U.exe","0x004c3c2c","Unwind@004c3c2c","10","lib","lib","","",""
"SC3U.exe","0x004c3c36","Unwind@004c3c36","10","lib","lib","","",""
"SC3U.exe","0x004c3c40","Unwind@004c3c40","10","lib","lib","","",""
"SC3U.exe","0x004c3c4a","Unwind@004c3c4a","10","lib","lib","","",""
"SC3U.exe","0x004c3c60","Unwind@004c3c60","8","lib","lib","","",""
"SC3U.exe","0x004c3c80","Unwind@004c3c80","11","lib","lib","","",""
"SC3U.exe","0x004c3c8b","Unwind@004c3c8b","11","lib","lib","","",""
"SC3U.exe","0x004c3c96","Unwind@004c3c96","11","lib","lib","","",""
"SC3U.exe","0x004c3ca1","Unwind@004c3ca1","11","lib","lib","","",""
"SC3U.exe","0x004c3cac","Unwind@004c3cac","11","lib","lib","","",""
"SC3U.exe","0x004c3cb7","Unwind@004c3cb7","8","lib","lib","","",""
"SC3U.exe","0x004c3cbf","Unwind@004c3cbf","14","lib","lib","","",""
"SC3U.exe","0x004c3ccd","Unwind@004c3ccd","8","lib","lib","","",""
"SC3U.exe","0x004c3cd5","Unwind@004c3cd5","14","lib","lib","","",""
"SC3U.exe","0x004c3ce3","Unwind@004c3ce3","14","lib","lib","","",""
"SC3U.exe","0x004c3cf1","Unwind@004c3cf1","11","lib","lib","","",""
"SC3U.exe","0x004c3cfc","Unwind@004c3cfc","14","lib","lib","","",""
"SC3U.exe","0x004c3d0a","Unwind@004c3d0a","11","lib","lib","","",""
"SC3U.exe","0x004c3d15","Unwind@004c3d15","14","lib","lib","","",""
"SC3U.exe","0x004c3d23","Unwind@004c3d23","14","lib","lib","","",""
"SC3U.exe","0x004c3d31","Unwind@004c3d31","14","lib","lib","","",""
"SC3U.exe","0x004c3d49","Unwind@004c3d49","11","lib","lib","","",""
"SC3U.exe","0x004c3d54","Unwind@004c3d54","11","lib","lib","","",""
"SC3U.exe","0x004c3d5f","Unwind@004c3d5f","11","lib","lib","","",""
"SC3U.exe","0x004c3d6a","Unwind@004c3d6a","11","lib","lib","","",""
"SC3U.exe","0x004c3d75","Unwind@004c3d75","14","lib","lib","","",""
"SC3U.exe","0x004c3d83","Unwind@004c3d83","14","lib","lib","","",""
"SC3U.exe","0x004c3d91","Unwind@004c3d91","14","lib","lib","","",""
"SC3U.exe","0x004c3d9f","Unwind@004c3d9f","14","lib","lib","","",""
"SC3U.exe","0x004c3dad","Unwind@004c3dad","14","lib","lib","","",""
"SC3U.exe","0x004c3dbb","Unwind@004c3dbb","14","lib","lib","","",""
"SC3U.exe","0x004c3dc9","Unwind@004c3dc9","11","lib","lib","","",""
"SC3U.exe","0x004c3dde","Unwind@004c3dde","8","lib","lib","","",""
"SC3U.exe","0x004c3df0","Unwind@004c3df0","8","lib","lib","","",""
"SC3U.exe","0x004c3e02","Unwind@004c3e02","8","lib","lib","","",""
"SC3U.exe","0x004c3e14","Unwind@004c3e14","8","lib","lib","","",""
"SC3U.exe","0x004c3e26","Unwind@004c3e26","8","lib","lib","","",""
"SC3U.exe","0x004c3e38","Unwind@004c3e38","8","lib","lib","","",""
"SC3U.exe","0x004c3e4a","Unwind@004c3e4a","8","lib","lib","","",""
"SC3U.exe","0x004c3e5c","Unwind@004c3e5c","8","lib","lib","","",""
"SC3U.exe","0x004c3e6e","Unwind@004c3e6e","8","lib","lib","","",""
"SC3U.exe","0x004c3e80","Unwind@004c3e80","8","lib","lib","","",""
"SC3U.exe","0x004c3e92","Unwind@004c3e92","8","lib","lib","","",""
"SC3U.exe","0x004c3ea4","Unwind@004c3ea4","8","lib","lib","","",""
"SC3U.exe","0x004c3eb6","Unwind@004c3eb6","8","lib","lib","","",""
"SC3U.exe","0x004c3ec8","Unwind@004c3ec8","8","lib","lib","","",""
"SC3U.exe","0x004c3eda","Unwind@004c3eda","8","lib","lib","","",""
"SC3U.exe","0x004c3eec","Unwind@004c3eec","8","lib","lib","","",""
"SC3U.exe","0x004c3efe","Unwind@004c3efe","11","lib","lib","","",""
"SC3U.exe","0x004c3f13","Unwind@004c3f13","11","lib","lib","","",""
"SC3U.exe","0x004c3f28","Unwind@004c3f28","8","lib","lib","","",""
"SC3U.exe","0x004c3f3a","Unwind@004c3f3a","8","lib","lib","","",""
"SC3U.exe","0x004c3f4c","Unwind@004c3f4c","8","lib","lib","","",""
"SC3U.exe","0x004c3f5e","Unwind@004c3f5e","8","lib","lib","","",""
"SC3U.exe","0x004c3f70","Unwind@004c3f70","8","lib","lib","","",""
"SC3U.exe","0x004c3f90","Unwind@004c3f90","8","lib","lib","","",""
"SC3U.exe","0x004c3fb0","Unwind@004c3fb0","8","lib","lib","","",""
"SC3U.exe","0x004c3fd0","Unwind@004c3fd0","8","lib","lib","","",""
"SC3U.exe","0x004c4010","Unwind@004c4010","8","lib","lib","","",""
"SC3U.exe","0x004c4018","Unwind@004c4018","8","lib","lib","","",""
"SC3U.exe","0x004c4030","Unwind@004c4030","8","lib","lib","","",""
"SC3U.exe","0x004c4044","Unwind@004c4044","8","lib","lib","","",""
"SC3U.exe","0x004c4058","Unwind@004c4058","8","lib","lib","","",""
"SC3U.exe","0x004c406c","Unwind@004c406c","8","lib","lib","","",""
"SC3U.exe","0x004c4080","Unwind@004c4080","8","lib","lib","","",""
"SC3U.exe","0x004c4088","Unwind@004c4088","14","lib","lib","","",""
"SC3U.exe","0x004c40a0","Unwind@004c40a0","8","lib","lib","","",""
"SC3U.exe","0x004c40a8","Unwind@004c40a8","14","lib","lib","","",""
"SC3U.exe","0x004c40b6","Unwind@004c40b6","14","lib","lib","","",""
"SC3U.exe","0x004c40d0","Unwind@004c40d0","11","lib","lib","","",""
"SC3U.exe","0x004c40db","Unwind@004c40db","8","lib","lib","","",""
"SC3U.exe","0x004c40e3","Unwind@004c40e3","11","lib","lib","","",""
"SC3U.exe","0x004c40ee","Unwind@004c40ee","8","lib","lib","","",""
"SC3U.exe","0x004c40f6","Unwind@004c40f6","11","lib","lib","","",""
"SC3U.exe","0x004c4101","Unwind@004c4101","11","lib","lib","","",""
"SC3U.exe","0x004c410c","Unwind@004c410c","11","lib","lib","","",""
"SC3U.exe","0x004c4117","Unwind@004c4117","8","lib","lib","","",""
"SC3U.exe","0x004c411f","Unwind@004c411f","11","lib","lib","","",""
"SC3U.exe","0x004c412a","Unwind@004c412a","11","lib","lib","","",""
"SC3U.exe","0x004c4135","Unwind@004c4135","11","lib","lib","","",""
"SC3U.exe","0x004c4140","Unwind@004c4140","11","lib","lib","","",""
"SC3U.exe","0x004c414b","Unwind@004c414b","8","lib","lib","","",""
"SC3U.exe","0x004c4153","Unwind@004c4153","8","lib","lib","","",""
"SC3U.exe","0x004c415b","Unwind@004c415b","11","lib","lib","","",""
"SC3U.exe","0x004c4166","Unwind@004c4166","11","lib","lib","","",""
"SC3U.exe","0x004c4171","Unwind@004c4171","11","lib","lib","","",""
"SC3U.exe","0x004c417c","Unwind@004c417c","8","lib","lib","","",""
"SC3U.exe","0x004c4184","Unwind@004c4184","8","lib","lib","","",""
"SC3U.exe","0x004c418c","Unwind@004c418c","8","lib","lib","","",""
"SC3U.exe","0x004c4194","Unwind@004c4194","8","lib","lib","","",""
"SC3U.exe","0x004c419c","Unwind@004c419c","8","lib","lib","","",""
"SC3U.exe","0x004c41a4","Unwind@004c41a4","8","lib","lib","","",""
"SC3U.exe","0x004c41b8","Unwind@004c41b8","8","lib","lib","","",""
"SC3U.exe","0x004c41c0","Unwind@004c41c0","8","lib","lib","","",""
"SC3U.exe","0x004c41c8","Unwind@004c41c8","8","lib","lib","","",""
"SC3U.exe","0x004c41d0","Unwind@004c41d0","8","lib","lib","","",""
"SC3U.exe","0x004c41e4","Unwind@004c41e4","8","lib","lib","","",""
"SC3U.exe","0x004c4204","Unwind@004c4204","8","lib","lib","","",""
"SC3U.exe","0x004c4218","Unwind@004c4218","8","lib","lib","","",""
"SC3U.exe","0x004c4220","Unwind@004c4220","8","lib","lib","","",""
"SC3U.exe","0x004c4228","Unwind@004c4228","10","lib","lib","","",""
"SC3U.exe","0x004c423c","Unwind@004c423c","8","lib","lib","","",""
"SC3U.exe","0x004c4244","Unwind@004c4244","8","lib","lib","","",""
"SC3U.exe","0x004c4258","Unwind@004c4258","8","lib","lib","","",""
"SC3U.exe","0x004c426c","Unwind@004c426c","8","lib","lib","","",""
"SC3U.exe","0x004c4280","Unwind@004c4280","11","lib","lib","","",""
"SC3U.exe","0x004c428b","Unwind@004c428b","11","lib","lib","","",""
"SC3U.exe","0x004c4296","Unwind@004c4296","11","lib","lib","","",""
"SC3U.exe","0x004c42a1","Unwind@004c42a1","11","lib","lib","","",""
"SC3U.exe","0x004c42ac","Unwind@004c42ac","14","lib","lib","","",""
"SC3U.exe","0x004c42ba","Unwind@004c42ba","14","lib","lib","","",""
"SC3U.exe","0x004c42c8","Unwind@004c42c8","14","lib","lib","","",""
"SC3U.exe","0x004c42d6","Unwind@004c42d6","14","lib","lib","","",""
"SC3U.exe","0x004c42e4","Unwind@004c42e4","14","lib","lib","","",""
"SC3U.exe","0x004c42f2","Unwind@004c42f2","8","lib","lib","","",""
"SC3U.exe","0x004c42fa","Unwind@004c42fa","8","lib","lib","","",""
"SC3U.exe","0x004c4302","Unwind@004c4302","8","lib","lib","","",""
"SC3U.exe","0x004c430a","Unwind@004c430a","8","lib","lib","","",""
"SC3U.exe","0x004c4312","Unwind@004c4312","8","lib","lib","","",""
"SC3U.exe","0x004c431a","Unwind@004c431a","8","lib","lib","","",""
"SC3U.exe","0x004c4322","Unwind@004c4322","8","lib","lib","","",""
"SC3U.exe","0x004c4334","Unwind@004c4334","11","lib","lib","","",""
"SC3U.exe","0x004c433f","Unwind@004c433f","11","lib","lib","","",""
"SC3U.exe","0x004c434a","Unwind@004c434a","11","lib","lib","","",""
"SC3U.exe","0x004c4355","Unwind@004c4355","11","lib","lib","","",""
"SC3U.exe","0x004c4360","Unwind@004c4360","14","lib","lib","","",""
"SC3U.exe","0x004c436e","Unwind@004c436e","14","lib","lib","","",""
"SC3U.exe","0x004c437c","Unwind@004c437c","14","lib","lib","","",""
"SC3U.exe","0x004c438a","Unwind@004c438a","14","lib","lib","","",""
"SC3U.exe","0x004c43a4","Unwind@004c43a4","11","lib","lib","","",""
"SC3U.exe","0x004c43af","Unwind@004c43af","11","lib","lib","","",""
"SC3U.exe","0x004c43ba","Unwind@004c43ba","11","lib","lib","","",""
"SC3U.exe","0x004c43c5","Unwind@004c43c5","11","lib","lib","","",""
"SC3U.exe","0x004c43d0","Unwind@004c43d0","11","lib","lib","","",""
"SC3U.exe","0x004c43db","Unwind@004c43db","11","lib","lib","","",""
"SC3U.exe","0x004c43e6","Unwind@004c43e6","11","lib","lib","","",""
"SC3U.exe","0x004c43f1","Unwind@004c43f1","11","lib","lib","","",""
"SC3U.exe","0x004c43fc","Unwind@004c43fc","8","lib","lib","","",""
"SC3U.exe","0x004c4404","Unwind@004c4404","10","lib","lib","","",""
"SC3U.exe","0x004c440e","Unwind@004c440e","11","lib","lib","","",""
"SC3U.exe","0x004c4419","Unwind@004c4419","11","lib","lib","","",""
"SC3U.exe","0x004c4424","Unwind@004c4424","11","lib","lib","","",""
"SC3U.exe","0x004c442f","Unwind@004c442f","8","lib","lib","","",""
"SC3U.exe","0x004c4437","Unwind@004c4437","8","lib","lib","","",""
"SC3U.exe","0x004c443f","Unwind@004c443f","8","lib","lib","","",""
"SC3U.exe","0x004c4447","Unwind@004c4447","10","lib","lib","","",""
"SC3U.exe","0x004c4451","Unwind@004c4451","8","lib","lib","","",""
"SC3U.exe","0x004c4459","Unwind@004c4459","10","lib","lib","","",""
"SC3U.exe","0x004c4463","Unwind@004c4463","8","lib","lib","","",""
"SC3U.exe","0x004c446b","Unwind@004c446b","10","lib","lib","","",""
"SC3U.exe","0x004c4475","Unwind@004c4475","10","lib","lib","","",""
"SC3U.exe","0x004c447f","Unwind@004c447f","8","lib","lib","","",""
"SC3U.exe","0x004c4494","Unwind@004c4494","8","lib","lib","","",""
"SC3U.exe","0x004c449c","Unwind@004c449c","8","lib","lib","","",""
"SC3U.exe","0x004c44a4","Unwind@004c44a4","8","lib","lib","","",""
"SC3U.exe","0x004c44ac","Unwind@004c44ac","8","lib","lib","","",""
"SC3U.exe","0x004c44c0","Unwind@004c44c0","8","lib","lib","","",""
"SC3U.exe","0x004c44d4","Unwind@004c44d4","8","lib","lib","","",""
"SC3U.exe","0x004c44e8","Unwind@004c44e8","8","lib","lib","","",""
"SC3U.exe","0x004c44fc","Unwind@004c44fc","8","lib","lib","","",""
"SC3U.exe","0x004c4504","Unwind@004c4504","8","lib","lib","","",""
"SC3U.exe","0x004c450c","Unwind@004c450c","8","lib","lib","","",""
"SC3U.exe","0x004c4520","Unwind@004c4520","8","lib","lib","","",""
"SC3U.exe","0x004c4534","Unwind@004c4534","11","lib","lib","","",""
"SC3U.exe","0x004c453f","Unwind@004c453f","11","lib","lib","","",""
"SC3U.exe","0x004c454a","Unwind@004c454a","8","lib","lib","","",""
"SC3U.exe","0x004c4552","Unwind@004c4552","8","lib","lib","","",""
"SC3U.exe","0x004c455a","Unwind@004c455a","8","lib","lib","","",""
"SC3U.exe","0x004c4562","Unwind@004c4562","8","lib","lib","","",""
"SC3U.exe","0x004c456a","Unwind@004c456a","8","lib","lib","","",""
"SC3U.exe","0x004c4572","Unwind@004c4572","8","lib","lib","","",""
"SC3U.exe","0x004c457a","Unwind@004c457a","8","lib","lib","","",""
"SC3U.exe","0x004c458c","Unwind@004c458c","8","lib","lib","","",""
"SC3U.exe","0x004c4594","Unwind@004c4594","8","lib","lib","","",""
"SC3U.exe","0x004c45a8","Unwind@004c45a8","8","lib","lib","","",""
"SC3U.exe","0x004c45b0","Unwind@004c45b0","8","lib","lib","","",""
"SC3U.exe","0x004c45c4","Unwind@004c45c4","8","lib","lib","","",""
"SC3U.exe","0x004c45cc","Unwind@004c45cc","8","lib","lib","","",""
"SC3U.exe","0x004c45e0","Unwind@004c45e0","8","lib","lib","","",""
"SC3U.exe","0x004c45f4","Unwind@004c45f4","8","lib","lib","","",""
"SC3U.exe","0x004c4608","Unwind@004c4608","8","lib","lib","","",""
"SC3U.exe","0x004c461c","Unwind@004c461c","8","lib","lib","","",""
"SC3U.exe","0x004c4624","Unwind@004c4624","8","lib","lib","","",""
"SC3U.exe","0x004c462c","Unwind@004c462c","8","lib","lib","","",""
"SC3U.exe","0x004c4634","Unwind@004c4634","8","lib","lib","","",""
"SC3U.exe","0x004c463c","Unwind@004c463c","8","lib","lib","","",""
"SC3U.exe","0x004c4650","Unwind@004c4650","8","lib","lib","","",""
"SC3U.exe","0x004c4658","Unwind@004c4658","11","lib","lib","","",""
"SC3U.exe","0x004c4663","Unwind@004c4663","11","lib","lib","","",""
"SC3U.exe","0x004c466e","Unwind@004c466e","11","lib","lib","","",""
"SC3U.exe","0x004c4679","Unwind@004c4679","8","lib","lib","","",""
"SC3U.exe","0x004c4681","Unwind@004c4681","8","lib","lib","","",""
"SC3U.exe","0x004c4689","Unwind@004c4689","8","lib","lib","","",""
"SC3U.exe","0x004c4691","Unwind@004c4691","11","lib","lib","","",""
"SC3U.exe","0x004c469c","Unwind@004c469c","8","lib","lib","","",""
"SC3U.exe","0x004c46a4","Unwind@004c46a4","11","lib","lib","","",""
"SC3U.exe","0x004c46af","Unwind@004c46af","8","lib","lib","","",""
"SC3U.exe","0x004c46c4","Unwind@004c46c4","8","lib","lib","","",""
"SC3U.exe","0x004c46cc","Unwind@004c46cc","8","lib","lib","","",""
"SC3U.exe","0x004c46d4","Unwind@004c46d4","8","lib","lib","","",""
"SC3U.exe","0x004c46dc","Unwind@004c46dc","8","lib","lib","","",""
"SC3U.exe","0x004c46f0","Unwind@004c46f0","8","lib","lib","","",""
"SC3U.exe","0x004c46f8","Unwind@004c46f8","8","lib","lib","","",""
"SC3U.exe","0x004c4700","Unwind@004c4700","8","lib","lib","","",""
"SC3U.exe","0x004c4708","Unwind@004c4708","11","lib","lib","","",""
"SC3U.exe","0x004c4713","Unwind@004c4713","11","lib","lib","","",""
"SC3U.exe","0x004c471e","Unwind@004c471e","8","lib","lib","","",""
"SC3U.exe","0x004c4726","Unwind@004c4726","8","lib","lib","","",""
"SC3U.exe","0x004c472e","Unwind@004c472e","8","lib","lib","","",""
"SC3U.exe","0x004c4736","Unwind@004c4736","8","lib","lib","","",""
"SC3U.exe","0x004c473e","Unwind@004c473e","8","lib","lib","","",""
"SC3U.exe","0x004c4746","Unwind@004c4746","8","lib","lib","","",""
"SC3U.exe","0x004c474e","Unwind@004c474e","8","lib","lib","","",""
"SC3U.exe","0x004c4760","Unwind@004c4760","8","lib","lib","","",""
"SC3U.exe","0x004c4768","Unwind@004c4768","8","lib","lib","","",""
"SC3U.exe","0x004c477c","Unwind@004c477c","8","lib","lib","","",""
"SC3U.exe","0x004c4790","Unwind@004c4790","8","lib","lib","","",""
"SC3U.exe","0x004c47a4","Unwind@004c47a4","8","lib","lib","","",""
"SC3U.exe","0x004c47ac","Unwind@004c47ac","8","lib","lib","","",""
"SC3U.exe","0x004c47b4","Unwind@004c47b4","8","lib","lib","","",""
"SC3U.exe","0x004c47bc","Unwind@004c47bc","11","lib","lib","","",""
"SC3U.exe","0x004c47c7","Unwind@004c47c7","11","lib","lib","","",""
"SC3U.exe","0x004c47d2","Unwind@004c47d2","11","lib","lib","","",""
"SC3U.exe","0x004c47dd","Unwind@004c47dd","8","lib","lib","","",""
"SC3U.exe","0x004c47e5","Unwind@004c47e5","8","lib","lib","","",""
"SC3U.exe","0x004c47f8","Unwind@004c47f8","8","lib","lib","","",""
"SC3U.exe","0x004c480c","Unwind@004c480c","8","lib","lib","","",""
"SC3U.exe","0x004c4820","Unwind@004c4820","8","lib","lib","","",""
"SC3U.exe","0x004c4828","Unwind@004c4828","11","lib","lib","","",""
"SC3U.exe","0x004c4833","Unwind@004c4833","8","lib","lib","","",""
"SC3U.exe","0x004c483b","Unwind@004c483b","8","lib","lib","","",""
"SC3U.exe","0x004c4843","Unwind@004c4843","8","lib","lib","","",""
"SC3U.exe","0x004c4858","Unwind@004c4858","8","lib","lib","","",""
"SC3U.exe","0x004c486c","Unwind@004c486c","8","lib","lib","","",""
"SC3U.exe","0x004c4874","Unwind@004c4874","8","lib","lib","","",""
"SC3U.exe","0x004c487c","Unwind@004c487c","8","lib","lib","","",""
"SC3U.exe","0x004c4884","Unwind@004c4884","8","lib","lib","","",""
"SC3U.exe","0x004c4898","Unwind@004c4898","8","lib","lib","","",""
"SC3U.exe","0x004c48a0","Unwind@004c48a0","8","lib","lib","","",""
"SC3U.exe","0x004c48b4","Unwind@004c48b4","8","lib","lib","","",""
"SC3U.exe","0x004c48bc","Unwind@004c48bc","8","lib","lib","","",""
"SC3U.exe","0x004c48c4","Unwind@004c48c4","8","lib","lib","","",""
"SC3U.exe","0x004c48cc","Unwind@004c48cc","8","lib","lib","","",""
"SC3U.exe","0x004c48d4","Unwind@004c48d4","8","lib","lib","","",""
"SC3U.exe","0x004c48dc","Unwind@004c48dc","8","lib","lib","","",""
"SC3U.exe","0x004c48e4","Unwind@004c48e4","8","lib","lib","","",""
"SC3U.exe","0x004c48f8","Unwind@004c48f8","11","lib","lib","","",""
"SC3U.exe","0x004c4903","Unwind@004c4903","11","lib","lib","","",""
"SC3U.exe","0x004c490e","Unwind@004c490e","8","lib","lib","","",""
"SC3U.exe","0x004c4916","Unwind@004c4916","11","lib","lib","","",""
"SC3U.exe","0x004c4921","Unwind@004c4921","11","lib","lib","","",""
"SC3U.exe","0x004c492c","Unwind@004c492c","11","lib","lib","","",""
"SC3U.exe","0x004c4937","Unwind@004c4937","11","lib","lib","","",""
"SC3U.exe","0x004c4942","Unwind@004c4942","11","lib","lib","","",""
"SC3U.exe","0x004c494d","Unwind@004c494d","11","lib","lib","","",""
"SC3U.exe","0x004c4958","Unwind@004c4958","11","lib","lib","","",""
"SC3U.exe","0x004c4963","Unwind@004c4963","11","lib","lib","","",""
"SC3U.exe","0x004c496e","Unwind@004c496e","11","lib","lib","","",""
"SC3U.exe","0x004c4979","Unwind@004c4979","11","lib","lib","","",""
"SC3U.exe","0x004c4984","Unwind@004c4984","8","lib","lib","","",""
"SC3U.exe","0x004c498c","Unwind@004c498c","8","lib","lib","","",""
"SC3U.exe","0x004c4994","Unwind@004c4994","8","lib","lib","","",""
"SC3U.exe","0x004c499c","Unwind@004c499c","8","lib","lib","","",""
"SC3U.exe","0x004c49a4","Unwind@004c49a4","8","lib","lib","","",""
"SC3U.exe","0x004c49ac","Unwind@004c49ac","8","lib","lib","","",""
"SC3U.exe","0x004c49b4","Unwind@004c49b4","8","lib","lib","","",""
"SC3U.exe","0x004c49bc","Unwind@004c49bc","8","lib","lib","","",""
"SC3U.exe","0x004c49c4","Unwind@004c49c4","8","lib","lib","","",""
"SC3U.exe","0x004c49cc","Unwind@004c49cc","8","lib","lib","","",""
"SC3U.exe","0x004c49d4","Unwind@004c49d4","11","lib","lib","","",""
"SC3U.exe","0x004c49df","Unwind@004c49df","8","lib","lib","","",""
"SC3U.exe","0x004c49e7","Unwind@004c49e7","11","lib","lib","","",""
"SC3U.exe","0x004c49f2","Unwind@004c49f2","8","lib","lib","","",""
"SC3U.exe","0x004c49fa","Unwind@004c49fa","8","lib","lib","","",""
"SC3U.exe","0x004c4a02","Unwind@004c4a02","11","lib","lib","","",""
"SC3U.exe","0x004c4a0d","Unwind@004c4a0d","8","lib","lib","","",""
"SC3U.exe","0x004c4a15","Unwind@004c4a15","8","lib","lib","","",""
"SC3U.exe","0x004c4a1d","Unwind@004c4a1d","8","lib","lib","","",""
"SC3U.exe","0x004c4a25","Unwind@004c4a25","11","lib","lib","","",""
"SC3U.exe","0x004c4a30","Unwind@004c4a30","8","lib","lib","","",""
"SC3U.exe","0x004c4a38","Unwind@004c4a38","8","lib","lib","","",""
"SC3U.exe","0x004c4a40","Unwind@004c4a40","11","lib","lib","","",""
"SC3U.exe","0x004c4a4b","Unwind@004c4a4b","8","lib","lib","","",""
"SC3U.exe","0x004c4a53","Unwind@004c4a53","8","lib","lib","","",""
"SC3U.exe","0x004c4a5b","Unwind@004c4a5b","11","lib","lib","","",""
"SC3U.exe","0x004c4a66","Unwind@004c4a66","8","lib","lib","","",""
"SC3U.exe","0x004c4a6e","Unwind@004c4a6e","8","lib","lib","","",""
"SC3U.exe","0x004c4a76","Unwind@004c4a76","11","lib","lib","","",""
"SC3U.exe","0x004c4a8c","Unwind@004c4a8c","8","lib","lib","","",""
"SC3U.exe","0x004c4a94","Unwind@004c4a94","8","lib","lib","","",""
"SC3U.exe","0x004c4a9c","Unwind@004c4a9c","8","lib","lib","","",""
"SC3U.exe","0x004c4ab0","Unwind@004c4ab0","8","lib","lib","","",""
"SC3U.exe","0x004c4ac4","Unwind@004c4ac4","8","lib","lib","","",""
"SC3U.exe","0x004c4ad8","Unwind@004c4ad8","8","lib","lib","","",""
"SC3U.exe","0x004c4ae0","Unwind@004c4ae0","8","lib","lib","","",""
"SC3U.exe","0x004c4ae8","Unwind@004c4ae8","8","lib","lib","","",""
"SC3U.exe","0x004c4afc","Unwind@004c4afc","8","lib","lib","","",""
"SC3U.exe","0x004c4b04","Unwind@004c4b04","11","lib","lib","","",""
"SC3U.exe","0x004c4b0f","Unwind@004c4b0f","11","lib","lib","","",""
"SC3U.exe","0x004c4b1a","Unwind@004c4b1a","8","lib","lib","","",""
"SC3U.exe","0x004c4b22","Unwind@004c4b22","8","lib","lib","","",""
"SC3U.exe","0x004c4b34","Unwind@004c4b34","8","lib","lib","","",""
"SC3U.exe","0x004c4b3c","Unwind@004c4b3c","8","lib","lib","","",""
"SC3U.exe","0x004c4b50","Unwind@004c4b50","8","lib","lib","","",""
"SC3U.exe","0x004c4b58","Unwind@004c4b58","8","lib","lib","","",""
"SC3U.exe","0x004c4b6c","Unwind@004c4b6c","8","lib","lib","","",""
"SC3U.exe","0x004c4b74","Unwind@004c4b74","8","lib","lib","","",""
"SC3U.exe","0x004c4b7c","Unwind@004c4b7c","8","lib","lib","","",""
"SC3U.exe","0x004c4b90","Unwind@004c4b90","8","lib","lib","","",""
"SC3U.exe","0x004c4b98","Unwind@004c4b98","8","lib","lib","","",""
"SC3U.exe","0x004c4ba0","Unwind@004c4ba0","11","lib","lib","","",""
"SC3U.exe","0x004c4bab","Unwind@004c4bab","8","lib","lib","","",""
"SC3U.exe","0x004c4bb3","Unwind@004c4bb3","8","lib","lib","","",""
"SC3U.exe","0x004c4bbb","Unwind@004c4bbb","8","lib","lib","","",""
"SC3U.exe","0x004c4bc3","Unwind@004c4bc3","11","lib","lib","","",""
"SC3U.exe","0x004c4bd8","Unwind@004c4bd8","8","lib","lib","","",""
"SC3U.exe","0x004c4bec","Unwind@004c4bec","8","lib","lib","","",""
"SC3U.exe","0x004c4c00","Unwind@004c4c00","8","lib","lib","","",""
"SC3U.exe","0x004c4c08","Unwind@004c4c08","11","lib","lib","","",""
"SC3U.exe","0x004c4c13","Unwind@004c4c13","8","lib","lib","","",""
"SC3U.exe","0x004c4c1b","Unwind@004c4c1b","8","lib","lib","","",""
"SC3U.exe","0x004c4c23","Unwind@004c4c23","11","lib","lib","","",""
"SC3U.exe","0x004c4c2e","Unwind@004c4c2e","8","lib","lib","","",""
"SC3U.exe","0x004c4c36","Unwind@004c4c36","8","lib","lib","","",""
"SC3U.exe","0x004c4c3e","Unwind@004c4c3e","11","lib","lib","","",""
"SC3U.exe","0x004c4c49","Unwind@004c4c49","8","lib","lib","","",""
"SC3U.exe","0x004c4c51","Unwind@004c4c51","8","lib","lib","","",""
"SC3U.exe","0x004c4c64","Unwind@004c4c64","10","lib","lib","","",""
"SC3U.exe","0x004c4c78","Unwind@004c4c78","8","lib","lib","","",""
"SC3U.exe","0x004c4c80","Unwind@004c4c80","8","lib","lib","","",""
"SC3U.exe","0x004c4c88","Unwind@004c4c88","8","lib","lib","","",""
"SC3U.exe","0x004c4c9c","Unwind@004c4c9c","8","lib","lib","","",""
"SC3U.exe","0x004c4cb0","Unwind@004c4cb0","11","lib","lib","","",""
"SC3U.exe","0x004c4cbb","Unwind@004c4cbb","11","lib","lib","","",""
"SC3U.exe","0x004c4cc6","Unwind@004c4cc6","8","lib","lib","","",""
"SC3U.exe","0x004c4cce","Unwind@004c4cce","8","lib","lib","","",""
"SC3U.exe","0x004c4cd6","Unwind@004c4cd6","11","lib","lib","","",""
"SC3U.exe","0x004c4ce1","Unwind@004c4ce1","8","lib","lib","","",""
"SC3U.exe","0x004c4ce9","Unwind@004c4ce9","8","lib","lib","","",""
"SC3U.exe","0x004c4cf1","Unwind@004c4cf1","11","lib","lib","","",""
"SC3U.exe","0x004c4cfc","Unwind@004c4cfc","11","lib","lib","","",""
"SC3U.exe","0x004c4d07","Unwind@004c4d07","11","lib","lib","","",""
"SC3U.exe","0x004c4d12","Unwind@004c4d12","8","lib","lib","","",""
"SC3U.exe","0x004c4d1a","Unwind@004c4d1a","8","lib","lib","","",""
"SC3U.exe","0x004c4d22","Unwind@004c4d22","8","lib","lib","","",""
"SC3U.exe","0x004c4d2a","Unwind@004c4d2a","8","lib","lib","","",""
"SC3U.exe","0x004c4d3c","Unwind@004c4d3c","8","lib","lib","","",""
"SC3U.exe","0x004c4d44","Unwind@004c4d44","8","lib","lib","","",""
"SC3U.exe","0x004c4d4c","Unwind@004c4d4c","8","lib","lib","","",""
"SC3U.exe","0x004c4d54","Unwind@004c4d54","8","lib","lib","","",""
"SC3U.exe","0x004c4d68","Unwind@004c4d68","8","lib","lib","","",""
"SC3U.exe","0x004c4d7c","Unwind@004c4d7c","8","lib","lib","","",""
"SC3U.exe","0x004c4d84","Unwind@004c4d84","22","lib","lib","","",""
"SC3U.exe","0x004c4db0","Unwind@004c4db0","10","lib","lib","","",""
"SC3U.exe","0x004c4dba","Unwind@004c4dba","10","lib","lib","","",""
"SC3U.exe","0x004c4dd0","Unwind@004c4dd0","8","lib","lib","","",""
"SC3U.exe","0x004c4de4","Unwind@004c4de4","8","lib","lib","","",""
"SC3U.exe","0x004c4df8","Unwind@004c4df8","8","lib","lib","","",""
"SC3U.exe","0x004c4e0c","Unwind@004c4e0c","11","lib","lib","","",""
"SC3U.exe","0x004c4e24","Unwind@004c4e24","10","lib","lib","","",""
"SC3U.exe","0x004c4e38","Unwind@004c4e38","8","lib","lib","","",""
"SC3U.exe","0x004c4e4c","Unwind@004c4e4c","8","lib","lib","","",""
"SC3U.exe","0x004c4e60","Unwind@004c4e60","8","lib","lib","","",""
"SC3U.exe","0x004c4e68","Unwind@004c4e68","11","lib","lib","","",""
"SC3U.exe","0x004c4e73","Unwind@004c4e73","8","lib","lib","","",""
"SC3U.exe","0x004c4e7b","Unwind@004c4e7b","11","lib","lib","","",""
"SC3U.exe","0x004c4e86","Unwind@004c4e86","8","lib","lib","","",""
"SC3U.exe","0x004c4e8e","Unwind@004c4e8e","8","lib","lib","","",""
"SC3U.exe","0x004c4ea0","Unwind@004c4ea0","8","lib","lib","","",""
"SC3U.exe","0x004c4ec0","Unwind@004c4ec0","10","lib","lib","","",""
"SC3U.exe","0x004c4ed4","Unwind@004c4ed4","8","lib","lib","","",""
"SC3U.exe","0x004c4ee8","Unwind@004c4ee8","8","lib","lib","","",""
"SC3U.exe","0x004c4efc","Unwind@004c4efc","8","lib","lib","","",""
"SC3U.exe","0x004c4f04","Unwind@004c4f04","8","lib","lib","","",""
"SC3U.exe","0x004c4f0c","Unwind@004c4f0c","8","lib","lib","","",""
"SC3U.exe","0x004c4f14","Unwind@004c4f14","8","lib","lib","","",""
"SC3U.exe","0x004c4f1c","Unwind@004c4f1c","10","lib","lib","","",""
"SC3U.exe","0x004c4f30","Unwind@004c4f30","8","lib","lib","","",""
"SC3U.exe","0x004c4f38","Unwind@004c4f38","8","lib","lib","","",""
"SC3U.exe","0x004c4f4c","Unwind@004c4f4c","11","lib","lib","","",""
"SC3U.exe","0x004c4f57","Unwind@004c4f57","11","lib","lib","","",""
"SC3U.exe","0x004c4f62","Unwind@004c4f62","11","lib","lib","","",""
"SC3U.exe","0x004c4f6d","Unwind@004c4f6d","11","lib","lib","","",""
"SC3U.exe","0x004c4f78","Unwind@004c4f78","11","lib","lib","","",""
"SC3U.exe","0x004c4f83","Unwind@004c4f83","11","lib","lib","","",""
"SC3U.exe","0x004c4f8e","Unwind@004c4f8e","11","lib","lib","","",""
"SC3U.exe","0x004c4f99","Unwind@004c4f99","8","lib","lib","","",""
"SC3U.exe","0x004c4fa1","Unwind@004c4fa1","8","lib","lib","","",""
"SC3U.exe","0x004c4fa9","Unwind@004c4fa9","8","lib","lib","","",""
"SC3U.exe","0x004c4fb1","Unwind@004c4fb1","8","lib","lib","","",""
"SC3U.exe","0x004c4fb9","Unwind@004c4fb9","8","lib","lib","","",""
"SC3U.exe","0x004c4fc1","Unwind@004c4fc1","8","lib","lib","","",""
"SC3U.exe","0x004c4fc9","Unwind@004c4fc9","8","lib","lib","","",""
"SC3U.exe","0x004c4fd1","Unwind@004c4fd1","8","lib","lib","","",""
"SC3U.exe","0x004c4fd9","Unwind@004c4fd9","8","lib","lib","","",""
"SC3U.exe","0x004c4fe1","Unwind@004c4fe1","8","lib","lib","","",""
"SC3U.exe","0x004c4fe9","Unwind@004c4fe9","8","lib","lib","","",""
"SC3U.exe","0x004c4ff1","Unwind@004c4ff1","8","lib","lib","","",""
"SC3U.exe","0x004c4ff9","Unwind@004c4ff9","8","lib","lib","","",""
"SC3U.exe","0x004c5001","Unwind@004c5001","8","lib","lib","","",""
"SC3U.exe","0x004c5009","Unwind@004c5009","8","lib","lib","","",""
"SC3U.exe","0x004c5011","Unwind@004c5011","8","lib","lib","","",""
"SC3U.exe","0x004c5019","Unwind@004c5019","11","lib","lib","","",""
"SC3U.exe","0x004c5024","Unwind@004c5024","8","lib","lib","","",""
"SC3U.exe","0x004c502c","Unwind@004c502c","8","lib","lib","","",""
"SC3U.exe","0x004c5034","Unwind@004c5034","8","lib","lib","","",""
"SC3U.exe","0x004c503c","Unwind@004c503c","8","lib","lib","","",""
"SC3U.exe","0x004c5044","Unwind@004c5044","8","lib","lib","","",""
"SC3U.exe","0x004c504c","Unwind@004c504c","8","lib","lib","","",""
"SC3U.exe","0x004c5054","Unwind@004c5054","8","lib","lib","","",""
"SC3U.exe","0x004c505c","Unwind@004c505c","8","lib","lib","","",""
"SC3U.exe","0x004c5064","Unwind@004c5064","8","lib","lib","","",""
"SC3U.exe","0x004c506c","Unwind@004c506c","8","lib","lib","","",""
"SC3U.exe","0x004c5074","Unwind@004c5074","8","lib","lib","","",""
"SC3U.exe","0x004c507c","Unwind@004c507c","8","lib","lib","","",""
"SC3U.exe","0x004c5084","Unwind@004c5084","8","lib","lib","","",""
"SC3U.exe","0x004c508c","Unwind@004c508c","8","lib","lib","","",""
"SC3U.exe","0x004c5094","Unwind@004c5094","11","lib","lib","","",""
"SC3U.exe","0x004c509f","Unwind@004c509f","11","lib","lib","","",""
"SC3U.exe","0x004c50aa","Unwind@004c50aa","8","lib","lib","","",""
"SC3U.exe","0x004c50b2","Unwind@004c50b2","8","lib","lib","","",""
"SC3U.exe","0x004c50ba","Unwind@004c50ba","8","lib","lib","","",""
"SC3U.exe","0x004c50c2","Unwind@004c50c2","8","lib","lib","","",""
"SC3U.exe","0x004c50ca","Unwind@004c50ca","8","lib","lib","","",""
"SC3U.exe","0x004c50d2","Unwind@004c50d2","8","lib","lib","","",""
"SC3U.exe","0x004c50da","Unwind@004c50da","8","lib","lib","","",""
"SC3U.exe","0x004c50e2","Unwind@004c50e2","8","lib","lib","","",""
"SC3U.exe","0x004c50ea","Unwind@004c50ea","8","lib","lib","","",""
"SC3U.exe","0x004c50f2","Unwind@004c50f2","8","lib","lib","","",""
"SC3U.exe","0x004c50fa","Unwind@004c50fa","8","lib","lib","","",""
"SC3U.exe","0x004c5102","Unwind@004c5102","8","lib","lib","","",""
"SC3U.exe","0x004c510a","Unwind@004c510a","8","lib","lib","","",""
"SC3U.exe","0x004c5112","Unwind@004c5112","8","lib","lib","","",""
"SC3U.exe","0x004c511a","Unwind@004c511a","8","lib","lib","","",""
"SC3U.exe","0x004c5122","Unwind@004c5122","8","lib","lib","","",""
"SC3U.exe","0x004c512a","Unwind@004c512a","8","lib","lib","","",""
"SC3U.exe","0x004c5132","Unwind@004c5132","8","lib","lib","","",""
"SC3U.exe","0x004c513a","Unwind@004c513a","11","lib","lib","","",""
"SC3U.exe","0x004c5145","Unwind@004c5145","11","lib","lib","","",""
"SC3U.exe","0x004c5150","Unwind@004c5150","8","lib","lib","","",""
"SC3U.exe","0x004c5158","Unwind@004c5158","11","lib","lib","","",""
"SC3U.exe","0x004c5163","Unwind@004c5163","11","lib","lib","","",""
"SC3U.exe","0x004c516e","Unwind@004c516e","8","lib","lib","","",""
"SC3U.exe","0x004c5176","Unwind@004c5176","11","lib","lib","","",""
"SC3U.exe","0x004c5181","Unwind@004c5181","11","lib","lib","","",""
"SC3U.exe","0x004c518c","Unwind@004c518c","11","lib","lib","","",""
"SC3U.exe","0x004c5197","Unwind@004c5197","11","lib","lib","","",""
"SC3U.exe","0x004c51a2","Unwind@004c51a2","11","lib","lib","","",""
"SC3U.exe","0x004c51ad","Unwind@004c51ad","11","lib","lib","","",""
"SC3U.exe","0x004c51b8","Unwind@004c51b8","11","lib","lib","","",""
"SC3U.exe","0x004c51c3","Unwind@004c51c3","11","lib","lib","","",""
"SC3U.exe","0x004c51ce","Unwind@004c51ce","11","lib","lib","","",""
"SC3U.exe","0x004c51d9","Unwind@004c51d9","11","lib","lib","","",""
"SC3U.exe","0x004c51e4","Unwind@004c51e4","11","lib","lib","","",""
"SC3U.exe","0x004c51ef","Unwind@004c51ef","11","lib","lib","","",""
"SC3U.exe","0x004c51fa","Unwind@004c51fa","11","lib","lib","","",""
"SC3U.exe","0x004c5205","Unwind@004c5205","11","lib","lib","","",""
"SC3U.exe","0x004c5210","Unwind@004c5210","11","lib","lib","","",""
"SC3U.exe","0x004c521b","Unwind@004c521b","11","lib","lib","","",""
"SC3U.exe","0x004c5226","Unwind@004c5226","11","lib","lib","","",""
"SC3U.exe","0x004c5231","Unwind@004c5231","11","lib","lib","","",""
"SC3U.exe","0x004c523c","Unwind@004c523c","11","lib","lib","","",""
"SC3U.exe","0x004c5247","Unwind@004c5247","11","lib","lib","","",""
"SC3U.exe","0x004c5252","Unwind@004c5252","11","lib","lib","","",""
"SC3U.exe","0x004c525d","Unwind@004c525d","11","lib","lib","","",""
"SC3U.exe","0x004c5268","Unwind@004c5268","11","lib","lib","","",""
"SC3U.exe","0x004c5273","Unwind@004c5273","11","lib","lib","","",""
"SC3U.exe","0x004c527e","Unwind@004c527e","11","lib","lib","","",""
"SC3U.exe","0x004c5289","Unwind@004c5289","11","lib","lib","","",""
"SC3U.exe","0x004c5294","Unwind@004c5294","11","lib","lib","","",""
"SC3U.exe","0x004c529f","Unwind@004c529f","11","lib","lib","","",""
"SC3U.exe","0x004c52aa","Unwind@004c52aa","8","lib","lib","","",""
"SC3U.exe","0x004c52b2","Unwind@004c52b2","8","lib","lib","","",""
"SC3U.exe","0x004c52ba","Unwind@004c52ba","11","lib","lib","","",""
"SC3U.exe","0x004c52c5","Unwind@004c52c5","8","lib","lib","","",""
"SC3U.exe","0x004c52cd","Unwind@004c52cd","8","lib","lib","","",""
"SC3U.exe","0x004c52d5","Unwind@004c52d5","11","lib","lib","","",""
"SC3U.exe","0x004c52e0","Unwind@004c52e0","8","lib","lib","","",""
"SC3U.exe","0x004c52e8","Unwind@004c52e8","8","lib","lib","","",""
"SC3U.exe","0x004c52f0","Unwind@004c52f0","11","lib","lib","","",""
"SC3U.exe","0x004c52fb","Unwind@004c52fb","8","lib","lib","","",""
"SC3U.exe","0x004c5303","Unwind@004c5303","8","lib","lib","","",""
"SC3U.exe","0x004c530b","Unwind@004c530b","11","lib","lib","","",""
"SC3U.exe","0x004c5316","Unwind@004c5316","8","lib","lib","","",""
"SC3U.exe","0x004c531e","Unwind@004c531e","8","lib","lib","","",""
"SC3U.exe","0x004c5326","Unwind@004c5326","11","lib","lib","","",""
"SC3U.exe","0x004c5331","Unwind@004c5331","8","lib","lib","","",""
"SC3U.exe","0x004c5339","Unwind@004c5339","8","lib","lib","","",""
"SC3U.exe","0x004c5341","Unwind@004c5341","11","lib","lib","","",""
"SC3U.exe","0x004c534c","Unwind@004c534c","8","lib","lib","","",""
"SC3U.exe","0x004c5354","Unwind@004c5354","8","lib","lib","","",""
"SC3U.exe","0x004c535c","Unwind@004c535c","11","lib","lib","","",""
"SC3U.exe","0x004c5367","Unwind@004c5367","8","lib","lib","","",""
"SC3U.exe","0x004c536f","Unwind@004c536f","8","lib","lib","","",""
"SC3U.exe","0x004c5377","Unwind@004c5377","11","lib","lib","","",""
"SC3U.exe","0x004c5382","Unwind@004c5382","8","lib","lib","","",""
"SC3U.exe","0x004c538a","Unwind@004c538a","8","lib","lib","","",""
"SC3U.exe","0x004c5392","Unwind@004c5392","11","lib","lib","","",""
"SC3U.exe","0x004c539d","Unwind@004c539d","8","lib","lib","","",""
"SC3U.exe","0x004c53a5","Unwind@004c53a5","8","lib","lib","","",""
"SC3U.exe","0x004c53ad","Unwind@004c53ad","11","lib","lib","","",""
"SC3U.exe","0x004c53b8","Unwind@004c53b8","8","lib","lib","","",""
"SC3U.exe","0x004c53c0","Unwind@004c53c0","8","lib","lib","","",""
"SC3U.exe","0x004c53c8","Unwind@004c53c8","11","lib","lib","","",""
"SC3U.exe","0x004c53d3","Unwind@004c53d3","8","lib","lib","","",""
"SC3U.exe","0x004c53db","Unwind@004c53db","8","lib","lib","","",""
"SC3U.exe","0x004c53e3","Unwind@004c53e3","11","lib","lib","","",""
"SC3U.exe","0x004c53ee","Unwind@004c53ee","8","lib","lib","","",""
"SC3U.exe","0x004c53f6","Unwind@004c53f6","8","lib","lib","","",""
"SC3U.exe","0x004c53fe","Unwind@004c53fe","11","lib","lib","","",""
"SC3U.exe","0x004c5409","Unwind@004c5409","8","lib","lib","","",""
"SC3U.exe","0x004c5411","Unwind@004c5411","8","lib","lib","","",""
"SC3U.exe","0x004c5419","Unwind@004c5419","11","lib","lib","","",""
"SC3U.exe","0x004c5424","Unwind@004c5424","8","lib","lib","","",""
"SC3U.exe","0x004c542c","Unwind@004c542c","8","lib","lib","","",""
"SC3U.exe","0x004c5434","Unwind@004c5434","11","lib","lib","","",""
"SC3U.exe","0x004c543f","Unwind@004c543f","8","lib","lib","","",""
"SC3U.exe","0x004c5447","Unwind@004c5447","8","lib","lib","","",""
"SC3U.exe","0x004c544f","Unwind@004c544f","11","lib","lib","","",""
"SC3U.exe","0x004c545a","Unwind@004c545a","8","lib","lib","","",""
"SC3U.exe","0x004c5462","Unwind@004c5462","8","lib","lib","","",""
"SC3U.exe","0x004c546a","Unwind@004c546a","11","lib","lib","","",""
"SC3U.exe","0x004c5475","Unwind@004c5475","8","lib","lib","","",""
"SC3U.exe","0x004c547d","Unwind@004c547d","8","lib","lib","","",""
"SC3U.exe","0x004c5485","Unwind@004c5485","11","lib","lib","","",""
"SC3U.exe","0x004c5490","Unwind@004c5490","8","lib","lib","","",""
"SC3U.exe","0x004c5498","Unwind@004c5498","8","lib","lib","","",""
"SC3U.exe","0x004c54a0","Unwind@004c54a0","8","lib","lib","","",""
"SC3U.exe","0x004c54b4","Unwind@004c54b4","8","lib","lib","","",""
"SC3U.exe","0x004c54c8","Unwind@004c54c8","8","lib","lib","","",""
"SC3U.exe","0x004c54dc","Unwind@004c54dc","8","lib","lib","","",""
"SC3U.exe","0x004c54f0","Unwind@004c54f0","8","lib","lib","","",""
"SC3U.exe","0x004c54f8","Unwind@004c54f8","8","lib","lib","","",""
"SC3U.exe","0x004c5500","Unwind@004c5500","8","lib","lib","","",""
"SC3U.exe","0x004c5508","Unwind@004c5508","11","lib","lib","","",""
"SC3U.exe","0x004c5513","Unwind@004c5513","8","lib","lib","","",""
"SC3U.exe","0x004c551b","Unwind@004c551b","11","lib","lib","","",""
"SC3U.exe","0x004c5526","Unwind@004c5526","11","lib","lib","","",""
"SC3U.exe","0x004c553c","Unwind@004c553c","8","lib","lib","","",""
"SC3U.exe","0x004c5550","Unwind@004c5550","8","lib","lib","","",""
"SC3U.exe","0x004c5564","Unwind@004c5564","8","lib","lib","","",""
"SC3U.exe","0x004c5578","Unwind@004c5578","10","lib","lib","","",""
"SC3U.exe","0x004c558c","Unwind@004c558c","10","lib","lib","","",""
"SC3U.exe","0x004c5596","Unwind@004c5596","8","lib","lib","","",""
"SC3U.exe","0x004c55a8","Unwind@004c55a8","8","lib","lib","","",""
"SC3U.exe","0x004c55bc","Unwind@004c55bc","10","lib","lib","","",""
"SC3U.exe","0x004c55d0","Unwind@004c55d0","8","lib","lib","","",""
"SC3U.exe","0x004c55e4","Unwind@004c55e4","8","lib","lib","","",""
"SC3U.exe","0x004c55f8","Unwind@004c55f8","8","lib","lib","","",""
"SC3U.exe","0x004c560c","Unwind@004c560c","8","lib","lib","","",""
"SC3U.exe","0x004c5614","Unwind@004c5614","8","lib","lib","","",""
"SC3U.exe","0x004c5628","Unwind@004c5628","8","lib","lib","","",""
"SC3U.exe","0x004c5630","Unwind@004c5630","8","lib","lib","","",""
"SC3U.exe","0x004c5644","Unwind@004c5644","8","lib","lib","","",""
"SC3U.exe","0x004c564c","Unwind@004c564c","8","lib","lib","","",""
"SC3U.exe","0x004c5660","Unwind@004c5660","8","lib","lib","","",""
"SC3U.exe","0x004c5674","Unwind@004c5674","8","lib","lib","","",""
"SC3U.exe","0x004c5688","Unwind@004c5688","8","lib","lib","","",""
"SC3U.exe","0x004c569c","Unwind@004c569c","8","lib","lib","","",""
"SC3U.exe","0x004c56a4","Unwind@004c56a4","8","lib","lib","","",""
"SC3U.exe","0x004c56ac","Unwind@004c56ac","8","lib","lib","","",""
"SC3U.exe","0x004c56b4","Unwind@004c56b4","8","lib","lib","","",""
"SC3U.exe","0x004c56bc","Unwind@004c56bc","8","lib","lib","","",""
"SC3U.exe","0x004c56c4","Unwind@004c56c4","11","lib","lib","","",""
"SC3U.exe","0x004c56cf","Unwind@004c56cf","8","lib","lib","","",""
"SC3U.exe","0x004c56e4","Unwind@004c56e4","8","lib","lib","","",""
"SC3U.exe","0x004c56ec","Unwind@004c56ec","8","lib","lib","","",""
"SC3U.exe","0x004c56f4","Unwind@004c56f4","8","lib","lib","","",""
"SC3U.exe","0x004c56fc","Unwind@004c56fc","10","lib","lib","","",""
"SC3U.exe","0x004c5710","Unwind@004c5710","8","lib","lib","","",""
"SC3U.exe","0x004c5718","Unwind@004c5718","10","lib","lib","","",""
"SC3U.exe","0x004c5722","Unwind@004c5722","10","lib","lib","","",""
"SC3U.exe","0x004c572c","Unwind@004c572c","10","lib","lib","","",""
"SC3U.exe","0x004c5740","Unwind@004c5740","10","lib","lib","","",""
"SC3U.exe","0x004c574a","Unwind@004c574a","8","lib","lib","","",""
"SC3U.exe","0x004c5752","Unwind@004c5752","8","lib","lib","","",""
"SC3U.exe","0x004c5764","Unwind@004c5764","10","lib","lib","","",""
"SC3U.exe","0x004c5778","Unwind@004c5778","10","lib","lib","","",""
"SC3U.exe","0x004c5798","Unwind@004c5798","11","lib","lib","","",""
"SC3U.exe","0x004c57b0","Unwind@004c57b0","11","lib","lib","","",""
"SC3U.exe","0x004c57bb","Unwind@004c57bb","8","lib","lib","","",""
"SC3U.exe","0x004c57d0","Unwind@004c57d0","11","lib","lib","","",""
"SC3U.exe","0x004c57e8","Unwind@004c57e8","8","lib","lib","","",""
"SC3U.exe","0x004c57fc","Unwind@004c57fc","8","lib","lib","","",""
"SC3U.exe","0x004c5810","Unwind@004c5810","8","lib","lib","","",""
"SC3U.exe","0x004c5824","Unwind@004c5824","11","lib","lib","","",""
"SC3U.exe","0x004c582f","Unwind@004c582f","11","lib","lib","","",""
"SC3U.exe","0x004c5844","Unwind@004c5844","11","lib","lib","","",""
"SC3U.exe","0x004c584f","Unwind@004c584f","11","lib","lib","","",""
"SC3U.exe","0x004c5864","Unwind@004c5864","11","lib","lib","","",""
"SC3U.exe","0x004c586f","Unwind@004c586f","11","lib","lib","","",""
"SC3U.exe","0x004c5884","Unwind@004c5884","8","lib","lib","","",""
"SC3U.exe","0x004c5898","Unwind@004c5898","10","lib","lib","","",""
"SC3U.exe","0x004c58ac","Unwind@004c58ac","8","lib","lib","","",""
"SC3U.exe","0x004c58c0","Unwind@004c58c0","8","lib","lib","","",""
"SC3U.exe","0x004c58d4","Unwind@004c58d4","8","lib","lib","","",""
"SC3U.exe","0x004c58e8","Unwind@004c58e8","10","lib","lib","","",""
"SC3U.exe","0x004c58fc","Unwind@004c58fc","11","lib","lib","","",""
"SC3U.exe","0x004c5907","Unwind@004c5907","14","lib","lib","","",""
"SC3U.exe","0x004c5915","Unwind@004c5915","14","lib","lib","","",""
"SC3U.exe","0x004c5923","Unwind@004c5923","14","lib","lib","","",""
"SC3U.exe","0x004c593c","Unwind@004c593c","20","lib","lib","","",""
"SC3U.exe","0x004c5950","Unwind@004c5950","14","lib","lib","","",""
"SC3U.exe","0x004c595e","Unwind@004c595e","14","lib","lib","","",""
"SC3U.exe","0x004c596c","Unwind@004c596c","14","lib","lib","","",""
"SC3U.exe","0x004c5984","Unwind@004c5984","10","lib","lib","","",""
"SC3U.exe","0x004c5998","Unwind@004c5998","10","lib","lib","","",""
"SC3U.exe","0x004c59ac","Unwind@004c59ac","8","lib","lib","","",""
"SC3U.exe","0x004c59c0","Unwind@004c59c0","8","lib","lib","","",""
"SC3U.exe","0x004c59d4","Unwind@004c59d4","10","lib","lib","","",""
"SC3U.exe","0x004c59e8","Unwind@004c59e8","10","lib","lib","","",""
"SC3U.exe","0x004c59fc","Unwind@004c59fc","10","lib","lib","","",""
"SC3U.exe","0x004c5a06","Unwind@004c5a06","8","lib","lib","","",""
"SC3U.exe","0x004c5a18","Unwind@004c5a18","10","lib","lib","","",""
"SC3U.exe","0x004c5a2c","Unwind@004c5a2c","10","lib","lib","","",""
"SC3U.exe","0x004c5a40","Unwind@004c5a40","10","lib","lib","","",""
"SC3U.exe","0x004c5a54","Unwind@004c5a54","8","lib","lib","","",""
"SC3U.exe","0x004c5a68","Unwind@004c5a68","8","lib","lib","","",""
"SC3U.exe","0x004c5a70","Unwind@004c5a70","14","lib","lib","","",""
"SC3U.exe","0x004c5a7e","Unwind@004c5a7e","14","lib","lib","","",""
"SC3U.exe","0x004c5a8c","Unwind@004c5a8c","14","lib","lib","","",""
"SC3U.exe","0x004c5a9a","Unwind@004c5a9a","14","lib","lib","","",""
"SC3U.exe","0x004c5aa8","Unwind@004c5aa8","14","lib","lib","","",""
"SC3U.exe","0x004c5ab6","Unwind@004c5ab6","14","lib","lib","","",""
"SC3U.exe","0x004c5ac4","Unwind@004c5ac4","14","lib","lib","","",""
"SC3U.exe","0x004c5ad2","Unwind@004c5ad2","14","lib","lib","","",""
"SC3U.exe","0x004c5ae0","Unwind@004c5ae0","14","lib","lib","","",""
"SC3U.exe","0x004c5af8","Unwind@004c5af8","8","lib","lib","","",""
"SC3U.exe","0x004c5b00","Unwind@004c5b00","14","lib","lib","","",""
"SC3U.exe","0x004c5b0e","Unwind@004c5b0e","14","lib","lib","","",""
"SC3U.exe","0x004c5b1c","Unwind@004c5b1c","14","lib","lib","","",""
"SC3U.exe","0x004c5b2a","Unwind@004c5b2a","14","lib","lib","","",""
"SC3U.exe","0x004c5b38","Unwind@004c5b38","14","lib","lib","","",""
"SC3U.exe","0x004c5b46","Unwind@004c5b46","14","lib","lib","","",""
"SC3U.exe","0x004c5b54","Unwind@004c5b54","14","lib","lib","","",""
"SC3U.exe","0x004c5b62","Unwind@004c5b62","14","lib","lib","","",""
"SC3U.exe","0x004c5b70","Unwind@004c5b70","14","lib","lib","","",""
"SC3U.exe","0x004c5b88","Unwind@004c5b88","8","lib","lib","","",""
"SC3U.exe","0x004c5b90","Unwind@004c5b90","14","lib","lib","","",""
"SC3U.exe","0x004c5b9e","Unwind@004c5b9e","14","lib","lib","","",""
"SC3U.exe","0x004c5bac","Unwind@004c5bac","14","lib","lib","","",""
"SC3U.exe","0x004c5bba","Unwind@004c5bba","14","lib","lib","","",""
"SC3U.exe","0x004c5bc8","Unwind@004c5bc8","14","lib","lib","","",""
"SC3U.exe","0x004c5bd6","Unwind@004c5bd6","14","lib","lib","","",""
"SC3U.exe","0x004c5be4","Unwind@004c5be4","14","lib","lib","","",""
"SC3U.exe","0x004c5bf2","Unwind@004c5bf2","14","lib","lib","","",""
"SC3U.exe","0x004c5c00","Unwind@004c5c00","14","lib","lib","","",""
"SC3U.exe","0x004c5c0e","Unwind@004c5c0e","8","lib","lib","","",""
"SC3U.exe","0x004c5c16","Unwind@004c5c16","8","lib","lib","","",""
"SC3U.exe","0x004c5c28","Unwind@004c5c28","8","lib","lib","","",""
"SC3U.exe","0x004c5c3c","Unwind@004c5c3c","8","lib","lib","","",""
"SC3U.exe","0x004c5c44","Unwind@004c5c44","8","lib","lib","","",""
"SC3U.exe","0x004c5c58","Unwind@004c5c58","8","lib","lib","","",""
"SC3U.exe","0x004c5c60","Unwind@004c5c60","8","lib","lib","","",""
"SC3U.exe","0x004c5c68","Unwind@004c5c68","8","lib","lib","","",""
"SC3U.exe","0x004c5c7c","Unwind@004c5c7c","8","lib","lib","","",""
"SC3U.exe","0x004c5c84","Unwind@004c5c84","8","lib","lib","","",""
"SC3U.exe","0x004c5c8c","Unwind@004c5c8c","8","lib","lib","","",""
"SC3U.exe","0x004c5c94","Unwind@004c5c94","8","lib","lib","","",""
"SC3U.exe","0x004c5ca8","Unwind@004c5ca8","8","lib","lib","","",""
"SC3U.exe","0x004c5cbc","Unwind@004c5cbc","8","lib","lib","","",""
"SC3U.exe","0x004c5cd0","Unwind@004c5cd0","8","lib","lib","","",""
"SC3U.exe","0x004c5ce4","Unwind@004c5ce4","8","lib","lib","","",""
"SC3U.exe","0x004c5cf8","Unwind@004c5cf8","8","lib","lib","","",""
"SC3U.exe","0x004c5d0c","Unwind@004c5d0c","8","lib","lib","","",""
"SC3U.exe","0x004c5d20","Unwind@004c5d20","8","lib","lib","","",""
"SC3U.exe","0x004c5d34","Unwind@004c5d34","8","lib","lib","","",""
"SC3U.exe","0x004c5d48","Unwind@004c5d48","8","lib","lib","","",""
"SC3U.exe","0x004c5d5c","Unwind@004c5d5c","8","lib","lib","","",""
"SC3U.exe","0x004c5d94","Unwind@004c5d94","14","lib","lib","","",""
"SC3U.exe","0x004c5da2","Unwind@004c5da2","8","lib","lib","","",""
"SC3U.exe","0x004c5daa","Unwind@004c5daa","14","lib","lib","","",""
"SC3U.exe","0x004c5dc4","Unwind@004c5dc4","14","lib","lib","","",""
"SC3U.exe","0x004c5ddc","Unwind@004c5ddc","14","lib","lib","","",""
"SC3U.exe","0x004c5df4","Unwind@004c5df4","8","lib","lib","","",""
"SC3U.exe","0x004c5dfc","Unwind@004c5dfc","14","lib","lib","","",""
"SC3U.exe","0x004c5e14","Unwind@004c5e14","8","lib","lib","","",""
"SC3U.exe","0x004c5e1c","Unwind@004c5e1c","14","lib","lib","","",""
"SC3U.exe","0x004c5e34","Unwind@004c5e34","8","lib","lib","","",""
"SC3U.exe","0x004c5e3c","Unwind@004c5e3c","14","lib","lib","","",""
"SC3U.exe","0x004c5e54","Unwind@004c5e54","8","lib","lib","","",""
"SC3U.exe","0x004c5e5c","Unwind@004c5e5c","8","lib","lib","","",""
"SC3U.exe","0x004c5e64","Unwind@004c5e64","11","lib","lib","","",""
"SC3U.exe","0x004c5e6f","Unwind@004c5e6f","11","lib","lib","","",""
"SC3U.exe","0x004c5e7a","Unwind@004c5e7a","11","lib","lib","","",""
"SC3U.exe","0x004c5e90","Unwind@004c5e90","8","lib","lib","","",""
"SC3U.exe","0x004c5ea4","Unwind@004c5ea4","8","lib","lib","","",""
"SC3U.exe","0x004c5eb8","Unwind@004c5eb8","8","lib","lib","","",""
"SC3U.exe","0x004c5ecc","Unwind@004c5ecc","8","lib","lib","","",""
"SC3U.exe","0x004c5ee0","Unwind@004c5ee0","11","lib","lib","","",""
"SC3U.exe","0x004c5eeb","Unwind@004c5eeb","14","lib","lib","","",""
"SC3U.exe","0x004c5ef9","Unwind@004c5ef9","14","lib","lib","","",""
"SC3U.exe","0x004c5f14","Unwind@004c5f14","20","lib","lib","","",""
"SC3U.exe","0x004c5f28","Unwind@004c5f28","14","lib","lib","","",""
"SC3U.exe","0x004c5f36","Unwind@004c5f36","14","lib","lib","","",""
"SC3U.exe","0x004c5f50","Unwind@004c5f50","11","lib","lib","","",""
"SC3U.exe","0x004c5f5b","Unwind@004c5f5b","8","lib","lib","","",""
"SC3U.exe","0x004c5f63","Unwind@004c5f63","11","lib","lib","","",""
"SC3U.exe","0x004c5f6e","Unwind@004c5f6e","11","lib","lib","","",""
"SC3U.exe","0x004c5f79","Unwind@004c5f79","11","lib","lib","","",""
"SC3U.exe","0x004c5f84","Unwind@004c5f84","8","lib","lib","","",""
"SC3U.exe","0x004c5f8c","Unwind@004c5f8c","11","lib","lib","","",""
"SC3U.exe","0x004c5f97","Unwind@004c5f97","11","lib","lib","","",""
"SC3U.exe","0x004c5fa2","Unwind@004c5fa2","8","lib","lib","","",""
"SC3U.exe","0x004c5faa","Unwind@004c5faa","11","lib","lib","","",""
"SC3U.exe","0x004c5fb5","Unwind@004c5fb5","11","lib","lib","","",""
"SC3U.exe","0x004c5fc0","Unwind@004c5fc0","11","lib","lib","","",""
"SC3U.exe","0x004c5fd8","Unwind@004c5fd8","8","lib","lib","","",""
"SC3U.exe","0x004c5fec","Unwind@004c5fec","8","lib","lib","","",""
"SC3U.exe","0x004c6000","Unwind@004c6000","8","lib","lib","","",""
"SC3U.exe","0x004c6008","Unwind@004c6008","8","lib","lib","","",""
"SC3U.exe","0x004c601c","Unwind@004c601c","8","lib","lib","","",""
"SC3U.exe","0x004c6030","Unwind@004c6030","8","lib","lib","","",""
"SC3U.exe","0x004c6038","Unwind@004c6038","8","lib","lib","","",""
"SC3U.exe","0x004c604c","Unwind@004c604c","14","lib","lib","","",""
"SC3U.exe","0x004c6064","Unwind@004c6064","8","lib","lib","","",""
"SC3U.exe","0x004c6078","Unwind@004c6078","8","lib","lib","","",""
"SC3U.exe","0x004c6080","Unwind@004c6080","14","lib","lib","","",""
"SC3U.exe","0x004c6098","Unwind@004c6098","8","lib","lib","","",""
"SC3U.exe","0x004c60a0","Unwind@004c60a0","14","lib","lib","","",""
"SC3U.exe","0x004c60b8","Unwind@004c60b8","8","lib","lib","","",""
"SC3U.exe","0x004c60cc","Unwind@004c60cc","8","lib","lib","","",""
"SC3U.exe","0x004c60d4","Unwind@004c60d4","8","lib","lib","","",""
"SC3U.exe","0x004c60dc","Unwind@004c60dc","8","lib","lib","","",""
"SC3U.exe","0x004c60f0","Unwind@004c60f0","10","lib","lib","","",""
"SC3U.exe","0x004c6104","Unwind@004c6104","8","lib","lib","","",""
"SC3U.exe","0x004c610c","Unwind@004c610c","14","lib","lib","","",""
"SC3U.exe","0x004c611a","Unwind@004c611a","24","lib","lib","","",""
"SC3U.exe","0x004c6132","Unwind@004c6132","14","lib","lib","","",""
"SC3U.exe","0x004c614c","Unwind@004c614c","8","lib","lib","","",""
"SC3U.exe","0x004c6154","Unwind@004c6154","14","lib","lib","","",""
"SC3U.exe","0x004c6162","Unwind@004c6162","24","lib","lib","","",""
"SC3U.exe","0x004c617a","Unwind@004c617a","14","lib","lib","","",""
"SC3U.exe","0x004c6194","Unwind@004c6194","10","lib","lib","","",""
"SC3U.exe","0x004c61a8","Unwind@004c61a8","10","lib","lib","","",""
"SC3U.exe","0x004c61bc","Unwind@004c61bc","10","lib","lib","","",""
"SC3U.exe","0x004c61d0","Unwind@004c61d0","10","lib","lib","","",""
"SC3U.exe","0x004c61e4","Unwind@004c61e4","10","lib","lib","","",""
"SC3U.exe","0x004c61f8","Unwind@004c61f8","8","lib","lib","","",""
"SC3U.exe","0x004c620c","Unwind@004c620c","8","lib","lib","","",""
"SC3U.exe","0x004c6220","Unwind@004c6220","8","lib","lib","","",""
"SC3U.exe","0x004c6234","Unwind@004c6234","8","lib","lib","","",""
"SC3U.exe","0x004c6248","Unwind@004c6248","8","lib","lib","","",""
"SC3U.exe","0x004c6250","Unwind@004c6250","11","lib","lib","","",""
"SC3U.exe","0x004c6268","Unwind@004c6268","8","lib","lib","","",""
"SC3U.exe","0x004c627c","Unwind@004c627c","8","lib","lib","","",""
"SC3U.exe","0x004c6284","Unwind@004c6284","14","lib","lib","","",""
"SC3U.exe","0x004c6292","Unwind@004c6292","14","lib","lib","","",""
"SC3U.exe","0x004c62a0","Unwind@004c62a0","14","lib","lib","","",""
"SC3U.exe","0x004c62b8","Unwind@004c62b8","8","lib","lib","","",""
"SC3U.exe","0x004c62c0","Unwind@004c62c0","8","lib","lib","","",""
"SC3U.exe","0x004c62c8","Unwind@004c62c8","8","lib","lib","","",""
"SC3U.exe","0x004c62d0","Unwind@004c62d0","8","lib","lib","","",""
"SC3U.exe","0x004c62e4","Unwind@004c62e4","8","lib","lib","","",""
"SC3U.exe","0x004c62ec","Unwind@004c62ec","14","lib","lib","","",""
"SC3U.exe","0x004c62fa","Unwind@004c62fa","14","lib","lib","","",""
"SC3U.exe","0x004c6308","Unwind@004c6308","14","lib","lib","","",""
"SC3U.exe","0x004c6320","Unwind@004c6320","8","lib","lib","","",""
"SC3U.exe","0x004c6328","Unwind@004c6328","8","lib","lib","","",""
"SC3U.exe","0x004c6330","Unwind@004c6330","8","lib","lib","","",""
"SC3U.exe","0x004c6338","Unwind@004c6338","8","lib","lib","","",""
"SC3U.exe","0x004c634c","Unwind@004c634c","8","lib","lib","","",""
"SC3U.exe","0x004c6360","Unwind@004c6360","8","lib","lib","","",""
"SC3U.exe","0x004c6374","Unwind@004c6374","8","lib","lib","","",""
"SC3U.exe","0x004c6388","Unwind@004c6388","8","lib","lib","","",""
"SC3U.exe","0x004c6390","Unwind@004c6390","14","lib","lib","","",""
"SC3U.exe","0x004c639e","Unwind@004c639e","14","lib","lib","","",""
"SC3U.exe","0x004c63b8","Unwind@004c63b8","8","lib","lib","","",""
"SC3U.exe","0x004c63c0","Unwind@004c63c0","8","lib","lib","","",""
"SC3U.exe","0x004c63c8","Unwind@004c63c8","8","lib","lib","","",""
"SC3U.exe","0x004c63d0","Unwind@004c63d0","8","lib","lib","","",""
"SC3U.exe","0x004c63e4","Unwind@004c63e4","8","lib","lib","","",""
"SC3U.exe","0x004c63ec","Unwind@004c63ec","14","lib","lib","","",""
"SC3U.exe","0x004c63fa","Unwind@004c63fa","14","lib","lib","","",""
"SC3U.exe","0x004c6414","Unwind@004c6414","8","lib","lib","","",""
"SC3U.exe","0x004c641c","Unwind@004c641c","8","lib","lib","","",""
"SC3U.exe","0x004c6430","Unwind@004c6430","8","lib","lib","","",""
"SC3U.exe","0x004c6444","Unwind@004c6444","8","lib","lib","","",""
"SC3U.exe","0x004c644c","Unwind@004c644c","8","lib","lib","","",""
"SC3U.exe","0x004c6454","Unwind@004c6454","8","lib","lib","","",""
"SC3U.exe","0x004c6468","Unwind@004c6468","8","lib","lib","","",""
"SC3U.exe","0x004c647c","Unwind@004c647c","8","lib","lib","","",""
"SC3U.exe","0x004c6490","Unwind@004c6490","8","lib","lib","","",""
"SC3U.exe","0x004c64a4","Unwind@004c64a4","8","lib","lib","","",""
"SC3U.exe","0x004c64ac","Unwind@004c64ac","8","lib","lib","","",""
"SC3U.exe","0x004c64c0","Unwind@004c64c0","8","lib","lib","","",""
"SC3U.exe","0x004c64d4","Unwind@004c64d4","8","lib","lib","","",""
"SC3U.exe","0x004c64e8","Unwind@004c64e8","8","lib","lib","","",""
"SC3U.exe","0x004c64f0","Unwind@004c64f0","8","lib","lib","","",""
"SC3U.exe","0x004c6504","Unwind@004c6504","8","lib","lib","","",""
"SC3U.exe","0x004c6518","Unwind@004c6518","8","lib","lib","","",""
"SC3U.exe","0x004c652c","Unwind@004c652c","8","lib","lib","","",""
"SC3U.exe","0x004c6540","Unwind@004c6540","8","lib","lib","","",""
"SC3U.exe","0x004c6554","Unwind@004c6554","8","lib","lib","","",""
"SC3U.exe","0x004c655c","Unwind@004c655c","8","lib","lib","","",""
"SC3U.exe","0x004c6570","Unwind@004c6570","8","lib","lib","","",""
"SC3U.exe","0x004c6584","Unwind@004c6584","8","lib","lib","","",""
"SC3U.exe","0x004c6598","Unwind@004c6598","8","lib","lib","","",""
"SC3U.exe","0x004c65a0","Unwind@004c65a0","8","lib","lib","","",""
"SC3U.exe","0x004c65b4","Unwind@004c65b4","8","lib","lib","","",""
"SC3U.exe","0x004c65c8","Unwind@004c65c8","8","lib","lib","","",""
"SC3U.exe","0x004c65dc","Unwind@004c65dc","8","lib","lib","","",""
"SC3U.exe","0x004c65f0","Unwind@004c65f0","14","lib","lib","","",""
"SC3U.exe","0x004c65fe","Unwind@004c65fe","8","lib","lib","","",""
"SC3U.exe","0x004c6606","Unwind@004c6606","14","lib","lib","","",""
"SC3U.exe","0x004c6620","Unwind@004c6620","8","lib","lib","","",""
"SC3U.exe","0x004c6634","Unwind@004c6634","14","lib","lib","","",""
"SC3U.exe","0x004c6642","Unwind@004c6642","8","lib","lib","","",""
"SC3U.exe","0x004c664a","Unwind@004c664a","14","lib","lib","","",""
"SC3U.exe","0x004c6664","Unwind@004c6664","8","lib","lib","","",""
"SC3U.exe","0x004c6678","Unwind@004c6678","14","lib","lib","","",""
"SC3U.exe","0x004c6686","Unwind@004c6686","8","lib","lib","","",""
"SC3U.exe","0x004c668e","Unwind@004c668e","14","lib","lib","","",""
"SC3U.exe","0x004c66a8","Unwind@004c66a8","8","lib","lib","","",""
"SC3U.exe","0x004c66bc","Unwind@004c66bc","14","lib","lib","","",""
"SC3U.exe","0x004c66ca","Unwind@004c66ca","8","lib","lib","","",""
"SC3U.exe","0x004c66d2","Unwind@004c66d2","14","lib","lib","","",""
"SC3U.exe","0x004c66ec","Unwind@004c66ec","8","lib","lib","","",""
"SC3U.exe","0x004c6700","Unwind@004c6700","14","lib","lib","","",""
"SC3U.exe","0x004c670e","Unwind@004c670e","8","lib","lib","","",""
"SC3U.exe","0x004c6716","Unwind@004c6716","14","lib","lib","","",""
"SC3U.exe","0x004c6730","Unwind@004c6730","8","lib","lib","","",""
"SC3U.exe","0x004c675c","Unwind@004c675c","14","lib","lib","","",""
"SC3U.exe","0x004c676a","Unwind@004c676a","8","lib","lib","","",""
"SC3U.exe","0x004c6772","Unwind@004c6772","14","lib","lib","","",""
"SC3U.exe","0x004c678c","Unwind@004c678c","8","lib","lib","","",""
"SC3U.exe","0x004c67b8","Unwind@004c67b8","14","lib","lib","","",""
"SC3U.exe","0x004c67d0","Unwind@004c67d0","14","lib","lib","","",""
"SC3U.exe","0x004c67e8","Unwind@004c67e8","14","lib","lib","","",""
"SC3U.exe","0x004c6800","Unwind@004c6800","14","lib","lib","","",""
"SC3U.exe","0x004c6818","Unwind@004c6818","14","lib","lib","","",""
"SC3U.exe","0x004c6830","Unwind@004c6830","14","lib","lib","","",""
"SC3U.exe","0x004c6848","Unwind@004c6848","8","lib","lib","","",""
"SC3U.exe","0x004c6868","Unwind@004c6868","14","lib","lib","","",""
"SC3U.exe","0x004c6880","Unwind@004c6880","14","lib","lib","","",""
"SC3U.exe","0x004c6898","Unwind@004c6898","14","lib","lib","","",""
"SC3U.exe","0x004c68b0","Unwind@004c68b0","14","lib","lib","","",""
"SC3U.exe","0x004c68d4","Unwind@004c68d4","14","lib","lib","","",""
"SC3U.exe","0x004c68ec","Unwind@004c68ec","14","lib","lib","","",""
"SC3U.exe","0x004c6904","Unwind@004c6904","14","lib","lib","","",""
"SC3U.exe","0x004c691c","Unwind@004c691c","14","lib","lib","","",""
"SC3U.exe","0x004c6934","Unwind@004c6934","14","lib","lib","","",""
"SC3U.exe","0x004c694c","Unwind@004c694c","14","lib","lib","","",""
"SC3U.exe","0x004c6964","Unwind@004c6964","14","lib","lib","","",""
"SC3U.exe","0x004c697c","Unwind@004c697c","14","lib","lib","","",""
"SC3U.exe","0x004c6994","Unwind@004c6994","11","lib","lib","","",""
"SC3U.exe","0x004c69ac","Unwind@004c69ac","11","lib","lib","","",""
"SC3U.exe","0x004c69c4","Unwind@004c69c4","8","lib","lib","","",""
"SC3U.exe","0x004c69d8","Unwind@004c69d8","11","lib","lib","","",""
"SC3U.exe","0x004c69e3","Unwind@004c69e3","11","lib","lib","","",""
"SC3U.exe","0x004c69ee","Unwind@004c69ee","11","lib","lib","","",""
"SC3U.exe","0x004c69f9","Unwind@004c69f9","11","lib","lib","","",""
"SC3U.exe","0x004c6a04","Unwind@004c6a04","11","lib","lib","","",""
"SC3U.exe","0x004c6a0f","Unwind@004c6a0f","11","lib","lib","","",""
"SC3U.exe","0x004c6a1a","Unwind@004c6a1a","11","lib","lib","","",""
"SC3U.exe","0x004c6a25","Unwind@004c6a25","11","lib","lib","","",""
"SC3U.exe","0x004c6a30","Unwind@004c6a30","14","lib","lib","","",""
"SC3U.exe","0x004c6a3e","Unwind@004c6a3e","10","lib","lib","","",""
"SC3U.exe","0x004c6a54","Unwind@004c6a54","11","lib","lib","","",""
"SC3U.exe","0x004c6a5f","Unwind@004c6a5f","11","lib","lib","","",""
"SC3U.exe","0x004c6a6a","Unwind@004c6a6a","11","lib","lib","","",""
"SC3U.exe","0x004c6a75","Unwind@004c6a75","11","lib","lib","","",""
"SC3U.exe","0x004c6a80","Unwind@004c6a80","11","lib","lib","","",""
"SC3U.exe","0x004c6a8b","Unwind@004c6a8b","11","lib","lib","","",""
"SC3U.exe","0x004c6a96","Unwind@004c6a96","11","lib","lib","","",""
"SC3U.exe","0x004c6aa1","Unwind@004c6aa1","11","lib","lib","","",""
"SC3U.exe","0x004c6aac","Unwind@004c6aac","14","lib","lib","","",""
"SC3U.exe","0x004c6ac4","Unwind@004c6ac4","8","lib","lib","","",""
"SC3U.exe","0x004c6ad8","Unwind@004c6ad8","8","lib","lib","","",""
"SC3U.exe","0x004c6ae0","Unwind@004c6ae0","8","lib","lib","","",""
"SC3U.exe","0x004c6ae8","Unwind@004c6ae8","8","lib","lib","","",""
"SC3U.exe","0x004c6af0","Unwind@004c6af0","8","lib","lib","","",""
"SC3U.exe","0x004c6b04","Unwind@004c6b04","8","lib","lib","","",""
"SC3U.exe","0x004c6b0c","Unwind@004c6b0c","8","lib","lib","","",""
"SC3U.exe","0x004c6b14","Unwind@004c6b14","8","lib","lib","","",""
"SC3U.exe","0x004c6b1c","Unwind@004c6b1c","8","lib","lib","","",""
"SC3U.exe","0x004c6b30","Unwind@004c6b30","8","lib","lib","","",""
"SC3U.exe","0x004c6b44","Unwind@004c6b44","8","lib","lib","","",""
"SC3U.exe","0x004c6b4c","Unwind@004c6b4c","8","lib","lib","","",""
"SC3U.exe","0x004c6b60","Unwind@004c6b60","8","lib","lib","","",""
"SC3U.exe","0x004c6b74","Unwind@004c6b74","8","lib","lib","","",""
"SC3U.exe","0x004c6b7c","Unwind@004c6b7c","8","lib","lib","","",""
"SC3U.exe","0x004c6b90","Unwind@004c6b90","8","lib","lib","","",""
"SC3U.exe","0x004c6ba4","Unwind@004c6ba4","10","lib","lib","","",""
"SC3U.exe","0x004c6bae","Unwind@004c6bae","8","lib","lib","","",""
"SC3U.exe","0x004c6bc0","Unwind@004c6bc0","10","lib","lib","","",""
"SC3U.exe","0x004c6bca","Unwind@004c6bca","8","lib","lib","","",""
"SC3U.exe","0x004c6bdc","Unwind@004c6bdc","10","lib","lib","","",""
"SC3U.exe","0x004c6be6","Unwind@004c6be6","8","lib","lib","","",""
"SC3U.exe","0x004c6bf8","Unwind@004c6bf8","8","lib","lib","","",""
"SC3U.exe","0x004c6c00","Unwind@004c6c00","8","lib","lib","","",""
"SC3U.exe","0x004c6c08","Unwind@004c6c08","8","lib","lib","","",""
"SC3U.exe","0x004c6c10","Unwind@004c6c10","8","lib","lib","","",""
"SC3U.exe","0x004c6c18","Unwind@004c6c18","8","lib","lib","","",""
"SC3U.exe","0x004c6c20","Unwind@004c6c20","8","lib","lib","","",""
"SC3U.exe","0x004c6c34","Unwind@004c6c34","8","lib","lib","","",""
"SC3U.exe","0x004c6c48","Unwind@004c6c48","8","lib","lib","","",""
"SC3U.exe","0x004c6c74","Unwind@004c6c74","14","lib","lib","","",""
"SC3U.exe","0x004c6c8c","Unwind@004c6c8c","14","lib","lib","","",""
"SC3U.exe","0x004c6cbc","Unwind@004c6cbc","14","lib","lib","","",""
"SC3U.exe","0x004c6cd4","Unwind@004c6cd4","14","lib","lib","","",""
"SC3U.exe","0x004c6cec","Unwind@004c6cec","8","lib","lib","","",""
"SC3U.exe","0x004c6d00","Unwind@004c6d00","8","lib","lib","","",""
"SC3U.exe","0x004c6d08","Unwind@004c6d08","8","lib","lib","","",""
"SC3U.exe","0x004c6d10","Unwind@004c6d10","11","lib","lib","","",""
"SC3U.exe","0x004c6d1b","Unwind@004c6d1b","8","lib","lib","","",""
"SC3U.exe","0x004c6d23","Unwind@004c6d23","11","lib","lib","","",""
"SC3U.exe","0x004c6d2e","Unwind@004c6d2e","8","lib","lib","","",""
"SC3U.exe","0x004c6d36","Unwind@004c6d36","11","lib","lib","","",""
"SC3U.exe","0x004c6d41","Unwind@004c6d41","8","lib","lib","","",""
"SC3U.exe","0x004c6d49","Unwind@004c6d49","11","lib","lib","","",""
"SC3U.exe","0x004c6d54","Unwind@004c6d54","11","lib","lib","","",""
"SC3U.exe","0x004c6d5f","Unwind@004c6d5f","11","lib","lib","","",""
"SC3U.exe","0x004c6d6a","Unwind@004c6d6a","8","lib","lib","","",""
"SC3U.exe","0x004c6d72","Unwind@004c6d72","11","lib","lib","","",""
"SC3U.exe","0x004c6d7d","Unwind@004c6d7d","8","lib","lib","","",""
"SC3U.exe","0x004c6d90","Unwind@004c6d90","11","lib","lib","","",""
"SC3U.exe","0x004c6da8","Unwind@004c6da8","8","lib","lib","","",""
"SC3U.exe","0x004c6db0","Unwind@004c6db0","8","lib","lib","","",""
"SC3U.exe","0x004c6db8","Unwind@004c6db8","8","lib","lib","","",""
"SC3U.exe","0x004c6dcc","Unwind@004c6dcc","11","lib","lib","","",""
"SC3U.exe","0x004c6de4","Unwind@004c6de4","8","lib","lib","","",""
"SC3U.exe","0x004c6df8","Unwind@004c6df8","8","lib","lib","","",""
"SC3U.exe","0x004c6e0c","Unwind@004c6e0c","8","lib","lib","","",""
"SC3U.exe","0x004c6e20","Unwind@004c6e20","8","lib","lib","","",""
"SC3U.exe","0x004c6e28","Unwind@004c6e28","8","lib","lib","","",""
"SC3U.exe","0x004c6e30","Unwind@004c6e30","8","lib","lib","","",""
"SC3U.exe","0x004c6e38","Unwind@004c6e38","8","lib","lib","","",""
"SC3U.exe","0x004c6e40","Unwind@004c6e40","8","lib","lib","","",""
"SC3U.exe","0x004c6e48","Unwind@004c6e48","8","lib","lib","","",""
"SC3U.exe","0x004c6e50","Unwind@004c6e50","11","lib","lib","","",""
"SC3U.exe","0x004c6e68","Unwind@004c6e68","8","lib","lib","","",""
"SC3U.exe","0x004c6e7c","Unwind@004c6e7c","8","lib","lib","","",""
"SC3U.exe","0x004c6e84","Unwind@004c6e84","11","lib","lib","","",""
"SC3U.exe","0x004c6e8f","Unwind@004c6e8f","8","lib","lib","","",""
"SC3U.exe","0x004c6e97","Unwind@004c6e97","11","lib","lib","","",""
"SC3U.exe","0x004c6ea2","Unwind@004c6ea2","11","lib","lib","","",""
"SC3U.exe","0x004c6ead","Unwind@004c6ead","11","lib","lib","","",""
"SC3U.exe","0x004c6eb8","Unwind@004c6eb8","11","lib","lib","","",""
"SC3U.exe","0x004c6ec3","Unwind@004c6ec3","8","lib","lib","","",""
"SC3U.exe","0x004c6ecb","Unwind@004c6ecb","8","lib","lib","","",""
"SC3U.exe","0x004c6ed3","Unwind@004c6ed3","8","lib","lib","","",""
"SC3U.exe","0x004c6edb","Unwind@004c6edb","8","lib","lib","","",""
"SC3U.exe","0x004c6ee3","Unwind@004c6ee3","8","lib","lib","","",""
"SC3U.exe","0x004c6eeb","Unwind@004c6eeb","8","lib","lib","","",""
"SC3U.exe","0x004c6ef3","Unwind@004c6ef3","11","lib","lib","","",""
"SC3U.exe","0x004c6f08","Unwind@004c6f08","8","lib","lib","","",""
"SC3U.exe","0x004c6f1c","Unwind@004c6f1c","11","lib","lib","","",""
"SC3U.exe","0x004c6f34","Unwind@004c6f34","10","lib","lib","","",""
"SC3U.exe","0x004c6f48","Unwind@004c6f48","8","lib","lib","","",""
"SC3U.exe","0x004c6f5c","Unwind@004c6f5c","8","lib","lib","","",""
"SC3U.exe","0x004c6f70","Unwind@004c6f70","26","lib","lib","","",""
"SC3U.exe","0x004c6f8a","Unwind@004c6f8a","23","lib","lib","","",""
"SC3U.exe","0x004c6fa1","Unwind@004c6fa1","11","lib","lib","","",""
"SC3U.exe","0x004c6fb8","Unwind@004c6fb8","8","lib","lib","","",""
"SC3U.exe","0x004c6fcc","Unwind@004c6fcc","8","lib","lib","","",""
"SC3U.exe","0x004c6fe0","Unwind@004c6fe0","8","lib","lib","","",""
"SC3U.exe","0x004c6ff4","Unwind@004c6ff4","8","lib","lib","","",""
"SC3U.exe","0x004c7008","Unwind@004c7008","11","lib","lib","","",""
"SC3U.exe","0x004c7020","Unwind@004c7020","8","lib","lib","","",""
"SC3U.exe","0x004c7028","Unwind@004c7028","8","lib","lib","","",""
"SC3U.exe","0x004c703c","Unwind@004c703c","8","lib","lib","","",""
"SC3U.exe","0x004c7050","Unwind@004c7050","8","lib","lib","","",""
"SC3U.exe","0x004c7064","Unwind@004c7064","8","lib","lib","","",""
"SC3U.exe","0x004c7078","Unwind@004c7078","8","lib","lib","","",""
"SC3U.exe","0x004c708c","Unwind@004c708c","8","lib","lib","","",""
"SC3U.exe","0x004c70a0","Unwind@004c70a0","8","lib","lib","","",""
"SC3U.exe","0x004c70b4","Unwind@004c70b4","8","lib","lib","","",""
"SC3U.exe","0x004c70c8","Unwind@004c70c8","8","lib","lib","","",""
"SC3U.exe","0x004c70dc","Unwind@004c70dc","8","lib","lib","","",""
"SC3U.exe","0x004c70f0","Unwind@004c70f0","8","lib","lib","","",""
"SC3U.exe","0x004c7104","Unwind@004c7104","8","lib","lib","","",""
"SC3U.exe","0x004c7118","Unwind@004c7118","8","lib","lib","","",""
"SC3U.exe","0x004c7120","Unwind@004c7120","8","lib","lib","","",""
"SC3U.exe","0x004c7134","Unwind@004c7134","8","lib","lib","","",""
"SC3U.exe","0x004c713c","Unwind@004c713c","8","lib","lib","","",""
"SC3U.exe","0x004c7150","Unwind@004c7150","8","lib","lib","","",""
"SC3U.exe","0x004c7158","Unwind@004c7158","8","lib","lib","","",""
"SC3U.exe","0x004c7160","Unwind@004c7160","8","lib","lib","","",""
"SC3U.exe","0x004c7174","Unwind@004c7174","10","lib","lib","","",""
"SC3U.exe","0x004c717e","Unwind@004c717e","10","lib","lib","","",""
"SC3U.exe","0x004c7188","Unwind@004c7188","10","lib","lib","","",""
"SC3U.exe","0x004c7192","Unwind@004c7192","10","lib","lib","","",""
"SC3U.exe","0x004c719c","Unwind@004c719c","10","lib","lib","","",""
"SC3U.exe","0x004c71a6","Unwind@004c71a6","10","lib","lib","","",""
"SC3U.exe","0x004c71b0","Unwind@004c71b0","10","lib","lib","","",""
"SC3U.exe","0x004c71ba","Unwind@004c71ba","10","lib","lib","","",""
"SC3U.exe","0x004c71d0","Unwind@004c71d0","8","lib","lib","","",""
"SC3U.exe","0x004c71e4","Unwind@004c71e4","10","lib","lib","","",""
"SC3U.exe","0x004c71f8","Unwind@004c71f8","10","lib","lib","","",""
"SC3U.exe","0x004c720c","Unwind@004c720c","8","lib","lib","","",""
"SC3U.exe","0x004c7220","Unwind@004c7220","8","lib","lib","","",""
"SC3U.exe","0x004c7234","Unwind@004c7234","8","lib","lib","","",""
"SC3U.exe","0x004c7248","Unwind@004c7248","8","lib","lib","","",""
"SC3U.exe","0x004c725c","Unwind@004c725c","8","lib","lib","","",""
"SC3U.exe","0x004c7270","Unwind@004c7270","8","lib","lib","","",""
"SC3U.exe","0x004c7284","Unwind@004c7284","8","lib","lib","","",""
"SC3U.exe","0x004c7298","Unwind@004c7298","8","lib","lib","","",""
"SC3U.exe","0x004c72ac","Unwind@004c72ac","8","lib","lib","","",""
"SC3U.exe","0x004c72b4","Unwind@004c72b4","10","lib","lib","","",""
"SC3U.exe","0x004c72c8","Unwind@004c72c8","8","lib","lib","","",""
"SC3U.exe","0x004c72dc","Unwind@004c72dc","8","lib","lib","","",""
"SC3U.exe","0x004c72f0","Unwind@004c72f0","11","lib","lib","","",""
"SC3U.exe","0x004c72fb","Unwind@004c72fb","11","lib","lib","","",""
"SC3U.exe","0x004c7306","Unwind@004c7306","11","lib","lib","","",""
"SC3U.exe","0x004c7311","Unwind@004c7311","14","lib","lib","","",""
"SC3U.exe","0x004c731f","Unwind@004c731f","14","lib","lib","","",""
"SC3U.exe","0x004c7338","Unwind@004c7338","8","lib","lib","","",""
"SC3U.exe","0x004c7340","Unwind@004c7340","11","lib","lib","","",""
"SC3U.exe","0x004c734b","Unwind@004c734b","8","lib","lib","","",""
"SC3U.exe","0x004c7353","Unwind@004c7353","8","lib","lib","","",""
"SC3U.exe","0x004c735b","Unwind@004c735b","11","lib","lib","","",""
"SC3U.exe","0x004c7366","Unwind@004c7366","8","lib","lib","","",""
"SC3U.exe","0x004c736e","Unwind@004c736e","8","lib","lib","","",""
"SC3U.exe","0x004c7376","Unwind@004c7376","8","lib","lib","","",""
"SC3U.exe","0x004c737e","Unwind@004c737e","8","lib","lib","","",""
"SC3U.exe","0x004c7386","Unwind@004c7386","8","lib","lib","","",""
"SC3U.exe","0x004c738e","Unwind@004c738e","8","lib","lib","","",""
"SC3U.exe","0x004c7396","Unwind@004c7396","11","lib","lib","","",""
"SC3U.exe","0x004c73a1","Unwind@004c73a1","8","lib","lib","","",""
"SC3U.exe","0x004c73a9","Unwind@004c73a9","8","lib","lib","","",""
"SC3U.exe","0x004c73b1","Unwind@004c73b1","11","lib","lib","","",""
"SC3U.exe","0x004c73bc","Unwind@004c73bc","8","lib","lib","","",""
"SC3U.exe","0x004c73c4","Unwind@004c73c4","8","lib","lib","","",""
"SC3U.exe","0x004c73cc","Unwind@004c73cc","11","lib","lib","","",""
"SC3U.exe","0x004c73e4","Unwind@004c73e4","10","lib","lib","","",""
"SC3U.exe","0x004c73f8","Unwind@004c73f8","10","lib","lib","","",""
"SC3U.exe","0x004c740c","Unwind@004c740c","8","lib","lib","","",""
"SC3U.exe","0x004c7414","Unwind@004c7414","11","lib","lib","","",""
"SC3U.exe","0x004c742c","Unwind@004c742c","8","lib","lib","","",""
"SC3U.exe","0x004c7434","Unwind@004c7434","11","lib","lib","","",""
"SC3U.exe","0x004c744c","Unwind@004c744c","11","lib","lib","","",""
"SC3U.exe","0x004c7488","Unwind@004c7488","8","lib","lib","","",""
"SC3U.exe","0x004c7490","Unwind@004c7490","8","lib","lib","","",""
"SC3U.exe","0x004c74a4","Unwind@004c74a4","8","lib","lib","","",""
"SC3U.exe","0x004c74b8","Unwind@004c74b8","8","lib","lib","","",""
"SC3U.exe","0x004c74cc","Unwind@004c74cc","8","lib","lib","","",""
"SC3U.exe","0x004c74e0","Unwind@004c74e0","8","lib","lib","","",""
"SC3U.exe","0x004c74f4","Unwind@004c74f4","8","lib","lib","","",""
"SC3U.exe","0x004c7508","Unwind@004c7508","8","lib","lib","","",""
"SC3U.exe","0x004c751c","Unwind@004c751c","8","lib","lib","","",""
"SC3U.exe","0x004c7530","Unwind@004c7530","10","lib","lib","","",""
"SC3U.exe","0x004c753a","Unwind@004c753a","8","lib","lib","","",""
"SC3U.exe","0x004c754c","Unwind@004c754c","8","lib","lib","","",""
"SC3U.exe","0x004c7560","Unwind@004c7560","11","lib","lib","","",""
"SC3U.exe","0x004c7578","Unwind@004c7578","20","lib","lib","","",""
"SC3U.exe","0x004c7598","Unwind@004c7598","8","lib","lib","","",""
"SC3U.exe","0x004c75ac","Unwind@004c75ac","8","lib","lib","","",""
"SC3U.exe","0x004c75c0","Unwind@004c75c0","8","lib","lib","","",""
"SC3U.exe","0x004c75d4","Unwind@004c75d4","8","lib","lib","","",""
"SC3U.exe","0x004c75e8","Unwind@004c75e8","23","lib","lib","","",""
"SC3U.exe","0x004c75ff","Unwind@004c75ff","8","lib","lib","","",""
"SC3U.exe","0x004c7607","Unwind@004c7607","8","lib","lib","","",""
"SC3U.exe","0x004c760f","Unwind@004c760f","8","lib","lib","","",""
"SC3U.exe","0x004c7617","Unwind@004c7617","8","lib","lib","","",""
"SC3U.exe","0x004c762c","Unwind@004c762c","8","lib","lib","","",""
"SC3U.exe","0x004c7634","Unwind@004c7634","8","lib","lib","","",""
"SC3U.exe","0x004c7648","Unwind@004c7648","8","lib","lib","","",""
"SC3U.exe","0x004c7650","Unwind@004c7650","8","lib","lib","","",""
"SC3U.exe","0x004c7664","Unwind@004c7664","8","lib","lib","","",""
"SC3U.exe","0x004c7678","Unwind@004c7678","23","lib","lib","","",""
"SC3U.exe","0x004c768f","Unwind@004c768f","8","lib","lib","","",""
"SC3U.exe","0x004c76a4","Unwind@004c76a4","23","lib","lib","","",""
"SC3U.exe","0x004c76bb","Unwind@004c76bb","8","lib","lib","","",""
"SC3U.exe","0x004c76d0","Unwind@004c76d0","8","lib","lib","","",""
"SC3U.exe","0x004c76d8","Unwind@004c76d8","23","lib","lib","","",""
"SC3U.exe","0x004c76ef","Unwind@004c76ef","8","lib","lib","","",""
"SC3U.exe","0x004c7704","Unwind@004c7704","8","lib","lib","","",""
"SC3U.exe","0x004c7718","Unwind@004c7718","11","lib","lib","","",""
"SC3U.exe","0x004c7723","Unwind@004c7723","11","lib","lib","","",""
"SC3U.exe","0x004c7738","Unwind@004c7738","11","lib","lib","","",""
"SC3U.exe","0x004c7743","Unwind@004c7743","11","lib","lib","","",""
"SC3U.exe","0x004c7758","Unwind@004c7758","11","lib","lib","","",""
"SC3U.exe","0x004c7763","Unwind@004c7763","11","lib","lib","","",""
"SC3U.exe","0x004c776e","Unwind@004c776e","11","lib","lib","","",""
"SC3U.exe","0x004c7779","Unwind@004c7779","8","lib","lib","","",""
"SC3U.exe","0x004c778c","Unwind@004c778c","11","lib","lib","","",""
"SC3U.exe","0x004c7797","Unwind@004c7797","11","lib","lib","","",""
"SC3U.exe","0x004c77a2","Unwind@004c77a2","11","lib","lib","","",""
"SC3U.exe","0x004c77b8","Unwind@004c77b8","11","lib","lib","","",""
"SC3U.exe","0x004c77c3","Unwind@004c77c3","11","lib","lib","","",""
"SC3U.exe","0x004c77ce","Unwind@004c77ce","11","lib","lib","","",""
"SC3U.exe","0x004c77d9","Unwind@004c77d9","8","lib","lib","","",""
"SC3U.exe","0x004c77ec","Unwind@004c77ec","11","lib","lib","","",""
"SC3U.exe","0x004c77f7","Unwind@004c77f7","11","lib","lib","","",""
"SC3U.exe","0x004c7802","Unwind@004c7802","11","lib","lib","","",""
"SC3U.exe","0x004c780d","Unwind@004c780d","8","lib","lib","","",""
"SC3U.exe","0x004c7820","Unwind@004c7820","11","lib","lib","","",""
"SC3U.exe","0x004c782b","Unwind@004c782b","11","lib","lib","","",""
"SC3U.exe","0x004c7836","Unwind@004c7836","11","lib","lib","","",""
"SC3U.exe","0x004c7841","Unwind@004c7841","8","lib","lib","","",""
"SC3U.exe","0x004c7854","Unwind@004c7854","11","lib","lib","","",""
"SC3U.exe","0x004c785f","Unwind@004c785f","11","lib","lib","","",""
"SC3U.exe","0x004c7874","Unwind@004c7874","8","lib","lib","","",""
"SC3U.exe","0x004c787c","Unwind@004c787c","8","lib","lib","","",""
"SC3U.exe","0x004c7890","Unwind@004c7890","8","lib","lib","","",""
"SC3U.exe","0x004c7898","Unwind@004c7898","8","lib","lib","","",""
"SC3U.exe","0x004c78ac","Unwind@004c78ac","8","lib","lib","","",""
"SC3U.exe","0x004c78b4","Unwind@004c78b4","8","lib","lib","","",""
"SC3U.exe","0x004c78c8","Unwind@004c78c8","8","lib","lib","","",""
"SC3U.exe","0x004c78d0","Unwind@004c78d0","8","lib","lib","","",""
"SC3U.exe","0x004c78d8","Unwind@004c78d8","8","lib","lib","","",""
"SC3U.exe","0x004c78e0","Unwind@004c78e0","8","lib","lib","","",""
"SC3U.exe","0x004c78f4","Unwind@004c78f4","8","lib","lib","","",""
"SC3U.exe","0x004c7908","Unwind@004c7908","8","lib","lib","","",""
"SC3U.exe","0x004c7910","Unwind@004c7910","8","lib","lib","","",""
"SC3U.exe","0x004c7918","Unwind@004c7918","8","lib","lib","","",""
"SC3U.exe","0x004c792c","Unwind@004c792c","8","lib","lib","","",""
"SC3U.exe","0x004c7940","Unwind@004c7940","8","lib","lib","","",""
"SC3U.exe","0x004c7954","Unwind@004c7954","8","lib","lib","","",""
"SC3U.exe","0x004c795c","Unwind@004c795c","8","lib","lib","","",""
"SC3U.exe","0x004c7970","Unwind@004c7970","8","lib","lib","","",""
"SC3U.exe","0x004c7984","Unwind@004c7984","8","lib","lib","","",""
"SC3U.exe","0x004c7998","Unwind@004c7998","10","lib","lib","","",""
"SC3U.exe","0x004c79b8","Unwind@004c79b8","14","lib","lib","","",""
"SC3U.exe","0x004c79d0","Unwind@004c79d0","11","lib","lib","","",""
"SC3U.exe","0x004c79db","Unwind@004c79db","11","lib","lib","","",""
"SC3U.exe","0x004c79e6","Unwind@004c79e6","11","lib","lib","","",""
"SC3U.exe","0x004c79f1","Unwind@004c79f1","11","lib","lib","","",""
"SC3U.exe","0x004c79fc","Unwind@004c79fc","11","lib","lib","","",""
"SC3U.exe","0x004c7a14","Unwind@004c7a14","11","lib","lib","","",""
"SC3U.exe","0x004c7a1f","Unwind@004c7a1f","11","lib","lib","","",""
"SC3U.exe","0x004c7a2a","Unwind@004c7a2a","11","lib","lib","","",""
"SC3U.exe","0x004c7a35","Unwind@004c7a35","11","lib","lib","","",""
"SC3U.exe","0x004c7a40","Unwind@004c7a40","11","lib","lib","","",""
"SC3U.exe","0x004c7a58","Unwind@004c7a58","8","lib","lib","","",""
"SC3U.exe","0x004c7a60","Unwind@004c7a60","8","lib","lib","","",""
"SC3U.exe","0x004c7a74","Unwind@004c7a74","8","lib","lib","","",""
"SC3U.exe","0x004c7a7c","Unwind@004c7a7c","8","lib","lib","","",""
"SC3U.exe","0x004c7a90","Unwind@004c7a90","8","lib","lib","","",""
"SC3U.exe","0x004c7a98","Unwind@004c7a98","8","lib","lib","","",""
"SC3U.exe","0x004c7aac","Unwind@004c7aac","9","lib","lib","","",""
"SC3U.exe","0x004c7ab4","Unwind@004c7ab4","8","lib","lib","","",""
"SC3U.exe","0x004c7abc","Unwind@004c7abc","11","lib","lib","","",""
"SC3U.exe","0x004c7ac7","Unwind@004c7ac7","8","lib","lib","","",""
"SC3U.exe","0x004c7af4","Unwind@004c7af4","8","lib","lib","","",""
"SC3U.exe","0x004c7afc","Unwind@004c7afc","8","lib","lib","","",""
"SC3U.exe","0x004c7b10","Unwind@004c7b10","8","lib","lib","","",""
"SC3U.exe","0x004c7b24","Unwind@004c7b24","14","lib","lib","","",""
"SC3U.exe","0x004c7b48","Unwind@004c7b48","11","lib","lib","","",""
"SC3U.exe","0x004c7b53","Unwind@004c7b53","11","lib","lib","","",""
"SC3U.exe","0x004c7b5e","Unwind@004c7b5e","11","lib","lib","","",""
"SC3U.exe","0x004c7b69","Unwind@004c7b69","14","lib","lib","","",""
"SC3U.exe","0x004c7b77","Unwind@004c7b77","14","lib","lib","","",""
"SC3U.exe","0x004c7b85","Unwind@004c7b85","14","lib","lib","","",""
"SC3U.exe","0x004c7b93","Unwind@004c7b93","14","lib","lib","","",""
"SC3U.exe","0x004c7ba1","Unwind@004c7ba1","14","lib","lib","","",""
"SC3U.exe","0x004c7baf","Unwind@004c7baf","14","lib","lib","","",""
"SC3U.exe","0x004c7bbd","Unwind@004c7bbd","14","lib","lib","","",""
"SC3U.exe","0x004c7bcb","Unwind@004c7bcb","14","lib","lib","","",""
"SC3U.exe","0x004c7bd9","Unwind@004c7bd9","14","lib","lib","","",""
"SC3U.exe","0x004c7bf4","Unwind@004c7bf4","8","lib","lib","","",""
"SC3U.exe","0x004c7c08","Unwind@004c7c08","8","lib","lib","","",""
"SC3U.exe","0x004c7c1c","Unwind@004c7c1c","11","lib","lib","","",""
"SC3U.exe","0x004c7c27","Unwind@004c7c27","11","lib","lib","","",""
"SC3U.exe","0x004c7c32","Unwind@004c7c32","11","lib","lib","","",""
"SC3U.exe","0x004c7c3d","Unwind@004c7c3d","14","lib","lib","","",""
"SC3U.exe","0x004c7c4b","Unwind@004c7c4b","14","lib","lib","","",""
"SC3U.exe","0x004c7c59","Unwind@004c7c59","14","lib","lib","","",""
"SC3U.exe","0x004c7c67","Unwind@004c7c67","14","lib","lib","","",""
"SC3U.exe","0x004c7c75","Unwind@004c7c75","14","lib","lib","","",""
"SC3U.exe","0x004c7c83","Unwind@004c7c83","14","lib","lib","","",""
"SC3U.exe","0x004c7c91","Unwind@004c7c91","14","lib","lib","","",""
"SC3U.exe","0x004c7c9f","Unwind@004c7c9f","14","lib","lib","","",""
"SC3U.exe","0x004c7cad","Unwind@004c7cad","8","lib","lib","","",""
"SC3U.exe","0x004c7cc0","Unwind@004c7cc0","8","lib","lib","","",""
"SC3U.exe","0x004c7cd4","Unwind@004c7cd4","8","lib","lib","","",""
"SC3U.exe","0x004c7cdc","Unwind@004c7cdc","8","lib","lib","","",""
"SC3U.exe","0x004c7ce4","Unwind@004c7ce4","8","lib","lib","","",""
"SC3U.exe","0x004c7cec","Unwind@004c7cec","8","lib","lib","","",""
"SC3U.exe","0x004c7cf4","Unwind@004c7cf4","8","lib","lib","","",""
"SC3U.exe","0x004c7cfc","Unwind@004c7cfc","8","lib","lib","","",""
"SC3U.exe","0x004c7d04","Unwind@004c7d04","8","lib","lib","","",""
"SC3U.exe","0x004c7d0c","Unwind@004c7d0c","8","lib","lib","","",""
"SC3U.exe","0x004c7d14","Unwind@004c7d14","8","lib","lib","","",""
"SC3U.exe","0x004c7d28","Unwind@004c7d28","11","lib","lib","","",""
"SC3U.exe","0x004c7d33","Unwind@004c7d33","8","lib","lib","","",""
"SC3U.exe","0x004c7d3b","Unwind@004c7d3b","8","lib","lib","","",""
"SC3U.exe","0x004c7d43","Unwind@004c7d43","8","lib","lib","","",""
"SC3U.exe","0x004c7d4b","Unwind@004c7d4b","8","lib","lib","","",""
"SC3U.exe","0x004c7d53","Unwind@004c7d53","8","lib","lib","","",""
"SC3U.exe","0x004c7d5b","Unwind@004c7d5b","8","lib","lib","","",""
"SC3U.exe","0x004c7d70","Unwind@004c7d70","8","lib","lib","","",""
"SC3U.exe","0x004c7d78","Unwind@004c7d78","8","lib","lib","","",""
"SC3U.exe","0x004c7d8c","Unwind@004c7d8c","8","lib","lib","","",""
"SC3U.exe","0x004c7da0","Unwind@004c7da0","8","lib","lib","","",""
"SC3U.exe","0x004c7da8","Unwind@004c7da8","8","lib","lib","","",""
"SC3U.exe","0x004c7db0","Unwind@004c7db0","8","lib","lib","","",""
"SC3U.exe","0x004c7db8","Unwind@004c7db8","8","lib","lib","","",""
"SC3U.exe","0x004c7dcc","Unwind@004c7dcc","11","lib","lib","","",""
"SC3U.exe","0x004c7de4","Unwind@004c7de4","8","lib","lib","","",""
"SC3U.exe","0x004c7df8","Unwind@004c7df8","11","lib","lib","","",""
"SC3U.exe","0x004c7e10","Unwind@004c7e10","8","lib","lib","","",""
"SC3U.exe","0x004c7e18","Unwind@004c7e18","8","lib","lib","","",""
"SC3U.exe","0x004c7e2c","Unwind@004c7e2c","8","lib","lib","","",""
"SC3U.exe","0x004c7e34","Unwind@004c7e34","8","lib","lib","","",""
"SC3U.exe","0x004c7e48","Unwind@004c7e48","11","lib","lib","","",""
"SC3U.exe","0x004c7e53","Unwind@004c7e53","11","lib","lib","","",""
"SC3U.exe","0x004c7e5e","Unwind@004c7e5e","8","lib","lib","","",""
"SC3U.exe","0x004c7e66","Unwind@004c7e66","8","lib","lib","","",""
"SC3U.exe","0x004c7e6e","Unwind@004c7e6e","8","lib","lib","","",""
"SC3U.exe","0x004c7e76","Unwind@004c7e76","11","lib","lib","","",""
"SC3U.exe","0x004c7e81","Unwind@004c7e81","11","lib","lib","","",""
"SC3U.exe","0x004c7e8c","Unwind@004c7e8c","8","lib","lib","","",""
"SC3U.exe","0x004c7e94","Unwind@004c7e94","8","lib","lib","","",""
"SC3U.exe","0x004c7e9c","Unwind@004c7e9c","8","lib","lib","","",""
"SC3U.exe","0x004c7ea4","Unwind@004c7ea4","8","lib","lib","","",""
"SC3U.exe","0x004c7eac","Unwind@004c7eac","10","lib","lib","","",""
"SC3U.exe","0x004c7eb6","Unwind@004c7eb6","8","lib","lib","","",""
"SC3U.exe","0x004c7ebe","Unwind@004c7ebe","11","lib","lib","","",""
"SC3U.exe","0x004c7ec9","Unwind@004c7ec9","11","lib","lib","","",""
"SC3U.exe","0x004c7ed4","Unwind@004c7ed4","11","lib","lib","","",""
"SC3U.exe","0x004c7edf","Unwind@004c7edf","11","lib","lib","","",""
"SC3U.exe","0x004c7eea","Unwind@004c7eea","11","lib","lib","","",""
"SC3U.exe","0x004c7ef5","Unwind@004c7ef5","11","lib","lib","","",""
"SC3U.exe","0x004c7f00","Unwind@004c7f00","11","lib","lib","","",""
"SC3U.exe","0x004c7f0b","Unwind@004c7f0b","11","lib","lib","","",""
"SC3U.exe","0x004c7f16","Unwind@004c7f16","11","lib","lib","","",""
"SC3U.exe","0x004c7f21","Unwind@004c7f21","11","lib","lib","","",""
"SC3U.exe","0x004c7f2c","Unwind@004c7f2c","11","lib","lib","","",""
"SC3U.exe","0x004c7f37","Unwind@004c7f37","11","lib","lib","","",""
"SC3U.exe","0x004c7f42","Unwind@004c7f42","11","lib","lib","","",""
"SC3U.exe","0x004c7f4d","Unwind@004c7f4d","8","lib","lib","","",""
"SC3U.exe","0x004c7f55","Unwind@004c7f55","11","lib","lib","","",""
"SC3U.exe","0x004c7f6c","Unwind@004c7f6c","8","lib","lib","","",""
"SC3U.exe","0x004c7f74","Unwind@004c7f74","8","lib","lib","","",""
"SC3U.exe","0x004c7fa0","Unwind@004c7fa0","8","lib","lib","","",""
"SC3U.exe","0x004c7fb4","Unwind@004c7fb4","10","lib","lib","","",""
"SC3U.exe","0x004c7fc8","Unwind@004c7fc8","10","lib","lib","","",""
"SC3U.exe","0x004c7fdc","Unwind@004c7fdc","8","lib","lib","","",""
"SC3U.exe","0x004c7ff0","Unwind@004c7ff0","8","lib","lib","","",""
"SC3U.exe","0x004c8004","Unwind@004c8004","8","lib","lib","","",""
"SC3U.exe","0x004c8018","Unwind@004c8018","8","lib","lib","","",""
"SC3U.exe","0x004c802c","Unwind@004c802c","8","lib","lib","","",""
"SC3U.exe","0x004c80d0","Unwind@004c80d0","11","lib","lib","","",""
"SC3U.exe","0x004c80db","Unwind@004c80db","11","lib","lib","","",""
"SC3U.exe","0x004c80f0","Unwind@004c80f0","11","lib","lib","","",""
"SC3U.exe","0x004c80fb","Unwind@004c80fb","11","lib","lib","","",""
"SC3U.exe","0x004c8110","Unwind@004c8110","8","lib","lib","","",""
"SC3U.exe","0x004c8124","Unwind@004c8124","8","lib","lib","","",""
"SC3U.exe","0x004c8138","Unwind@004c8138","8","lib","lib","","",""
"SC3U.exe","0x004c8158","Unwind@004c8158","11","lib","lib","","",""
"SC3U.exe","0x004c8163","Unwind@004c8163","11","lib","lib","","",""
"SC3U.exe","0x004c8178","Unwind@004c8178","11","lib","lib","","",""
"SC3U.exe","0x004c8183","Unwind@004c8183","11","lib","lib","","",""
"SC3U.exe","0x004c8198","Unwind@004c8198","11","lib","lib","","",""
"SC3U.exe","0x004c81a3","Unwind@004c81a3","11","lib","lib","","",""
"SC3U.exe","0x004c81ae","Unwind@004c81ae","11","lib","lib","","",""
"SC3U.exe","0x004c81c4","Unwind@004c81c4","8","lib","lib","","",""
"SC3U.exe","0x004c81d8","Unwind@004c81d8","8","lib","lib","","",""
"SC3U.exe","0x004c81ec","Unwind@004c81ec","8","lib","lib","","",""
"SC3U.exe","0x004c8200","Unwind@004c8200","8","lib","lib","","",""
"SC3U.exe","0x004c8214","Unwind@004c8214","8","lib","lib","","",""
"SC3U.exe","0x004c8228","Unwind@004c8228","8","lib","lib","","",""
"SC3U.exe","0x004c8230","Unwind@004c8230","8","lib","lib","","",""
"SC3U.exe","0x004c8238","Unwind@004c8238","8","lib","lib","","",""
"SC3U.exe","0x004c8240","Unwind@004c8240","8","lib","lib","","",""
"SC3U.exe","0x004c8248","Unwind@004c8248","8","lib","lib","","",""
"SC3U.exe","0x004c8250","Unwind@004c8250","8","lib","lib","","",""
"SC3U.exe","0x004c8258","Unwind@004c8258","8","lib","lib","","",""
"SC3U.exe","0x004c8260","Unwind@004c8260","11","lib","lib","","",""
"SC3U.exe","0x004c826b","Unwind@004c826b","11","lib","lib","","",""
"SC3U.exe","0x004c8276","Unwind@004c8276","11","lib","lib","","",""
"SC3U.exe","0x004c8281","Unwind@004c8281","11","lib","lib","","",""
"SC3U.exe","0x004c828c","Unwind@004c828c","11","lib","lib","","",""
"SC3U.exe","0x004c8297","Unwind@004c8297","11","lib","lib","","",""
"SC3U.exe","0x004c82ac","Unwind@004c82ac","8","lib","lib","","",""
"SC3U.exe","0x004c82b4","Unwind@004c82b4","8","lib","lib","","",""
"SC3U.exe","0x004c82bc","Unwind@004c82bc","8","lib","lib","","",""
"SC3U.exe","0x004c82c4","Unwind@004c82c4","8","lib","lib","","",""
"SC3U.exe","0x004c82cc","Unwind@004c82cc","8","lib","lib","","",""
"SC3U.exe","0x004c82e0","Unwind@004c82e0","8","lib","lib","","",""
"SC3U.exe","0x004c82e8","Unwind@004c82e8","8","lib","lib","","",""
"SC3U.exe","0x004c82f0","Unwind@004c82f0","8","lib","lib","","",""
"SC3U.exe","0x004c82f8","Unwind@004c82f8","8","lib","lib","","",""
"SC3U.exe","0x004c8300","Unwind@004c8300","8","lib","lib","","",""
"SC3U.exe","0x004c8308","Unwind@004c8308","11","lib","lib","","",""
"SC3U.exe","0x004c8313","Unwind@004c8313","11","lib","lib","","",""
"SC3U.exe","0x004c8328","Unwind@004c8328","8","lib","lib","","",""
"SC3U.exe","0x004c833c","Unwind@004c833c","8","lib","lib","","",""
"SC3U.exe","0x004c8344","Unwind@004c8344","8","lib","lib","","",""
"SC3U.exe","0x004c8358","Unwind@004c8358","8","lib","lib","","",""
"SC3U.exe","0x004c8360","Unwind@004c8360","8","lib","lib","","",""
"SC3U.exe","0x004c8368","Unwind@004c8368","8","lib","lib","","",""
"SC3U.exe","0x004c837c","Unwind@004c837c","8","lib","lib","","",""
"SC3U.exe","0x004c8384","Unwind@004c8384","8","lib","lib","","",""
"SC3U.exe","0x004c8398","Unwind@004c8398","8","lib","lib","","",""
"SC3U.exe","0x004c83ac","Unwind@004c83ac","8","lib","lib","","",""
"SC3U.exe","0x004c83c0","Unwind@004c83c0","8","lib","lib","","",""
"SC3U.exe","0x004c83d4","Unwind@004c83d4","14","lib","lib","","",""
"SC3U.exe","0x004c83e2","Unwind@004c83e2","8","lib","lib","","",""
"SC3U.exe","0x004c83ea","Unwind@004c83ea","14","lib","lib","","",""
"SC3U.exe","0x004c8404","Unwind@004c8404","14","lib","lib","","",""
"SC3U.exe","0x004c841c","Unwind@004c841c","8","lib","lib","","",""
"SC3U.exe","0x004c8430","Unwind@004c8430","14","lib","lib","","",""
"SC3U.exe","0x004c8448","Unwind@004c8448","14","lib","lib","","",""
"SC3U.exe","0x004c8460","Unwind@004c8460","8","lib","lib","","",""
"SC3U.exe","0x004c8468","Unwind@004c8468","11","lib","lib","","",""
"SC3U.exe","0x004c8473","Unwind@004c8473","11","lib","lib","","",""
"SC3U.exe","0x004c847e","Unwind@004c847e","8","lib","lib","","",""
"SC3U.exe","0x004c8486","Unwind@004c8486","8","lib","lib","","",""
"SC3U.exe","0x004c848e","Unwind@004c848e","8","lib","lib","","",""
"SC3U.exe","0x004c8496","Unwind@004c8496","8","lib","lib","","",""
"SC3U.exe","0x004c849e","Unwind@004c849e","8","lib","lib","","",""
"SC3U.exe","0x004c84a6","Unwind@004c84a6","8","lib","lib","","",""
"SC3U.exe","0x004c84ae","Unwind@004c84ae","8","lib","lib","","",""
"SC3U.exe","0x004c84b6","Unwind@004c84b6","8","lib","lib","","",""
"SC3U.exe","0x004c84be","Unwind@004c84be","8","lib","lib","","",""
"SC3U.exe","0x004c84c6","Unwind@004c84c6","8","lib","lib","","",""
"SC3U.exe","0x004c84ce","Unwind@004c84ce","8","lib","lib","","",""
"SC3U.exe","0x004c84d6","Unwind@004c84d6","11","lib","lib","","",""
"SC3U.exe","0x004c84ec","Unwind@004c84ec","8","lib","lib","","",""
"SC3U.exe","0x004c8500","Unwind@004c8500","8","lib","lib","","",""
"SC3U.exe","0x004c8514","Unwind@004c8514","8","lib","lib","","",""
"SC3U.exe","0x004c8528","Unwind@004c8528","8","lib","lib","","",""
"SC3U.exe","0x004c853c","Unwind@004c853c","8","lib","lib","","",""
"SC3U.exe","0x004c8550","Unwind@004c8550","11","lib","lib","","",""
"SC3U.exe","0x004c8568","Unwind@004c8568","26","lib","lib","","",""
"SC3U.exe","0x004c858c","Unwind@004c858c","8","lib","lib","","",""
"SC3U.exe","0x004c85a0","Unwind@004c85a0","8","lib","lib","","",""
"SC3U.exe","0x004c85b4","Unwind@004c85b4","8","lib","lib","","",""
"SC3U.exe","0x004c85c8","Unwind@004c85c8","14","lib","lib","","",""
"SC3U.exe","0x004c85e0","Unwind@004c85e0","8","lib","lib","","",""
"SC3U.exe","0x004c85f4","Unwind@004c85f4","11","lib","lib","","",""
"SC3U.exe","0x004c85ff","Unwind@004c85ff","11","lib","lib","","",""
"SC3U.exe","0x004c860a","Unwind@004c860a","11","lib","lib","","",""
"SC3U.exe","0x004c8615","Unwind@004c8615","11","lib","lib","","",""
"SC3U.exe","0x004c862c","Unwind@004c862c","20","lib","lib","","",""
"SC3U.exe","0x004c8640","Unwind@004c8640","11","lib","lib","","",""
"SC3U.exe","0x004c864b","Unwind@004c864b","11","lib","lib","","",""
"SC3U.exe","0x004c8656","Unwind@004c8656","11","lib","lib","","",""
"SC3U.exe","0x004c8661","Unwind@004c8661","14","lib","lib","","",""
"SC3U.exe","0x004c867c","Unwind@004c867c","11","lib","lib","","",""
"SC3U.exe","0x004c8694","Unwind@004c8694","8","lib","lib","","",""
"SC3U.exe","0x004c86a8","Unwind@004c86a8","8","lib","lib","","",""
"SC3U.exe","0x004c86bc","Unwind@004c86bc","8","lib","lib","","",""
"SC3U.exe","0x004c86d0","Unwind@004c86d0","8","lib","lib","","",""
"SC3U.exe","0x004c8720","Unwind@004c8720","11","lib","lib","","",""
"SC3U.exe","0x004c8744","Unwind@004c8744","10","lib","lib","","",""
"SC3U.exe","0x004c8758","Unwind@004c8758","8","lib","lib","","",""
"SC3U.exe","0x004c876c","Unwind@004c876c","8","lib","lib","","",""
"SC3U.exe","0x004c8780","Unwind@004c8780","8","lib","lib","","",""
"SC3U.exe","0x004c8794","Unwind@004c8794","8","lib","lib","","",""
"SC3U.exe","0x004c87a8","Unwind@004c87a8","8","lib","lib","","",""
"SC3U.exe","0x004c87bc","Unwind@004c87bc","8","lib","lib","","",""
"SC3U.exe","0x004c87d0","Unwind@004c87d0","11","lib","lib","","",""
"SC3U.exe","0x004c87db","Unwind@004c87db","11","lib","lib","","",""
"SC3U.exe","0x004c87e6","Unwind@004c87e6","11","lib","lib","","",""
"SC3U.exe","0x004c87f1","Unwind@004c87f1","11","lib","lib","","",""
"SC3U.exe","0x004c8808","Unwind@004c8808","11","lib","lib","","",""
"SC3U.exe","0x004c8813","Unwind@004c8813","11","lib","lib","","",""
"SC3U.exe","0x004c881e","Unwind@004c881e","11","lib","lib","","",""
"SC3U.exe","0x004c8829","Unwind@004c8829","11","lib","lib","","",""
"SC3U.exe","0x004c8834","Unwind@004c8834","8","lib","lib","","",""
"SC3U.exe","0x004c8848","Unwind@004c8848","8","lib","lib","","",""
"SC3U.exe","0x004c885c","Unwind@004c885c","8","lib","lib","","",""
"SC3U.exe","0x004c8870","Unwind@004c8870","8","lib","lib","","",""
"SC3U.exe","0x004c8884","Unwind@004c8884","8","lib","lib","","",""
"SC3U.exe","0x004c8898","Unwind@004c8898","8","lib","lib","","",""
"SC3U.exe","0x004c88ac","Unwind@004c88ac","8","lib","lib","","",""
"SC3U.exe","0x004c88c0","Unwind@004c88c0","8","lib","lib","","",""
"SC3U.exe","0x004c88d4","Unwind@004c88d4","8","lib","lib","","",""
"SC3U.exe","0x004c88dc","Unwind@004c88dc","8","lib","lib","","",""
"SC3U.exe","0x004c88f0","Unwind@004c88f0","8","lib","lib","","",""
"SC3U.exe","0x004c8904","Unwind@004c8904","11","lib","lib","","",""
"SC3U.exe","0x004c890f","Unwind@004c890f","8","lib","lib","","",""
"SC3U.exe","0x004c8917","Unwind@004c8917","11","lib","lib","","",""
"SC3U.exe","0x004c8922","Unwind@004c8922","8","lib","lib","","",""
"SC3U.exe","0x004c892a","Unwind@004c892a","8","lib","lib","","",""
"SC3U.exe","0x004c8932","Unwind@004c8932","11","lib","lib","","",""
"SC3U.exe","0x004c893d","Unwind@004c893d","8","lib","lib","","",""
"SC3U.exe","0x004c8945","Unwind@004c8945","8","lib","lib","","",""
"SC3U.exe","0x004c894d","Unwind@004c894d","11","lib","lib","","",""
"SC3U.exe","0x004c8958","Unwind@004c8958","11","lib","lib","","",""
"SC3U.exe","0x004c8963","Unwind@004c8963","11","lib","lib","","",""
"SC3U.exe","0x004c896e","Unwind@004c896e","11","lib","lib","","",""
"SC3U.exe","0x004c8984","Unwind@004c8984","8","lib","lib","","",""
"SC3U.exe","0x004c898c","Unwind@004c898c","8","lib","lib","","",""
"SC3U.exe","0x004c8994","Unwind@004c8994","8","lib","lib","","",""
"SC3U.exe","0x004c89a8","Unwind@004c89a8","8","lib","lib","","",""
"SC3U.exe","0x004c89bc","Unwind@004c89bc","8","lib","lib","","",""
"SC3U.exe","0x004c89d0","Unwind@004c89d0","8","lib","lib","","",""
"SC3U.exe","0x004c89d8","Unwind@004c89d8","8","lib","lib","","",""
"SC3U.exe","0x004c89ec","Unwind@004c89ec","11","lib","lib","","",""
"SC3U.exe","0x004c8a04","Unwind@004c8a04","11","lib","lib","","",""
"SC3U.exe","0x004c8a1c","Unwind@004c8a1c","11","lib","lib","","",""
"SC3U.exe","0x004c8a27","Unwind@004c8a27","11","lib","lib","","",""
"SC3U.exe","0x004c8a32","Unwind@004c8a32","8","lib","lib","","",""
"SC3U.exe","0x004c8a44","Unwind@004c8a44","11","lib","lib","","",""
"SC3U.exe","0x004c8a4f","Unwind@004c8a4f","11","lib","lib","","",""
"SC3U.exe","0x004c8a64","Unwind@004c8a64","8","lib","lib","","",""
"SC3U.exe","0x004c8a78","Unwind@004c8a78","8","lib","lib","","",""
"SC3U.exe","0x004c8a8c","Unwind@004c8a8c","8","lib","lib","","",""
"SC3U.exe","0x004c8aa0","Unwind@004c8aa0","8","lib","lib","","",""
"SC3U.exe","0x004c8ab4","Unwind@004c8ab4","8","lib","lib","","",""
"SC3U.exe","0x004c8ac8","Unwind@004c8ac8","8","lib","lib","","",""
"SC3U.exe","0x004c8adc","Unwind@004c8adc","8","lib","lib","","",""
"SC3U.exe","0x004c8ae4","Unwind@004c8ae4","8","lib","lib","","",""
"SC3U.exe","0x004c8af8","Unwind@004c8af8","8","lib","lib","","",""
"SC3U.exe","0x004c8b00","Unwind@004c8b00","8","lib","lib","","",""
"SC3U.exe","0x004c8b14","Unwind@004c8b14","8","lib","lib","","",""
"SC3U.exe","0x004c8b28","Unwind@004c8b28","8","lib","lib","","",""
"SC3U.exe","0x004c8b3c","Unwind@004c8b3c","8","lib","lib","","",""
"SC3U.exe","0x004c8b50","Unwind@004c8b50","8","lib","lib","","",""
"SC3U.exe","0x004c8b64","Unwind@004c8b64","8","lib","lib","","",""
"SC3U.exe","0x004c8b78","Unwind@004c8b78","11","lib","lib","","",""
"SC3U.exe","0x004c8b90","Unwind@004c8b90","11","lib","lib","","",""
"SC3U.exe","0x004c8ba8","Unwind@004c8ba8","11","lib","lib","","",""
"SC3U.exe","0x004c8bc0","Unwind@004c8bc0","11","lib","lib","","",""
"SC3U.exe","0x004c8bd8","Unwind@004c8bd8","11","lib","lib","","",""
"SC3U.exe","0x004c8bf0","Unwind@004c8bf0","8","lib","lib","","",""
"SC3U.exe","0x004c8bf8","Unwind@004c8bf8","8","lib","lib","","",""
"SC3U.exe","0x004c8c0c","Unwind@004c8c0c","11","lib","lib","","",""
"SC3U.exe","0x004c8c24","Unwind@004c8c24","11","lib","lib","","",""
"SC3U.exe","0x004c8c2f","Unwind@004c8c2f","11","lib","lib","","",""
"SC3U.exe","0x004c8c44","Unwind@004c8c44","10","lib","lib","","",""
"SC3U.exe","0x004c8c4e","Unwind@004c8c4e","10","lib","lib","","",""
"SC3U.exe","0x004c8c58","Unwind@004c8c58","10","lib","lib","","",""
"SC3U.exe","0x004c8c6c","Unwind@004c8c6c","10","lib","lib","","",""
"SC3U.exe","0x004c8c80","Unwind@004c8c80","8","lib","lib","","",""
"SC3U.exe","0x004c8c94","Unwind@004c8c94","8","lib","lib","","",""
"SC3U.exe","0x004c8cc0","Unwind@004c8cc0","9","lib","lib","","",""
"SC3U.exe","0x004c8cd4","Unwind@004c8cd4","11","lib","lib","","",""
"SC3U.exe","0x004c8cec","Unwind@004c8cec","11","lib","lib","","",""
"SC3U.exe","0x004c8cf7","Unwind@004c8cf7","11","lib","lib","","",""
"SC3U.exe","0x004c8d0c","Unwind@004c8d0c","20","lib","lib","","",""
"SC3U.exe","0x004c8d2c","Unwind@004c8d2c","8","lib","lib","","",""
"SC3U.exe","0x004c8d40","Unwind@004c8d40","11","lib","lib","","",""
"SC3U.exe","0x004c8d58","Unwind@004c8d58","11","lib","lib","","",""
"SC3U.exe","0x004c8d70","Unwind@004c8d70","11","lib","lib","","",""
"SC3U.exe","0x004c8d7b","Unwind@004c8d7b","11","lib","lib","","",""
"SC3U.exe","0x004c8d90","Unwind@004c8d90","8","lib","lib","","",""
"SC3U.exe","0x004c8db0","Unwind@004c8db0","8","lib","lib","","",""
"SC3U.exe","0x004c8db8","Unwind@004c8db8","11","lib","lib","","",""
"SC3U.exe","0x004c8dc3","Unwind@004c8dc3","11","lib","lib","","",""
"SC3U.exe","0x004c8dd8","Unwind@004c8dd8","11","lib","lib","","",""
"SC3U.exe","0x004c8de3","Unwind@004c8de3","8","lib","lib","","",""
"SC3U.exe","0x004c8deb","Unwind@004c8deb","8","lib","lib","","",""
"SC3U.exe","0x004c8df3","Unwind@004c8df3","8","lib","lib","","",""
"SC3U.exe","0x004c8dfb","Unwind@004c8dfb","8","lib","lib","","",""
"SC3U.exe","0x004c8e03","Unwind@004c8e03","8","lib","lib","","",""
"SC3U.exe","0x004c8e0b","Unwind@004c8e0b","8","lib","lib","","",""
"SC3U.exe","0x004c8e13","Unwind@004c8e13","11","lib","lib","","",""
"SC3U.exe","0x004c8e1e","Unwind@004c8e1e","8","lib","lib","","",""
"SC3U.exe","0x004c8e26","Unwind@004c8e26","8","lib","lib","","",""
"SC3U.exe","0x004c8e2e","Unwind@004c8e2e","8","lib","lib","","",""
"SC3U.exe","0x004c8e36","Unwind@004c8e36","11","lib","lib","","",""
"SC3U.exe","0x004c8e4c","Unwind@004c8e4c","11","lib","lib","","",""
"SC3U.exe","0x004c8e57","Unwind@004c8e57","8","lib","lib","","",""
"SC3U.exe","0x004c8e5f","Unwind@004c8e5f","11","lib","lib","","",""
"SC3U.exe","0x004c8e6a","Unwind@004c8e6a","8","lib","lib","","",""
"SC3U.exe","0x004c8e72","Unwind@004c8e72","8","lib","lib","","",""
"SC3U.exe","0x004c8e7a","Unwind@004c8e7a","8","lib","lib","","",""
"SC3U.exe","0x004c8e82","Unwind@004c8e82","8","lib","lib","","",""
"SC3U.exe","0x004c8e8a","Unwind@004c8e8a","8","lib","lib","","",""
"SC3U.exe","0x004c8e92","Unwind@004c8e92","8","lib","lib","","",""
"SC3U.exe","0x004c8e9a","Unwind@004c8e9a","8","lib","lib","","",""
"SC3U.exe","0x004c8ea2","Unwind@004c8ea2","8","lib","lib","","",""
"SC3U.exe","0x004c8eaa","Unwind@004c8eaa","8","lib","lib","","",""
"SC3U.exe","0x004c8eb2","Unwind@004c8eb2","11","lib","lib","","",""
"SC3U.exe","0x004c8ebd","Unwind@004c8ebd","11","lib","lib","","",""
"SC3U.exe","0x004c8ec8","Unwind@004c8ec8","8","lib","lib","","",""
"SC3U.exe","0x004c8ed0","Unwind@004c8ed0","8","lib","lib","","",""
"SC3U.exe","0x004c8ed8","Unwind@004c8ed8","8","lib","lib","","",""
"SC3U.exe","0x004c8eec","Unwind@004c8eec","8","lib","lib","","",""
"SC3U.exe","0x004c8ef4","Unwind@004c8ef4","8","lib","lib","","",""
"SC3U.exe","0x004c8efc","Unwind@004c8efc","8","lib","lib","","",""
"SC3U.exe","0x004c8f04","Unwind@004c8f04","8","lib","lib","","",""
"SC3U.exe","0x004c8f0c","Unwind@004c8f0c","8","lib","lib","","",""
"SC3U.exe","0x004c8f14","Unwind@004c8f14","8","lib","lib","","",""
"SC3U.exe","0x004c8f1c","Unwind@004c8f1c","8","lib","lib","","",""
"SC3U.exe","0x004c8f24","Unwind@004c8f24","8","lib","lib","","",""
"SC3U.exe","0x004c8f2c","Unwind@004c8f2c","8","lib","lib","","",""
"SC3U.exe","0x004c8f40","Unwind@004c8f40","8","lib","lib","","",""
"SC3U.exe","0x004c8f54","Unwind@004c8f54","8","lib","lib","","",""
"SC3U.exe","0x004c8f68","Unwind@004c8f68","8","lib","lib","","",""
"SC3U.exe","0x004c8f70","Unwind@004c8f70","8","lib","lib","","",""
"SC3U.exe","0x004c8f78","Unwind@004c8f78","8","lib","lib","","",""
"SC3U.exe","0x004c8f80","Unwind@004c8f80","8","lib","lib","","",""
"SC3U.exe","0x004c8f88","Unwind@004c8f88","8","lib","lib","","",""
"SC3U.exe","0x004c8f90","Unwind@004c8f90","8","lib","lib","","",""
"SC3U.exe","0x004c8f98","Unwind@004c8f98","8","lib","lib","","",""
"SC3U.exe","0x004c8fa0","Unwind@004c8fa0","8","lib","lib","","",""
"SC3U.exe","0x004c8fb4","Unwind@004c8fb4","8","lib","lib","","",""
"SC3U.exe","0x004c8fbc","Unwind@004c8fbc","8","lib","lib","","",""
"SC3U.exe","0x004c8fc4","Unwind@004c8fc4","8","lib","lib","","",""
"SC3U.exe","0x004c8fd8","Unwind@004c8fd8","8","lib","lib","","",""
"SC3U.exe","0x004c8fec","Unwind@004c8fec","8","lib","lib","","",""
"SC3U.exe","0x004c9000","Unwind@004c9000","8","lib","lib","","",""
"SC3U.exe","0x004c9008","Unwind@004c9008","11","lib","lib","","",""
"SC3U.exe","0x004c9013","Unwind@004c9013","11","lib","lib","","",""
"SC3U.exe","0x004c901e","Unwind@004c901e","11","lib","lib","","",""
"SC3U.exe","0x004c9034","Unwind@004c9034","8","lib","lib","","",""
"SC3U.exe","0x004c903c","Unwind@004c903c","11","lib","lib","","",""
"SC3U.exe","0x004c9047","Unwind@004c9047","11","lib","lib","","",""
"SC3U.exe","0x004c9052","Unwind@004c9052","11","lib","lib","","",""
"SC3U.exe","0x004c9068","Unwind@004c9068","8","lib","lib","","",""
"SC3U.exe","0x004c9070","Unwind@004c9070","11","lib","lib","","",""
"SC3U.exe","0x004c907b","Unwind@004c907b","11","lib","lib","","",""
"SC3U.exe","0x004c9086","Unwind@004c9086","11","lib","lib","","",""
"SC3U.exe","0x004c909c","Unwind@004c909c","8","lib","lib","","",""
"SC3U.exe","0x004c90a4","Unwind@004c90a4","11","lib","lib","","",""
"SC3U.exe","0x004c90af","Unwind@004c90af","11","lib","lib","","",""
"SC3U.exe","0x004c90ba","Unwind@004c90ba","11","lib","lib","","",""
"SC3U.exe","0x004c90d0","Unwind@004c90d0","8","lib","lib","","",""
"SC3U.exe","0x004c90d8","Unwind@004c90d8","8","lib","lib","","",""
"SC3U.exe","0x004c90e0","Unwind@004c90e0","8","lib","lib","","",""
"SC3U.exe","0x004c90e8","Unwind@004c90e8","8","lib","lib","","",""
"SC3U.exe","0x004c90fc","Unwind@004c90fc","8","lib","lib","","",""
"SC3U.exe","0x004c9110","Unwind@004c9110","8","lib","lib","","",""
"SC3U.exe","0x004c9124","Unwind@004c9124","8","lib","lib","","",""
"SC3U.exe","0x004c9138","Unwind@004c9138","14","lib","lib","","",""
"SC3U.exe","0x004c9150","Unwind@004c9150","11","lib","lib","","",""
"SC3U.exe","0x004c9168","Unwind@004c9168","11","lib","lib","","",""
"SC3U.exe","0x004c9173","Unwind@004c9173","11","lib","lib","","",""
"SC3U.exe","0x004c917e","Unwind@004c917e","11","lib","lib","","",""
"SC3U.exe","0x004c9189","Unwind@004c9189","11","lib","lib","","",""
"SC3U.exe","0x004c9194","Unwind@004c9194","11","lib","lib","","",""
"SC3U.exe","0x004c919f","Unwind@004c919f","11","lib","lib","","",""
"SC3U.exe","0x004c91aa","Unwind@004c91aa","14","lib","lib","","",""
"SC3U.exe","0x004c91b8","Unwind@004c91b8","14","lib","lib","","",""
"SC3U.exe","0x004c91c6","Unwind@004c91c6","14","lib","lib","","",""
"SC3U.exe","0x004c91d4","Unwind@004c91d4","14","lib","lib","","",""
"SC3U.exe","0x004c91e2","Unwind@004c91e2","14","lib","lib","","",""
"SC3U.exe","0x004c91f0","Unwind@004c91f0","14","lib","lib","","",""
"SC3U.exe","0x004c9208","Unwind@004c9208","8","lib","lib","","",""
"SC3U.exe","0x004c921c","Unwind@004c921c","8","lib","lib","","",""
"SC3U.exe","0x004c9230","Unwind@004c9230","8","lib","lib","","",""
"SC3U.exe","0x004c9238","Unwind@004c9238","11","lib","lib","","",""
"SC3U.exe","0x004c9243","Unwind@004c9243","11","lib","lib","","",""
"SC3U.exe","0x004c924e","Unwind@004c924e","11","lib","lib","","",""
"SC3U.exe","0x004c9259","Unwind@004c9259","11","lib","lib","","",""
"SC3U.exe","0x004c9264","Unwind@004c9264","11","lib","lib","","",""
"SC3U.exe","0x004c926f","Unwind@004c926f","14","lib","lib","","",""
"SC3U.exe","0x004c927d","Unwind@004c927d","14","lib","lib","","",""
"SC3U.exe","0x004c928b","Unwind@004c928b","14","lib","lib","","",""
"SC3U.exe","0x004c9299","Unwind@004c9299","14","lib","lib","","",""
"SC3U.exe","0x004c92a7","Unwind@004c92a7","14","lib","lib","","",""
"SC3U.exe","0x004c92b5","Unwind@004c92b5","14","lib","lib","","",""
"SC3U.exe","0x004c92d0","Unwind@004c92d0","8","lib","lib","","",""
"SC3U.exe","0x004c92d8","Unwind@004c92d8","8","lib","lib","","",""
"SC3U.exe","0x004c92e0","Unwind@004c92e0","11","lib","lib","","",""
"SC3U.exe","0x004c92eb","Unwind@004c92eb","11","lib","lib","","",""
"SC3U.exe","0x004c92f6","Unwind@004c92f6","8","lib","lib","","",""
"SC3U.exe","0x004c92fe","Unwind@004c92fe","11","lib","lib","","",""
"SC3U.exe","0x004c9309","Unwind@004c9309","8","lib","lib","","",""
"SC3U.exe","0x004c9311","Unwind@004c9311","8","lib","lib","","",""
"SC3U.exe","0x004c9319","Unwind@004c9319","8","lib","lib","","",""
"SC3U.exe","0x004c932c","Unwind@004c932c","8","lib","lib","","",""
"SC3U.exe","0x004c9334","Unwind@004c9334","8","lib","lib","","",""
"SC3U.exe","0x004c933c","Unwind@004c933c","11","lib","lib","","",""
"SC3U.exe","0x004c9347","Unwind@004c9347","11","lib","lib","","",""
"SC3U.exe","0x004c9352","Unwind@004c9352","8","lib","lib","","",""
"SC3U.exe","0x004c935a","Unwind@004c935a","11","lib","lib","","",""
"SC3U.exe","0x004c9365","Unwind@004c9365","8","lib","lib","","",""
"SC3U.exe","0x004c936d","Unwind@004c936d","8","lib","lib","","",""
"SC3U.exe","0x004c9375","Unwind@004c9375","8","lib","lib","","",""
"SC3U.exe","0x004c9388","Unwind@004c9388","8","lib","lib","","",""
"SC3U.exe","0x004c9390","Unwind@004c9390","8","lib","lib","","",""
"SC3U.exe","0x004c9398","Unwind@004c9398","8","lib","lib","","",""
"SC3U.exe","0x004c93a0","Unwind@004c93a0","8","lib","lib","","",""
"SC3U.exe","0x004c93a8","Unwind@004c93a8","8","lib","lib","","",""
"SC3U.exe","0x004c93b0","Unwind@004c93b0","8","lib","lib","","",""
"SC3U.exe","0x004c93c4","Unwind@004c93c4","8","lib","lib","","",""
"SC3U.exe","0x004c93d8","Unwind@004c93d8","11","lib","lib","","",""
"SC3U.exe","0x004c93e3","Unwind@004c93e3","8","lib","lib","","",""
"SC3U.exe","0x004c93eb","Unwind@004c93eb","8","lib","lib","","",""
"SC3U.exe","0x004c93f3","Unwind@004c93f3","8","lib","lib","","",""
"SC3U.exe","0x004c93fb","Unwind@004c93fb","11","lib","lib","","",""
"SC3U.exe","0x004c9406","Unwind@004c9406","8","lib","lib","","",""
"SC3U.exe","0x004c940e","Unwind@004c940e","8","lib","lib","","",""
"SC3U.exe","0x004c9416","Unwind@004c9416","8","lib","lib","","",""
"SC3U.exe","0x004c941e","Unwind@004c941e","8","lib","lib","","",""
"SC3U.exe","0x004c9426","Unwind@004c9426","8","lib","lib","","",""
"SC3U.exe","0x004c942e","Unwind@004c942e","8","lib","lib","","",""
"SC3U.exe","0x004c9436","Unwind@004c9436","8","lib","lib","","",""
"SC3U.exe","0x004c943e","Unwind@004c943e","8","lib","lib","","",""
"SC3U.exe","0x004c9446","Unwind@004c9446","8","lib","lib","","",""
"SC3U.exe","0x004c944e","Unwind@004c944e","11","lib","lib","","",""
"SC3U.exe","0x004c9459","Unwind@004c9459","8","lib","lib","","",""
"SC3U.exe","0x004c9461","Unwind@004c9461","8","lib","lib","","",""
"SC3U.exe","0x004c9469","Unwind@004c9469","8","lib","lib","","",""
"SC3U.exe","0x004c9471","Unwind@004c9471","8","lib","lib","","",""
"SC3U.exe","0x004c9479","Unwind@004c9479","11","lib","lib","","",""
"SC3U.exe","0x004c9484","Unwind@004c9484","8","lib","lib","","",""
"SC3U.exe","0x004c948c","Unwind@004c948c","8","lib","lib","","",""
"SC3U.exe","0x004c9494","Unwind@004c9494","8","lib","lib","","",""
"SC3U.exe","0x004c94a8","Unwind@004c94a8","8","lib","lib","","",""
"SC3U.exe","0x004c94bc","Unwind@004c94bc","8","lib","lib","","",""
"SC3U.exe","0x004c94dc","Unwind@004c94dc","8","lib","lib","","",""
"SC3U.exe","0x004c94f0","Unwind@004c94f0","8","lib","lib","","",""
"SC3U.exe","0x004c9534","Unwind@004c9534","11","lib","lib","","",""
"SC3U.exe","0x004c953f","Unwind@004c953f","8","lib","lib","","",""
"SC3U.exe","0x004c9554","Unwind@004c9554","11","lib","lib","","",""
"SC3U.exe","0x004c955f","Unwind@004c955f","8","lib","lib","","",""
"SC3U.exe","0x004c9574","Unwind@004c9574","11","lib","lib","","",""
"SC3U.exe","0x004c957f","Unwind@004c957f","8","lib","lib","","",""
"SC3U.exe","0x004c9594","Unwind@004c9594","8","lib","lib","","",""
"SC3U.exe","0x004c95a8","Unwind@004c95a8","8","lib","lib","","",""
"SC3U.exe","0x004c95b0","Unwind@004c95b0","23","lib","lib","","",""
"SC3U.exe","0x004c95c7","Unwind@004c95c7","8","lib","lib","","",""
"SC3U.exe","0x004c95dc","Unwind@004c95dc","8","lib","lib","","",""
"SC3U.exe","0x004c95f0","Unwind@004c95f0","8","lib","lib","","",""
"SC3U.exe","0x004c9604","Unwind@004c9604","8","lib","lib","","",""
"SC3U.exe","0x004c9618","Unwind@004c9618","8","lib","lib","","",""
"SC3U.exe","0x004c962c","Unwind@004c962c","8","lib","lib","","",""
"SC3U.exe","0x004c9640","Unwind@004c9640","8","lib","lib","","",""
"SC3U.exe","0x004c9648","Unwind@004c9648","11","lib","lib","","",""
"SC3U.exe","0x004c9653","Unwind@004c9653","8","lib","lib","","",""
"SC3U.exe","0x004c965b","Unwind@004c965b","8","lib","lib","","",""
"SC3U.exe","0x004c9663","Unwind@004c9663","11","lib","lib","","",""
"SC3U.exe","0x004c966e","Unwind@004c966e","8","lib","lib","","",""
"SC3U.exe","0x004c9676","Unwind@004c9676","8","lib","lib","","",""
"SC3U.exe","0x004c9688","Unwind@004c9688","11","lib","lib","","",""
"SC3U.exe","0x004c9693","Unwind@004c9693","8","lib","lib","","",""
"SC3U.exe","0x004c969b","Unwind@004c969b","8","lib","lib","","",""
"SC3U.exe","0x004c96a3","Unwind@004c96a3","8","lib","lib","","",""
"SC3U.exe","0x004c96ab","Unwind@004c96ab","8","lib","lib","","",""
"SC3U.exe","0x004c96b3","Unwind@004c96b3","8","lib","lib","","",""
"SC3U.exe","0x004c96bb","Unwind@004c96bb","8","lib","lib","","",""
"SC3U.exe","0x004c96c3","Unwind@004c96c3","8","lib","lib","","",""
"SC3U.exe","0x004c96cb","Unwind@004c96cb","11","lib","lib","","",""
"SC3U.exe","0x004c96d6","Unwind@004c96d6","11","lib","lib","","",""
"SC3U.exe","0x004c96e1","Unwind@004c96e1","11","lib","lib","","",""
"SC3U.exe","0x004c96ec","Unwind@004c96ec","11","lib","lib","","",""
"SC3U.exe","0x004c96f7","Unwind@004c96f7","11","lib","lib","","",""
"SC3U.exe","0x004c9702","Unwind@004c9702","11","lib","lib","","",""
"SC3U.exe","0x004c970d","Unwind@004c970d","11","lib","lib","","",""
"SC3U.exe","0x004c9718","Unwind@004c9718","11","lib","lib","","",""
"SC3U.exe","0x004c9723","Unwind@004c9723","8","lib","lib","","",""
"SC3U.exe","0x004c972b","Unwind@004c972b","11","lib","lib","","",""
"SC3U.exe","0x004c9736","Unwind@004c9736","11","lib","lib","","",""
"SC3U.exe","0x004c9741","Unwind@004c9741","8","lib","lib","","",""
"SC3U.exe","0x004c9749","Unwind@004c9749","11","lib","lib","","",""
"SC3U.exe","0x004c9754","Unwind@004c9754","11","lib","lib","","",""
"SC3U.exe","0x004c975f","Unwind@004c975f","11","lib","lib","","",""
"SC3U.exe","0x004c976a","Unwind@004c976a","11","lib","lib","","",""
"SC3U.exe","0x004c9775","Unwind@004c9775","11","lib","lib","","",""
"SC3U.exe","0x004c9780","Unwind@004c9780","11","lib","lib","","",""
"SC3U.exe","0x004c978b","Unwind@004c978b","11","lib","lib","","",""
"SC3U.exe","0x004c9796","Unwind@004c9796","11","lib","lib","","",""
"SC3U.exe","0x004c97a1","Unwind@004c97a1","11","lib","lib","","",""
"SC3U.exe","0x004c97ac","Unwind@004c97ac","11","lib","lib","","",""
"SC3U.exe","0x004c97b7","Unwind@004c97b7","11","lib","lib","","",""
"SC3U.exe","0x004c97c2","Unwind@004c97c2","11","lib","lib","","",""
"SC3U.exe","0x004c97cd","Unwind@004c97cd","11","lib","lib","","",""
"SC3U.exe","0x004c97d8","Unwind@004c97d8","11","lib","lib","","",""
"SC3U.exe","0x004c97e3","Unwind@004c97e3","11","lib","lib","","",""
"SC3U.exe","0x004c97f8","Unwind@004c97f8","8","lib","lib","","",""
"SC3U.exe","0x004c980c","Unwind@004c980c","8","lib","lib","","",""
"SC3U.exe","0x004c9814","Unwind@004c9814","10","lib","lib","","",""
"SC3U.exe","0x004c981e","Unwind@004c981e","10","lib","lib","","",""
"SC3U.exe","0x004c9834","Unwind@004c9834","8","lib","lib","","",""
"SC3U.exe","0x004c983c","Unwind@004c983c","10","lib","lib","","",""
"SC3U.exe","0x004c9850","Unwind@004c9850","8","lib","lib","","",""
"SC3U.exe","0x004c9864","Unwind@004c9864","8","lib","lib","","",""
"SC3U.exe","0x004c9878","Unwind@004c9878","8","lib","lib","","",""
"SC3U.exe","0x004c988c","Unwind@004c988c","8","lib","lib","","",""
"SC3U.exe","0x004c98a0","Unwind@004c98a0","8","lib","lib","","",""
"SC3U.exe","0x004c98a8","Unwind@004c98a8","11","lib","lib","","",""
"SC3U.exe","0x004c98c0","Unwind@004c98c0","8","lib","lib","","",""
"SC3U.exe","0x004c98c8","Unwind@004c98c8","11","lib","lib","","",""
"SC3U.exe","0x004c98e0","Unwind@004c98e0","8","lib","lib","","",""
"SC3U.exe","0x004c98e8","Unwind@004c98e8","8","lib","lib","","",""
"SC3U.exe","0x004c98f0","Unwind@004c98f0","8","lib","lib","","",""
"SC3U.exe","0x004c98f8","Unwind@004c98f8","8","lib","lib","","",""
"SC3U.exe","0x004c9900","Unwind@004c9900","8","lib","lib","","",""
"SC3U.exe","0x004c9914","Unwind@004c9914","8","lib","lib","","",""
"SC3U.exe","0x004c991c","Unwind@004c991c","8","lib","lib","","",""
"SC3U.exe","0x004c9924","Unwind@004c9924","8","lib","lib","","",""
"SC3U.exe","0x004c992c","Unwind@004c992c","8","lib","lib","","",""
"SC3U.exe","0x004c9934","Unwind@004c9934","8","lib","lib","","",""
"SC3U.exe","0x004c9948","Unwind@004c9948","8","lib","lib","","",""
"SC3U.exe","0x004c995c","Unwind@004c995c","11","lib","lib","","",""
"SC3U.exe","0x004c9967","Unwind@004c9967","8","lib","lib","","",""
"SC3U.exe","0x004c996f","Unwind@004c996f","8","lib","lib","","",""
"SC3U.exe","0x004c9984","Unwind@004c9984","11","lib","lib","","",""
"SC3U.exe","0x004c998f","Unwind@004c998f","11","lib","lib","","",""
"SC3U.exe","0x004c999a","Unwind@004c999a","11","lib","lib","","",""
"SC3U.exe","0x004c99b0","Unwind@004c99b0","8","lib","lib","","",""
"SC3U.exe","0x004c99b8","Unwind@004c99b8","23","lib","lib","","",""
"SC3U.exe","0x004c99cf","Unwind@004c99cf","23","lib","lib","","",""
"SC3U.exe","0x004c99e6","Unwind@004c99e6","11","lib","lib","","",""
"SC3U.exe","0x004c99fc","Unwind@004c99fc","8","lib","lib","","",""
"SC3U.exe","0x004c9a04","Unwind@004c9a04","8","lib","lib","","",""
"SC3U.exe","0x004c9a0c","Unwind@004c9a0c","8","lib","lib","","",""
"SC3U.exe","0x004c9a14","Unwind@004c9a14","8","lib","lib","","",""
"SC3U.exe","0x004c9a1c","Unwind@004c9a1c","8","lib","lib","","",""
"SC3U.exe","0x004c9a30","Unwind@004c9a30","8","lib","lib","","",""
"SC3U.exe","0x004c9a38","Unwind@004c9a38","8","lib","lib","","",""
"SC3U.exe","0x004c9a40","Unwind@004c9a40","8","lib","lib","","",""
"SC3U.exe","0x004c9a48","Unwind@004c9a48","8","lib","lib","","",""
"SC3U.exe","0x004c9a5c","Unwind@004c9a5c","8","lib","lib","","",""
"SC3U.exe","0x004c9a64","Unwind@004c9a64","11","lib","lib","","",""
"SC3U.exe","0x004c9a6f","Unwind@004c9a6f","8","lib","lib","","",""
"SC3U.exe","0x004c9a77","Unwind@004c9a77","8","lib","lib","","",""
"SC3U.exe","0x004c9a7f","Unwind@004c9a7f","8","lib","lib","","",""
"SC3U.exe","0x004c9a87","Unwind@004c9a87","8","lib","lib","","",""
"SC3U.exe","0x004c9a8f","Unwind@004c9a8f","8","lib","lib","","",""
"SC3U.exe","0x004c9a97","Unwind@004c9a97","11","lib","lib","","",""
"SC3U.exe","0x004c9aa2","Unwind@004c9aa2","11","lib","lib","","",""
"SC3U.exe","0x004c9aad","Unwind@004c9aad","8","lib","lib","","",""
"SC3U.exe","0x004c9ab5","Unwind@004c9ab5","8","lib","lib","","",""
"SC3U.exe","0x004c9abd","Unwind@004c9abd","8","lib","lib","","",""
"SC3U.exe","0x004c9ac5","Unwind@004c9ac5","8","lib","lib","","",""
"SC3U.exe","0x004c9ad8","Unwind@004c9ad8","8","lib","lib","","",""
"SC3U.exe","0x004c9aec","Unwind@004c9aec","8","lib","lib","","",""
"SC3U.exe","0x004c9b24","Unwind@004c9b24","11","lib","lib","","",""
"SC3U.exe","0x004c9b2f","Unwind@004c9b2f","11","lib","lib","","",""
"SC3U.exe","0x004c9b3a","Unwind@004c9b3a","11","lib","lib","","",""
"SC3U.exe","0x004c9b50","Unwind@004c9b50","8","lib","lib","","",""
"SC3U.exe","0x004c9b64","Unwind@004c9b64","8","lib","lib","","",""
"SC3U.exe","0x004c9b6c","Unwind@004c9b6c","8","lib","lib","","",""
"SC3U.exe","0x004c9b80","Unwind@004c9b80","14","lib","lib","","",""
"SC3U.exe","0x004c9b98","Unwind@004c9b98","11","lib","lib","","",""
"SC3U.exe","0x004c9ba3","Unwind@004c9ba3","14","lib","lib","","",""
"SC3U.exe","0x004c9bb1","Unwind@004c9bb1","8","lib","lib","","",""
"SC3U.exe","0x004c9bb9","Unwind@004c9bb9","14","lib","lib","","",""
"SC3U.exe","0x004c9bc7","Unwind@004c9bc7","8","lib","lib","","",""
"SC3U.exe","0x004c9bcf","Unwind@004c9bcf","14","lib","lib","","",""
"SC3U.exe","0x004c9bdd","Unwind@004c9bdd","8","lib","lib","","",""
"SC3U.exe","0x004c9be5","Unwind@004c9be5","14","lib","lib","","",""
"SC3U.exe","0x004c9bf3","Unwind@004c9bf3","8","lib","lib","","",""
"SC3U.exe","0x004c9bfb","Unwind@004c9bfb","14","lib","lib","","",""
"SC3U.exe","0x004c9c09","Unwind@004c9c09","14","lib","lib","","",""
"SC3U.exe","0x004c9c17","Unwind@004c9c17","14","lib","lib","","",""
"SC3U.exe","0x004c9c25","Unwind@004c9c25","8","lib","lib","","",""
"SC3U.exe","0x004c9c2d","Unwind@004c9c2d","14","lib","lib","","",""
"SC3U.exe","0x004c9c3b","Unwind@004c9c3b","8","lib","lib","","",""
"SC3U.exe","0x004c9c43","Unwind@004c9c43","14","lib","lib","","",""
"SC3U.exe","0x004c9c51","Unwind@004c9c51","8","lib","lib","","",""
"SC3U.exe","0x004c9c59","Unwind@004c9c59","14","lib","lib","","",""
"SC3U.exe","0x004c9c67","Unwind@004c9c67","8","lib","lib","","",""
"SC3U.exe","0x004c9c6f","Unwind@004c9c6f","14","lib","lib","","",""
"SC3U.exe","0x004c9c7d","Unwind@004c9c7d","8","lib","lib","","",""
"SC3U.exe","0x004c9c85","Unwind@004c9c85","14","lib","lib","","",""
"SC3U.exe","0x004c9c93","Unwind@004c9c93","8","lib","lib","","",""
"SC3U.exe","0x004c9c9b","Unwind@004c9c9b","14","lib","lib","","",""
"SC3U.exe","0x004c9ca9","Unwind@004c9ca9","14","lib","lib","","",""
"SC3U.exe","0x004c9cb7","Unwind@004c9cb7","14","lib","lib","","",""
"SC3U.exe","0x004c9cc5","Unwind@004c9cc5","8","lib","lib","","",""
"SC3U.exe","0x004c9ccd","Unwind@004c9ccd","14","lib","lib","","",""
"SC3U.exe","0x004c9cdb","Unwind@004c9cdb","14","lib","lib","","",""
"SC3U.exe","0x004c9ce9","Unwind@004c9ce9","14","lib","lib","","",""
"SC3U.exe","0x004c9cf7","Unwind@004c9cf7","14","lib","lib","","",""
"SC3U.exe","0x004c9d05","Unwind@004c9d05","14","lib","lib","","",""
"SC3U.exe","0x004c9d13","Unwind@004c9d13","14","lib","lib","","",""
"SC3U.exe","0x004c9d21","Unwind@004c9d21","14","lib","lib","","",""
"SC3U.exe","0x004c9d2f","Unwind@004c9d2f","8","lib","lib","","",""
"SC3U.exe","0x004c9d37","Unwind@004c9d37","8","lib","lib","","",""
"SC3U.exe","0x004c9d3f","Unwind@004c9d3f","8","lib","lib","","",""
"SC3U.exe","0x004c9d47","Unwind@004c9d47","8","lib","lib","","",""
"SC3U.exe","0x004c9d4f","Unwind@004c9d4f","8","lib","lib","","",""
"SC3U.exe","0x004c9d57","Unwind@004c9d57","8","lib","lib","","",""
"SC3U.exe","0x004c9d6c","Unwind@004c9d6c","8","lib","lib","","",""
"SC3U.exe","0x004c9d74","Unwind@004c9d74","8","lib","lib","","",""
"SC3U.exe","0x004c9d7c","Unwind@004c9d7c","8","lib","lib","","",""
"SC3U.exe","0x004c9d84","Unwind@004c9d84","11","lib","lib","","",""
"SC3U.exe","0x004c9d8f","Unwind@004c9d8f","8","lib","lib","","",""
"SC3U.exe","0x004c9d97","Unwind@004c9d97","11","lib","lib","","",""
"SC3U.exe","0x004c9da2","Unwind@004c9da2","8","lib","lib","","",""
"SC3U.exe","0x004c9daa","Unwind@004c9daa","11","lib","lib","","",""
"SC3U.exe","0x004c9db5","Unwind@004c9db5","8","lib","lib","","",""
"SC3U.exe","0x004c9dbd","Unwind@004c9dbd","11","lib","lib","","",""
"SC3U.exe","0x004c9dc8","Unwind@004c9dc8","8","lib","lib","","",""
"SC3U.exe","0x004c9dd0","Unwind@004c9dd0","11","lib","lib","","",""
"SC3U.exe","0x004c9ddb","Unwind@004c9ddb","8","lib","lib","","",""
"SC3U.exe","0x004c9de3","Unwind@004c9de3","11","lib","lib","","",""
"SC3U.exe","0x004c9dee","Unwind@004c9dee","8","lib","lib","","",""
"SC3U.exe","0x004c9e00","Unwind@004c9e00","8","lib","lib","","",""
"SC3U.exe","0x004c9e08","Unwind@004c9e08","11","lib","lib","","",""
"SC3U.exe","0x004c9e13","Unwind@004c9e13","11","lib","lib","","",""
"SC3U.exe","0x004c9e1e","Unwind@004c9e1e","11","lib","lib","","",""
"SC3U.exe","0x004c9e29","Unwind@004c9e29","11","lib","lib","","",""
"SC3U.exe","0x004c9e34","Unwind@004c9e34","11","lib","lib","","",""
"SC3U.exe","0x004c9e3f","Unwind@004c9e3f","11","lib","lib","","",""
"SC3U.exe","0x004c9e54","Unwind@004c9e54","11","lib","lib","","",""
"SC3U.exe","0x004c9e5f","Unwind@004c9e5f","14","lib","lib","","",""
"SC3U.exe","0x004c9e6d","Unwind@004c9e6d","14","lib","lib","","",""
"SC3U.exe","0x004c9e7b","Unwind@004c9e7b","14","lib","lib","","",""
"SC3U.exe","0x004c9e89","Unwind@004c9e89","14","lib","lib","","",""
"SC3U.exe","0x004c9e97","Unwind@004c9e97","14","lib","lib","","",""
"SC3U.exe","0x004c9ea5","Unwind@004c9ea5","14","lib","lib","","",""
"SC3U.exe","0x004c9eb3","Unwind@004c9eb3","14","lib","lib","","",""
"SC3U.exe","0x004c9ec1","Unwind@004c9ec1","14","lib","lib","","",""
"SC3U.exe","0x004c9ecf","Unwind@004c9ecf","14","lib","lib","","",""
"SC3U.exe","0x004c9edd","Unwind@004c9edd","14","lib","lib","","",""
"SC3U.exe","0x004c9eeb","Unwind@004c9eeb","14","lib","lib","","",""
"SC3U.exe","0x004c9ef9","Unwind@004c9ef9","14","lib","lib","","",""
"SC3U.exe","0x004c9f07","Unwind@004c9f07","14","lib","lib","","",""
"SC3U.exe","0x004c9f15","Unwind@004c9f15","14","lib","lib","","",""
"SC3U.exe","0x004c9f23","Unwind@004c9f23","14","lib","lib","","",""
"SC3U.exe","0x004c9f31","Unwind@004c9f31","14","lib","lib","","",""
"SC3U.exe","0x004c9f3f","Unwind@004c9f3f","14","lib","lib","","",""
"SC3U.exe","0x004c9f4d","Unwind@004c9f4d","14","lib","lib","","",""
"SC3U.exe","0x004c9f5b","Unwind@004c9f5b","14","lib","lib","","",""
"SC3U.exe","0x004c9f69","Unwind@004c9f69","14","lib","lib","","",""
"SC3U.exe","0x004c9f77","Unwind@004c9f77","14","lib","lib","","",""
"SC3U.exe","0x004c9f85","Unwind@004c9f85","14","lib","lib","","",""
"SC3U.exe","0x004c9fa0","Unwind@004c9fa0","8","lib","lib","","",""
"SC3U.exe","0x004c9fa8","Unwind@004c9fa8","8","lib","lib","","",""
"SC3U.exe","0x004c9fb0","Unwind@004c9fb0","8","lib","lib","","",""
"SC3U.exe","0x004c9fb8","Unwind@004c9fb8","8","lib","lib","","",""
"SC3U.exe","0x004c9fcc","Unwind@004c9fcc","8","lib","lib","","",""
"SC3U.exe","0x004c9fd4","Unwind@004c9fd4","8","lib","lib","","",""
"SC3U.exe","0x004c9fdc","Unwind@004c9fdc","8","lib","lib","","",""
"SC3U.exe","0x004c9fe4","Unwind@004c9fe4","8","lib","lib","","",""
"SC3U.exe","0x004c9ff8","Unwind@004c9ff8","8","lib","lib","","",""
"SC3U.exe","0x004ca00c","Unwind@004ca00c","8","lib","lib","","",""
"SC3U.exe","0x004ca014","Unwind@004ca014","8","lib","lib","","",""
"SC3U.exe","0x004ca028","Unwind@004ca028","8","lib","lib","","",""
"SC3U.exe","0x004ca03c","Unwind@004ca03c","8","lib","lib","","",""
"SC3U.exe","0x004ca044","Unwind@004ca044","8","lib","lib","","",""
"SC3U.exe","0x004ca058","Unwind@004ca058","8","lib","lib","","",""
"SC3U.exe","0x004ca060","Unwind@004ca060","8","lib","lib","","",""
"SC3U.exe","0x004ca068","Unwind@004ca068","8","lib","lib","","",""
"SC3U.exe","0x004ca070","Unwind@004ca070","8","lib","lib","","",""
"SC3U.exe","0x004ca078","Unwind@004ca078","8","lib","lib","","",""
"SC3U.exe","0x004ca08c","Unwind@004ca08c","8","lib","lib","","",""
"SC3U.exe","0x004ca094","Unwind@004ca094","8","lib","lib","","",""
"SC3U.exe","0x004ca09c","Unwind@004ca09c","8","lib","lib","","",""
"SC3U.exe","0x004ca0a4","Unwind@004ca0a4","8","lib","lib","","",""
"SC3U.exe","0x004ca0ac","Unwind@004ca0ac","8","lib","lib","","",""
"SC3U.exe","0x004ca0c0","Unwind@004ca0c0","8","lib","lib","","",""
"SC3U.exe","0x004ca0c8","Unwind@004ca0c8","8","lib","lib","","",""
"SC3U.exe","0x004ca0d0","Unwind@004ca0d0","8","lib","lib","","",""
"SC3U.exe","0x004ca0e4","Unwind@004ca0e4","8","lib","lib","","",""
"SC3U.exe","0x004ca0ec","Unwind@004ca0ec","8","lib","lib","","",""
"SC3U.exe","0x004ca0f4","Unwind@004ca0f4","8","lib","lib","","",""
"SC3U.exe","0x004ca0fc","Unwind@004ca0fc","8","lib","lib","","",""
"SC3U.exe","0x004ca110","Unwind@004ca110","8","lib","lib","","",""
"SC3U.exe","0x004ca118","Unwind@004ca118","8","lib","lib","","",""
"SC3U.exe","0x004ca12c","Unwind@004ca12c","8","lib","lib","","",""
"SC3U.exe","0x004ca134","Unwind@004ca134","8","lib","lib","","",""
"SC3U.exe","0x004ca13c","Unwind@004ca13c","8","lib","lib","","",""
"SC3U.exe","0x004ca144","Unwind@004ca144","8","lib","lib","","",""
"SC3U.exe","0x004ca158","Unwind@004ca158","8","lib","lib","","",""
"SC3U.exe","0x004ca160","Unwind@004ca160","8","lib","lib","","",""
"SC3U.exe","0x004ca168","Unwind@004ca168","8","lib","lib","","",""
"SC3U.exe","0x004ca170","Unwind@004ca170","8","lib","lib","","",""
"SC3U.exe","0x004ca184","Unwind@004ca184","8","lib","lib","","",""
"SC3U.exe","0x004ca18c","Unwind@004ca18c","8","lib","lib","","",""
"SC3U.exe","0x004ca194","Unwind@004ca194","8","lib","lib","","",""
"SC3U.exe","0x004ca1a8","Unwind@004ca1a8","8","lib","lib","","",""
"SC3U.exe","0x004ca1b0","Unwind@004ca1b0","8","lib","lib","","",""
"SC3U.exe","0x004ca1b8","Unwind@004ca1b8","8","lib","lib","","",""
"SC3U.exe","0x004ca1cc","Unwind@004ca1cc","8","lib","lib","","",""
"SC3U.exe","0x004ca1d4","Unwind@004ca1d4","8","lib","lib","","",""
"SC3U.exe","0x004ca1dc","Unwind@004ca1dc","8","lib","lib","","",""
"SC3U.exe","0x004ca1f0","Unwind@004ca1f0","8","lib","lib","","",""
"SC3U.exe","0x004ca1f8","Unwind@004ca1f8","8","lib","lib","","",""
"SC3U.exe","0x004ca200","Unwind@004ca200","8","lib","lib","","",""
"SC3U.exe","0x004ca208","Unwind@004ca208","8","lib","lib","","",""
"SC3U.exe","0x004ca210","Unwind@004ca210","8","lib","lib","","",""
"SC3U.exe","0x004ca218","Unwind@004ca218","8","lib","lib","","",""
"SC3U.exe","0x004ca22c","Unwind@004ca22c","8","lib","lib","","",""
"SC3U.exe","0x004ca234","Unwind@004ca234","8","lib","lib","","",""
"SC3U.exe","0x004ca23c","Unwind@004ca23c","8","lib","lib","","",""
"SC3U.exe","0x004ca244","Unwind@004ca244","8","lib","lib","","",""
"SC3U.exe","0x004ca24c","Unwind@004ca24c","8","lib","lib","","",""
"SC3U.exe","0x004ca254","Unwind@004ca254","8","lib","lib","","",""
"SC3U.exe","0x004ca268","Unwind@004ca268","8","lib","lib","","",""
"SC3U.exe","0x004ca270","Unwind@004ca270","8","lib","lib","","",""
"SC3U.exe","0x004ca278","Unwind@004ca278","8","lib","lib","","",""
"SC3U.exe","0x004ca280","Unwind@004ca280","8","lib","lib","","",""
"SC3U.exe","0x004ca288","Unwind@004ca288","8","lib","lib","","",""
"SC3U.exe","0x004ca290","Unwind@004ca290","8","lib","lib","","",""
"SC3U.exe","0x004ca2a4","Unwind@004ca2a4","8","lib","lib","","",""
"SC3U.exe","0x004ca2ac","Unwind@004ca2ac","8","lib","lib","","",""
"SC3U.exe","0x004ca2b4","Unwind@004ca2b4","8","lib","lib","","",""
"SC3U.exe","0x004ca2bc","Unwind@004ca2bc","8","lib","lib","","",""
"SC3U.exe","0x004ca2c4","Unwind@004ca2c4","8","lib","lib","","",""
"SC3U.exe","0x004ca2d8","Unwind@004ca2d8","8","lib","lib","","",""
"SC3U.exe","0x004ca2e0","Unwind@004ca2e0","11","lib","lib","","",""
"SC3U.exe","0x004ca2eb","Unwind@004ca2eb","8","lib","lib","","",""
"SC3U.exe","0x004ca300","Unwind@004ca300","8","lib","lib","","",""
"SC3U.exe","0x004ca308","Unwind@004ca308","8","lib","lib","","",""
"SC3U.exe","0x004ca310","Unwind@004ca310","8","lib","lib","","",""
"SC3U.exe","0x004ca324","Unwind@004ca324","8","lib","lib","","",""
"SC3U.exe","0x004ca338","Unwind@004ca338","8","lib","lib","","",""
"SC3U.exe","0x004ca340","Unwind@004ca340","11","lib","lib","","",""
"SC3U.exe","0x004ca34b","Unwind@004ca34b","8","lib","lib","","",""
"SC3U.exe","0x004ca360","Unwind@004ca360","8","lib","lib","","",""
"SC3U.exe","0x004ca368","Unwind@004ca368","8","lib","lib","","",""
"SC3U.exe","0x004ca370","Unwind@004ca370","8","lib","lib","","",""
"SC3U.exe","0x004ca378","Unwind@004ca378","8","lib","lib","","",""
"SC3U.exe","0x004ca38c","Unwind@004ca38c","8","lib","lib","","",""
"SC3U.exe","0x004ca394","Unwind@004ca394","8","lib","lib","","",""
"SC3U.exe","0x004ca3a8","Unwind@004ca3a8","8","lib","lib","","",""
"SC3U.exe","0x004ca3b0","Unwind@004ca3b0","8","lib","lib","","",""
"SC3U.exe","0x004ca3b8","Unwind@004ca3b8","8","lib","lib","","",""
"SC3U.exe","0x004ca3cc","Unwind@004ca3cc","8","lib","lib","","",""
"SC3U.exe","0x004ca3d4","Unwind@004ca3d4","8","lib","lib","","",""
"SC3U.exe","0x004ca3e8","Unwind@004ca3e8","8","lib","lib","","",""
"SC3U.exe","0x004ca3f0","Unwind@004ca3f0","8","lib","lib","","",""
"SC3U.exe","0x004ca3f8","Unwind@004ca3f8","8","lib","lib","","",""
"SC3U.exe","0x004ca400","Unwind@004ca400","8","lib","lib","","",""
"SC3U.exe","0x004ca408","Unwind@004ca408","8","lib","lib","","",""
"SC3U.exe","0x004ca410","Unwind@004ca410","8","lib","lib","","",""
"SC3U.exe","0x004ca424","Unwind@004ca424","8","lib","lib","","",""
"SC3U.exe","0x004ca42c","Unwind@004ca42c","8","lib","lib","","",""
"SC3U.exe","0x004ca434","Unwind@004ca434","8","lib","lib","","",""
"SC3U.exe","0x004ca43c","Unwind@004ca43c","8","lib","lib","","",""
"SC3U.exe","0x004ca444","Unwind@004ca444","8","lib","lib","","",""
"SC3U.exe","0x004ca44c","Unwind@004ca44c","8","lib","lib","","",""
"SC3U.exe","0x004ca460","Unwind@004ca460","8","lib","lib","","",""
"SC3U.exe","0x004ca468","Unwind@004ca468","8","lib","lib","","",""
"SC3U.exe","0x004ca47c","Unwind@004ca47c","8","lib","lib","","",""
"SC3U.exe","0x004ca490","Unwind@004ca490","8","lib","lib","","",""
"SC3U.exe","0x004ca498","Unwind@004ca498","8","lib","lib","","",""
"SC3U.exe","0x004ca4ac","Unwind@004ca4ac","8","lib","lib","","",""
"SC3U.exe","0x004ca4b4","Unwind@004ca4b4","8","lib","lib","","",""
"SC3U.exe","0x004ca4bc","Unwind@004ca4bc","8","lib","lib","","",""
"SC3U.exe","0x004ca4c4","Unwind@004ca4c4","8","lib","lib","","",""
"SC3U.exe","0x004ca4d8","Unwind@004ca4d8","8","lib","lib","","",""
"SC3U.exe","0x004ca4e0","Unwind@004ca4e0","8","lib","lib","","",""
"SC3U.exe","0x004ca4e8","Unwind@004ca4e8","8","lib","lib","","",""
"SC3U.exe","0x004ca4fc","Unwind@004ca4fc","8","lib","lib","","",""
"SC3U.exe","0x004ca504","Unwind@004ca504","8","lib","lib","","",""
"SC3U.exe","0x004ca50c","Unwind@004ca50c","8","lib","lib","","",""
"SC3U.exe","0x004ca514","Unwind@004ca514","8","lib","lib","","",""
"SC3U.exe","0x004ca528","Unwind@004ca528","8","lib","lib","","",""
"SC3U.exe","0x004ca530","Unwind@004ca530","8","lib","lib","","",""
"SC3U.exe","0x004ca538","Unwind@004ca538","8","lib","lib","","",""
"SC3U.exe","0x004ca54c","Unwind@004ca54c","8","lib","lib","","",""
"SC3U.exe","0x004ca554","Unwind@004ca554","8","lib","lib","","",""
"SC3U.exe","0x004ca568","Unwind@004ca568","8","lib","lib","","",""
"SC3U.exe","0x004ca570","Unwind@004ca570","8","lib","lib","","",""
"SC3U.exe","0x004ca584","Unwind@004ca584","8","lib","lib","","",""
"SC3U.exe","0x004ca58c","Unwind@004ca58c","8","lib","lib","","",""
"SC3U.exe","0x004ca5a0","Unwind@004ca5a0","8","lib","lib","","",""
"SC3U.exe","0x004ca5a8","Unwind@004ca5a8","8","lib","lib","","",""
"SC3U.exe","0x004ca5bc","Unwind@004ca5bc","8","lib","lib","","",""
"SC3U.exe","0x004ca5d0","Unwind@004ca5d0","8","lib","lib","","",""
"SC3U.exe","0x004ca5d8","Unwind@004ca5d8","8","lib","lib","","",""
"SC3U.exe","0x004ca5ec","Unwind@004ca5ec","8","lib","lib","","",""
"SC3U.exe","0x004ca5f4","Unwind@004ca5f4","8","lib","lib","","",""
"SC3U.exe","0x004ca5fc","Unwind@004ca5fc","8","lib","lib","","",""
"SC3U.exe","0x004ca604","Unwind@004ca604","8","lib","lib","","",""
"SC3U.exe","0x004ca618","Unwind@004ca618","8","lib","lib","","",""
"SC3U.exe","0x004ca62c","Unwind@004ca62c","8","lib","lib","","",""
"SC3U.exe","0x004ca640","Unwind@004ca640","8","lib","lib","","",""
"SC3U.exe","0x004ca648","Unwind@004ca648","8","lib","lib","","",""
"SC3U.exe","0x004ca650","Unwind@004ca650","10","lib","lib","","",""
"SC3U.exe","0x004ca664","Unwind@004ca664","8","lib","lib","","",""
"SC3U.exe","0x004ca66c","Unwind@004ca66c","8","lib","lib","","",""
"SC3U.exe","0x004ca680","Unwind@004ca680","11","lib","lib","","",""
"SC3U.exe","0x004ca68b","Unwind@004ca68b","11","lib","lib","","",""
"SC3U.exe","0x004ca696","Unwind@004ca696","8","lib","lib","","",""
"SC3U.exe","0x004ca69e","Unwind@004ca69e","8","lib","lib","","",""
"SC3U.exe","0x004ca6a6","Unwind@004ca6a6","8","lib","lib","","",""
"SC3U.exe","0x004ca6ae","Unwind@004ca6ae","8","lib","lib","","",""
"SC3U.exe","0x004ca6b6","Unwind@004ca6b6","11","lib","lib","","",""
"SC3U.exe","0x004ca6c1","Unwind@004ca6c1","8","lib","lib","","",""
"SC3U.exe","0x004ca6c9","Unwind@004ca6c9","8","lib","lib","","",""
"SC3U.exe","0x004ca6d1","Unwind@004ca6d1","8","lib","lib","","",""
"SC3U.exe","0x004ca6d9","Unwind@004ca6d9","8","lib","lib","","",""
"SC3U.exe","0x004ca6e1","Unwind@004ca6e1","8","lib","lib","","",""
"SC3U.exe","0x004ca6e9","Unwind@004ca6e9","8","lib","lib","","",""
"SC3U.exe","0x004ca6f1","Unwind@004ca6f1","8","lib","lib","","",""
"SC3U.exe","0x004ca6f9","Unwind@004ca6f9","8","lib","lib","","",""
"SC3U.exe","0x004ca701","Unwind@004ca701","8","lib","lib","","",""
"SC3U.exe","0x004ca709","Unwind@004ca709","8","lib","lib","","",""
"SC3U.exe","0x004ca711","Unwind@004ca711","8","lib","lib","","",""
"SC3U.exe","0x004ca719","Unwind@004ca719","8","lib","lib","","",""
"SC3U.exe","0x004ca721","Unwind@004ca721","8","lib","lib","","",""
"SC3U.exe","0x004ca729","Unwind@004ca729","8","lib","lib","","",""
"SC3U.exe","0x004ca731","Unwind@004ca731","8","lib","lib","","",""
"SC3U.exe","0x004ca739","Unwind@004ca739","8","lib","lib","","",""
"SC3U.exe","0x004ca741","Unwind@004ca741","8","lib","lib","","",""
"SC3U.exe","0x004ca749","Unwind@004ca749","8","lib","lib","","",""
"SC3U.exe","0x004ca751","Unwind@004ca751","8","lib","lib","","",""
"SC3U.exe","0x004ca764","Unwind@004ca764","8","lib","lib","","",""
"SC3U.exe","0x004ca76c","Unwind@004ca76c","8","lib","lib","","",""
"SC3U.exe","0x004ca774","Unwind@004ca774","8","lib","lib","","",""
"SC3U.exe","0x004ca77c","Unwind@004ca77c","11","lib","lib","","",""
"SC3U.exe","0x004ca787","Unwind@004ca787","8","lib","lib","","",""
"SC3U.exe","0x004ca78f","Unwind@004ca78f","11","lib","lib","","",""
"SC3U.exe","0x004ca79a","Unwind@004ca79a","8","lib","lib","","",""
"SC3U.exe","0x004ca7ac","Unwind@004ca7ac","8","lib","lib","","",""
"SC3U.exe","0x004ca7b4","Unwind@004ca7b4","11","lib","lib","","",""
"SC3U.exe","0x004ca7bf","Unwind@004ca7bf","11","lib","lib","","",""
"SC3U.exe","0x004ca7d4","Unwind@004ca7d4","8","lib","lib","","",""
"SC3U.exe","0x004ca7dc","Unwind@004ca7dc","8","lib","lib","","",""
"SC3U.exe","0x004ca7f0","Unwind@004ca7f0","8","lib","lib","","",""
"SC3U.exe","0x004ca7f8","Unwind@004ca7f8","8","lib","lib","","",""
"SC3U.exe","0x004ca800","Unwind@004ca800","8","lib","lib","","",""
"SC3U.exe","0x004ca808","Unwind@004ca808","8","lib","lib","","",""
"SC3U.exe","0x004ca810","Unwind@004ca810","8","lib","lib","","",""
"SC3U.exe","0x004ca818","Unwind@004ca818","8","lib","lib","","",""
"SC3U.exe","0x004ca820","Unwind@004ca820","8","lib","lib","","",""
"SC3U.exe","0x004ca828","Unwind@004ca828","11","lib","lib","","",""
"SC3U.exe","0x004ca833","Unwind@004ca833","11","lib","lib","","",""
"SC3U.exe","0x004ca83e","Unwind@004ca83e","8","lib","lib","","",""
"SC3U.exe","0x004ca846","Unwind@004ca846","8","lib","lib","","",""
"SC3U.exe","0x004ca84e","Unwind@004ca84e","11","lib","lib","","",""
"SC3U.exe","0x004ca859","Unwind@004ca859","11","lib","lib","","",""
"SC3U.exe","0x004ca864","Unwind@004ca864","8","lib","lib","","",""
"SC3U.exe","0x004ca878","Unwind@004ca878","8","lib","lib","","",""
"SC3U.exe","0x004ca880","Unwind@004ca880","8","lib","lib","","",""
"SC3U.exe","0x004ca894","Unwind@004ca894","8","lib","lib","","",""
"SC3U.exe","0x004ca8a8","Unwind@004ca8a8","8","lib","lib","","",""
"SC3U.exe","0x004ca8b0","Unwind@004ca8b0","8","lib","lib","","",""
"SC3U.exe","0x004ca8b8","Unwind@004ca8b8","8","lib","lib","","",""
"SC3U.exe","0x004ca8c0","Unwind@004ca8c0","11","lib","lib","","",""
"SC3U.exe","0x004ca8cb","Unwind@004ca8cb","8","lib","lib","","",""
"SC3U.exe","0x004ca8d3","Unwind@004ca8d3","11","lib","lib","","",""
"SC3U.exe","0x004ca8de","Unwind@004ca8de","8","lib","lib","","",""
"SC3U.exe","0x004ca8f0","Unwind@004ca8f0","8","lib","lib","","",""
"SC3U.exe","0x004ca8f8","Unwind@004ca8f8","11","lib","lib","","",""
"SC3U.exe","0x004ca903","Unwind@004ca903","11","lib","lib","","",""
"SC3U.exe","0x004ca918","Unwind@004ca918","8","lib","lib","","",""
"SC3U.exe","0x004ca920","Unwind@004ca920","8","lib","lib","","",""
"SC3U.exe","0x004ca928","Unwind@004ca928","8","lib","lib","","",""
"SC3U.exe","0x004ca930","Unwind@004ca930","8","lib","lib","","",""
"SC3U.exe","0x004ca944","Unwind@004ca944","8","lib","lib","","",""
"SC3U.exe","0x004ca94c","Unwind@004ca94c","8","lib","lib","","",""
"SC3U.exe","0x004ca960","Unwind@004ca960","8","lib","lib","","",""
"SC3U.exe","0x004ca968","Unwind@004ca968","8","lib","lib","","",""
"SC3U.exe","0x004ca97c","Unwind@004ca97c","8","lib","lib","","",""
"SC3U.exe","0x004ca990","Unwind@004ca990","8","lib","lib","","",""
"SC3U.exe","0x004ca9a4","Unwind@004ca9a4","8","lib","lib","","",""
"SC3U.exe","0x004ca9b8","Unwind@004ca9b8","8","lib","lib","","",""
"SC3U.exe","0x004ca9c0","Unwind@004ca9c0","8","lib","lib","","",""
"SC3U.exe","0x004ca9d4","Unwind@004ca9d4","8","lib","lib","","",""
"SC3U.exe","0x004ca9e8","Unwind@004ca9e8","14","lib","lib","","",""
"SC3U.exe","0x004caa00","Unwind@004caa00","14","lib","lib","","",""
"SC3U.exe","0x004caa18","Unwind@004caa18","14","lib","lib","","",""
"SC3U.exe","0x004caa3c","Unwind@004caa3c","14","lib","lib","","",""
"SC3U.exe","0x004caa54","Unwind@004caa54","8","lib","lib","","",""
"SC3U.exe","0x004caa5c","Unwind@004caa5c","22","lib","lib","","",""
"SC3U.exe","0x004caa7c","Unwind@004caa7c","14","lib","lib","","",""
"SC3U.exe","0x004caa8a","Unwind@004caa8a","8","lib","lib","","",""
"SC3U.exe","0x004caa92","Unwind@004caa92","8","lib","lib","","",""
"SC3U.exe","0x004caa9a","Unwind@004caa9a","14","lib","lib","","",""
"SC3U.exe","0x004caab4","Unwind@004caab4","8","lib","lib","","",""
"SC3U.exe","0x004caabc","Unwind@004caabc","8","lib","lib","","",""
"SC3U.exe","0x004caad0","Unwind@004caad0","14","lib","lib","","",""
"SC3U.exe","0x004caade","Unwind@004caade","8","lib","lib","","",""
"SC3U.exe","0x004caae6","Unwind@004caae6","14","lib","lib","","",""
"SC3U.exe","0x004cab0c","Unwind@004cab0c","14","lib","lib","","",""
"SC3U.exe","0x004cab24","Unwind@004cab24","14","lib","lib","","",""
"SC3U.exe","0x004cab3c","Unwind@004cab3c","14","lib","lib","","",""
"SC3U.exe","0x004cab54","Unwind@004cab54","8","lib","lib","","",""
"SC3U.exe","0x004cab5c","Unwind@004cab5c","11","lib","lib","","",""
"SC3U.exe","0x004cab74","Unwind@004cab74","8","lib","lib","","",""
"SC3U.exe","0x004cab7c","Unwind@004cab7c","11","lib","lib","","",""
"SC3U.exe","0x004cab87","Unwind@004cab87","11","lib","lib","","",""
"SC3U.exe","0x004cab92","Unwind@004cab92","11","lib","lib","","",""
"SC3U.exe","0x004cab9d","Unwind@004cab9d","11","lib","lib","","",""
"SC3U.exe","0x004caba8","Unwind@004caba8","11","lib","lib","","",""
"SC3U.exe","0x004cabb3","Unwind@004cabb3","11","lib","lib","","",""
"SC3U.exe","0x004cabc8","Unwind@004cabc8","8","lib","lib","","",""
"SC3U.exe","0x004cabe8","Unwind@004cabe8","8","lib","lib","","",""
"SC3U.exe","0x004cac08","Unwind@004cac08","14","lib","lib","","",""
"SC3U.exe","0x004cac20","Unwind@004cac20","14","lib","lib","","",""
"SC3U.exe","0x004cac38","Unwind@004cac38","14","lib","lib","","",""
"SC3U.exe","0x004cac50","Unwind@004cac50","14","lib","lib","","",""
"SC3U.exe","0x004cac68","Unwind@004cac68","14","lib","lib","","",""
"SC3U.exe","0x004cac80","Unwind@004cac80","11","lib","lib","","",""
"SC3U.exe","0x004cac8b","Unwind@004cac8b","11","lib","lib","","",""
"SC3U.exe","0x004cac96","Unwind@004cac96","11","lib","lib","","",""
"SC3U.exe","0x004caca1","Unwind@004caca1","11","lib","lib","","",""
"SC3U.exe","0x004cacac","Unwind@004cacac","11","lib","lib","","",""
"SC3U.exe","0x004cacb7","Unwind@004cacb7","11","lib","lib","","",""
"SC3U.exe","0x004cacc2","Unwind@004cacc2","14","lib","lib","","",""
"SC3U.exe","0x004cacd0","Unwind@004cacd0","14","lib","lib","","",""
"SC3U.exe","0x004cace8","Unwind@004cace8","11","lib","lib","","",""
"SC3U.exe","0x004cacf3","Unwind@004cacf3","11","lib","lib","","",""
"SC3U.exe","0x004cacfe","Unwind@004cacfe","11","lib","lib","","",""
"SC3U.exe","0x004cad09","Unwind@004cad09","11","lib","lib","","",""
"SC3U.exe","0x004cad14","Unwind@004cad14","11","lib","lib","","",""
"SC3U.exe","0x004cad1f","Unwind@004cad1f","11","lib","lib","","",""
"SC3U.exe","0x004cad2a","Unwind@004cad2a","14","lib","lib","","",""
"SC3U.exe","0x004cad38","Unwind@004cad38","14","lib","lib","","",""
"SC3U.exe","0x004cad50","Unwind@004cad50","11","lib","lib","","",""
"SC3U.exe","0x004cad5b","Unwind@004cad5b","11","lib","lib","","",""
"SC3U.exe","0x004cad66","Unwind@004cad66","11","lib","lib","","",""
"SC3U.exe","0x004cad71","Unwind@004cad71","11","lib","lib","","",""
"SC3U.exe","0x004cad7c","Unwind@004cad7c","11","lib","lib","","",""
"SC3U.exe","0x004cad87","Unwind@004cad87","11","lib","lib","","",""
"SC3U.exe","0x004cad92","Unwind@004cad92","14","lib","lib","","",""
"SC3U.exe","0x004cada0","Unwind@004cada0","14","lib","lib","","",""
"SC3U.exe","0x004cadb8","Unwind@004cadb8","8","lib","lib","","",""
"SC3U.exe","0x004cadcc","Unwind@004cadcc","11","lib","lib","","",""
"SC3U.exe","0x004cade4","Unwind@004cade4","11","lib","lib","","",""
"SC3U.exe","0x004cadef","Unwind@004cadef","11","lib","lib","","",""
"SC3U.exe","0x004cadfa","Unwind@004cadfa","11","lib","lib","","",""
"SC3U.exe","0x004cae05","Unwind@004cae05","11","lib","lib","","",""
"SC3U.exe","0x004cae10","Unwind@004cae10","11","lib","lib","","",""
"SC3U.exe","0x004cae1b","Unwind@004cae1b","11","lib","lib","","",""
"SC3U.exe","0x004cae26","Unwind@004cae26","14","lib","lib","","",""
"SC3U.exe","0x004cae34","Unwind@004cae34","14","lib","lib","","",""
"SC3U.exe","0x004cae4c","Unwind@004cae4c","8","lib","lib","","",""
"SC3U.exe","0x004cae60","Unwind@004cae60","8","lib","lib","","",""
"SC3U.exe","0x004cae74","Unwind@004cae74","8","lib","lib","","",""
"SC3U.exe","0x004cae88","Unwind@004cae88","8","lib","lib","","",""
"SC3U.exe","0x004cae9c","Unwind@004cae9c","8","lib","lib","","",""
"SC3U.exe","0x004caeb0","Unwind@004caeb0","8","lib","lib","","",""
"SC3U.exe","0x004caec4","Unwind@004caec4","8","lib","lib","","",""
"SC3U.exe","0x004caed8","Unwind@004caed8","8","lib","lib","","",""
"SC3U.exe","0x004caeec","Unwind@004caeec","8","lib","lib","","",""
"SC3U.exe","0x004caf00","Unwind@004caf00","8","lib","lib","","",""
"SC3U.exe","0x004caf08","Unwind@004caf08","11","lib","lib","","",""
"SC3U.exe","0x004caf13","Unwind@004caf13","8","lib","lib","","",""
"SC3U.exe","0x004caf1b","Unwind@004caf1b","8","lib","lib","","",""
"SC3U.exe","0x004caf23","Unwind@004caf23","11","lib","lib","","",""
"SC3U.exe","0x004caf2e","Unwind@004caf2e","8","lib","lib","","",""
"SC3U.exe","0x004caf36","Unwind@004caf36","8","lib","lib","","",""
"SC3U.exe","0x004caf48","Unwind@004caf48","8","lib","lib","","",""
"SC3U.exe","0x004caf5c","Unwind@004caf5c","8","lib","lib","","",""
"SC3U.exe","0x004caf64","Unwind@004caf64","11","lib","lib","","",""
"SC3U.exe","0x004caf6f","Unwind@004caf6f","11","lib","lib","","",""
"SC3U.exe","0x004caf7a","Unwind@004caf7a","8","lib","lib","","",""
"SC3U.exe","0x004caf82","Unwind@004caf82","8","lib","lib","","",""
"SC3U.exe","0x004caf8a","Unwind@004caf8a","8","lib","lib","","",""
"SC3U.exe","0x004caf92","Unwind@004caf92","11","lib","lib","","",""
"SC3U.exe","0x004caf9d","Unwind@004caf9d","8","lib","lib","","",""
"SC3U.exe","0x004cafa5","Unwind@004cafa5","8","lib","lib","","",""
"SC3U.exe","0x004cafb8","Unwind@004cafb8","8","lib","lib","","",""
"SC3U.exe","0x004cafcc","Unwind@004cafcc","8","lib","lib","","",""
"SC3U.exe","0x004cafe0","Unwind@004cafe0","8","lib","lib","","",""
"SC3U.exe","0x004caff4","Unwind@004caff4","8","lib","lib","","",""
"SC3U.exe","0x004caffc","Unwind@004caffc","8","lib","lib","","",""
"SC3U.exe","0x004cb010","Unwind@004cb010","8","lib","lib","","",""
"SC3U.exe","0x004cb024","Unwind@004cb024","8","lib","lib","","",""
"SC3U.exe","0x004cb038","Unwind@004cb038","8","lib","lib","","",""
"SC3U.exe","0x004cb040","Unwind@004cb040","8","lib","lib","","",""
"SC3U.exe","0x004cb054","Unwind@004cb054","8","lib","lib","","",""
"SC3U.exe","0x004cb05c","Unwind@004cb05c","11","lib","lib","","",""
"SC3U.exe","0x004cb067","Unwind@004cb067","11","lib","lib","","",""
"SC3U.exe","0x004cb072","Unwind@004cb072","14","lib","lib","","",""
"SC3U.exe","0x004cb080","Unwind@004cb080","14","lib","lib","","",""
"SC3U.exe","0x004cb08e","Unwind@004cb08e","14","lib","lib","","",""
"SC3U.exe","0x004cb09c","Unwind@004cb09c","8","lib","lib","","",""
"SC3U.exe","0x004cb0b0","Unwind@004cb0b0","11","lib","lib","","",""
"SC3U.exe","0x004cb0bb","Unwind@004cb0bb","11","lib","lib","","",""
"SC3U.exe","0x004cb0c6","Unwind@004cb0c6","14","lib","lib","","",""
"SC3U.exe","0x004cb0d4","Unwind@004cb0d4","14","lib","lib","","",""
"SC3U.exe","0x004cb0e2","Unwind@004cb0e2","14","lib","lib","","",""
"SC3U.exe","0x004cb0f0","Unwind@004cb0f0","14","lib","lib","","",""
"SC3U.exe","0x004cb108","Unwind@004cb108","8","lib","lib","","",""
"SC3U.exe","0x004cb11c","Unwind@004cb11c","8","lib","lib","","",""
"SC3U.exe","0x004cb130","Unwind@004cb130","8","lib","lib","","",""
"SC3U.exe","0x004cb144","Unwind@004cb144","8","lib","lib","","",""
"SC3U.exe","0x004cb14c","Unwind@004cb14c","8","lib","lib","","",""
"SC3U.exe","0x004cb154","Unwind@004cb154","8","lib","lib","","",""
"SC3U.exe","0x004cb15c","Unwind@004cb15c","8","lib","lib","","",""
"SC3U.exe","0x004cb170","Unwind@004cb170","11","lib","lib","","",""
"SC3U.exe","0x004cb188","Unwind@004cb188","8","lib","lib","","",""
"SC3U.exe","0x004cb19c","Unwind@004cb19c","8","lib","lib","","",""
"SC3U.exe","0x004cb1a4","Unwind@004cb1a4","8","lib","lib","","",""
"SC3U.exe","0x004cb1ac","Unwind@004cb1ac","8","lib","lib","","",""
"SC3U.exe","0x004cb1b4","Unwind@004cb1b4","8","lib","lib","","",""
"SC3U.exe","0x004cb1c8","Unwind@004cb1c8","8","lib","lib","","",""
"SC3U.exe","0x004cb1dc","Unwind@004cb1dc","8","lib","lib","","",""
"SC3U.exe","0x004cb1f0","Unwind@004cb1f0","8","lib","lib","","",""
"SC3U.exe","0x004cb204","Unwind@004cb204","10","lib","lib","","",""
"SC3U.exe","0x004cb218","Unwind@004cb218","8","lib","lib","","",""
"SC3U.exe","0x004cb22c","Unwind@004cb22c","8","lib","lib","","",""
"SC3U.exe","0x004cb240","Unwind@004cb240","14","lib","lib","","",""
"SC3U.exe","0x004cb258","Unwind@004cb258","14","lib","lib","","",""
"SC3U.exe","0x004cb270","Unwind@004cb270","8","lib","lib","","",""
"SC3U.exe","0x004cb284","Unwind@004cb284","8","lib","lib","","",""
"SC3U.exe","0x004cb298","Unwind@004cb298","8","lib","lib","","",""
"SC3U.exe","0x004cb2a0","Unwind@004cb2a0","10","lib","lib","","",""
"SC3U.exe","0x004cb2b4","Unwind@004cb2b4","8","lib","lib","","",""
"SC3U.exe","0x004cb2bc","Unwind@004cb2bc","10","lib","lib","","",""
"SC3U.exe","0x004cb2d0","Unwind@004cb2d0","8","lib","lib","","",""
"SC3U.exe","0x004cb2e4","Unwind@004cb2e4","11","lib","lib","","",""
"SC3U.exe","0x004cb2fc","Unwind@004cb2fc","26","lib","lib","","",""
"SC3U.exe","0x004cb320","Unwind@004cb320","8","lib","lib","","",""
"SC3U.exe","0x004cb328","Unwind@004cb328","8","lib","lib","","",""
"SC3U.exe","0x004cb33c","Unwind@004cb33c","8","lib","lib","","",""
"SC3U.exe","0x004cb344","Unwind@004cb344","8","lib","lib","","",""
"SC3U.exe","0x004cb358","Unwind@004cb358","8","lib","lib","","",""
"SC3U.exe","0x004cb360","Unwind@004cb360","8","lib","lib","","",""
"SC3U.exe","0x004cb374","Unwind@004cb374","8","lib","lib","","",""
"SC3U.exe","0x004cb37c","Unwind@004cb37c","8","lib","lib","","",""
"SC3U.exe","0x004cb390","Unwind@004cb390","8","lib","lib","","",""
"SC3U.exe","0x004cb398","Unwind@004cb398","8","lib","lib","","",""
"SC3U.exe","0x004cb3ac","Unwind@004cb3ac","8","lib","lib","","",""
"SC3U.exe","0x004cb3b4","Unwind@004cb3b4","8","lib","lib","","",""
"SC3U.exe","0x004cb3c8","Unwind@004cb3c8","8","lib","lib","","",""
"SC3U.exe","0x004cb3d0","Unwind@004cb3d0","8","lib","lib","","",""
"SC3U.exe","0x004cb3e4","Unwind@004cb3e4","8","lib","lib","","",""
"SC3U.exe","0x004cb3ec","Unwind@004cb3ec","8","lib","lib","","",""
"SC3U.exe","0x004cb400","Unwind@004cb400","8","lib","lib","","",""
"SC3U.exe","0x004cb408","Unwind@004cb408","8","lib","lib","","",""
"SC3U.exe","0x004cb41c","Unwind@004cb41c","8","lib","lib","","",""
"SC3U.exe","0x004cb424","Unwind@004cb424","8","lib","lib","","",""
"SC3U.exe","0x004cb42c","Unwind@004cb42c","8","lib","lib","","",""
"SC3U.exe","0x004cb434","Unwind@004cb434","8","lib","lib","","",""
"SC3U.exe","0x004cb448","Unwind@004cb448","8","lib","lib","","",""
"SC3U.exe","0x004cb450","Unwind@004cb450","8","lib","lib","","",""
"SC3U.exe","0x004cb464","Unwind@004cb464","8","lib","lib","","",""
"SC3U.exe","0x004cb46c","Unwind@004cb46c","8","lib","lib","","",""
"SC3U.exe","0x004cb480","Unwind@004cb480","8","lib","lib","","",""
"SC3U.exe","0x004cb488","Unwind@004cb488","8","lib","lib","","",""
"SC3U.exe","0x004cb49c","Unwind@004cb49c","8","lib","lib","","",""
"SC3U.exe","0x004cb4a4","Unwind@004cb4a4","8","lib","lib","","",""
"SC3U.exe","0x004cb4b8","Unwind@004cb4b8","8","lib","lib","","",""
"SC3U.exe","0x004cb4c0","Unwind@004cb4c0","8","lib","lib","","",""
"SC3U.exe","0x004cb4d4","Unwind@004cb4d4","8","lib","lib","","",""
"SC3U.exe","0x004cb4dc","Unwind@004cb4dc","8","lib","lib","","",""
"SC3U.exe","0x004cb4f0","Unwind@004cb4f0","8","lib","lib","","",""
"SC3U.exe","0x004cb4f8","Unwind@004cb4f8","8","lib","lib","","",""
"SC3U.exe","0x004cb50c","Unwind@004cb50c","8","lib","lib","","",""
"SC3U.exe","0x004cb514","Unwind@004cb514","8","lib","lib","","",""
"SC3U.exe","0x004cb528","Unwind@004cb528","8","lib","lib","","",""
"SC3U.exe","0x004cb530","Unwind@004cb530","8","lib","lib","","",""
"SC3U.exe","0x004cb544","Unwind@004cb544","8","lib","lib","","",""
"SC3U.exe","0x004cb54c","Unwind@004cb54c","8","lib","lib","","",""
"SC3U.exe","0x004cb560","Unwind@004cb560","8","lib","lib","","",""
"SC3U.exe","0x004cb568","Unwind@004cb568","8","lib","lib","","",""
"SC3U.exe","0x004cb57c","Unwind@004cb57c","8","lib","lib","","",""
"SC3U.exe","0x004cb584","Unwind@004cb584","8","lib","lib","","",""
"SC3U.exe","0x004cb598","Unwind@004cb598","8","lib","lib","","",""
"SC3U.exe","0x004cb5a0","Unwind@004cb5a0","8","lib","lib","","",""
"SC3U.exe","0x004cb5b4","Unwind@004cb5b4","8","lib","lib","","",""
"SC3U.exe","0x004cb5bc","Unwind@004cb5bc","8","lib","lib","","",""
"SC3U.exe","0x004cb5d0","Unwind@004cb5d0","8","lib","lib","","",""
"SC3U.exe","0x004cb5d8","Unwind@004cb5d8","8","lib","lib","","",""
"SC3U.exe","0x004cb5ec","Unwind@004cb5ec","8","lib","lib","","",""
"SC3U.exe","0x004cb5f4","Unwind@004cb5f4","8","lib","lib","","",""
"SC3U.exe","0x004cb608","Unwind@004cb608","8","lib","lib","","",""
"SC3U.exe","0x004cb610","Unwind@004cb610","8","lib","lib","","",""
"SC3U.exe","0x004cb624","Unwind@004cb624","8","lib","lib","","",""
"SC3U.exe","0x004cb62c","Unwind@004cb62c","8","lib","lib","","",""
"SC3U.exe","0x004cb640","Unwind@004cb640","8","lib","lib","","",""
"SC3U.exe","0x004cb648","Unwind@004cb648","8","lib","lib","","",""
"SC3U.exe","0x004cb65c","Unwind@004cb65c","8","lib","lib","","",""
"SC3U.exe","0x004cb664","Unwind@004cb664","8","lib","lib","","",""
"SC3U.exe","0x004cb678","Unwind@004cb678","8","lib","lib","","",""
"SC3U.exe","0x004cb680","Unwind@004cb680","8","lib","lib","","",""
"SC3U.exe","0x004cb694","Unwind@004cb694","8","lib","lib","","",""
"SC3U.exe","0x004cb69c","Unwind@004cb69c","8","lib","lib","","",""
"SC3U.exe","0x004cb6b0","Unwind@004cb6b0","8","lib","lib","","",""
"SC3U.exe","0x004cb6b8","Unwind@004cb6b8","8","lib","lib","","",""
"SC3U.exe","0x004cb6cc","Unwind@004cb6cc","8","lib","lib","","",""
"SC3U.exe","0x004cb6d4","Unwind@004cb6d4","8","lib","lib","","",""
"SC3U.exe","0x004cb6e8","Unwind@004cb6e8","8","lib","lib","","",""
"SC3U.exe","0x004cb6f0","Unwind@004cb6f0","8","lib","lib","","",""
"SC3U.exe","0x004cb704","Unwind@004cb704","8","lib","lib","","",""
"SC3U.exe","0x004cb70c","Unwind@004cb70c","8","lib","lib","","",""
"SC3U.exe","0x004cb720","Unwind@004cb720","8","lib","lib","","",""
"SC3U.exe","0x004cb728","Unwind@004cb728","8","lib","lib","","",""
"SC3U.exe","0x004cb73c","Unwind@004cb73c","8","lib","lib","","",""
"SC3U.exe","0x004cb744","Unwind@004cb744","8","lib","lib","","",""
"SC3U.exe","0x004cb758","Unwind@004cb758","8","lib","lib","","",""
"SC3U.exe","0x004cb760","Unwind@004cb760","8","lib","lib","","",""
"SC3U.exe","0x004cb774","Unwind@004cb774","8","lib","lib","","",""
"SC3U.exe","0x004cb77c","Unwind@004cb77c","8","lib","lib","","",""
"SC3U.exe","0x004cb790","Unwind@004cb790","8","lib","lib","","",""
"SC3U.exe","0x004cb798","Unwind@004cb798","8","lib","lib","","",""
"SC3U.exe","0x004cb7ac","Unwind@004cb7ac","8","lib","lib","","",""
"SC3U.exe","0x004cb7b4","Unwind@004cb7b4","8","lib","lib","","",""
"SC3U.exe","0x004cb7c8","Unwind@004cb7c8","8","lib","lib","","",""
"SC3U.exe","0x004cb7d0","Unwind@004cb7d0","8","lib","lib","","",""
"SC3U.exe","0x004cb7e4","Unwind@004cb7e4","8","lib","lib","","",""
"SC3U.exe","0x004cb7ec","Unwind@004cb7ec","8","lib","lib","","",""
"SC3U.exe","0x004cb800","Unwind@004cb800","11","lib","lib","","",""
"SC3U.exe","0x004cb80b","Unwind@004cb80b","11","lib","lib","","",""
"SC3U.exe","0x004cb820","Unwind@004cb820","11","lib","lib","","",""
"SC3U.exe","0x004cb82b","Unwind@004cb82b","11","lib","lib","","",""
"SC3U.exe","0x004cb836","Unwind@004cb836","11","lib","lib","","",""
"SC3U.exe","0x004cb84c","Unwind@004cb84c","8","lib","lib","","",""
"SC3U.exe","0x004cb860","Unwind@004cb860","8","lib","lib","","",""
"SC3U.exe","0x004cb874","Unwind@004cb874","11","lib","lib","","",""
"SC3U.exe","0x004cb88c","Unwind@004cb88c","8","lib","lib","","",""
"SC3U.exe","0x004cb894","Unwind@004cb894","8","lib","lib","","",""
"SC3U.exe","0x004cb89c","Unwind@004cb89c","11","lib","lib","","",""
"SC3U.exe","0x004cb8a7","Unwind@004cb8a7","8","lib","lib","","",""
"SC3U.exe","0x004cb8af","Unwind@004cb8af","11","lib","lib","","",""
"SC3U.exe","0x004cb8ba","Unwind@004cb8ba","8","lib","lib","","",""
"SC3U.exe","0x004cb8c2","Unwind@004cb8c2","11","lib","lib","","",""
"SC3U.exe","0x004cb8cd","Unwind@004cb8cd","8","lib","lib","","",""
"SC3U.exe","0x004cb8d5","Unwind@004cb8d5","11","lib","lib","","",""
"SC3U.exe","0x004cb8e0","Unwind@004cb8e0","8","lib","lib","","",""
"SC3U.exe","0x004cb8f4","Unwind@004cb8f4","8","lib","lib","","",""
"SC3U.exe","0x004cb8fc","Unwind@004cb8fc","11","lib","lib","","",""
"SC3U.exe","0x004cb907","Unwind@004cb907","11","lib","lib","","",""
"SC3U.exe","0x004cb912","Unwind@004cb912","11","lib","lib","","",""
"SC3U.exe","0x004cb91d","Unwind@004cb91d","11","lib","lib","","",""
"SC3U.exe","0x004cb934","Unwind@004cb934","8","lib","lib","","",""
"SC3U.exe","0x004cb93c","Unwind@004cb93c","11","lib","lib","","",""
"SC3U.exe","0x004cb947","Unwind@004cb947","11","lib","lib","","",""
"SC3U.exe","0x004cb952","Unwind@004cb952","8","lib","lib","","",""
"SC3U.exe","0x004cb95a","Unwind@004cb95a","8","lib","lib","","",""
"SC3U.exe","0x004cb962","Unwind@004cb962","8","lib","lib","","",""
"SC3U.exe","0x004cb96a","Unwind@004cb96a","8","lib","lib","","",""
"SC3U.exe","0x004cb97c","Unwind@004cb97c","8","lib","lib","","",""
"SC3U.exe","0x004cb990","Unwind@004cb990","11","lib","lib","","",""
"SC3U.exe","0x004cb9a8","Unwind@004cb9a8","8","lib","lib","","",""
"SC3U.exe","0x004cb9b0","Unwind@004cb9b0","8","lib","lib","","",""
"SC3U.exe","0x004cb9b8","Unwind@004cb9b8","8","lib","lib","","",""
"SC3U.exe","0x004cb9cc","Unwind@004cb9cc","8","lib","lib","","",""
"SC3U.exe","0x004cb9e0","Unwind@004cb9e0","8","lib","lib","","",""
"SC3U.exe","0x004cb9e8","Unwind@004cb9e8","22","lib","lib","","",""
"SC3U.exe","0x004cb9fe","Unwind@004cb9fe","8","lib","lib","","",""
"SC3U.exe","0x004cba06","Unwind@004cba06","8","lib","lib","","",""
"SC3U.exe","0x004cba0e","Unwind@004cba0e","11","lib","lib","","",""
"SC3U.exe","0x004cba19","Unwind@004cba19","8","lib","lib","","",""
"SC3U.exe","0x004cba21","Unwind@004cba21","22","lib","lib","","",""
"SC3U.exe","0x004cba37","Unwind@004cba37","8","lib","lib","","",""
"SC3U.exe","0x004cba4c","Unwind@004cba4c","8","lib","lib","","",""
"SC3U.exe","0x004cba60","Unwind@004cba60","8","lib","lib","","",""
"SC3U.exe","0x004cba74","Unwind@004cba74","11","lib","lib","","",""
"SC3U.exe","0x004cba8c","Unwind@004cba8c","8","lib","lib","","",""
"SC3U.exe","0x004cbaa0","Unwind@004cbaa0","8","lib","lib","","",""
"SC3U.exe","0x004cbaa8","Unwind@004cbaa8","8","lib","lib","","",""
"SC3U.exe","0x004cbab0","Unwind@004cbab0","8","lib","lib","","",""
"SC3U.exe","0x004cbab8","Unwind@004cbab8","8","lib","lib","","",""
"SC3U.exe","0x004cbacc","Unwind@004cbacc","8","lib","lib","","",""
"SC3U.exe","0x004cbae0","Unwind@004cbae0","8","lib","lib","","",""
"SC3U.exe","0x004cbaf4","Unwind@004cbaf4","8","lib","lib","","",""
"SC3U.exe","0x004cbb08","Unwind@004cbb08","8","lib","lib","","",""
"SC3U.exe","0x004cbb10","Unwind@004cbb10","11","lib","lib","","",""
"SC3U.exe","0x004cbb1b","Unwind@004cbb1b","8","lib","lib","","",""
"SC3U.exe","0x004cbb23","Unwind@004cbb23","11","lib","lib","","",""
"SC3U.exe","0x004cbb2e","Unwind@004cbb2e","8","lib","lib","","",""
"SC3U.exe","0x004cbb36","Unwind@004cbb36","8","lib","lib","","",""
"SC3U.exe","0x004cbb3e","Unwind@004cbb3e","8","lib","lib","","",""
"SC3U.exe","0x004cbb46","Unwind@004cbb46","8","lib","lib","","",""
"SC3U.exe","0x004cbb4e","Unwind@004cbb4e","11","lib","lib","","",""
"SC3U.exe","0x004cbb64","Unwind@004cbb64","8","lib","lib","","",""
"SC3U.exe","0x004cbb6c","Unwind@004cbb6c","11","lib","lib","","",""
"SC3U.exe","0x004cbb77","Unwind@004cbb77","8","lib","lib","","",""
"SC3U.exe","0x004cbb7f","Unwind@004cbb7f","8","lib","lib","","",""
"SC3U.exe","0x004cbb87","Unwind@004cbb87","8","lib","lib","","",""
"SC3U.exe","0x004cbb8f","Unwind@004cbb8f","8","lib","lib","","",""
"SC3U.exe","0x004cbb97","Unwind@004cbb97","11","lib","lib","","",""
"SC3U.exe","0x004cbba2","Unwind@004cbba2","11","lib","lib","","",""
"SC3U.exe","0x004cbbad","Unwind@004cbbad","11","lib","lib","","",""
"SC3U.exe","0x004cbbb8","Unwind@004cbbb8","8","lib","lib","","",""
"SC3U.exe","0x004cbbcc","Unwind@004cbbcc","11","lib","lib","","",""
"SC3U.exe","0x004cbbd7","Unwind@004cbbd7","11","lib","lib","","",""
"SC3U.exe","0x004cbbe2","Unwind@004cbbe2","11","lib","lib","","",""
"SC3U.exe","0x004cbbed","Unwind@004cbbed","11","lib","lib","","",""
"SC3U.exe","0x004cbbf8","Unwind@004cbbf8","10","lib","lib","","",""
"SC3U.exe","0x004cbc02","Unwind@004cbc02","10","lib","lib","","",""
"SC3U.exe","0x004cbc0c","Unwind@004cbc0c","10","lib","lib","","",""
"SC3U.exe","0x004cbc16","Unwind@004cbc16","10","lib","lib","","",""
"SC3U.exe","0x004cbc2c","Unwind@004cbc2c","26","lib","lib","","",""
"SC3U.exe","0x004cbc46","Unwind@004cbc46","11","lib","lib","","",""
"SC3U.exe","0x004cbc51","Unwind@004cbc51","11","lib","lib","","",""
"SC3U.exe","0x004cbc5c","Unwind@004cbc5c","11","lib","lib","","",""
"SC3U.exe","0x004cbc74","Unwind@004cbc74","8","lib","lib","","",""
"SC3U.exe","0x004cbc88","Unwind@004cbc88","8","lib","lib","","",""
"SC3U.exe","0x004cbc90","Unwind@004cbc90","8","lib","lib","","",""
"SC3U.exe","0x004cbc98","Unwind@004cbc98","8","lib","lib","","",""
"SC3U.exe","0x004cbcac","Unwind@004cbcac","11","lib","lib","","",""
"SC3U.exe","0x004cbcb7","Unwind@004cbcb7","11","lib","lib","","",""
"SC3U.exe","0x004cbcc2","Unwind@004cbcc2","8","lib","lib","","",""
"SC3U.exe","0x004cbcca","Unwind@004cbcca","8","lib","lib","","",""
"SC3U.exe","0x004cbcd2","Unwind@004cbcd2","8","lib","lib","","",""
"SC3U.exe","0x004cbcda","Unwind@004cbcda","11","lib","lib","","",""
"SC3U.exe","0x004cbce5","Unwind@004cbce5","8","lib","lib","","",""
"SC3U.exe","0x004cbced","Unwind@004cbced","11","lib","lib","","",""
"SC3U.exe","0x004cbcf8","Unwind@004cbcf8","8","lib","lib","","",""
"SC3U.exe","0x004cbd0c","Unwind@004cbd0c","11","lib","lib","","",""
"SC3U.exe","0x004cbd24","Unwind@004cbd24","8","lib","lib","","",""
"SC3U.exe","0x004cbd2c","Unwind@004cbd2c","8","lib","lib","","",""
"SC3U.exe","0x004cbd34","Unwind@004cbd34","8","lib","lib","","",""
"SC3U.exe","0x004cbd3c","Unwind@004cbd3c","11","lib","lib","","",""
"SC3U.exe","0x004cbd54","Unwind@004cbd54","8","lib","lib","","",""
"SC3U.exe","0x004cbd5c","Unwind@004cbd5c","8","lib","lib","","",""
"SC3U.exe","0x004cbd64","Unwind@004cbd64","8","lib","lib","","",""
"SC3U.exe","0x004cbd6c","Unwind@004cbd6c","22","lib","lib","","",""
"SC3U.exe","0x004cbd82","Unwind@004cbd82","8","lib","lib","","",""
"SC3U.exe","0x004cbd8a","Unwind@004cbd8a","8","lib","lib","","",""
"SC3U.exe","0x004cbd92","Unwind@004cbd92","8","lib","lib","","",""
"SC3U.exe","0x004cbd9a","Unwind@004cbd9a","8","lib","lib","","",""
"SC3U.exe","0x004cbda2","Unwind@004cbda2","11","lib","lib","","",""
"SC3U.exe","0x004cbdad","Unwind@004cbdad","11","lib","lib","","",""
"SC3U.exe","0x004cbdb8","Unwind@004cbdb8","8","lib","lib","","",""
"SC3U.exe","0x004cbdc0","Unwind@004cbdc0","8","lib","lib","","",""
"SC3U.exe","0x004cbdc8","Unwind@004cbdc8","8","lib","lib","","",""
"SC3U.exe","0x004cbdd0","Unwind@004cbdd0","8","lib","lib","","",""
"SC3U.exe","0x004cbdd8","Unwind@004cbdd8","11","lib","lib","","",""
"SC3U.exe","0x004cbdf0","Unwind@004cbdf0","11","lib","lib","","",""
"SC3U.exe","0x004cbe08","Unwind@004cbe08","8","lib","lib","","",""
"SC3U.exe","0x004cbe10","Unwind@004cbe10","8","lib","lib","","",""
"SC3U.exe","0x004cbe24","Unwind@004cbe24","8","lib","lib","","",""
"SC3U.exe","0x004cbe2c","Unwind@004cbe2c","8","lib","lib","","",""
"SC3U.exe","0x004cbe40","Unwind@004cbe40","8","lib","lib","","",""
"SC3U.exe","0x004cbe54","Unwind@004cbe54","8","lib","lib","","",""
"SC3U.exe","0x004cbe68","Unwind@004cbe68","8","lib","lib","","",""
"SC3U.exe","0x004cbe70","Unwind@004cbe70","8","lib","lib","","",""
"SC3U.exe","0x004cbe84","Unwind@004cbe84","8","lib","lib","","",""
"SC3U.exe","0x004cbe8c","Unwind@004cbe8c","11","lib","lib","","",""
"SC3U.exe","0x004cbe97","Unwind@004cbe97","8","lib","lib","","",""
"SC3U.exe","0x004cbe9f","Unwind@004cbe9f","8","lib","lib","","",""
"SC3U.exe","0x004cbeb4","Unwind@004cbeb4","8","lib","lib","","",""
"SC3U.exe","0x004cbebc","Unwind@004cbebc","11","lib","lib","","",""
"SC3U.exe","0x004cbec7","Unwind@004cbec7","11","lib","lib","","",""
"SC3U.exe","0x004cbed2","Unwind@004cbed2","8","lib","lib","","",""
"SC3U.exe","0x004cbeda","Unwind@004cbeda","11","lib","lib","","",""
"SC3U.exe","0x004cbee5","Unwind@004cbee5","11","lib","lib","","",""
"SC3U.exe","0x004cbef0","Unwind@004cbef0","11","lib","lib","","",""
"SC3U.exe","0x004cbefb","Unwind@004cbefb","8","lib","lib","","",""
"SC3U.exe","0x004cbf03","Unwind@004cbf03","8","lib","lib","","",""
"SC3U.exe","0x004cbf0b","Unwind@004cbf0b","10","lib","lib","","",""
"SC3U.exe","0x004cbf20","Unwind@004cbf20","11","lib","lib","","",""
"SC3U.exe","0x004cbf2b","Unwind@004cbf2b","8","lib","lib","","",""
"SC3U.exe","0x004cbf40","Unwind@004cbf40","8","lib","lib","","",""
"SC3U.exe","0x004cbf48","Unwind@004cbf48","8","lib","lib","","",""
"SC3U.exe","0x004cbf5c","Unwind@004cbf5c","8","lib","lib","","",""
"SC3U.exe","0x004cbf70","Unwind@004cbf70","8","lib","lib","","",""
"SC3U.exe","0x004cbf84","Unwind@004cbf84","8","lib","lib","","",""
"SC3U.exe","0x004cbf8c","Unwind@004cbf8c","8","lib","lib","","",""
"SC3U.exe","0x004cbf94","Unwind@004cbf94","8","lib","lib","","",""
"SC3U.exe","0x004cbfa8","Unwind@004cbfa8","14","lib","lib","","",""
"SC3U.exe","0x004cbfc0","Unwind@004cbfc0","14","lib","lib","","",""
"SC3U.exe","0x004cbfce","Unwind@004cbfce","8","lib","lib","","",""
"SC3U.exe","0x004cbfd6","Unwind@004cbfd6","8","lib","lib","","",""
"SC3U.exe","0x004cbfde","Unwind@004cbfde","8","lib","lib","","",""
"SC3U.exe","0x004cbfe6","Unwind@004cbfe6","14","lib","lib","","",""
"SC3U.exe","0x004cc000","Unwind@004cc000","14","lib","lib","","",""
"SC3U.exe","0x004cc00e","Unwind@004cc00e","11","lib","lib","","",""
"SC3U.exe","0x004cc019","Unwind@004cc019","14","lib","lib","","",""
"SC3U.exe","0x004cc034","Unwind@004cc034","14","lib","lib","","",""
"SC3U.exe","0x004cc042","Unwind@004cc042","8","lib","lib","","",""
"SC3U.exe","0x004cc054","Unwind@004cc054","14","lib","lib","","",""
"SC3U.exe","0x004cc06c","Unwind@004cc06c","8","lib","lib","","",""
"SC3U.exe","0x004cc080","Unwind@004cc080","8","lib","lib","","",""
"SC3U.exe","0x004cc088","Unwind@004cc088","11","lib","lib","","",""
"SC3U.exe","0x004cc093","Unwind@004cc093","11","lib","lib","","",""
"SC3U.exe","0x004cc09e","Unwind@004cc09e","11","lib","lib","","",""
"SC3U.exe","0x004cc0a9","Unwind@004cc0a9","11","lib","lib","","",""
"SC3U.exe","0x004cc0c0","Unwind@004cc0c0","11","lib","lib","","",""
"SC3U.exe","0x004cc0d8","Unwind@004cc0d8","8","lib","lib","","",""
"SC3U.exe","0x004cc110","Unwind@004cc110","14","lib","lib","","",""
"SC3U.exe","0x004cc128","Unwind@004cc128","8","lib","lib","","",""
"SC3U.exe","0x004cc130","Unwind@004cc130","14","lib","lib","","",""
"SC3U.exe","0x004cc13e","Unwind@004cc13e","14","lib","lib","","",""
"SC3U.exe","0x004cc14c","Unwind@004cc14c","14","lib","lib","","",""
"SC3U.exe","0x004cc15a","Unwind@004cc15a","14","lib","lib","","",""
"SC3U.exe","0x004cc168","Unwind@004cc168","14","lib","lib","","",""
"SC3U.exe","0x004cc176","Unwind@004cc176","14","lib","lib","","",""
"SC3U.exe","0x004cc190","Unwind@004cc190","11","lib","lib","","",""
"SC3U.exe","0x004cc19b","Unwind@004cc19b","11","lib","lib","","",""
"SC3U.exe","0x004cc1b0","Unwind@004cc1b0","8","lib","lib","","",""
"SC3U.exe","0x004cc1b8","Unwind@004cc1b8","14","lib","lib","","",""
"SC3U.exe","0x004cc1c6","Unwind@004cc1c6","14","lib","lib","","",""
"SC3U.exe","0x004cc1d4","Unwind@004cc1d4","14","lib","lib","","",""
"SC3U.exe","0x004cc1e2","Unwind@004cc1e2","14","lib","lib","","",""
"SC3U.exe","0x004cc1f0","Unwind@004cc1f0","14","lib","lib","","",""
"SC3U.exe","0x004cc1fe","Unwind@004cc1fe","14","lib","lib","","",""
"SC3U.exe","0x004cc218","Unwind@004cc218","8","lib","lib","","",""
"SC3U.exe","0x004cc220","Unwind@004cc220","14","lib","lib","","",""
"SC3U.exe","0x004cc22e","Unwind@004cc22e","14","lib","lib","","",""
"SC3U.exe","0x004cc23c","Unwind@004cc23c","14","lib","lib","","",""
"SC3U.exe","0x004cc24a","Unwind@004cc24a","14","lib","lib","","",""
"SC3U.exe","0x004cc258","Unwind@004cc258","14","lib","lib","","",""
"SC3U.exe","0x004cc266","Unwind@004cc266","14","lib","lib","","",""
"SC3U.exe","0x004cc280","Unwind@004cc280","10","lib","lib","","",""
"SC3U.exe","0x004cc28a","Unwind@004cc28a","8","lib","lib","","",""
"SC3U.exe","0x004cc29c","Unwind@004cc29c","8","lib","lib","","",""
"SC3U.exe","0x004cc2b0","Unwind@004cc2b0","8","lib","lib","","",""
"SC3U.exe","0x004cc2c4","Unwind@004cc2c4","8","lib","lib","","",""
"SC3U.exe","0x004cc2d8","Unwind@004cc2d8","8","lib","lib","","",""
"SC3U.exe","0x004cc2ec","Unwind@004cc2ec","11","lib","lib","","",""
"SC3U.exe","0x004cc304","Unwind@004cc304","8","lib","lib","","",""
"SC3U.exe","0x004cc318","Unwind@004cc318","11","lib","lib","","",""
"SC3U.exe","0x004cc330","Unwind@004cc330","11","lib","lib","","",""
"SC3U.exe","0x004cc33b","Unwind@004cc33b","11","lib","lib","","",""
"SC3U.exe","0x004cc350","Unwind@004cc350","11","lib","lib","","",""
"SC3U.exe","0x004cc35b","Unwind@004cc35b","11","lib","lib","","",""
"SC3U.exe","0x004cc366","Unwind@004cc366","11","lib","lib","","",""
"SC3U.exe","0x004cc37c","Unwind@004cc37c","8","lib","lib","","",""
"SC3U.exe","0x004cc390","Unwind@004cc390","8","lib","lib","","",""
"SC3U.exe","0x004cc398","Unwind@004cc398","11","lib","lib","","",""
"SC3U.exe","0x004cc3a3","Unwind@004cc3a3","10","lib","lib","","",""
"SC3U.exe","0x004cc3b8","Unwind@004cc3b8","8","lib","lib","","",""
"SC3U.exe","0x004cc3cc","Unwind@004cc3cc","8","lib","lib","","",""
"SC3U.exe","0x004cc3d4","Unwind@004cc3d4","8","lib","lib","","",""
"SC3U.exe","0x004cc3dc","Unwind@004cc3dc","8","lib","lib","","",""
"SC3U.exe","0x004cc3e4","Unwind@004cc3e4","8","lib","lib","","",""
"SC3U.exe","0x004cc3ec","Unwind@004cc3ec","8","lib","lib","","",""
"SC3U.exe","0x004cc3f4","Unwind@004cc3f4","11","lib","lib","","",""
"SC3U.exe","0x004cc40c","Unwind@004cc40c","8","lib","lib","","",""
"SC3U.exe","0x004cc420","Unwind@004cc420","8","lib","lib","","",""
"SC3U.exe","0x004cc428","Unwind@004cc428","11","lib","lib","","",""
"SC3U.exe","0x004cc440","Unwind@004cc440","8","lib","lib","","",""
"SC3U.exe","0x004cc448","Unwind@004cc448","8","lib","lib","","",""
"SC3U.exe","0x004cc450","Unwind@004cc450","8","lib","lib","","",""
"SC3U.exe","0x004cc464","Unwind@004cc464","8","lib","lib","","",""
"SC3U.exe","0x004cc46c","Unwind@004cc46c","8","lib","lib","","",""
"SC3U.exe","0x004cc474","Unwind@004cc474","8","lib","lib","","",""
"SC3U.exe","0x004cc488","Unwind@004cc488","8","lib","lib","","",""
"SC3U.exe","0x004cc49c","Unwind@004cc49c","8","lib","lib","","",""
"SC3U.exe","0x004cc4a4","Unwind@004cc4a4","8","lib","lib","","",""
"SC3U.exe","0x004cc4b8","Unwind@004cc4b8","8","lib","lib","","",""
"SC3U.exe","0x004cc4c0","Unwind@004cc4c0","8","lib","lib","","",""
"SC3U.exe","0x004cc4c8","Unwind@004cc4c8","8","lib","lib","","",""
"SC3U.exe","0x004cc4dc","Unwind@004cc4dc","8","lib","lib","","",""
"SC3U.exe","0x004cc4e4","Unwind@004cc4e4","8","lib","lib","","",""
"SC3U.exe","0x004cc4ec","Unwind@004cc4ec","8","lib","lib","","",""
"SC3U.exe","0x004cc4f4","Unwind@004cc4f4","8","lib","lib","","",""
"SC3U.exe","0x004cc4fc","Unwind@004cc4fc","8","lib","lib","","",""
"SC3U.exe","0x004cc504","Unwind@004cc504","11","lib","lib","","",""
"SC3U.exe","0x004cc51c","Unwind@004cc51c","8","lib","lib","","",""
"SC3U.exe","0x004cc524","Unwind@004cc524","8","lib","lib","","",""
"SC3U.exe","0x004cc52c","Unwind@004cc52c","8","lib","lib","","",""
"SC3U.exe","0x004cc540","Unwind@004cc540","8","lib","lib","","",""
"SC3U.exe","0x004cc548","Unwind@004cc548","8","lib","lib","","",""
"SC3U.exe","0x004cc550","Unwind@004cc550","8","lib","lib","","",""
"SC3U.exe","0x004cc564","Unwind@004cc564","8","lib","lib","","",""
"SC3U.exe","0x004cc56c","Unwind@004cc56c","22","lib","lib","","",""
"SC3U.exe","0x004cc582","Unwind@004cc582","8","lib","lib","","",""
"SC3U.exe","0x004cc58a","Unwind@004cc58a","8","lib","lib","","",""
"SC3U.exe","0x004cc592","Unwind@004cc592","8","lib","lib","","",""
"SC3U.exe","0x004cc59a","Unwind@004cc59a","11","lib","lib","","",""
"SC3U.exe","0x004cc5b0","Unwind@004cc5b0","8","lib","lib","","",""
"SC3U.exe","0x004cc5b8","Unwind@004cc5b8","8","lib","lib","","",""
"SC3U.exe","0x004cc5c0","Unwind@004cc5c0","11","lib","lib","","",""
"SC3U.exe","0x004cc5cb","Unwind@004cc5cb","8","lib","lib","","",""
"SC3U.exe","0x004cc5e0","Unwind@004cc5e0","11","lib","lib","","",""
"SC3U.exe","0x004cc5f8","Unwind@004cc5f8","11","lib","lib","","",""
"SC3U.exe","0x004cc610","Unwind@004cc610","8","lib","lib","","",""
"SC3U.exe","0x004cc63c","Unwind@004cc63c","8","lib","lib","","",""
"SC3U.exe","0x004cc644","Unwind@004cc644","8","lib","lib","","",""
"SC3U.exe","0x004cc658","Unwind@004cc658","14","lib","lib","","",""
"SC3U.exe","0x004cc670","Unwind@004cc670","8","lib","lib","","",""
"SC3U.exe","0x004cc69c","Unwind@004cc69c","11","lib","lib","","",""
"SC3U.exe","0x004cc6a7","Unwind@004cc6a7","11","lib","lib","","",""
"SC3U.exe","0x004cc6b2","Unwind@004cc6b2","11","lib","lib","","",""
"SC3U.exe","0x004cc6bd","Unwind@004cc6bd","11","lib","lib","","",""
"SC3U.exe","0x004cc6c8","Unwind@004cc6c8","14","lib","lib","","",""
"SC3U.exe","0x004cc6d6","Unwind@004cc6d6","14","lib","lib","","",""
"SC3U.exe","0x004cc6e4","Unwind@004cc6e4","14","lib","lib","","",""
"SC3U.exe","0x004cc6f2","Unwind@004cc6f2","14","lib","lib","","",""
"SC3U.exe","0x004cc700","Unwind@004cc700","14","lib","lib","","",""
"SC3U.exe","0x004cc70e","Unwind@004cc70e","14","lib","lib","","",""
"SC3U.exe","0x004cc71c","Unwind@004cc71c","14","lib","lib","","",""
"SC3U.exe","0x004cc72a","Unwind@004cc72a","14","lib","lib","","",""
"SC3U.exe","0x004cc738","Unwind@004cc738","14","lib","lib","","",""
"SC3U.exe","0x004cc746","Unwind@004cc746","14","lib","lib","","",""
"SC3U.exe","0x004cc754","Unwind@004cc754","14","lib","lib","","",""
"SC3U.exe","0x004cc76c","Unwind@004cc76c","11","lib","lib","","",""
"SC3U.exe","0x004cc777","Unwind@004cc777","11","lib","lib","","",""
"SC3U.exe","0x004cc782","Unwind@004cc782","11","lib","lib","","",""
"SC3U.exe","0x004cc78d","Unwind@004cc78d","11","lib","lib","","",""
"SC3U.exe","0x004cc798","Unwind@004cc798","14","lib","lib","","",""
"SC3U.exe","0x004cc7a6","Unwind@004cc7a6","14","lib","lib","","",""
"SC3U.exe","0x004cc7b4","Unwind@004cc7b4","14","lib","lib","","",""
"SC3U.exe","0x004cc7c2","Unwind@004cc7c2","14","lib","lib","","",""
"SC3U.exe","0x004cc7d0","Unwind@004cc7d0","14","lib","lib","","",""
"SC3U.exe","0x004cc7de","Unwind@004cc7de","14","lib","lib","","",""
"SC3U.exe","0x004cc7ec","Unwind@004cc7ec","14","lib","lib","","",""
"SC3U.exe","0x004cc7fa","Unwind@004cc7fa","14","lib","lib","","",""
"SC3U.exe","0x004cc808","Unwind@004cc808","14","lib","lib","","",""
"SC3U.exe","0x004cc816","Unwind@004cc816","14","lib","lib","","",""
"SC3U.exe","0x004cc824","Unwind@004cc824","14","lib","lib","","",""
"SC3U.exe","0x004cc83c","Unwind@004cc83c","8","lib","lib","","",""
"SC3U.exe","0x004cc844","Unwind@004cc844","8","lib","lib","","",""
"SC3U.exe","0x004cc84c","Unwind@004cc84c","10","lib","lib","","",""
"SC3U.exe","0x004cc860","Unwind@004cc860","8","lib","lib","","",""
"SC3U.exe","0x004cc874","Unwind@004cc874","8","lib","lib","","",""
"SC3U.exe","0x004cc888","Unwind@004cc888","8","lib","lib","","",""
"SC3U.exe","0x004cc890","Unwind@004cc890","8","lib","lib","","",""
"SC3U.exe","0x004cc898","Unwind@004cc898","8","lib","lib","","",""
"SC3U.exe","0x004cc8a0","Unwind@004cc8a0","8","lib","lib","","",""
"SC3U.exe","0x004cc8a8","Unwind@004cc8a8","8","lib","lib","","",""
"SC3U.exe","0x004cc8b0","Unwind@004cc8b0","8","lib","lib","","",""
"SC3U.exe","0x004cc8b8","Unwind@004cc8b8","8","lib","lib","","",""
"SC3U.exe","0x004cc8c0","Unwind@004cc8c0","8","lib","lib","","",""
"SC3U.exe","0x004cc8c8","Unwind@004cc8c8","8","lib","lib","","",""
"SC3U.exe","0x004cc8d0","Unwind@004cc8d0","8","lib","lib","","",""
"SC3U.exe","0x004cc8d8","Unwind@004cc8d8","8","lib","lib","","",""
"SC3U.exe","0x004cc8e0","Unwind@004cc8e0","8","lib","lib","","",""
"SC3U.exe","0x004cc8e8","Unwind@004cc8e8","8","lib","lib","","",""
"SC3U.exe","0x004cc8f0","Unwind@004cc8f0","8","lib","lib","","",""
"SC3U.exe","0x004cc8f8","Unwind@004cc8f8","8","lib","lib","","",""
"SC3U.exe","0x004cc900","Unwind@004cc900","8","lib","lib","","",""
"SC3U.exe","0x004cc908","Unwind@004cc908","8","lib","lib","","",""
"SC3U.exe","0x004cc910","Unwind@004cc910","8","lib","lib","","",""
"SC3U.exe","0x004cc918","Unwind@004cc918","8","lib","lib","","",""
"SC3U.exe","0x004cc920","Unwind@004cc920","8","lib","lib","","",""
"SC3U.exe","0x004cc928","Unwind@004cc928","8","lib","lib","","",""
"SC3U.exe","0x004cc930","Unwind@004cc930","8","lib","lib","","",""
"SC3U.exe","0x004cc938","Unwind@004cc938","8","lib","lib","","",""
"SC3U.exe","0x004cc940","Unwind@004cc940","8","lib","lib","","",""
"SC3U.exe","0x004cc948","Unwind@004cc948","8","lib","lib","","",""
"SC3U.exe","0x004cc950","Unwind@004cc950","8","lib","lib","","",""
"SC3U.exe","0x004cc958","Unwind@004cc958","8","lib","lib","","",""
"SC3U.exe","0x004cc960","Unwind@004cc960","8","lib","lib","","",""
"SC3U.exe","0x004cc968","Unwind@004cc968","8","lib","lib","","",""
"SC3U.exe","0x004cc970","Unwind@004cc970","8","lib","lib","","",""
"SC3U.exe","0x004cc978","Unwind@004cc978","8","lib","lib","","",""
"SC3U.exe","0x004cc980","Unwind@004cc980","8","lib","lib","","",""
"SC3U.exe","0x004cc988","Unwind@004cc988","8","lib","lib","","",""
"SC3U.exe","0x004cc990","Unwind@004cc990","8","lib","lib","","",""
"SC3U.exe","0x004cc998","Unwind@004cc998","8","lib","lib","","",""
"SC3U.exe","0x004cc9a0","Unwind@004cc9a0","8","lib","lib","","",""
"SC3U.exe","0x004cc9a8","Unwind@004cc9a8","8","lib","lib","","",""
"SC3U.exe","0x004cc9b0","Unwind@004cc9b0","8","lib","lib","","",""
"SC3U.exe","0x004cc9b8","Unwind@004cc9b8","8","lib","lib","","",""
"SC3U.exe","0x004cc9c0","Unwind@004cc9c0","8","lib","lib","","",""
"SC3U.exe","0x004cc9c8","Unwind@004cc9c8","8","lib","lib","","",""
"SC3U.exe","0x004cc9d0","Unwind@004cc9d0","8","lib","lib","","",""
"SC3U.exe","0x004cc9d8","Unwind@004cc9d8","8","lib","lib","","",""
"SC3U.exe","0x004cc9e0","Unwind@004cc9e0","8","lib","lib","","",""
"SC3U.exe","0x004cc9e8","Unwind@004cc9e8","8","lib","lib","","",""
"SC3U.exe","0x004cc9f0","Unwind@004cc9f0","8","lib","lib","","",""
"SC3U.exe","0x004cc9f8","Unwind@004cc9f8","8","lib","lib","","",""
"SC3U.exe","0x004cca00","Unwind@004cca00","8","lib","lib","","",""
"SC3U.exe","0x004cca08","Unwind@004cca08","8","lib","lib","","",""
"SC3U.exe","0x004cca10","Unwind@004cca10","8","lib","lib","","",""
"SC3U.exe","0x004cca18","Unwind@004cca18","8","lib","lib","","",""
"SC3U.exe","0x004cca20","Unwind@004cca20","8","lib","lib","","",""
"SC3U.exe","0x004cca28","Unwind@004cca28","8","lib","lib","","",""
"SC3U.exe","0x004cca30","Unwind@004cca30","8","lib","lib","","",""
"SC3U.exe","0x004cca38","Unwind@004cca38","8","lib","lib","","",""
"SC3U.exe","0x004cca40","Unwind@004cca40","8","lib","lib","","",""
"SC3U.exe","0x004cca48","Unwind@004cca48","8","lib","lib","","",""
"SC3U.exe","0x004cca50","Unwind@004cca50","8","lib","lib","","",""
"SC3U.exe","0x004cca58","Unwind@004cca58","8","lib","lib","","",""
"SC3U.exe","0x004cca60","Unwind@004cca60","8","lib","lib","","",""
"SC3U.exe","0x004cca68","Unwind@004cca68","8","lib","lib","","",""
"SC3U.exe","0x004cca70","Unwind@004cca70","8","lib","lib","","",""
"SC3U.exe","0x004cca78","Unwind@004cca78","8","lib","lib","","",""
"SC3U.exe","0x004cca80","Unwind@004cca80","8","lib","lib","","",""
"SC3U.exe","0x004cca88","Unwind@004cca88","8","lib","lib","","",""
"SC3U.exe","0x004cca90","Unwind@004cca90","8","lib","lib","","",""
"SC3U.exe","0x004cca98","Unwind@004cca98","8","lib","lib","","",""
"SC3U.exe","0x004ccaa0","Unwind@004ccaa0","8","lib","lib","","",""
"SC3U.exe","0x004ccaa8","Unwind@004ccaa8","8","lib","lib","","",""
"SC3U.exe","0x004ccab0","Unwind@004ccab0","8","lib","lib","","",""
"SC3U.exe","0x004ccab8","Unwind@004ccab8","8","lib","lib","","",""
"SC3U.exe","0x004ccac0","Unwind@004ccac0","8","lib","lib","","",""
"SC3U.exe","0x004ccac8","Unwind@004ccac8","8","lib","lib","","",""
"SC3U.exe","0x004ccad0","Unwind@004ccad0","8","lib","lib","","",""
"SC3U.exe","0x004ccad8","Unwind@004ccad8","8","lib","lib","","",""
"SC3U.exe","0x004ccae0","Unwind@004ccae0","8","lib","lib","","",""
"SC3U.exe","0x004ccae8","Unwind@004ccae8","8","lib","lib","","",""
"SC3U.exe","0x004ccaf0","Unwind@004ccaf0","8","lib","lib","","",""
"SC3U.exe","0x004ccaf8","Unwind@004ccaf8","8","lib","lib","","",""
"SC3U.exe","0x004ccb00","Unwind@004ccb00","8","lib","lib","","",""
"SC3U.exe","0x004ccb08","Unwind@004ccb08","8","lib","lib","","",""
"SC3U.exe","0x004ccb10","Unwind@004ccb10","8","lib","lib","","",""
"SC3U.exe","0x004ccb18","Unwind@004ccb18","8","lib","lib","","",""
"SC3U.exe","0x004ccb20","Unwind@004ccb20","8","lib","lib","","",""
"SC3U.exe","0x004ccb28","Unwind@004ccb28","8","lib","lib","","",""
"SC3U.exe","0x004ccb30","Unwind@004ccb30","8","lib","lib","","",""
"SC3U.exe","0x004ccb38","Unwind@004ccb38","8","lib","lib","","",""
"SC3U.exe","0x004ccb40","Unwind@004ccb40","8","lib","lib","","",""
"SC3U.exe","0x004ccb48","Unwind@004ccb48","8","lib","lib","","",""
"SC3U.exe","0x004ccb50","Unwind@004ccb50","8","lib","lib","","",""
"SC3U.exe","0x004ccb58","Unwind@004ccb58","8","lib","lib","","",""
"SC3U.exe","0x004ccb60","Unwind@004ccb60","8","lib","lib","","",""
"SC3U.exe","0x004ccb68","Unwind@004ccb68","8","lib","lib","","",""
"SC3U.exe","0x004ccb70","Unwind@004ccb70","8","lib","lib","","",""
"SC3U.exe","0x004ccb78","Unwind@004ccb78","8","lib","lib","","",""
"SC3U.exe","0x004ccb80","Unwind@004ccb80","8","lib","lib","","",""
"SC3U.exe","0x004ccb88","Unwind@004ccb88","8","lib","lib","","",""
"SC3U.exe","0x004ccb90","Unwind@004ccb90","8","lib","lib","","",""
"SC3U.exe","0x004ccb98","Unwind@004ccb98","8","lib","lib","","",""
"SC3U.exe","0x004ccba0","Unwind@004ccba0","8","lib","lib","","",""
"SC3U.exe","0x004ccba8","Unwind@004ccba8","8","lib","lib","","",""
"SC3U.exe","0x004ccbb0","Unwind@004ccbb0","8","lib","lib","","",""
"SC3U.exe","0x004ccbb8","Unwind@004ccbb8","8","lib","lib","","",""
"SC3U.exe","0x004ccbc0","Unwind@004ccbc0","8","lib","lib","","",""
"SC3U.exe","0x004ccbc8","Unwind@004ccbc8","8","lib","lib","","",""
"SC3U.exe","0x004ccbd0","Unwind@004ccbd0","8","lib","lib","","",""
"SC3U.exe","0x004ccbd8","Unwind@004ccbd8","8","lib","lib","","",""
"SC3U.exe","0x004ccbe0","Unwind@004ccbe0","8","lib","lib","","",""
"SC3U.exe","0x004ccbe8","Unwind@004ccbe8","8","lib","lib","","",""
"SC3U.exe","0x004ccbf0","Unwind@004ccbf0","8","lib","lib","","",""
"SC3U.exe","0x004ccbf8","Unwind@004ccbf8","8","lib","lib","","",""
"SC3U.exe","0x004ccc00","Unwind@004ccc00","8","lib","lib","","",""
"SC3U.exe","0x004ccc08","Unwind@004ccc08","8","lib","lib","","",""
"SC3U.exe","0x004ccc10","Unwind@004ccc10","8","lib","lib","","",""
"SC3U.exe","0x004ccc18","Unwind@004ccc18","8","lib","lib","","",""
"SC3U.exe","0x004ccc20","Unwind@004ccc20","8","lib","lib","","",""
"SC3U.exe","0x004ccc28","Unwind@004ccc28","8","lib","lib","","",""
"SC3U.exe","0x004ccc30","Unwind@004ccc30","8","lib","lib","","",""
"SC3U.exe","0x004ccc38","Unwind@004ccc38","8","lib","lib","","",""
"SC3U.exe","0x004ccc40","Unwind@004ccc40","8","lib","lib","","",""
"SC3U.exe","0x004ccc48","Unwind@004ccc48","8","lib","lib","","",""
"SC3U.exe","0x004ccc50","Unwind@004ccc50","8","lib","lib","","",""
"SC3U.exe","0x004ccc58","Unwind@004ccc58","8","lib","lib","","",""
"SC3U.exe","0x004ccc60","Unwind@004ccc60","8","lib","lib","","",""
"SC3U.exe","0x004ccc68","Unwind@004ccc68","8","lib","lib","","",""
"SC3U.exe","0x004ccc70","Unwind@004ccc70","8","lib","lib","","",""
"SC3U.exe","0x004ccc78","Unwind@004ccc78","8","lib","lib","","",""
"SC3U.exe","0x004ccc80","Unwind@004ccc80","8","lib","lib","","",""
"SC3U.exe","0x004ccc88","Unwind@004ccc88","8","lib","lib","","",""
"SC3U.exe","0x004ccc90","Unwind@004ccc90","8","lib","lib","","",""
"SC3U.exe","0x004ccc98","Unwind@004ccc98","8","lib","lib","","",""
"SC3U.exe","0x004ccca0","Unwind@004ccca0","8","lib","lib","","",""
"SC3U.exe","0x004ccca8","Unwind@004ccca8","8","lib","lib","","",""
"SC3U.exe","0x004cccb0","Unwind@004cccb0","8","lib","lib","","",""
"SC3U.exe","0x004cccb8","Unwind@004cccb8","8","lib","lib","","",""
"SC3U.exe","0x004cccc0","Unwind@004cccc0","8","lib","lib","","",""
"SC3U.exe","0x004cccc8","Unwind@004cccc8","8","lib","lib","","",""
"SC3U.exe","0x004cccd0","Unwind@004cccd0","8","lib","lib","","",""
"SC3U.exe","0x004cccd8","Unwind@004cccd8","8","lib","lib","","",""
"SC3U.exe","0x004ccce0","Unwind@004ccce0","8","lib","lib","","",""
"SC3U.exe","0x004ccce8","Unwind@004ccce8","8","lib","lib","","",""
"SC3U.exe","0x004cccf0","Unwind@004cccf0","8","lib","lib","","",""
"SC3U.exe","0x004cccf8","Unwind@004cccf8","8","lib","lib","","",""
"SC3U.exe","0x004ccd00","Unwind@004ccd00","8","lib","lib","","",""
"SC3U.exe","0x004ccd08","Unwind@004ccd08","8","lib","lib","","",""
"SC3U.exe","0x004ccd10","Unwind@004ccd10","8","lib","lib","","",""
"SC3U.exe","0x004ccd18","Unwind@004ccd18","8","lib","lib","","",""
"SC3U.exe","0x004ccd20","Unwind@004ccd20","8","lib","lib","","",""
"SC3U.exe","0x004ccd28","Unwind@004ccd28","8","lib","lib","","",""
"SC3U.exe","0x004ccd30","Unwind@004ccd30","8","lib","lib","","",""
"SC3U.exe","0x004ccd38","Unwind@004ccd38","8","lib","lib","","",""
"SC3U.exe","0x004ccd40","Unwind@004ccd40","8","lib","lib","","",""
"SC3U.exe","0x004ccd48","Unwind@004ccd48","8","lib","lib","","",""
"SC3U.exe","0x004ccd50","Unwind@004ccd50","8","lib","lib","","",""
"SC3U.exe","0x004ccd58","Unwind@004ccd58","8","lib","lib","","",""
"SC3U.exe","0x004ccd60","Unwind@004ccd60","8","lib","lib","","",""
"SC3U.exe","0x004ccd68","Unwind@004ccd68","8","lib","lib","","",""
"SC3U.exe","0x004ccd70","Unwind@004ccd70","8","lib","lib","","",""
"SC3U.exe","0x004ccd78","Unwind@004ccd78","8","lib","lib","","",""
"SC3U.exe","0x004ccd80","Unwind@004ccd80","8","lib","lib","","",""
"SC3U.exe","0x004ccd88","Unwind@004ccd88","8","lib","lib","","",""
"SC3U.exe","0x004ccd90","Unwind@004ccd90","8","lib","lib","","",""
"SC3U.exe","0x004ccd98","Unwind@004ccd98","8","lib","lib","","",""
"SC3U.exe","0x004ccda0","Unwind@004ccda0","8","lib","lib","","",""
"SC3U.exe","0x004ccda8","Unwind@004ccda8","8","lib","lib","","",""
"SC3U.exe","0x004ccdb0","Unwind@004ccdb0","8","lib","lib","","",""
"SC3U.exe","0x004ccdb8","Unwind@004ccdb8","8","lib","lib","","",""
"SC3U.exe","0x004ccdc0","Unwind@004ccdc0","8","lib","lib","","",""
"SC3U.exe","0x004ccdc8","Unwind@004ccdc8","8","lib","lib","","",""
"SC3U.exe","0x004ccdd0","Unwind@004ccdd0","8","lib","lib","","",""
"SC3U.exe","0x004ccdd8","Unwind@004ccdd8","8","lib","lib","","",""
"SC3U.exe","0x004ccde0","Unwind@004ccde0","8","lib","lib","","",""
"SC3U.exe","0x004ccde8","Unwind@004ccde8","8","lib","lib","","",""
"SC3U.exe","0x004ccdf0","Unwind@004ccdf0","8","lib","lib","","",""
"SC3U.exe","0x004ccdf8","Unwind@004ccdf8","8","lib","lib","","",""
"SC3U.exe","0x004cce00","Unwind@004cce00","8","lib","lib","","",""
"SC3U.exe","0x004cce08","Unwind@004cce08","8","lib","lib","","",""
"SC3U.exe","0x004cce10","Unwind@004cce10","8","lib","lib","","",""
"SC3U.exe","0x004cce18","Unwind@004cce18","8","lib","lib","","",""
"SC3U.exe","0x004cce20","Unwind@004cce20","8","lib","lib","","",""
"SC3U.exe","0x004cce28","Unwind@004cce28","8","lib","lib","","",""
"SC3U.exe","0x004cce30","Unwind@004cce30","8","lib","lib","","",""
"SC3U.exe","0x004cce38","Unwind@004cce38","8","lib","lib","","",""
"SC3U.exe","0x004cce40","Unwind@004cce40","8","lib","lib","","",""
"SC3U.exe","0x004cce48","Unwind@004cce48","8","lib","lib","","",""
"SC3U.exe","0x004cce50","Unwind@004cce50","8","lib","lib","","",""
"SC3U.exe","0x004cce58","Unwind@004cce58","8","lib","lib","","",""
"SC3U.exe","0x004cce60","Unwind@004cce60","8","lib","lib","","",""
"SC3U.exe","0x004cce68","Unwind@004cce68","8","lib","lib","","",""
"SC3U.exe","0x004cce70","Unwind@004cce70","8","lib","lib","","",""
"SC3U.exe","0x004cce78","Unwind@004cce78","8","lib","lib","","",""
"SC3U.exe","0x004cce80","Unwind@004cce80","8","lib","lib","","",""
"SC3U.exe","0x004cce88","Unwind@004cce88","8","lib","lib","","",""
"SC3U.exe","0x004cce90","Unwind@004cce90","8","lib","lib","","",""
"SC3U.exe","0x004cce98","Unwind@004cce98","8","lib","lib","","",""
"SC3U.exe","0x004ccea0","Unwind@004ccea0","8","lib","lib","","",""
"SC3U.exe","0x004ccea8","Unwind@004ccea8","8","lib","lib","","",""
"SC3U.exe","0x004cceb0","Unwind@004cceb0","8","lib","lib","","",""
"SC3U.exe","0x004cceb8","Unwind@004cceb8","8","lib","lib","","",""
"SC3U.exe","0x004ccec0","Unwind@004ccec0","8","lib","lib","","",""
"SC3U.exe","0x004ccec8","Unwind@004ccec8","8","lib","lib","","",""
"SC3U.exe","0x004cced0","Unwind@004cced0","8","lib","lib","","",""
"SC3U.exe","0x004cced8","Unwind@004cced8","8","lib","lib","","",""
"SC3U.exe","0x004ccee0","Unwind@004ccee0","8","lib","lib","","",""
"SC3U.exe","0x004ccee8","Unwind@004ccee8","8","lib","lib","","",""
"SC3U.exe","0x004ccef0","Unwind@004ccef0","8","lib","lib","","",""
"SC3U.exe","0x004ccef8","Unwind@004ccef8","8","lib","lib","","",""
"SC3U.exe","0x004ccf00","Unwind@004ccf00","8","lib","lib","","",""
"SC3U.exe","0x004ccf08","Unwind@004ccf08","8","lib","lib","","",""
"SC3U.exe","0x004ccf10","Unwind@004ccf10","8","lib","lib","","",""
"SC3U.exe","0x004ccf18","Unwind@004ccf18","8","lib","lib","","",""
"SC3U.exe","0x004ccf20","Unwind@004ccf20","8","lib","lib","","",""
"SC3U.exe","0x004ccf28","Unwind@004ccf28","8","lib","lib","","",""
"SC3U.exe","0x004ccf30","Unwind@004ccf30","8","lib","lib","","",""
"SC3U.exe","0x004ccf38","Unwind@004ccf38","8","lib","lib","","",""
"SC3U.exe","0x004ccf40","Unwind@004ccf40","8","lib","lib","","",""
"SC3U.exe","0x004ccf48","Unwind@004ccf48","8","lib","lib","","",""
"SC3U.exe","0x004ccf50","Unwind@004ccf50","8","lib","lib","","",""
"SC3U.exe","0x004ccf58","Unwind@004ccf58","8","lib","lib","","",""
"SC3U.exe","0x004ccf60","Unwind@004ccf60","8","lib","lib","","",""
"SC3U.exe","0x004ccf68","Unwind@004ccf68","8","lib","lib","","",""
"SC3U.exe","0x004ccf70","Unwind@004ccf70","8","lib","lib","","",""
"SC3U.exe","0x004ccf78","Unwind@004ccf78","8","lib","lib","","",""
"SC3U.exe","0x004ccf80","Unwind@004ccf80","8","lib","lib","","",""
"SC3U.exe","0x004ccf88","Unwind@004ccf88","8","lib","lib","","",""
"SC3U.exe","0x004ccf90","Unwind@004ccf90","8","lib","lib","","",""
"SC3U.exe","0x004ccf98","Unwind@004ccf98","8","lib","lib","","",""
"SC3U.exe","0x004ccfa0","Unwind@004ccfa0","8","lib","lib","","",""
"SC3U.exe","0x004ccfa8","Unwind@004ccfa8","8","lib","lib","","",""
"SC3U.exe","0x004ccfb0","Unwind@004ccfb0","8","lib","lib","","",""
"SC3U.exe","0x004ccfb8","Unwind@004ccfb8","8","lib","lib","","",""
"SC3U.exe","0x004ccfc0","Unwind@004ccfc0","8","lib","lib","","",""
"SC3U.exe","0x004ccfc8","Unwind@004ccfc8","8","lib","lib","","",""
"SC3U.exe","0x004ccfd0","Unwind@004ccfd0","8","lib","lib","","",""
"SC3U.exe","0x004ccfd8","Unwind@004ccfd8","8","lib","lib","","",""
"SC3U.exe","0x004ccfe0","Unwind@004ccfe0","8","lib","lib","","",""
"SC3U.exe","0x004ccfe8","Unwind@004ccfe8","8","lib","lib","","",""
"SC3U.exe","0x004ccff0","Unwind@004ccff0","8","lib","lib","","",""
"SC3U.exe","0x004ccff8","Unwind@004ccff8","8","lib","lib","","",""
"SC3U.exe","0x004cd000","Unwind@004cd000","8","lib","lib","","",""
"SC3U.exe","0x004cd008","Unwind@004cd008","8","lib","lib","","",""
"SC3U.exe","0x004cd010","Unwind@004cd010","8","lib","lib","","",""
"SC3U.exe","0x004cd018","Unwind@004cd018","8","lib","lib","","",""
"SC3U.exe","0x004cd020","Unwind@004cd020","8","lib","lib","","",""
"SC3U.exe","0x004cd028","Unwind@004cd028","8","lib","lib","","",""
"SC3U.exe","0x004cd030","Unwind@004cd030","8","lib","lib","","",""
"SC3U.exe","0x004cd038","Unwind@004cd038","8","lib","lib","","",""
"SC3U.exe","0x004cd040","Unwind@004cd040","8","lib","lib","","",""
"SC3U.exe","0x004cd048","Unwind@004cd048","8","lib","lib","","",""
"SC3U.exe","0x004cd050","Unwind@004cd050","8","lib","lib","","",""
"SC3U.exe","0x004cd058","Unwind@004cd058","8","lib","lib","","",""
"SC3U.exe","0x004cd060","Unwind@004cd060","8","lib","lib","","",""
"SC3U.exe","0x004cd068","Unwind@004cd068","8","lib","lib","","",""
"SC3U.exe","0x004cd070","Unwind@004cd070","8","lib","lib","","",""
"SC3U.exe","0x004cd078","Unwind@004cd078","8","lib","lib","","",""
"SC3U.exe","0x004cd080","Unwind@004cd080","8","lib","lib","","",""
"SC3U.exe","0x004cd088","Unwind@004cd088","8","lib","lib","","",""
"SC3U.exe","0x004cd090","Unwind@004cd090","8","lib","lib","","",""
"SC3U.exe","0x004cd098","Unwind@004cd098","8","lib","lib","","",""
"SC3U.exe","0x004cd0a0","Unwind@004cd0a0","8","lib","lib","","",""
"SC3U.exe","0x004cd0a8","Unwind@004cd0a8","8","lib","lib","","",""
"SC3U.exe","0x004cd0b0","Unwind@004cd0b0","8","lib","lib","","",""
"SC3U.exe","0x004cd0b8","Unwind@004cd0b8","8","lib","lib","","",""
"SC3U.exe","0x004cd0c0","Unwind@004cd0c0","8","lib","lib","","",""
"SC3U.exe","0x004cd0c8","Unwind@004cd0c8","8","lib","lib","","",""
"SC3U.exe","0x004cd0d0","Unwind@004cd0d0","8","lib","lib","","",""
"SC3U.exe","0x004cd0d8","Unwind@004cd0d8","8","lib","lib","","",""
"SC3U.exe","0x004cd0e0","Unwind@004cd0e0","8","lib","lib","","",""
"SC3U.exe","0x004cd0e8","Unwind@004cd0e8","8","lib","lib","","",""
"SC3U.exe","0x004cd0f0","Unwind@004cd0f0","8","lib","lib","","",""
"SC3U.exe","0x004cd0f8","Unwind@004cd0f8","8","lib","lib","","",""
"SC3U.exe","0x004cd100","Unwind@004cd100","8","lib","lib","","",""
"SC3U.exe","0x004cd108","Unwind@004cd108","8","lib","lib","","",""
"SC3U.exe","0x004cd110","Unwind@004cd110","8","lib","lib","","",""
"SC3U.exe","0x004cd118","Unwind@004cd118","8","lib","lib","","",""
"SC3U.exe","0x004cd120","Unwind@004cd120","8","lib","lib","","",""
"SC3U.exe","0x004cd128","Unwind@004cd128","8","lib","lib","","",""
"SC3U.exe","0x004cd130","Unwind@004cd130","8","lib","lib","","",""
"SC3U.exe","0x004cd138","Unwind@004cd138","8","lib","lib","","",""
"SC3U.exe","0x004cd140","Unwind@004cd140","8","lib","lib","","",""
"SC3U.exe","0x004cd148","Unwind@004cd148","8","lib","lib","","",""
"SC3U.exe","0x004cd150","Unwind@004cd150","8","lib","lib","","",""
"SC3U.exe","0x004cd158","Unwind@004cd158","8","lib","lib","","",""
"SC3U.exe","0x004cd160","Unwind@004cd160","8","lib","lib","","",""
"SC3U.exe","0x004cd168","Unwind@004cd168","8","lib","lib","","",""
"SC3U.exe","0x004cd170","Unwind@004cd170","8","lib","lib","","",""
"SC3U.exe","0x004cd178","Unwind@004cd178","8","lib","lib","","",""
"SC3U.exe","0x004cd180","Unwind@004cd180","8","lib","lib","","",""
"SC3U.exe","0x004cd188","Unwind@004cd188","8","lib","lib","","",""
"SC3U.exe","0x004cd190","Unwind@004cd190","8","lib","lib","","",""
"SC3U.exe","0x004cd198","Unwind@004cd198","8","lib","lib","","",""
"SC3U.exe","0x004cd1a0","Unwind@004cd1a0","8","lib","lib","","",""
"SC3U.exe","0x004cd1a8","Unwind@004cd1a8","8","lib","lib","","",""
"SC3U.exe","0x004cd1b0","Unwind@004cd1b0","8","lib","lib","","",""
"SC3U.exe","0x004cd1b8","Unwind@004cd1b8","8","lib","lib","","",""
"SC3U.exe","0x004cd1c0","Unwind@004cd1c0","8","lib","lib","","",""
"SC3U.exe","0x004cd1c8","Unwind@004cd1c8","8","lib","lib","","",""
"SC3U.exe","0x004cd1d0","Unwind@004cd1d0","8","lib","lib","","",""
"SC3U.exe","0x004cd1d8","Unwind@004cd1d8","8","lib","lib","","",""
"SC3U.exe","0x004cd1e0","Unwind@004cd1e0","8","lib","lib","","",""
"SC3U.exe","0x004cd1e8","Unwind@004cd1e8","8","lib","lib","","",""
"SC3U.exe","0x004cd1f0","Unwind@004cd1f0","8","lib","lib","","",""
"SC3U.exe","0x004cd1f8","Unwind@004cd1f8","8","lib","lib","","",""
"SC3U.exe","0x004cd200","Unwind@004cd200","8","lib","lib","","",""
"SC3U.exe","0x004cd208","Unwind@004cd208","8","lib","lib","","",""
"SC3U.exe","0x004cd210","Unwind@004cd210","8","lib","lib","","",""
"SC3U.exe","0x004cd218","Unwind@004cd218","8","lib","lib","","",""
"SC3U.exe","0x004cd220","Unwind@004cd220","8","lib","lib","","",""
"SC3U.exe","0x004cd228","Unwind@004cd228","8","lib","lib","","",""
"SC3U.exe","0x004cd230","Unwind@004cd230","8","lib","lib","","",""
"SC3U.exe","0x004cd238","Unwind@004cd238","8","lib","lib","","",""
"SC3U.exe","0x004cd240","Unwind@004cd240","8","lib","lib","","",""
"SC3U.exe","0x004cd248","Unwind@004cd248","11","lib","lib","","",""
"SC3U.exe","0x004cd260","Unwind@004cd260","10","lib","lib","","",""
"SC3U.exe","0x004cd274","Unwind@004cd274","8","lib","lib","","",""
"SC3U.exe","0x004cd27c","Unwind@004cd27c","10","lib","lib","","",""
"SC3U.exe","0x004cd286","Unwind@004cd286","11","lib","lib","","",""
"SC3U.exe","0x004cd29c","Unwind@004cd29c","10","lib","lib","","",""
"SC3U.exe","0x004cd2b0","Unwind@004cd2b0","10","lib","lib","","",""
"SC3U.exe","0x004cd2c4","Unwind@004cd2c4","10","lib","lib","","",""
"SC3U.exe","0x004cd2d8","Unwind@004cd2d8","10","lib","lib","","",""
"SC3U.exe","0x004cd2e2","Unwind@004cd2e2","8","lib","lib","","",""
"SC3U.exe","0x004cd2f4","Unwind@004cd2f4","8","lib","lib","","",""
"SC3U.exe","0x004cd2fc","Unwind@004cd2fc","8","lib","lib","","",""
"SC3U.exe","0x004cd304","Unwind@004cd304","8","lib","lib","","",""
"SC3U.exe","0x004cd318","Unwind@004cd318","8","lib","lib","","",""
"SC3U.exe","0x004cd32c","Unwind@004cd32c","8","lib","lib","","",""
"SC3U.exe","0x004cd340","Unwind@004cd340","10","lib","lib","","",""
"SC3U.exe","0x004cd354","Unwind@004cd354","8","lib","lib","","",""
"SC3U.exe","0x004cd35c","Unwind@004cd35c","8","lib","lib","","",""
"SC3U.exe","0x004cd364","Unwind@004cd364","11","lib","lib","","",""
"SC3U.exe","0x004cd37c","Unwind@004cd37c","10","lib","lib","","",""
"SC3U.exe","0x004cd386","Unwind@004cd386","8","lib","lib","","",""
"SC3U.exe","0x004cd398","Unwind@004cd398","10","lib","lib","","",""
"SC3U.exe","0x004cd3ac","Unwind@004cd3ac","8","lib","lib","","",""
"SC3U.exe","0x004cd3c0","Unwind@004cd3c0","10","lib","lib","","",""
"SC3U.exe","0x004cd3d4","Unwind@004cd3d4","10","lib","lib","","",""
"SC3U.exe","0x004cd3e8","Unwind@004cd3e8","10","lib","lib","","",""
"SC3U.exe","0x004cd3fc","Unwind@004cd3fc","8","lib","lib","","",""
"SC3U.exe","0x004cd410","Unwind@004cd410","10","lib","lib","","",""
"SC3U.exe","0x004cd424","Unwind@004cd424","10","lib","lib","","",""
"SC3U.exe","0x004cd42e","Unwind@004cd42e","8","lib","lib","","",""
"SC3U.exe","0x004cd440","Unwind@004cd440","10","lib","lib","","",""
"SC3U.exe","0x004cd454","Unwind@004cd454","8","lib","lib","","",""
"SC3U.exe","0x004cd45c","Unwind@004cd45c","10","lib","lib","","",""
"SC3U.exe","0x004cd470","Unwind@004cd470","10","lib","lib","","",""
"SC3U.exe","0x004cd484","Unwind@004cd484","10","lib","lib","","",""
"SC3U.exe","0x004cd498","Unwind@004cd498","8","lib","lib","","",""
"SC3U.exe","0x004cd4a0","Unwind@004cd4a0","8","lib","lib","","",""
"SC3U.exe","0x004cd4a8","Unwind@004cd4a8","8","lib","lib","","",""
"SC3U.exe","0x004cd4b0","Unwind@004cd4b0","10","lib","lib","","",""
"SC3U.exe","0x004cd4ba","Unwind@004cd4ba","11","lib","lib","","",""
"SC3U.exe","0x004cd4d0","Unwind@004cd4d0","10","lib","lib","","",""
"SC3U.exe","0x004cd4e4","Unwind@004cd4e4","10","lib","lib","","",""
"SC3U.exe","0x004cd4f8","Unwind@004cd4f8","8","lib","lib","","",""
"SC3U.exe","0x004cd500","Unwind@004cd500","10","lib","lib","","",""
"SC3U.exe","0x004cd514","Unwind@004cd514","8","lib","lib","","",""
"SC3U.exe","0x004cd51c","Unwind@004cd51c","10","lib","lib","","",""
"SC3U.exe","0x004cd526","Unwind@004cd526","10","lib","lib","","",""
"SC3U.exe","0x004cd530","Unwind@004cd530","11","lib","lib","","",""
"SC3U.exe","0x004cd53b","Unwind@004cd53b","10","lib","lib","","",""
"SC3U.exe","0x004cd545","Unwind@004cd545","10","lib","lib","","",""
"SC3U.exe","0x004cd55c","Unwind@004cd55c","10","lib","lib","","",""
"SC3U.exe","0x004cd566","Unwind@004cd566","8","lib","lib","","",""
"SC3U.exe","0x004cd578","Unwind@004cd578","10","lib","lib","","",""
"SC3U.exe","0x004cd58c","Unwind@004cd58c","10","lib","lib","","",""
"SC3U.exe","0x004cd596","Unwind@004cd596","8","lib","lib","","",""
"SC3U.exe","0x004cd5a8","Unwind@004cd5a8","10","lib","lib","","",""
"SC3U.exe","0x004cd5bc","Unwind@004cd5bc","10","lib","lib","","",""
"SC3U.exe","0x004cd5d0","Unwind@004cd5d0","10","lib","lib","","",""
"SC3U.exe","0x004cd5e4","Unwind@004cd5e4","8","lib","lib","","",""
"SC3U.exe","0x004cd5f8","Unwind@004cd5f8","10","lib","lib","","",""
"SC3U.exe","0x004cd60c","Unwind@004cd60c","10","lib","lib","","",""
"SC3U.exe","0x004cd620","Unwind@004cd620","10","lib","lib","","",""
"SC3U.exe","0x004cd62a","Unwind@004cd62a","8","lib","lib","","",""
"SC3U.exe","0x004cd63c","Unwind@004cd63c","8","lib","lib","","",""
"SC3U.exe","0x004cd650","Unwind@004cd650","10","lib","lib","","",""
"SC3U.exe","0x004cd664","Unwind@004cd664","8","lib","lib","","",""
"SC3U.exe","0x004cd66c","Unwind@004cd66c","8","lib","lib","","",""
"SC3U.exe","0x004cd674","Unwind@004cd674","8","lib","lib","","",""
"SC3U.exe","0x004cd688","Unwind@004cd688","10","lib","lib","","",""
"SC3U.exe","0x004cd692","Unwind@004cd692","8","lib","lib","","",""
"SC3U.exe","0x004cd6a4","Unwind@004cd6a4","10","lib","lib","","",""
"SC3U.exe","0x004cd6ae","Unwind@004cd6ae","8","lib","lib","","",""
"SC3U.exe","0x004cd6c0","Unwind@004cd6c0","8","lib","lib","","",""
"SC3U.exe","0x004cd6d4","Unwind@004cd6d4","10","lib","lib","","",""
"SC3U.exe","0x004cd6de","Unwind@004cd6de","8","lib","lib","","",""
"SC3U.exe","0x004cd6f0","Unwind@004cd6f0","10","lib","lib","","",""
"SC3U.exe","0x004cd704","Unwind@004cd704","10","lib","lib","","",""
"SC3U.exe","0x004cd718","Unwind@004cd718","8","lib","lib","","",""
"SC3U.exe","0x004cd720","Unwind@004cd720","8","lib","lib","","",""
"SC3U.exe","0x004cd734","Unwind@004cd734","8","lib","lib","","",""
"SC3U.exe","0x004cd748","Unwind@004cd748","8","lib","lib","","",""
"SC3U.exe","0x004cd750","Unwind@004cd750","8","lib","lib","","",""
"SC3U.exe","0x004cd764","Unwind@004cd764","10","lib","lib","","",""
"SC3U.exe","0x004cd778","Unwind@004cd778","8","lib","lib","","",""
"SC3U.exe","0x004cd78c","Unwind@004cd78c","8","lib","lib","","",""
"SC3U.exe","0x004cd7a0","Unwind@004cd7a0","8","lib","lib","","",""
"SC3U.exe","0x004cd7b4","Unwind@004cd7b4","8","lib","lib","","",""
"SC3U.exe","0x004cd7c8","Unwind@004cd7c8","8","lib","lib","","",""
"SC3U.exe","0x004cd7dc","Unwind@004cd7dc","8","lib","lib","","",""
"SC3U.exe","0x004cd838","Unwind@004cd838","14","lib","lib","","",""
"SC3U.exe","0x004cd850","Unwind@004cd850","14","lib","lib","","",""
"SC3U.exe","0x004cd868","Unwind@004cd868","8","lib","lib","","",""
"SC3U.exe","0x004cd87c","Unwind@004cd87c","8","lib","lib","","",""
"SC3U.exe","0x004cd890","Unwind@004cd890","8","lib","lib","","",""
"SC3U.exe","0x004cd8a4","Unwind@004cd8a4","8","lib","lib","","",""
"SC3U.exe","0x004cd8b8","Unwind@004cd8b8","8","lib","lib","","",""
"SC3U.exe","0x004cd8c0","Unwind@004cd8c0","11","lib","lib","","",""
"SC3U.exe","0x004cd8d8","Unwind@004cd8d8","8","lib","lib","","",""
"SC3U.exe","0x004cd8ec","Unwind@004cd8ec","8","lib","lib","","",""
"SC3U.exe","0x004cd900","Unwind@004cd900","8","lib","lib","","",""
"SC3U.exe","0x004cd914","Unwind@004cd914","8","lib","lib","","",""
"SC3U.exe","0x004cd91c","Unwind@004cd91c","22","lib","lib","","",""
"SC3U.exe","0x004cd932","Unwind@004cd932","8","lib","lib","","",""
"SC3U.exe","0x004cd944","Unwind@004cd944","8","lib","lib","","",""
"SC3U.exe","0x004cd958","Unwind@004cd958","8","lib","lib","","",""
"SC3U.exe","0x004cd960","Unwind@004cd960","8","lib","lib","","",""
"SC3U.exe","0x004cd974","Unwind@004cd974","8","lib","lib","","",""
"SC3U.exe","0x004cd97c","Unwind@004cd97c","11","lib","lib","","",""
"SC3U.exe","0x004cd987","Unwind@004cd987","11","lib","lib","","",""
"SC3U.exe","0x004cd992","Unwind@004cd992","8","lib","lib","","",""
"SC3U.exe","0x004cd99a","Unwind@004cd99a","8","lib","lib","","",""
"SC3U.exe","0x004cd9a2","Unwind@004cd9a2","8","lib","lib","","",""
"SC3U.exe","0x004cd9b4","Unwind@004cd9b4","8","lib","lib","","",""
"SC3U.exe","0x004cd9bc","Unwind@004cd9bc","11","lib","lib","","",""
"SC3U.exe","0x004cd9c7","Unwind@004cd9c7","11","lib","lib","","",""
"SC3U.exe","0x004cd9dc","Unwind@004cd9dc","8","lib","lib","","",""
"SC3U.exe","0x004cda08","Unwind@004cda08","8","lib","lib","","",""
"SC3U.exe","0x004cda10","Unwind@004cda10","8","lib","lib","","",""
"SC3U.exe","0x004cda18","Unwind@004cda18","8","lib","lib","","",""
"SC3U.exe","0x004cda20","Unwind@004cda20","8","lib","lib","","",""
"SC3U.exe","0x004cda28","Unwind@004cda28","8","lib","lib","","",""
"SC3U.exe","0x004cda30","Unwind@004cda30","8","lib","lib","","",""
"SC3U.exe","0x004cda38","Unwind@004cda38","8","lib","lib","","",""
"SC3U.exe","0x004cda40","Unwind@004cda40","8","lib","lib","","",""
"SC3U.exe","0x004cda48","Unwind@004cda48","8","lib","lib","","",""
"SC3U.exe","0x004cda50","Unwind@004cda50","8","lib","lib","","",""
"SC3U.exe","0x004cda58","Unwind@004cda58","8","lib","lib","","",""
"SC3U.exe","0x004cda60","Unwind@004cda60","8","lib","lib","","",""
"SC3U.exe","0x004cda68","Unwind@004cda68","8","lib","lib","","",""
"SC3U.exe","0x004cda70","Unwind@004cda70","8","lib","lib","","",""
"SC3U.exe","0x004cda78","Unwind@004cda78","8","lib","lib","","",""
"SC3U.exe","0x004cda80","Unwind@004cda80","8","lib","lib","","",""
"SC3U.exe","0x004cda88","Unwind@004cda88","8","lib","lib","","",""
"SC3U.exe","0x004cda9c","Unwind@004cda9c","8","lib","lib","","",""
"SC3U.exe","0x004cdab0","Unwind@004cdab0","11","lib","lib","","",""
"SC3U.exe","0x004cdabb","Unwind@004cdabb","11","lib","lib","","",""
"SC3U.exe","0x004cdac6","Unwind@004cdac6","11","lib","lib","","",""
"SC3U.exe","0x004cdad1","Unwind@004cdad1","8","lib","lib","","",""
"SC3U.exe","0x004cdad9","Unwind@004cdad9","11","lib","lib","","",""
"SC3U.exe","0x004cdae4","Unwind@004cdae4","11","lib","lib","","",""
"SC3U.exe","0x004cdaef","Unwind@004cdaef","8","lib","lib","","",""
"SC3U.exe","0x004cdb04","Unwind@004cdb04","11","lib","lib","","",""
"SC3U.exe","0x004cdb0f","Unwind@004cdb0f","11","lib","lib","","",""
"SC3U.exe","0x004cdb1a","Unwind@004cdb1a","11","lib","lib","","",""
"SC3U.exe","0x004cdb25","Unwind@004cdb25","11","lib","lib","","",""
"SC3U.exe","0x004cdb30","Unwind@004cdb30","11","lib","lib","","",""
"SC3U.exe","0x004cdb3b","Unwind@004cdb3b","11","lib","lib","","",""
"SC3U.exe","0x004cdb50","Unwind@004cdb50","8","lib","lib","","",""
"SC3U.exe","0x004cdb58","Unwind@004cdb58","8","lib","lib","","",""
"SC3U.exe","0x004cdb6c","Unwind@004cdb6c","8","lib","lib","","",""
"SC3U.exe","0x004cdb74","Unwind@004cdb74","8","lib","lib","","",""
"SC3U.exe","0x004cdb7c","Unwind@004cdb7c","8","lib","lib","","",""
"SC3U.exe","0x004cdb84","Unwind@004cdb84","8","lib","lib","","",""
"SC3U.exe","0x004cdb8c","Unwind@004cdb8c","8","lib","lib","","",""
"SC3U.exe","0x004cdb94","Unwind@004cdb94","8","lib","lib","","",""
"SC3U.exe","0x004cdb9c","Unwind@004cdb9c","8","lib","lib","","",""
"SC3U.exe","0x004cdba4","Unwind@004cdba4","8","lib","lib","","",""
"SC3U.exe","0x004cdbb8","Unwind@004cdbb8","8","lib","lib","","",""
"SC3U.exe","0x004cdbcc","Unwind@004cdbcc","8","lib","lib","","",""
"SC3U.exe","0x004cdbe0","Unwind@004cdbe0","8","lib","lib","","",""
"SC3U.exe","0x004cdbe8","Unwind@004cdbe8","8","lib","lib","","",""
"SC3U.exe","0x004cdbf0","Unwind@004cdbf0","8","lib","lib","","",""
"SC3U.exe","0x004cdbf8","Unwind@004cdbf8","8","lib","lib","","",""
"SC3U.exe","0x004cdc00","Unwind@004cdc00","8","lib","lib","","",""
"SC3U.exe","0x004cdc08","Unwind@004cdc08","8","lib","lib","","",""
"SC3U.exe","0x004cdc1c","Unwind@004cdc1c","11","lib","lib","","",""
"SC3U.exe","0x004cdc27","Unwind@004cdc27","11","lib","lib","","",""
"SC3U.exe","0x004cdc32","Unwind@004cdc32","11","lib","lib","","",""
"SC3U.exe","0x004cdc3d","Unwind@004cdc3d","11","lib","lib","","",""
"SC3U.exe","0x004cdc48","Unwind@004cdc48","11","lib","lib","","",""
"SC3U.exe","0x004cdc53","Unwind@004cdc53","11","lib","lib","","",""
"SC3U.exe","0x004cdc5e","Unwind@004cdc5e","8","lib","lib","","",""
"SC3U.exe","0x004cdc66","Unwind@004cdc66","11","lib","lib","","",""
"SC3U.exe","0x004cdc71","Unwind@004cdc71","8","lib","lib","","",""
"SC3U.exe","0x004cdc79","Unwind@004cdc79","11","lib","lib","","",""
"SC3U.exe","0x004cdc84","Unwind@004cdc84","11","lib","lib","","",""
"SC3U.exe","0x004cdc8f","Unwind@004cdc8f","11","lib","lib","","",""
"SC3U.exe","0x004cdc9a","Unwind@004cdc9a","11","lib","lib","","",""
"SC3U.exe","0x004cdca5","Unwind@004cdca5","11","lib","lib","","",""
"SC3U.exe","0x004cdcb0","Unwind@004cdcb0","11","lib","lib","","",""
"SC3U.exe","0x004cdcbb","Unwind@004cdcbb","11","lib","lib","","",""
"SC3U.exe","0x004cdcc6","Unwind@004cdcc6","11","lib","lib","","",""
"SC3U.exe","0x004cdcd1","Unwind@004cdcd1","11","lib","lib","","",""
"SC3U.exe","0x004cdcdc","Unwind@004cdcdc","8","lib","lib","","",""
"SC3U.exe","0x004cdce4","Unwind@004cdce4","8","lib","lib","","",""
"SC3U.exe","0x004cdcec","Unwind@004cdcec","8","lib","lib","","",""
"SC3U.exe","0x004cdcf4","Unwind@004cdcf4","11","lib","lib","","",""
"SC3U.exe","0x004cdcff","Unwind@004cdcff","11","lib","lib","","",""
"SC3U.exe","0x004cdd0a","Unwind@004cdd0a","11","lib","lib","","",""
"SC3U.exe","0x004cdd15","Unwind@004cdd15","11","lib","lib","","",""
"SC3U.exe","0x004cdd2c","Unwind@004cdd2c","11","lib","lib","","",""
"SC3U.exe","0x004cdd37","Unwind@004cdd37","11","lib","lib","","",""
"SC3U.exe","0x004cdd42","Unwind@004cdd42","11","lib","lib","","",""
"SC3U.exe","0x004cdd4d","Unwind@004cdd4d","11","lib","lib","","",""
"SC3U.exe","0x004cdd58","Unwind@004cdd58","11","lib","lib","","",""
"SC3U.exe","0x004cdd63","Unwind@004cdd63","14","lib","lib","","",""
"SC3U.exe","0x004cdd71","Unwind@004cdd71","14","lib","lib","","",""
"SC3U.exe","0x004cdd7f","Unwind@004cdd7f","14","lib","lib","","",""
"SC3U.exe","0x004cdd8d","Unwind@004cdd8d","14","lib","lib","","",""
"SC3U.exe","0x004cdd9b","Unwind@004cdd9b","14","lib","lib","","",""
"SC3U.exe","0x004cdda9","Unwind@004cdda9","10","lib","lib","","",""
"SC3U.exe","0x004cddc0","Unwind@004cddc0","11","lib","lib","","",""
"SC3U.exe","0x004cddcb","Unwind@004cddcb","11","lib","lib","","",""
"SC3U.exe","0x004cddd6","Unwind@004cddd6","11","lib","lib","","",""
"SC3U.exe","0x004cdde1","Unwind@004cdde1","11","lib","lib","","",""
"SC3U.exe","0x004cddec","Unwind@004cddec","11","lib","lib","","",""
"SC3U.exe","0x004cddf7","Unwind@004cddf7","14","lib","lib","","",""
"SC3U.exe","0x004cde05","Unwind@004cde05","14","lib","lib","","",""
"SC3U.exe","0x004cde13","Unwind@004cde13","14","lib","lib","","",""
"SC3U.exe","0x004cde21","Unwind@004cde21","14","lib","lib","","",""
"SC3U.exe","0x004cde2f","Unwind@004cde2f","14","lib","lib","","",""
"SC3U.exe","0x004cde48","Unwind@004cde48","8","lib","lib","","",""
"SC3U.exe","0x004cde5c","Unwind@004cde5c","10","lib","lib","","",""
"SC3U.exe","0x004cde66","Unwind@004cde66","10","lib","lib","","",""
"SC3U.exe","0x004cde7c","Unwind@004cde7c","10","lib","lib","","",""
"SC3U.exe","0x004cde86","Unwind@004cde86","8","lib","lib","","",""
"SC3U.exe","0x004cde98","Unwind@004cde98","8","lib","lib","","",""
"SC3U.exe","0x004cdeac","Unwind@004cdeac","8","lib","lib","","",""
"SC3U.exe","0x004cdec0","Unwind@004cdec0","8","lib","lib","","",""
"SC3U.exe","0x004cded4","Unwind@004cded4","8","lib","lib","","",""
"SC3U.exe","0x004cdee8","Unwind@004cdee8","8","lib","lib","","",""
"SC3U.exe","0x004cdefc","Unwind@004cdefc","8","lib","lib","","",""
"SC3U.exe","0x004cdf04","Unwind@004cdf04","10","lib","lib","","",""
"SC3U.exe","0x004cdf18","Unwind@004cdf18","8","lib","lib","","",""
"SC3U.exe","0x004cdf2c","Unwind@004cdf2c","11","lib","lib","","",""
"SC3U.exe","0x004cdf37","Unwind@004cdf37","8","lib","lib","","",""
"SC3U.exe","0x004cdf3f","Unwind@004cdf3f","8","lib","lib","","",""
"SC3U.exe","0x004cdf47","Unwind@004cdf47","8","lib","lib","","",""
"SC3U.exe","0x004cdf4f","Unwind@004cdf4f","8","lib","lib","","",""
"SC3U.exe","0x004cdf57","Unwind@004cdf57","8","lib","lib","","",""
"SC3U.exe","0x004cdf5f","Unwind@004cdf5f","8","lib","lib","","",""
"SC3U.exe","0x004cdf67","Unwind@004cdf67","8","lib","lib","","",""
"SC3U.exe","0x004cdf6f","Unwind@004cdf6f","8","lib","lib","","",""
"SC3U.exe","0x004cdf77","Unwind@004cdf77","8","lib","lib","","",""
"SC3U.exe","0x004cdf7f","Unwind@004cdf7f","8","lib","lib","","",""
"SC3U.exe","0x004cdf87","Unwind@004cdf87","8","lib","lib","","",""
"SC3U.exe","0x004cdf8f","Unwind@004cdf8f","8","lib","lib","","",""
"SC3U.exe","0x004cdf97","Unwind@004cdf97","8","lib","lib","","",""
"SC3U.exe","0x004cdf9f","Unwind@004cdf9f","8","lib","lib","","",""
"SC3U.exe","0x004cdfa7","Unwind@004cdfa7","8","lib","lib","","",""
"SC3U.exe","0x004cdfaf","Unwind@004cdfaf","8","lib","lib","","",""
"SC3U.exe","0x004cdfb7","Unwind@004cdfb7","8","lib","lib","","",""
"SC3U.exe","0x004cdfbf","Unwind@004cdfbf","8","lib","lib","","",""
"SC3U.exe","0x004cdfc7","Unwind@004cdfc7","8","lib","lib","","",""
"SC3U.exe","0x004cdfcf","Unwind@004cdfcf","8","lib","lib","","",""
"SC3U.exe","0x004cdfd7","Unwind@004cdfd7","8","lib","lib","","",""
"SC3U.exe","0x004cdfdf","Unwind@004cdfdf","8","lib","lib","","",""
"SC3U.exe","0x004cdfe7","Unwind@004cdfe7","8","lib","lib","","",""
"SC3U.exe","0x004cdfef","Unwind@004cdfef","8","lib","lib","","",""
"SC3U.exe","0x004ce004","Unwind@004ce004","11","lib","lib","","",""
"SC3U.exe","0x004ce00f","Unwind@004ce00f","11","lib","lib","","",""
"SC3U.exe","0x004ce01a","Unwind@004ce01a","11","lib","lib","","",""
"SC3U.exe","0x004ce025","Unwind@004ce025","11","lib","lib","","",""
"SC3U.exe","0x004ce030","Unwind@004ce030","8","lib","lib","","",""
"SC3U.exe","0x004ce038","Unwind@004ce038","10","lib","lib","","",""
"SC3U.exe","0x004ce042","Unwind@004ce042","8","lib","lib","","",""
"SC3U.exe","0x004ce04a","Unwind@004ce04a","8","lib","lib","","",""
"SC3U.exe","0x004ce05c","Unwind@004ce05c","11","lib","lib","","",""
"SC3U.exe","0x004ce067","Unwind@004ce067","8","lib","lib","","",""
"SC3U.exe","0x004ce06f","Unwind@004ce06f","8","lib","lib","","",""
"SC3U.exe","0x004ce077","Unwind@004ce077","8","lib","lib","","",""
"SC3U.exe","0x004ce07f","Unwind@004ce07f","8","lib","lib","","",""
"SC3U.exe","0x004ce087","Unwind@004ce087","11","lib","lib","","",""
"SC3U.exe","0x004ce092","Unwind@004ce092","8","lib","lib","","",""
"SC3U.exe","0x004ce09a","Unwind@004ce09a","8","lib","lib","","",""
"SC3U.exe","0x004ce0a2","Unwind@004ce0a2","11","lib","lib","","",""
"SC3U.exe","0x004ce0b8","Unwind@004ce0b8","8","lib","lib","","",""
"SC3U.exe","0x004ce0c0","Unwind@004ce0c0","8","lib","lib","","",""
"SC3U.exe","0x004ce0d4","Unwind@004ce0d4","8","lib","lib","","",""
"SC3U.exe","0x004ce0dc","Unwind@004ce0dc","8","lib","lib","","",""
"SC3U.exe","0x004ce0f0","Unwind@004ce0f0","8","lib","lib","","",""
"SC3U.exe","0x004ce0f8","Unwind@004ce0f8","8","lib","lib","","",""
"SC3U.exe","0x004ce100","Unwind@004ce100","8","lib","lib","","",""
"SC3U.exe","0x004ce108","Unwind@004ce108","8","lib","lib","","",""
"SC3U.exe","0x004ce11c","Unwind@004ce11c","8","lib","lib","","",""
"SC3U.exe","0x004ce130","Unwind@004ce130","8","lib","lib","","",""
"SC3U.exe","0x004ce144","Unwind@004ce144","11","lib","lib","","",""
"SC3U.exe","0x004ce14f","Unwind@004ce14f","11","lib","lib","","",""
"SC3U.exe","0x004ce15a","Unwind@004ce15a","11","lib","lib","","",""
"SC3U.exe","0x004ce165","Unwind@004ce165","11","lib","lib","","",""
"SC3U.exe","0x004ce170","Unwind@004ce170","14","lib","lib","","",""
"SC3U.exe","0x004ce17e","Unwind@004ce17e","14","lib","lib","","",""
"SC3U.exe","0x004ce18c","Unwind@004ce18c","14","lib","lib","","",""
"SC3U.exe","0x004ce19a","Unwind@004ce19a","8","lib","lib","","",""
"SC3U.exe","0x004ce1a2","Unwind@004ce1a2","14","lib","lib","","",""
"SC3U.exe","0x004ce1b0","Unwind@004ce1b0","8","lib","lib","","",""
"SC3U.exe","0x004ce1b8","Unwind@004ce1b8","14","lib","lib","","",""
"SC3U.exe","0x004ce1c6","Unwind@004ce1c6","8","lib","lib","","",""
"SC3U.exe","0x004ce1ce","Unwind@004ce1ce","14","lib","lib","","",""
"SC3U.exe","0x004ce1dc","Unwind@004ce1dc","8","lib","lib","","",""
"SC3U.exe","0x004ce1e4","Unwind@004ce1e4","14","lib","lib","","",""
"SC3U.exe","0x004ce1f2","Unwind@004ce1f2","8","lib","lib","","",""
"SC3U.exe","0x004ce1fa","Unwind@004ce1fa","14","lib","lib","","",""
"SC3U.exe","0x004ce208","Unwind@004ce208","8","lib","lib","","",""
"SC3U.exe","0x004ce210","Unwind@004ce210","14","lib","lib","","",""
"SC3U.exe","0x004ce21e","Unwind@004ce21e","14","lib","lib","","",""
"SC3U.exe","0x004ce22c","Unwind@004ce22c","14","lib","lib","","",""
"SC3U.exe","0x004ce244","Unwind@004ce244","11","lib","lib","","",""
"SC3U.exe","0x004ce24f","Unwind@004ce24f","11","lib","lib","","",""
"SC3U.exe","0x004ce25a","Unwind@004ce25a","11","lib","lib","","",""
"SC3U.exe","0x004ce265","Unwind@004ce265","11","lib","lib","","",""
"SC3U.exe","0x004ce270","Unwind@004ce270","14","lib","lib","","",""
"SC3U.exe","0x004ce27e","Unwind@004ce27e","14","lib","lib","","",""
"SC3U.exe","0x004ce28c","Unwind@004ce28c","14","lib","lib","","",""
"SC3U.exe","0x004ce29a","Unwind@004ce29a","14","lib","lib","","",""
"SC3U.exe","0x004ce2a8","Unwind@004ce2a8","14","lib","lib","","",""
"SC3U.exe","0x004ce2b6","Unwind@004ce2b6","14","lib","lib","","",""
"SC3U.exe","0x004ce2c4","Unwind@004ce2c4","14","lib","lib","","",""
"SC3U.exe","0x004ce2d2","Unwind@004ce2d2","14","lib","lib","","",""
"SC3U.exe","0x004ce2e0","Unwind@004ce2e0","14","lib","lib","","",""
"SC3U.exe","0x004ce2ee","Unwind@004ce2ee","14","lib","lib","","",""
"SC3U.exe","0x004ce2fc","Unwind@004ce2fc","14","lib","lib","","",""
"SC3U.exe","0x004ce314","Unwind@004ce314","8","lib","lib","","",""
"SC3U.exe","0x004ce328","Unwind@004ce328","8","lib","lib","","",""
"SC3U.exe","0x004ce33c","Unwind@004ce33c","11","lib","lib","","",""
"SC3U.exe","0x004ce347","Unwind@004ce347","8","lib","lib","","",""
"SC3U.exe","0x004ce34f","Unwind@004ce34f","8","lib","lib","","",""
"SC3U.exe","0x004ce357","Unwind@004ce357","8","lib","lib","","",""
"SC3U.exe","0x004ce35f","Unwind@004ce35f","8","lib","lib","","",""
"SC3U.exe","0x004ce367","Unwind@004ce367","8","lib","lib","","",""
"SC3U.exe","0x004ce37c","Unwind@004ce37c","8","lib","lib","","",""
"SC3U.exe","0x004ce390","Unwind@004ce390","11","lib","lib","","",""
"SC3U.exe","0x004ce39b","Unwind@004ce39b","8","lib","lib","","",""
"SC3U.exe","0x004ce3a3","Unwind@004ce3a3","8","lib","lib","","",""
"SC3U.exe","0x004ce3ab","Unwind@004ce3ab","8","lib","lib","","",""
"SC3U.exe","0x004ce3b3","Unwind@004ce3b3","8","lib","lib","","",""
"SC3U.exe","0x004ce3bb","Unwind@004ce3bb","8","lib","lib","","",""
"SC3U.exe","0x004ce3d0","Unwind@004ce3d0","8","lib","lib","","",""
"SC3U.exe","0x004ce3d8","Unwind@004ce3d8","8","lib","lib","","",""
"SC3U.exe","0x004ce3e0","Unwind@004ce3e0","8","lib","lib","","",""
"SC3U.exe","0x004ce3e8","Unwind@004ce3e8","8","lib","lib","","",""
"SC3U.exe","0x004ce3f0","Unwind@004ce3f0","8","lib","lib","","",""
"SC3U.exe","0x004ce3f8","Unwind@004ce3f8","8","lib","lib","","",""
"SC3U.exe","0x004ce40c","Unwind@004ce40c","8","lib","lib","","",""
"SC3U.exe","0x004ce414","Unwind@004ce414","8","lib","lib","","",""
"SC3U.exe","0x004ce41c","Unwind@004ce41c","8","lib","lib","","",""
"SC3U.exe","0x004ce430","Unwind@004ce430","8","lib","lib","","",""
"SC3U.exe","0x004ce444","Unwind@004ce444","8","lib","lib","","",""
"SC3U.exe","0x004ce458","Unwind@004ce458","8","lib","lib","","",""
"SC3U.exe","0x004ce46c","Unwind@004ce46c","8","lib","lib","","",""
"SC3U.exe","0x004ce480","Unwind@004ce480","8","lib","lib","","",""
"SC3U.exe","0x004ce494","Unwind@004ce494","8","lib","lib","","",""
"SC3U.exe","0x004ce49c","Unwind@004ce49c","8","lib","lib","","",""
"SC3U.exe","0x004ce4b0","Unwind@004ce4b0","8","lib","lib","","",""
"SC3U.exe","0x004ce4b8","Unwind@004ce4b8","8","lib","lib","","",""
"SC3U.exe","0x004ce4c0","Unwind@004ce4c0","8","lib","lib","","",""
"SC3U.exe","0x004ce4d4","Unwind@004ce4d4","8","lib","lib","","",""
"SC3U.exe","0x004ce4e8","Unwind@004ce4e8","8","lib","lib","","",""
"SC3U.exe","0x004ce4f0","Unwind@004ce4f0","8","lib","lib","","",""
"SC3U.exe","0x004ce504","Unwind@004ce504","11","lib","lib","","",""
"SC3U.exe","0x004ce50f","Unwind@004ce50f","8","lib","lib","","",""
"SC3U.exe","0x004ce517","Unwind@004ce517","11","lib","lib","","",""
"SC3U.exe","0x004ce522","Unwind@004ce522","11","lib","lib","","",""
"SC3U.exe","0x004ce52d","Unwind@004ce52d","11","lib","lib","","",""
"SC3U.exe","0x004ce538","Unwind@004ce538","11","lib","lib","","",""
"SC3U.exe","0x004ce543","Unwind@004ce543","11","lib","lib","","",""
"SC3U.exe","0x004ce54e","Unwind@004ce54e","11","lib","lib","","",""
"SC3U.exe","0x004ce559","Unwind@004ce559","11","lib","lib","","",""
"SC3U.exe","0x004ce564","Unwind@004ce564","11","lib","lib","","",""
"SC3U.exe","0x004ce56f","Unwind@004ce56f","8","lib","lib","","",""
"SC3U.exe","0x004ce577","Unwind@004ce577","11","lib","lib","","",""
"SC3U.exe","0x004ce582","Unwind@004ce582","8","lib","lib","","",""
"SC3U.exe","0x004ce58a","Unwind@004ce58a","8","lib","lib","","",""
"SC3U.exe","0x004ce592","Unwind@004ce592","11","lib","lib","","",""
"SC3U.exe","0x004ce59d","Unwind@004ce59d","11","lib","lib","","",""
"SC3U.exe","0x004ce5a8","Unwind@004ce5a8","11","lib","lib","","",""
"SC3U.exe","0x004ce5b3","Unwind@004ce5b3","11","lib","lib","","",""
"SC3U.exe","0x004ce5be","Unwind@004ce5be","11","lib","lib","","",""
"SC3U.exe","0x004ce5c9","Unwind@004ce5c9","11","lib","lib","","",""
"SC3U.exe","0x004ce5d4","Unwind@004ce5d4","11","lib","lib","","",""
"SC3U.exe","0x004ce5df","Unwind@004ce5df","11","lib","lib","","",""
"SC3U.exe","0x004ce5ea","Unwind@004ce5ea","11","lib","lib","","",""
"SC3U.exe","0x004ce5f5","Unwind@004ce5f5","11","lib","lib","","",""
"SC3U.exe","0x004ce60c","Unwind@004ce60c","11","lib","lib","","",""
"SC3U.exe","0x004ce617","Unwind@004ce617","11","lib","lib","","",""
"SC3U.exe","0x004ce622","Unwind@004ce622","11","lib","lib","","",""
"SC3U.exe","0x004ce62d","Unwind@004ce62d","11","lib","lib","","",""
"SC3U.exe","0x004ce638","Unwind@004ce638","10","lib","lib","","",""
"SC3U.exe","0x004ce64c","Unwind@004ce64c","11","lib","lib","","",""
"SC3U.exe","0x004ce657","Unwind@004ce657","11","lib","lib","","",""
"SC3U.exe","0x004ce662","Unwind@004ce662","11","lib","lib","","",""
"SC3U.exe","0x004ce66d","Unwind@004ce66d","11","lib","lib","","",""
"SC3U.exe","0x004ce684","Unwind@004ce684","8","lib","lib","","",""
"SC3U.exe","0x004ce68c","Unwind@004ce68c","8","lib","lib","","",""
"SC3U.exe","0x004ce6a0","Unwind@004ce6a0","11","lib","lib","","",""
"SC3U.exe","0x004ce6b8","Unwind@004ce6b8","8","lib","lib","","",""
"SC3U.exe","0x004ce6cc","Unwind@004ce6cc","8","lib","lib","","",""
"SC3U.exe","0x004ce6e0","Unwind@004ce6e0","8","lib","lib","","",""
"SC3U.exe","0x004ce6f4","Unwind@004ce6f4","8","lib","lib","","",""
"SC3U.exe","0x004ce708","Unwind@004ce708","8","lib","lib","","",""
"SC3U.exe","0x004ce71c","Unwind@004ce71c","8","lib","lib","","",""
"SC3U.exe","0x004ce730","Unwind@004ce730","11","lib","lib","","",""
"SC3U.exe","0x004ce73b","Unwind@004ce73b","11","lib","lib","","",""
"SC3U.exe","0x004ce746","Unwind@004ce746","11","lib","lib","","",""
"SC3U.exe","0x004ce751","Unwind@004ce751","11","lib","lib","","",""
"SC3U.exe","0x004ce75c","Unwind@004ce75c","8","lib","lib","","",""
"SC3U.exe","0x004ce764","Unwind@004ce764","8","lib","lib","","",""
"SC3U.exe","0x004ce778","Unwind@004ce778","14","lib","lib","","",""
"SC3U.exe","0x004ce790","Unwind@004ce790","14","lib","lib","","",""
"SC3U.exe","0x004ce7a8","Unwind@004ce7a8","11","lib","lib","","",""
"GZResourceD.dll","0x10002d89","FUN_10002d89","291","fun","C2","S18","sc3_gzresource_director_ctor","[U-008] GZResourceD module director: registers CLSID 0x801998e4 -> factory FUN_100033b1 (the string manager), plus 0x436eb4, 0x835f62cf, 0x35990a3, 0x23599096 and the segment format class whose id equals the magic 0x80c381d7"
"GZResourceD.dll","0x100033b1","FUN_100033b1","62","fun","C2","S18","sc3_gz_make_string_manager","[U-008] factory registered for CLSID 0x801998e4 in the module director @0x10002d89:26; operator_new(0x104) -> ctor FUN_10011ea4; returns object+0x18, which is the interface pointer SC3U.exe holds"
"GZResourceD.dll","0x10009337","FUN_10009337","1301","fun","C2","S18","sc3_gz_scan_resource_dirs","[U-008] builds paths from %DataDirectory% @0x100221f0 / %PluginDirectory% @0x100221dc + 'PlugIn' @0x100221d4, substituting %Language% @0x100221b4; finder service CLSID 0x25076b9e / IID 0xa237613c; enumerates 'dbdfseg' (PTR_s_dbdfseg_1001d064) with callback FUN_1000a061"
"GZResourceD.dll","0x1000ca78","FUN_1000ca78","1557","fun","C2","S18","sc3_gz_open_indexed_db","[U-008] opens a GZ database segment: verifies header magic 0x80c381d7, then reads the index as 0x14 (20)-byte records via (*+0x38)(&buf,0x14) = {type,group,instance,offset,size}; all-zero terminates, -1 slots skipped. CONFIRMED on disk: Apps\Res\Text\<LANG>\*.IXF begin d7 81 c3 80"
"GZResourceD.dll","0x1000eab3","FUN_1000eab3","72","fun","C2","S18","sc3_gz_read_string_record","[U-008] guards key.type == 0x2026960b @0x1000eab3:13, then record->vtbl[0](0x69, &out), forwarding to sink (*+0x54). The 0x69 selector is hardcoded here"
"GZResourceD.dll","0x1000eafb","FUN_1000eafb","71","fun","C2","S18","sc3_gz_read_string_record_alt","[U-008] same guard key.type == 0x2026960b + record->vtbl[0](0x69,&out), forwards to sink (*+0xa4)"
"GZResourceD.dll","0x10011ea4","FUN_10011ea4","234","fun","C2","S18","sc3_gz_ctor_string_manager","[U-008] string-manager ctor: installs vtables PTR_LAB_1001d9d8(+0), PTR_LAB_1001d9c0(+4), PTR_LAB_1001d92c(+0x18); calls FUN_10017cf9(this, 0x801998e4, 1000000); sets +0xf8=70000, +0xfc=0, +0x100(byte)=0"
"GZResourceD.dll","0x10012c48","FUN_10012c48","167","fun","C2","S18","sc3_gz_resolve_key_to_string","[U-008 RESOLVED via VtableDump] slot 5 (+0x14) of vtable PTR_LAB_1001d92c -- THE function SC3U.exe 0x004862e1 calls as (*(*stringManager+0x14))(triple, 0x69, out). 167 bytes"
"GZResourceD.dll","0x10014a08","FUN_10014a08","284","fun","C2","S18","sc3_gz_parse_lang_index","sscanf on format '%u %u %u %u , %u %u %u %u' (0x1002225c) -> 8 uints; bounds-checks (v3 < 2, v4 < 0x100); v4 << 0x10; inserts via FUN_10014d67 into the map at this+0x18 [CONFIRMED @0x10014a08]"
"GZResourceD.dll","0x10017cf9","FUN_10017cf9","57","fun","C2","S18","sc3_gz_init_service_base","[U-008] stores CLSID 0x801998e4 @+0xc, the constant 1000000 @+0x10, 0 byte @+0x14; vtables PTR_FUN_1001e0a8(+0)/PTR_LAB_1001e0dc(+4); pre-init via FUN_10016675. [UNCERTAIN] what 1000000 means -- it is only STORED here; the reader is behind a vtable"
"SIMBABLD.DLL","0x1200106f","FUN_1200106f","62","fun","C2","S3","sc3_bat_activate_tool","[SIMBABLD] GetClassObject(0x79f4aad1, IID 0x6c) then registers the instance as a service via FUN_12001c06 -- 0x79f4aad1 is the primary BAT tool class"
"SIMBABLD.DLL","0x120010f4","FUN_120010f4","76","fun","C2","S18","sc3_bat_director_ctor","[SIMBABLD] installs vtables PTR_FUN_1206921c / PTR_LAB_120691f0; registers only TWO classes via FUN_12055bad: 0x79f4aad1 -> LAB_12001140 and 0x455969df -> LAB_1200117f (both label-only, recovered separately). Two registrations vs SIMRCI 37 / SIMUTIL 15 / SIMUI 40 -- consistent with a tool module whose logic is internal rather than GZCOM-exposed"
"SIMBABLD.DLL","0x12001faf","FUN_12001faf","2044","fun","C2","S3","sc3_bat_export_rendered_buildings_ixf","[SIMBABLD] high-level export entry: builds the path from 'Res\BA\RenderedBuildingsBackup.IXF' @0x1207617c, instantiates TWO 424-byte segment objects (operator_new(0x1a8) -> FUN_1200c5f5), opens one for read (*+0x20) and one for write (*+0x24), then enumerates building objects across 5 category buckets (progress via FUN_12006885) and writes them out"
"SIMBABLD.DLL","0x120031a8","FUN_120031a8","2432","fun","C2","S3","sc3_bat_build_decoration_tree","[SIMBABLD] builds the 'Res\BA\' decoration category folder tree into param_1+0x1c (0x54-byte object) via FUN_12013d94(idx, &path). Categories: BACustom, Paints, Details, Props, Architecture, Building Decoration, Plaza and Street, Yard Objects, Flora, Industrial, Rooftops, Vehicles, Ground, Roofs, Walls, Colors, Contemporary, Traditional"
"SIMBABLD.DLL","0x12004812","FUN_12004812","7964","fun","C2","S18","sc3_bat_load_batconfig_ini","[SIMBABLD] opens 'Res\BA\BATConfig.INI' @0x12076694; each key read via FUN_1205777c(cfg, section, key, &out); [Colors] -> 29 ARGB dword globals via FUN_1200477f (ConstructSelectedBlock -> DAT_12079504, BackgroundFill -> DAT_120794d8, PaletteBackground -> DAT_12079520, ...); [Lights] -> 15 three-float direction vectors via FUN_120047c5 (ConstructNorth -> _DAT_120782f0/f4/f8, ...; ConstructTop/TextureTop/PreviewTop write two mirrored triples); tail FUN_12056640 reads a pixel-format id (5/7/10) selecting packer FUN_1200672e/FUN_12006750 and packs BackgroundFill -> DAT_120794c4. Full key->global table in re/analysis/SIMBABLD.md"
"SIMBABLD.DLL","0x1200c5f5","FUN_1200c5f5","46","fun","C2","S18","sc3_ixf_segment_ctor","[SIMBABLD] .IXF segment class ctor: operator_new(0x1a8) = 424 bytes; vtables PTR_LAB_12069ed8 (this), PTR_LAB_12069e64 (+4), PTR_FUN_12069e60 (+8), PTR_LAB_12069e40 (index 0xe); +0x1a4 = 0. Members: +0x54 underlying GZ file/stream (its vtable +0x10 is-open, +0xc open-mode, +0x18/+0x24 size/truncate, +0x2c seek, +0x30 set-position, +0x38 read, +0x40 write), +0x90 open/record counter, +0x94 record count, +0x98 record-list container"
"SIMBABLD.DLL","0x120276bd","FUN_120276bd","2736","fun","C2","S3","sc3_bat_resolve_buildings_path","[SIMBABLD] branches on the object's category id at this+8 to pick the 'Buildings\' or 'BuildingSets\' subpath, then CreateInstance(CLSID 0x412ce496, id 0x59b, &out) @0x120276bd:168. Category ids: 0x83172AD7 (-0x7ce8d529) and 0xC3172AEA (-0x3ce8d516) -> Buildings; 0x83172AD8 (-0x7ce8d528), 0xC3172AEB (-0x3ce8d515), 0xC414CC57 (-0x3beb33a9), 0xC414CC58 (-0x3beb33a8) -> BuildingSets"
"SIMBABLD.DLL","0x12047f0a","FUN_12047f0a","45","fun","C2","S18","sc3_gz_make_resource_key","[SIMBABLD] ctor of the GZ resource key: this+0x08 = 0x2026960b (type, IDENTICAL to SC3U.exe 0x00484b6d from U-007), this+0x10 = group (param_1), this+0x0c = instance (param_2), this+0x04 = 0; vtable PTR_FUN_1206bb20. The BAT addresses building data by {type, group, instance} resource key -- NOT by 0x2351faf8-style exemplar keys (exhaustive grep for 0x2351fa/fb/fc returned ZERO in this module)"
"SIMBABLD.DLL","0x1204f2e7","FUN_1204f2e7","116","fun","C2","S18","sc3_ixf_open_or_create","[SIMBABLD] THE .IXF WRITER, open/create path: if param_1==0 open existing via (*+0xc)(1,2); if param_1!=0 create via (*+0xc)(3,3,1), truncate (*+0x24), then WRITE THE 4-BYTE MAGIC local=0x80c381d7 via (*+0x40)(&local,4) -> on disk d7 81 c3 80; then this+0x90++. Independently confirms the magic in re/analysis/formats/IXF_segment.md from the write side"
"SIMBABLD.DLL","0x1204f38e","FUN_1204f38e","1153","fun","C2","S18","sc3_ixf_delete_or_compact","[SIMBABLD] reads the index one 20-byte record at a time via (*+0x38)(&buf, 0x14) -- SAME vtable slot and length as the GZResourceD reader 0x1000ca78. End of index = the KEY TRIPLE zero (first 12 bytes) @0x1204f38e:68. DELETE path: on a key match, memset(&rec, -1, 0x14) then seek -20 via (*+0x2c)(0xffffffec) and rewrite in place -- this is the origin of the 0xFFFFFFFF free slots that ixf_parse.py must skip. COMPACTION path: re-emits the magic then walks the live-record list at this+0x98 recomputing each record offset via FUN_1205c64e"
"SIMBABLD.DLL","0x12055827","GZDllGetGZCOMDirector","5","fun","C2","S18","sc3_bat_get_director","[SIMBABLD] real PE export GZDllGetGZCOMDirector; 5-byte one-shot guard on DAT_1207942c; returns &DAT_120793e8; calls ctor FUN_120010f4. NOTE image base 0x12000000 for this module"
"SIMBABLD.DLL","0x12055bad","FUN_12055bad","44","fun","C2","S18","sc3_gzcom_register_class","[SIMBABLD] 44 bytes; inserts {clsid, factory, 0} into the map at this+0x14 via FUN_12055e83 -- same recipe as SIMRCI 0x1003b214 and SIMUI 0x10084c36"
"SIMGEOM.DLL","0x10001250","FUN_10001250","377","fun","C2","S3","sc3_building_parse_group_keys","[SIMGEOM] richer group-record parser: sscanf 'LandUse: %d' -> +0x18, 'BuildingCount: %d' -> +0x1c, then a 'Key: %d,%d,%d,%d' loop -> list at +0x20 (4th int is an enable flag; zero skips the row); each 3-int key resolved via service 0x21183b00"
"SIMGEOM.DLL","0x100023e8","FUN_100023e8","506","fun","C2","S3","sc3_building_layer_attach_world","[SIMGEOM] single-shot guard on this+0xc (same byte the ctor initialises -- the evidence binding this method to the 196-byte ctor object); reads city grid width/height from the host via host vtable +0xcc/+0xd0; stores width>>1 -> +0x6c, height>>1 -> +0x70; computes pixel extents this+0x48 = (width-1)*0x100 and this+0x4c = (height-1)*0x100 @0x100023e8:66-70; then walks the BUILDING_TRACKING_GROUPS map DAT_10030910"
"SIMGEOM.DLL","0x1000271d","FUN_1000271d","1215","fun","C2","S3","sc3_building_place_from_tiles","[SIMGEOM] reads 'Sys\Tiles.ini' @0x10030320 section [Tiles] into a 256-entry table operator_new(0x800), 8 bytes per record, default {+0: 0xffffffff, +4: 0xff}; then scans the grid and for each cell with tile code c instantiates GZCLSID 0x207edc0e (subtype 0x57e = 1406) with resource table[c].resId, sets position via occupant vt+0xf0, inserts via layer vt+0x58 and marks the size x size footprint occupied @0x1000271d:164-196"
"SIMGEOM.DLL","0x10002bdc","FUN_10002bdc","230","fun","C2","S3","sc3_building_parse_tile_row","[SIMGEOM] Tiles.ini row: key atoi -> index guarded -1 < i < 0x100; value sscanf '%X %d' -> record {+0x00 uint resource/segment id (hex), +0x04 byte footprint size, clamped to 0 if > 3}"
"SIMGEOM.DLL","0x10003eae","FUN_10003eae","633","fun","C2","S3","sc3_building_load_tracking_groups","[SIMGEOM] sole opener of 'Sys\SC3BuildingLayer.ini' @0x10030354, section BUILDING_TRACKING_GROUPS, callback FUN_10004127"
"SIMGEOM.DLL","0x10004127","FUN_10004127","40","fun","C2","S3","sc3_building_parse_tracking_group","[SIMGEOM] inserts atoi(key) into map DAT_10030910 with value 0 -- a set of building ids, later walked by the layer attach 0x100023e8"
"SIMGEOM.DLL","0x100042d5","FUN_100042d5","377","fun","C2","S3","sc3_building_load_default_data","[SIMGEOM] sole opener of 'sys\SC3BuildingLayer.INI' @0x10030390, section DefaultBuildingData, row callback FUN_100044e2. No static caller (vtable dispatch)"
"SIMGEOM.DLL","0x1000444e","FUN_1000444e","148","fun","C2","S3","sc3_building_clear_default_data","[SIMGEOM] tears down map DAT_100308f0 and releases this+8/+0xc"
"SIMGEOM.DLL","0x100044e2","FUN_100044e2","959","fun","C2","S3","sc3_building_parse_default_data_row","[SIMGEOM] rows are POSITIONAL, not key=value (whitespace split via FUN_10014ae1, separator DAT_100303b4): token0 int = map key (building id) -> map DAT_100308f0 + list DAT_100308e0; token1/token2 ints; flag 'F'/'f' sets local_3c=1; flag 'G'/'g' sets local_3b=1 and local_3c; then repeated (int,int) pairs into a list, each keyed via service 0x21183b00 (FUN_1001be55 vt+0x14); marker substrings DAT_100303b0 / DAT_100303ac gate the branches. [UNCERTAIN] the literal separator/marker characters (too short for strings.csv; the adjacent string is '%LANDMARK%' @0x100303b8)"
"SIMGEOM.DLL","0x100048a1","FUN_100048a1","802","fun","C2","S3","sc3_building_query_occupant","[SIMGEOM] footprint dims via service 0xc14f8955, local_2c = (dim.hi - dim.lo) + 1 @0x100048a1:37-41; nearest-match over list DAT_100308e0; get-or-create in map DAT_100308f0"
"SIMGEOM.DLL","0x1000cdb0","FUN_1000cdb0","398","fun","C2","S3","sc3_building_layer_ctor","[SIMGEOM] SC3BuildingLayer ctor. GZCLSID 0xe150e7bb, factory 0x100129e6, operator_new(0xc4) = 196 bytes; 3 vtables; guard bytes at +0xc/+0xd; six 0x7fffffff bounding-box sentinels; two operator_new(0x24) spatial-index sub-objects (FUN_1001ad6c)"
"SIMGEOM.DLL","0x100128ab","FUN_100128ab","309","fun","C2","S1","sc3_geom_director_ctor","[SIMGEOM] installs PTR_FUN_1002a530 / PTR_LAB_1002a504; registers 14 classes via FUN_1001991c. All 14 factories have exported bodies (no label-only stubs). Full table in re/analysis/SIMGEOM.md"
"SIMGEOM.DLL","0x10019596","GZDllGetGZCOMDirector","5","fun","C2","S1","sc3_geom_get_director","[SIMGEOM] PE export GZDllGetGZCOMDirector; one-shot guard DAT_10030a1c&1; returns &DAT_100309d8"
"SIMGEOM.DLL","0x1001991c","FUN_1001991c","44","fun","C2","S1","sc3_gzcom_register_class","[SIMGEOM] called 14x with (CLSID, factory, 0) -- same recipe as SIMRCI 0x1003b214"
"SIMGEOM.DLL","0x1001fa0c","FUN_1001fa0c","45","fun","C3","S18","sc3_geom_reskey_ctor","[SIMGEOM] builds a GZ resource key {type = 0x2026960b, group, instance}; vtable PTR_FUN_1002b334. Same key type as SC3U.exe 0x00484b6d (U-007) and SIMBABLD 0x12047f0a"
"SIMGEOM.DLL","0x10022364","FUN_10022364","365","fun","C2","S3","sc3_building_occupant_base_ctor","[SIMGEOM] base occupant ctor, vtable PTR_FUN_1002b658, zeroes +0x1c..+0x134. GZCLSID 0xc179c042, operator_new(0x13c) = 316 bytes; the factory returns the +0x14 sub-object. Siblings 0xffd30c03 and 0x207edc0e and most-derived 0x220055e1 all route through it"
"SIMGEOM.DLL","0x1002286f","FUN_1002286f","922","fun","C3","simgeom-occupant","sc3_building_occupant_load_props","GetProperty loader over key table DAT_1002b4e8..DAT_1002b580; ids 0x65-0x7c"
"SIMGEOM.DLL","0x10022c09","FUN_10022c09","548","fun","C3","simgeom-occupant","sc3_building_occupant_save_props","SetProperty saver; mirrors loader; guard-saves 0x6b/0x6d/0x7c/0x72"
"SIMMISC.DLL","0x10001058","FUN_10001058","236","fun","C2","S12","sc3_aura_layer_ctor","[SIMMISC] aura layer ctor. GZCLSID 0xc259c02d, factory 0x1002a596, operator_new(0xbc) = 188 bytes, factory returns the +0x1c interface; secondary vtable at [0x17]"
"SIMMISC.DLL","0x1000133a","FUN_1000133a","3433","fun","C2","S12","sc3_aura_read_ini","[SIMMISC] 3433 bytes; opens '\Sys\SC3Aura.INI' @0x10049398 section [TuningParameters] -> byte globals: UpdatePeriod DAT_10049110 (forced >= 1), OptimalPoliceCoverage 112, OptimalPoliceCoverageEffect 113, OppressivePoliceCoverageEffect 114, InadequatePoliceCoverageEffect 115, CrimeFactor 116 (0 -> -1), FireCoverageFactor 117, AirPollutionFactor 118, WaterPollutionFactor 11a, StandingGarbageFactor 11c, RadiationFactor 11d, High/LowEQFactor 11e/11f, High/LowEQThreshold 120/121, High/LowLEFactor 122/123, High/LowLEThreshold 124/125, plus ParkingFineOrdEffect 126, AltDrivingOrdEffect 127, NukeFreeOrdEffect 128; also section AgentIDModifiers (cb FUN_100020a3). The pollution/crime/education/land-value aura driver"
"SIMMISC.DLL","0x10003ba8","FUN_10003ba8","86","fun","C2","S1","sc3_named_descriptor_ctor","[SIMMISC] installs vtable PTR_LAB_1003c434, strlen+copies the name into obj+4 via FUN_10003521, zeroes obj+8/+0xc/+0x10"
"SIMMISC.DLL","0x10004fd8","FUN_10004fd8","16","fun","C2","S1","sc3_register_funds_cheat","[SIMMISC] 16 bytes: FUN_10003ba8(&DAT_10049e08, 'Cheesy funds cheat' @0x10049514) -- registers ONLY the cheat's trigger label. DAT_10049e08 is referenced nowhere else and this function has no caller in the export (static-init / indirect registration). [UNCERTAIN] the code that actually grants money is dispatched through the descriptor vtable PTR_LAB_1003c434 and is not in SIMMISC"
"SIMMISC.DLL","0x10005129","FUN_10005129","190","fun","C2","S10","sc3_budget_layer_ctor","[SIMMISC] SC3BudgetLayer ctor. GZCLSID 0xc11bcc75, factory 0x1002a6a5, operator_new(0x598) = 1432 bytes; last field written is param_1[0x154] (offset 0x550), consistent with that size"
"SIMMISC.DLL","0x10005303","FUN_10005303","184","fun","C2","S10","sc3_budget_layer_load_config","[SIMMISC] no direct caller (reached from a vtable slot); clears maps DAT_10049dd0/de0/dc0 then calls the INI reader 0x100053bb and 0x1000878d"
"SIMMISC.DLL","0x100053bb","FUN_100053bb","4818","fun","C2","S10","sc3_budget_read_ini","[SIMMISC] 4818 bytes; opens '\Sys\SC3BudgetLayer.INI' @0x100496fc from Sys\SYS.PAK. Sections [Bonds], [TuningParameters], [BuildingPlacementCosts]. Sole opener of that INI -- the evidence that binds GZCLSID 0xc11bcc75 to SC3BudgetLayer"
"SIMMISC.DLL","0x1000668d","FUN_1000668d","314","fun","C2","S10","sc3_budget_parse_placementcost","[SIMMISC] list callback for BuildingPlacementCosts -> map DAT_10049de0 keyed by building id, value split on separator DAT_10049714 then atoi"
"SIMMISC.DLL","0x10014759","FUN_10014759","277","fun","C2","S10","sc3_neighbordeal_mgr_ctor","[SIMMISC] neighbor-deal manager ctor. GZCLSID 0x2910e84, factory 0x1002a63b, operator_new(0x204) = 516 bytes; two circular lists and a 4 x 0x54 array"
"SIMMISC.DLL","0x100149e3","FUN_100149e3","37","fun","C2","S10","sc3_neighbordeal_init","[SIMMISC] FUN_1002f98f / FUN_1002f943(0x10049ec0) then the INI reader 0x100159fb"
"SIMMISC.DLL","0x100159fb","FUN_100159fb","3197","fun","C2","S10","sc3_neighbordeal_read_ini","[SIMMISC] 3197 bytes; opens '\Sys\NeighborDeals.INI' @0x10049904. [DEAL_RATE_CONSTANTS] POWER_BUY/SELL_RATE -> DAT_10049ea8/eac, WATER_BUY/SELL_RATE -> eb0/eb4, GARBAGE_IMPORT/EXPORT_RATE -> ebc/eb8, DEAL_RATE_VARIABLE -> DAT_10049734. [BASE_DEAL_QUANTITIES] BASE_POWER/WATER/GARBAGE -> DAT_10049e90/e98/ea0 (each also duplicated to the next dword), PercentPopForSell/Buy -> DAT_10049740/744, Power/Water/GarbageUnitsPer1K -> DAT_10049748/74c/750. [MINIMUM_DEAL_COSTS] MIN_POWER_BUY/MIN_WATER_BUY/MIN_GARBAGE_EXPORT -> DAT_10049e78/e80/e88. [DEAL_PENALTIES] BASE_DEAL_PENALTY -> DAT_10049738, DEAL_PENALTY_MULTIPLIER -> DAT_1004973c. Returns 0 if any required key is missing"
"SIMMISC.DLL","0x10019a2b","FUN_10019a2b","141","fun","C2","S14","sc3_ordinance_mgr_ctor","[SIMMISC] ordinance manager ctor. GZCLSID 0x41193c4b, factory 0x1002a5d4, operator_new(0x78) = 120 bytes; defaults [6]=10, [7]=300, [8]=25, [9]=1960, [0xe]=1990"
"SIMMISC.DLL","0x10019b65","FUN_10019b65","238","fun","C2","S14","sc3_ordinance_mgr_init","[SIMMISC] guard this+0x6c; registers the manager as a GZCOM service (resource key 0xc37a5aaa) and binds three sibling interfaces by class id 0xc106c4f5 / 0xa0ab89f0 / 0x411bddda into this+8/+0xc/+0x10 -- the enable/broadcast channel; calls 0x1001a274"
"SIMMISC.DLL","0x1001a274","FUN_1001a274","963","fun","C2","S14","sc3_ordinance_read_ini","[SIMMISC] 963 bytes; opens 'Sys\Ordinances.INI' @0x10049920, list ListOfOrdinances @0x1004991c; also section [ORDINANCE_TRIGGERS] -> manager fields: HOMELESS_SHELTER_PERCENT @0x100499d4 -> obj+0x18, EARTHQUAKE_PREP_BUILDINGS @0x100499a4 -> obj+0x1c, TOURIST_PROMOTION_BUILDINGS @0x10049988 -> obj+0x20, AEROSPACE_AVAILABLE_YEAR @0x1004996c -> obj+0x24"
"SIMMISC.DLL","0x1001a637","FUN_1001a637","588","fun","C2","S14","sc3_ordinance_parse_record","[SIMMISC] THE ORDINANCE RECORD: operator_new(0x28) = 40 bytes per entry, inserted into a map at manager+0x28 keyed by the row's first int. Layout: +0x00 int ordinance id (2nd token); +0x04 byte flag = 0; +0x05 byte 1 = leaf / 0 = has child; +0x08 int pointer to the child/prerequisite record or 0; +0x0c embedded object (FUN_10003ae8) then a string built from GZ key {group = token5, type 0xc29a6083} via FUN_1003222e/FUN_100322ed = the ordinance's resource reference; +0x20 int 0; +0x24 int last token"
"SIMMISC.DLL","0x1002653f","FUN_1002653f","215","fun","C2","S1","sc3_world_layer_ctor","[SIMMISC] SC3WorldLayer ctor. GZCLSID 0xe11bddf6, factory 0x1002a606, operator_new(0xc8) = 200 bytes; 3 vtables, 5 embedded sub-objects"
"SIMMISC.DLL","0x10026714","FUN_10026714","36","fun","C2","S1","sc3_world_layer_load_config","[SIMMISC] no direct caller (vtable slot); runs FUN_1002f98f / FUN_1002f943(0x10049f38) then the INI reader 0x10027be7. NOTE the pre-read shape differs from the budget layer's -- confirming the config-load slot is NOT uniform across layers"
"SIMMISC.DLL","0x10027be7","FUN_10027be7","1333","fun","C2","S1","sc3_world_read_ini","[SIMMISC] 1333 bytes; opens 'Sys\SC3WorldLayer.ini' @0x10049a60 section [WorldLayer]: JobToResFactor -> DAT_100499fc (byte, 0 forced to 1), ExternalJobDemand -> DAT_10049a00, list ListOfWorldValveMapping @0x10049a48 (cb FUN_1002811c), and EconomicPhases -> map DAT_10049f70 keyed by uint with a 4-dword record [key*1000, 0, int2, int3]; default [0,0,1,1] inserted when the phase list is empty. The external-economy / job-demand driver feeding RCI"
"SIMMISC.DLL","0x1002a204","FUN_1002a204","705","fun","C2","S1","sc3_misc_director_ctor","[SIMMISC] installs PTR_FUN_10041580 / PTR_LAB_10041554; registers 36 classes via FUN_1003021f(dir, GZCLSID, factory, 0). Full table in re/analysis/SIMMISC.md"
"SIMMISC.DLL","0x1002fe99","GZDllGetGZCOMDirector","5","fun","C2","S1","sc3_misc_get_director","[SIMMISC] real PE export GZDllGetGZCOMDirector; one-shot guard DAT_10049fec; returns &DAT_10049fa8"
"SIMMISC.DLL","0x1003021f","FUN_1003021f","44","fun","C2","S1","sc3_gzcom_register_class","[SIMMISC] registry map insert -- twin of SIMRCI 0x1003b214, SIMUI 0x10084c36, SIMBABLD 0x12055bad"
"SIMRCI.DLL","0x1000eccd","FUN_1000eccd","387","fun","C2","S5","sc3_com_load_tuning","[SIMRCI] loads 'Sys\SC3ComLayer.ini' @0x10057528, section TuningParameters @0x100574fc -> InitialConnectionSupply into DAT_100574f8 (clamped >= 0) [CONFIRMED @ 0x1000eccd]"
"SIMRCI.DLL","0x10015dc0","FUN_10015dc0","673","fun","C2","S5","sc3_ind_load_tuning","[SIMRCI] loads 'Sys\SC3IndLayer.ini' @0x100576b8 -> InitialConnectionSupply DAT_10057674 (clamped >= 0), WaterConservationOrdEffect DAT_10057678, PowerConservationOrdEffect DAT_1005767c [CONFIRMED @ 0x10015dc0]"
"SIMRCI.DLL","0x10022ac6","FUN_10022ac6","5504","fun","C2","S5","sc3_res_load_tuning","[SIMRCI] 5504 bytes; loads 'Sys\SC3ResLayer.ini' @0x10057fd0 -> ~70 tunables from section TuningParameters into DAT_10057c10..DAT_10057c80 and _DAT_100586a4/a8: population cohorts, health, education, ordinance effects (NewbornPopPct, EQDecay, HospitalizationRate, PollutionFactor, AgeOfRebellion, curfew/reading/sports/clinic ordinance effects) [CONFIRMED @ 0x10022ac6]"
"SIMRCI.DLL","0x1002de2d","FUN_1002de2d","10","fun","C2","S5","sc3_valve_free_agenteffects","[SIMRCI] atexit dtor for DAT_10058720 [CONFIRMED @ 0x1002de2d]"
"SIMRCI.DLL","0x1002de6d","FUN_1002de6d","10","fun","C2","S5","sc3_valve_free_conneffects","[SIMRCI] atexit dtor for DAT_10058710 [CONFIRMED @ 0x1002de6d]"
"SIMRCI.DLL","0x1002dede","FUN_1002dede","140","fun","C2","S5","sc3_valve_layer_ctor","[U-010 RESOLVED via VtableProbe] SC3ValveLayer ctor. Installs vtable PTR_LAB_1004ce9c (slot 5 / +0x14 = sc3_valve_load_tuning 0x1002dff3) and PTR_FUN_1004cee4 (slot 3 / +0xc = sc3_valve_apply_effects 0x1002efe8). Called by factory FUN_100367a7 => GZCLSID 0x60a42f32, operator_new(0x58) = 88 bytes"
"SIMRCI.DLL","0x1002dff3","FUN_1002dff3","548","fun","C2","S5","sc3_valve_load_tuning","[SIMRCI] loads 'Sys\SC3ValveLayer.ini' @0x100580a4; registers AgentValveEffects @0x10058090 (cb FUN_1002e4ad), ConnectionValveEffects @0x10058078 (cb FUN_1002e4ad), OrdinanceEffects @0x10058064 (cb FUN_1002e217) into MODULE GLOBALS DAT_10058720 / DAT_10058710 / DAT_10058700 -- valve effect data is global, not per-instance [CONFIRMED @ 0x1002dff3]"
"SIMRCI.DLL","0x1002e4ad","FUN_1002e4ad","825","fun","C2","S5","sc3_valve_parse_effect_record","[SIMRCI] parse callback: builds a 20-byte effect record {list-node ptrs, +0x08 agentType key (int), +0x0c short, +0x0e short} via FUN_1003b5ce (atoi) [CONFIRMED @ 0x1002e4ad]"
"SIMRCI.DLL","0x1002e7e6","FUN_1002e7e6","161","fun","C2","S5","sc3_valve_clear_tables","[SIMRCI] clears/rebuilds the 3 global effect tables [CONFIRMED @ 0x1002e7e6]"
"SIMRCI.DLL","0x1002eee1","FUN_1002eee1","69","fun","C2","S5","sc3_valve_query_effect_lo","[SIMRCI] lookup in DAT_10058720, returns the short at record+0x0c. [iOS-HINT] accessor of the AddToSupplyValue/QueryValveValue family -- not asserted [CONFIRMED @ 0x1002eee1]"
"SIMRCI.DLL","0x1002ef26","FUN_1002ef26","69","fun","C2","S5","sc3_valve_query_effect_hi","[SIMRCI] same lookup, returns the short at record+0x0e. [iOS-HINT] as above [CONFIRMED @ 0x1002ef26]"
"SIMRCI.DLL","0x1002efe8","FUN_1002efe8","560","fun","C2","S5","sc3_valve_apply_effects","[SIMRCI] 560 bytes; 4-category demand loop (vtable +0xd8/+0xdc/+0xec/+0xf0), applies effects via valve +0x40/+0x44, then an ordinance pass and a 2D grid pass, rotating accumulators +0x40..+0x54. [iOS-HINT] mechanically matches goValveLayer::EndOfMonth (periodic supply/demand re-evaluation) -- NOT asserted; confirmation needs the vtable slot index + a caller proving monthly cadence [CONFIRMED @ 0x1002efe8]"
"SIMRCI.DLL","0x1002f218","FUN_1002f218","244","fun","C2","S5","sc3_valve_get_or_create","[SIMRCI] __thiscall: get-or-operator_new(0x14) into the per-agent map at this+0x24, keyed by agentType [CONFIRMED @ 0x1002f218]"
"SIMRCI.DLL","0x1002f4ed","FUN_1002f4ed","194","fun","C2","S5","sc3_valve_apply_agent","[SIMRCI] __thiscall: walks the DAT_10058720 list for the agent at this+0xc, reads record shorts +0x0c/+0x0e [CONFIRMED @ 0x1002f4ed]"
"SIMRCI.DLL","0x100310f5","FUN_100310f5","356","fun","C2","S4","sc3_zone_ctor","[SIMRCI] 720-byte zone-layer ctor; installs vtables incl. a secondary interface at byte +0x10; builds a 23-slot table at byte 0x19c (the 23 zone-developer entries) [CONFIRMED @ 0x100310f5]"
"SIMRCI.DLL","0x1003250f","FUN_1003250f","389","fun","C2","S4","sc3_zone_load_config","[SIMRCI] __thiscall member on the secondary interface (this = base+0x10): loads '\Sys\SC3ZoneLayer.INI' @0x100580e4, sections ZoneDeveloperDescriptions @0x100580c8 (parse cb FUN_10030c5b) and ZoneDeveloperRules @0x100571fc (cb FUN_10030d64); then walks the 23-entry table at this+0x18c (= base+0x19c, stride 8) calling each element vtable+0x14 [CONFIRMED @ 0x1003250f]; [VtableProbe] this loader sits at slot 36 (+0x90) of vtable PTR_LAB_1004d1e0, installed by the zone ctor FUN_100310f5 -- NOTE the config-load slot is NOT uniform across layers: Power/Water/Valve use +0x14, Zone uses +0x90"
"SIMRCI.DLL","0x10036382","FUN_10036382","723","fun","C2","infra","sc3_rci_director_ctor","[SIMRCI] installs two vtables (PTR_FUN_1004d618 GZCOM director, PTR_LAB_1004d5ec second interface) then makes 37 class registrations via FUN_1003b214(this, GZCLSID, factory, 0). Confirmed binding: GZCLSID 0x409ff3ba -> FUN_10036660 = the zone layer. Full 37-pair list in re/analysis/SIMRCI.md [CONFIRMED @ 0x10036382]"
"SIMRCI.DLL","0x10036660","FUN_10036660","62","fun","C2","S4","sc3_zone_factory_create","[SIMRCI] factory for GZCLSID 0x409ff3ba: operator_new(0x2d0 = 720 bytes) -> ctor FUN_100310f5, returns obj+4 [CONFIRMED @ 0x10036660]"
"SIMRCI.DLL","0x100367a7","FUN_100367a7","50","fun","C2","S5","sc3_valve_factory_create","[U-010 RESOLVED] factory for GZCLSID 0x60a42f32 (SC3ValveLayer): operator_new(0x58) -> ctor FUN_1002dede"
"SIMRCI.DLL","0x1003ae8e","GZDllGetGZCOMDirector","5","fun","C2","infra","sc3_rci_get_director","[SIMRCI] PE export GZDllGetGZCOMDirector; returns &DAT_10058780; one-shot init guarded by bit0 of DAT_100587c4 -> director ctor FUN_10036382 + atexit dtor 0x10036ec1 [CONFIRMED @ 0x1003ae8e]"
"SIMRCI.DLL","0x1003b214","FUN_1003b214","44","fun","C2","infra","sc3_gzcom_register_class","[SIMRCI] 44-byte thunk: inserts {GZCLSID, factory, 0} into the map at this+0x14; at runtime GetClassObject(GZCLSID) calls the stored factory [CONFIRMED @ 0x1003b214]"
"SIMSPR.DLL","0x10001909","FUN_10001909","882","fun","C2","S16","sc3spr_parse_sprite_def_text","[SIMSPR] sprite-definition parser. Object fields: +0x18 ptr to frame array (u32 count at [-4], then N x 12-byte frames), +0x1c SprInstCLSID, +0x20 u16 Frames, +0x22 u8 AnimFrames, +0x23 u8 AnimSetCount, +0x24 u8 ZoomCount, +0x25 u8 RotCount, +0x26 u8 ZoomSetCount, +0x27 u8 RegRects, +0x28 u32 LayerFlags. Frame record is 12 bytes: +0x00 = 0, +0x01 u8, +0x02 u16, +0x04 u16, +0x08 u32 resolved sprite-cache ptr from (mgr+0x34)(keyB, keyA); the two %08lx fields of the 'Frame:' format are the resource key (group, instance)"
"SIMSPR.DLL","0x10003880","FUN_10003880","820","fun","C2","S16","sc3spr_parse_sprite_script","[SIMSPR] calls FUN_10001909 then parses ScriptCountries (vector at +0x300) and Scripts counts (vector at +0x30c) and the DSprites loop"
"SIMSPR.DLL","0x10003e7c","FUN_10003e7c","175","fun","C2","S16","sc3spr_parse_sprite_entry","[SIMSPR] sscanf 'Sprite[%ld,%ld,%08lx,%ld,%ld,%ld]' -> 20-byte struct {+0x00 u32 sprite id, +0x04 = 0, +0x08, +0x0c, +0x10}; pushed into a vector at this + (indexB + 0x6a + indexA*4) * 0xc. [UNCERTAIN] the A/B = zoom/rotation labelling"
"SIMSPR.DLL","0x100121e2","FUN_100121e2","6","fun","C3","S16","sc3spr_mgr_singleton","[SIMSPR] returns the static sprite manager &DAT_100726d8; registered as GZCLSID 0xa411112f (a thunk, not an operator_new factory). Service handle via GetService(CLSID 0x64111139, IID 0x24111122) at FUN_1005ab10"
"SIMSPR.DLL","0x100128d1","FUN_100128d1","182","fun","C2","S16","sc3spr_add_archive_provider","[SIMSPR] dedups by path at +0x44, then operator_new(0x198) + FUN_1001d8f7 and opens via (prov[0xe]+0x18)"
"SIMSPR.DLL","0x10012b98","FUN_10012b98","319","fun","C2","S16","sc3spr_get_or_create_sprite","[SIMSPR] resolves by (group, instance) via (this+0x34); on miss builds a 0x18 = 24-byte cache record and calls FUN_10012d91. Cache record: +0x00 refcount, +0x04 group, +0x08 instance, +0x0c bitmap ptr, +0x10 u16 width/2, +0x12 u16 height-1, +0x14 u16 width-width/2, +0x16 u16 flag. NO masking or shifting of the instance id anywhere on the read path -- instances are literal index keys"
"SIMSPR.DLL","0x10012d91","FUN_10012d91","154","fun","C2","simspr-sprite","sc3spr_provider_make_bitmap","walks the provider list at DAT_100726c8 calling vt+0x18 until one yields a bitmap; then vt+0xc8(DAT_1007276c) on it. DAT_1007276c is zero-init .data with ZERO writers in the module (see U-024)"
"SIMSPR.DLL","0x10012e2b","FUN_10012e2b","1037","fun","C2","S16","sc3spr_load_all_sprites","[SIMSPR] the VIEW-Iso-LoadAllSprites body: builds %DataDirectory%\Res\Sprites (falling back to %PluginDirectory%\PlugIn\ then %Language%) and enumerates *.SII then *.DAT"
"SIMSPR.DLL","0x1001cc18","FUN_1001cc18","272","fun","C2","S16","sc3spr_load_backn_bmp","[SIMSPR] loads 'Res\Sprites\BackN.bmp' (indexed 0..9 via param_1 + '0') into the surface at this+0x148/+0x158"
"SIMSPR.DLL","0x1001d8f7","FUN_1001d8f7","101","fun","C2","S16","sc3spr_archive_ctor","[SIMSPR] 408-byte archive object; vtables PTR_FUN_1006359c (+0), PTR_FUN_10063598 (+8, provider interface whose slot +0x18 is the decoder), PTR_LAB_10063578 (+0x38, open interface); +0x44 archive path (dedup key), +0x94 record count, +0x98 record list, +0xf4 colour key"
"SIMSPR.DLL","0x1001de49","FUN_1001de49","392","fun","C3","simspr-sprite","sc3spr_decode_record","vtable PTR_FUN_10063598 slot 6 (confirmed by VtableDump). format 0 -> 0x1001e086; format 1 -> QFS then QueryInterface(IID 0x0487534f) and iface vtable slot 3 (+0xc)(block,1). Tail readable only in disasm (DumpDisasm.java), decompiler loses the calling convention"
"SIMSPR.DLL","0x1001ea1d","FUN_1001ea1d","613","fun","C2","S16","sc3spr_import_index_text","[SIMSPR] imports the .SII text mirror that sits beside each .DAT: 'Version: %ld' (0 or 1), 'Record Count: %ld'; v0 record '%08lX, %ld, %ld, %ld, %ld'; v1 record '%08lX, %08lX, %ld, %ld, %ld, %ld' -> pooled record +0x04 id1, +0x08 id2, +0x10/+0x12/+0x14/+0x16 the four u16s"
"SIMSPR.DLL","0x1004c611","FUN_1004c611","777","fun","C2","S1","sc3spr_director_ctor","[SIMSPR] installs PTR_FUN_10067cfc / PTR_LAB_10067cd0 then makes 40 registrations via FUN_1004fa72. Full table in re/analysis/SIMSPR.md"
"SIMSPR.DLL","0x1004f6ec","GZDllGetGZCOMDirector","5","fun","C2","S1","sc3spr_get_director","[SIMSPR] PE export GZDllGetGZCOMDirector; one-shot guard DAT_10072d7c; returns &DAT_10072d38; atexit via FUN_1005cc98"
"SIMSPR.DLL","0x1004fa72","FUN_1004fa72","44","fun","C2","S1","sc3spr_register_class","[SIMSPR] map insert of {GZCLSID, factory, 0} at this+0x14 via FUN_1004fd44 -- same recipe as SIMRCI 0x1003b214"
"SIMSPR.DLL","0x10050cdf","FUN_10050cdf","42","fun","C4","simspr-sprite","sc3_qfs_get_uncompressed_size","hdr 2 bytes if u16be==0x10FB else 5, then 3-byte BE size; validated on 63,691 streams"
"SIMSPR.DLL","0x10050d09","FUN_10050d09","441","fun","C4","simspr-sprite","sc3_qfs_decompress","QFS/RefPack control loop; 4 forms; do-while => len+1. Transcribed into re/tools/qfs.py; 63,691/63,691 shipped streams round-trip to their declared size"
"SIMSPR.DLL","0x10057826","FUN_10057826","1557","fun","C3","S18","sc3spr_dbseg_open_read_index","[SIMSPR] SIMSPR embeds its own cGZDBSegmentIndexedFile reader, byte-for-byte the family in formats/IXF_segment.md: magic 0x80C381D7 tested at :241; 20-byte index records via (*+0x38)(&rec, 0x14); end of index = first 12 bytes zero; free/tombstone slot = offset or size == -1; valid records counted at archive+0x94 and listed at +0x98"
"SIMSPR.DLL","0x100583cf","FUN_100583cf","116","fun","C2","S18","sc3spr_dbseg_open_or_create","[SIMSPR] create path (*+0xc)(3,3,1), truncate, then WRITES the magic 0x80c381d7 -- a second independent .IXF writer alongside SIMBABLD 0x1204f2e7"
"SIMUI.DLL","0x10001d6c","FUN_10001d6c","881","fun","C2","S14","sc3_ui_build_ordinance_row","[SIMUI-C] fallback label Ordinance %ld @0x100be1c0 used when the name pointer is null; operator_new(0x10) row record; tints via +0x184 green/red on a flag; inserts into this+0xb0 via FUN_1007559c"
"SIMUI.DLL","0x10002d9f","FUN_10002d9f","50","fun","C2","S15","sc3ui_factory_clsid_22be563e","[SIMUI-A] factory for GZCLSID 0x22be563e: operator_new(0x20) -> ctor 0x10002dd1"
"SIMUI.DLL","0x10002dd1","FUN_10002dd1","35","fun","C2","S15","sc3ui_ctor_clsid_22be563e","[SIMUI-A] GZCLSID 0x22be563e, factory 0x10002d9f, operator_new(0x20). single vtable @+0; 7 zeroed fields"
"SIMUI.DLL","0x10005602","FUN_10005602","2228","fun","C2","S14","sc3_ui_build_advisor_window","[SIMUI-C] advisor name Christine McGavran @0x100be1e4 with fallback Advisor 0x%08lX %ld @0x100be1d0; Window group 0x29541f4 instances 0x75, 600, 0x1bf, 0x76; widget ids 0x62be5df1..df7; service 0xa2a79fd0/d1"
"SIMUI.DLL","0x1000690a","FUN_1000690a","4738","fun","C2","S14","sc3_ui_populate_petition_window","[SIMUI-B] 4738 B __thiscall; format string Pet Hdr 0x%08lX %ld; control ids 0x62be5f0x; *(this+0x59) selector maps chars 1..7 to image/msg keys (0x22e288e, 0x628d0c45, 0xc28d0b6e ...); widget slots this+0x34..0x60; caller FUN_100068b6"
"SIMUI.DLL","0x10008d40","FUN_10008d40","5218","fun","C2","S15","sc3_ui_populate_dialog_by_mode","[SIMUI-B] 5218 B __thiscall; branches on *(this+8) mode 1/2/3; control ids 0x62be50xx; GZCLSIDs 0xa2a79fd1, 0xc2afa76e/6f, 0x231a1c58/57, 0x82fe68c4, 0xc12cea13; caller FUN_10008ceb"
"SIMUI.DLL","0x1000d11f","FUN_1000d11f","1039","fun","C2","S15","sc3_ui_snapshot_from_ini","[SIMUI-C] reads SnapShot.ini @0x100be340 section SnapShotSpecs @0x100be328: Width, Height, BackgroundColor_R/G/B; atoi via FUN_1008c9a4; default 0xa0 (160); calls FUN_1000d52e"
"SIMUI.DLL","0x1000d52e","FUN_1000d52e","611","fun","C2","S15","sc3_ui_snapshot_write_graphdata","[SIMUI-C] appends the header Graph Data (12 months, 10 years, 10 decades): @0x100be350; GetService(0xa2ffb5d3, 0x2ffbb60); save via +0x18(dst,img,100); type keys 0xe41d8fee / 0xe404e938; param_1+0x1d4"
"SIMUI.DLL","0x1000d7ad","FUN_1000d7ad","464","fun","C2","S15","sc3_ui_graph_export_write_rows","[SIMUI-C] THE HISTORICAL STATS SHAPE: three vtable accessors on param_1 each return one flat int32 array -- +0x28 -> 12 months (48 B) @0x1000d7d3, +0x34 -> 10 years (40 B) @0x1000d7de, +0x40 -> 10 decades (40 B) @0x1000d7e9. Emits 3 CSV rows: 12-int format @0x100be3b0 (@0x1000d81a) and 10-int format @0x100be390 twice (@0x1000d838, @0x1000d854). One metric at 3 resolutions = 128 bytes total"
"SIMUI.DLL","0x1000e66c","FUN_1000e66c","1680","fun","C2","S15","sc3_ui_snapshot_bulk_export","[SIMUI-C] SnapShot.ini + BulkDirectory @0x100be3e4 + *.SCT @0x100be3dc; iterates a list building operator_new(0x28) records; GetClassObject 0x610438a4 / 0xe404e938; App string group 0x209e6378 instance 0x7f"
"SIMUI.DLL","0x1000f7c2","FUN_1000f7c2","13","fun","C2","S15","sc3ui_ctor_clsid_3370d1a5","[SIMUI-A] GZCLSID 0x3370d1a5, factory 0x1006acb1, operator_new(0x8). 2-dword object: vtable PTR_LAB_100a29e8 @+0, one ptr field = 0. Minimal handle/iterator wrapper"
"SIMUI.DLL","0x10011556","FUN_10011556","12","fun","C2","infra","sc3ui_get_framework","[SIMUI-A] 12 B; FUN_1006a939() then tail-calls director vtable slot +0x2c, returning the framework/registry pointer"
"SIMUI.DLL","0x10012666","FUN_10012666","33","fun","C2","S15","sc3ui_get_windowmgr_service","[SIMUI-A] *out=0; FUN_10011556() -> (*fw+0x10)(0xa417445e, 0x5a4, out) = GetService for the dialog/window manager. SIMUI is a CONSUMER of that service -- it is IMPLEMENTED in GZWIND.DLL (ctor FUN_1001fd88, service-base init FUN_10023875(this, 0xa417445e, 0x1312d0))"
"SIMUI.DLL","0x100127c3","FUN_100127c3","59","fun","C2","S15","sc3ui_factory_clsid_30477a4","[SIMUI-A, RECOVERED] this registration was invisible to the text export: Ghidra auto-analysis left the factory as a bare LAB_* (GZCOM factory stubs are only reached through the registration table, i.e. a DATA reference). Recovered with re/scripts/MakeFunctions.java + re-export. Factory for GZCLSID 0x30477a4: operator_new(0x1c) -> ctor 0x100127fe"
"SIMUI.DLL","0x100127fe","FUN_100127fe","317","fun","C2","ui/dispatch","sc3ui_msghandler_map_ctor","2 vtables [0]/[1]; FUN_10016e11 builds RB-tree node (alloc 0x18) at [+8]; then 14x FUN_10012a99(this,id,handler) inserting {id->fn} via FUN_10055917 map-insert (key @node+0x10); ids 0x75807646..0x75807652 + id 1; new size 0x1c"
"SIMUI.DLL","0x10013de8","FUN_10013de8","50","fun","C2","S15","sc3ui_factory_clsid_43164fb1","[SIMUI-A] factory for GZCLSID 0x43164fb1: operator_new(0x30) -> ctor 0x10013e1a"
"SIMUI.DLL","0x10013e1a","FUN_10013e1a","75","fun","C2","S15","sc3ui_ctor_clsid_43164fb1","[SIMUI-A] GZCLSID 0x43164fb1, factory 0x10013de8, operator_new(0x30). list head: circular node @[8] via FUN_1000b727(0xc); single vtable"
"SIMUI.DLL","0x10014ba0","FUN_10014ba0","50","fun","C2","S15","sc3ui_factory_clsid_82f622c1","[SIMUI-A] factory for GZCLSID 0x82f622c1: operator_new(0x44) -> ctor 0x10014bd2"
"SIMUI.DLL","0x10014bd2","FUN_10014bd2","136","fun","C2","S15","sc3ui_ctor_clsid_82f622c1","[SIMUI-A] GZCLSID 0x82f622c1, factory 0x10014ba0, operator_new(0x44). message/key registry: 4 sub-objects @+0xc/+0x18/+0x24/+0x30 built from this bytes via FUN_10016e11"
"SIMUI.DLL","0x10014db6","FUN_10014db6","249","fun","C2","S15","sc3_ui_register_menu_resources","[SIMUI-C] registers the 4 menu resource parsers SC3MII / SC3MDESC / SC3MSET / SC3MBTNDEFS via +0x1c, then +0x3c(0x1000) and resource keys 0x25f0a91/92/94. SIMUI-side counterpart of SC3U.exe sc3_boot_register_all_factories 0x0040b761"
"SIMUI.DLL","0x1001a021","FUN_1001a021","53","fun","C2","S15","sc3ui_factory_clsid_62be6ee2","[SIMUI-A, RECOVERED] this registration was invisible to the text export: Ghidra auto-analysis left the factory as a bare LAB_* (GZCOM factory stubs are only reached through the registration table, i.e. a DATA reference). Recovered with re/scripts/MakeFunctions.java + re-export. Factory for GZCLSID 0x62be6ee2: operator_new(0xfc) -> ctor 0x1001a056"
"SIMUI.DLL","0x1001a056","FUN_1001a056","167","fun","C2","ui/widget","sc3ui_object_ctor_acquire_res","FUN_1006c2f7 root ctor; sub-obj ctor FUN_1008aa23(+0x37) sets 100/1000 and self-registers into global list &DAT_100bfba0 under crit-sect 0x100bfb78; FUN_10085065 service (GetService 0xc2c2eb0f/0x22c2eb1f) vtable+0x80(0x13)->[0x36], (0x14)->[0x35]; new 0xfc"
"SIMUI.DLL","0x1001a942","FUN_1001a942","65","fun","C2","S15","sc3ui_factory_clsid_230391b9","[SIMUI-A, RECOVERED] this registration was invisible to the text export: Ghidra auto-analysis left the factory as a bare LAB_* (GZCOM factory stubs are only reached through the registration table, i.e. a DATA reference). Recovered with re/scripts/MakeFunctions.java + re-export. Factory for GZCLSID 0x230391b9: operator_new(0x10c) -> ctor 0x1001a983"
"SIMUI.DLL","0x1001a983","FUN_1001a983","108","fun","C2","ui/widget","sc3ui_object_ctor_plain_230391b9","FUN_1006c2f7 root ctor; zero-inits [0x2a..0x42] incl byte fields; sets primary vtable PTR_FUN_100a3d08 and secondary [0x29] PTR_LAB_100a3ce0; no resource/service calls; new 0x10c"
"SIMUI.DLL","0x1001de1a","FUN_1001de1a","50","fun","C2","S15","sc3ui_ctor_clsid_62fa5742","[SIMUI-A] GZCLSID 0x62fa5742, factory 0x1006ae3c, operator_new(0x24). base FUN_1000c0c7; 3 vtables @+0/+0x18/+0x1c; factory returns the +0x18 interface"
"SIMUI.DLL","0x1001f3df","FUN_1001f3df","4248","fun","C2","S15","sc3_ui_build_utilities_chart_legend","[SIMUI-B, NAME CORRECTED by parent via .IXF lookup] 4248 B __thiscall. Worker proposed the generic dataview_legend; resolving its 18 labels (group 0x29541f4 instances 0x1e8-0x1f7) against re/data/ixf_text.csv gives Coal Power, Oil Power, Gas Power, Wind Power, Solar Power, Nuclear Power, Microwave, Fusion, Waste to Energy, Neighbor Deals, Total Electricity Produced Annually = %s W, %% Garbage Goes To:, Landfill, Incinerators, Recycling, Collecting in Streets -- i.e. the POWER + GARBAGE utilities chart legend. The first 9 labels are exactly the 9 SIMUTIL power-plant classes. Allocates 18 RGB colours via graphics svc FUN_10085039->+0x84 into this+0x68..0xa8; emits swatches via FUN_10020477; registers for message 0xc2a3fd82"
"SIMUI.DLL","0x10024866","FUN_10024866","53","fun","C2","S15","sc3ui_factory_clsid_2f95d57","[SIMUI-A] factory for GZCLSID 0x2f95d57: operator_new(0x1d4) -> ctor 0x1002489b"
"SIMUI.DLL","0x1002489b","FUN_1002489b","171","fun","C2","S15","sc3ui_ctor_clsid_2f95d57","[SIMUI-A] GZCLSID 0x2f95d57, factory 0x10024866, operator_new(0x1d4). LARGEST registered object (468 B): base FUN_1006c2f7 + +0xa4 vtable; fixed 6-entry table (loop count 6, wide stride); std::string @[0x6e]; [0x73]=3000, [0x74]=1. Size + fixed table suggest a top-level container/manager -- [UNCERTAIN] role"
"SIMUI.DLL","0x1002c688","FUN_1002c688","158","fun","C2","S15","sc3ui_widget_base_ctor","[SIMUI-A] 158 B; extends FUN_1006c2f7; installs the secondary interface vtable at [0x29] (byte +0xa4); bytes +0xe0/+0xe1 = 4; two FUN_1002d18b list inits (0x10,1)/(4,1). Registered directly as GZCLSID 0xa2a79fd0 (factory FUN_1002c647, new(0xe4)=228 B)"
"SIMUI.DLL","0x100305fe","FUN_100305fe","162","fun","C2","S15","sc3ui_ctor_clsid_454423ff","[SIMUI-A] GZCLSID 0x454423ff, factory 0x10030795, operator_new(0x120). widget family member: base FUN_1002c688; vtables @+0/+0xa4/+0xe4; two std::strings @+0xf8/+0x10c (same layout as 0xe4286891)"
"SIMUI.DLL","0x10030795","FUN_10030795","53","fun","C2","S15","sc3ui_factory_clsid_454423ff","[SIMUI-A] factory for GZCLSID 0x454423ff: operator_new(0x120) -> ctor 0x100305fe"
"SIMUI.DLL","0x10030b8c","FUN_10030b8c","142","fun","C2","ui/widget","sc3ui_widget_ctor_e4286882","e42868xx family template: FUN_1002c688 widget base; derived iface pair [0x39]/[0x3a]=+0xe4/+0xe8; marker vtable PTR_LAB_100a2714; zero [0x3b..0x3f]; finalizer FUN_1002d287(this+0x29,...)"
"SIMUI.DLL","0x10031da9","FUN_10031da9","53","fun","C2","S15","sc3ui_factory_clsid_e4286882","[SIMUI-A, RECOVERED] this registration was invisible to the text export: Ghidra auto-analysis left the factory as a bare LAB_* (GZCOM factory stubs are only reached through the registration table, i.e. a DATA reference). Recovered with re/scripts/MakeFunctions.java + re-export. Factory for GZCLSID 0xe4286882: operator_new(0x100) -> ctor 0x10030b8c"
"SIMUI.DLL","0x10031dde","FUN_10031dde","146","fun","C2","S15","sc3ui_labeled_widget_base_ctor","[SIMUI-A] 146 B; extends FUN_1002c688; std::string @+0xe4 via FUN_10005eb6; field [0x3e]=500 (0x1f4); installs PTR_FUN_100a5604 / PTR_LAB_100a55a4"
"SIMUI.DLL","0x1003409e","FUN_1003409e","5442","fun","C2","NET","sc3_net_build_chat_contextmenu","[SIMUI-B] 5442 B. The only plaintext-string function in the top 10: Join %s, Create new room, Make %s secret, Send private message to %s, Send screenshot to %s, Kick %s out of room, Chat controls. Popup menus via FUN_1003e57e (append item) and FUN_100301cb (show -> selected index); dispatches on widget local_40[0x44/0x45/0x42]; vtable-dispatched, no static caller"
"SIMUI.DLL","0x100359fe","FUN_100359fe","109","fun","C2","S15","sc3ui_ctor_clsid_e428680a","[SIMUI-A] GZCLSID 0xe428680a, factory 0x10035b38, operator_new(0x130). e42868 family: base FUN_10031dde; vtables @+0/+0xa4/+0x128/+0x12c"
"SIMUI.DLL","0x10035b38","FUN_10035b38","53","fun","C2","S15","sc3ui_factory_clsid_e428680a","[SIMUI-A] factory for GZCLSID 0xe428680a: operator_new(0x130) -> ctor 0x100359fe"
"SIMUI.DLL","0x10036753","FUN_10036753","137","fun","C2","S15","sc3ui_ctor_clsid_e428689f","[SIMUI-A] GZCLSID 0xe428689f, factory 0x100368df, operator_new(0x140). e42868 family: base FUN_10031dde; vtables @+0/+0xa4/+0x128; extra fields [0x4c..0x4f], [0x4f]=0xffffffff"
"SIMUI.DLL","0x100368df","FUN_100368df","53","fun","C2","S15","sc3ui_factory_clsid_e428689f","[SIMUI-A] factory for GZCLSID 0xe428689f: operator_new(0x140) -> ctor 0x10036753"
"SIMUI.DLL","0x100379e0","FUN_100379e0","109","fun","C2","S15","sc3ui_ctor_clsid_e428689e","[SIMUI-A] GZCLSID 0xe428689e, factory 0x10037ae5, operator_new(0x130). e42868 family: base FUN_10031dde; same layout as 0xe428680a"
"SIMUI.DLL","0x10037ae5","FUN_10037ae5","53","fun","C2","S15","sc3ui_factory_clsid_e428689e","[SIMUI-A] factory for GZCLSID 0xe428689e: operator_new(0x130) -> ctor 0x100379e0"
"SIMUI.DLL","0x100385c5","FUN_100385c5","170","fun","C2","ui/widget","sc3ui_widget_ctor_e4286890_2vec","same family template as 0x10030b8c; adds 2 container members via FUN_10005eb6 at +0x3e and +0x43 (each reserves 8 via FUN_1000b6da); finalizer FUN_1002d287"
"SIMUI.DLL","0x10038765","FUN_10038765","53","fun","C2","S15","sc3ui_factory_clsid_e4286890","[SIMUI-A, RECOVERED] this registration was invisible to the text export: Ghidra auto-analysis left the factory as a bare LAB_* (GZCOM factory stubs are only reached through the registration table, i.e. a DATA reference). Recovered with re/scripts/MakeFunctions.java + re-export. Factory for GZCLSID 0xe4286890: operator_new(0x124) -> ctor 0x100385c5"
"SIMUI.DLL","0x10039504","FUN_10039504","162","fun","C2","S15","sc3ui_ctor_clsid_e4286891","[SIMUI-A] GZCLSID 0xe4286891, factory 0x10039697, operator_new(0x120). e42868 family: base FUN_1002c688; vtables @+0/+0xa4/+0xe4; two std::strings @[0x3e]/[0x43]"
"SIMUI.DLL","0x10039697","FUN_10039697","53","fun","C2","S15","sc3ui_factory_clsid_e4286891","[SIMUI-A] factory for GZCLSID 0xe4286891: operator_new(0x120) -> ctor 0x10039504"
"SIMUI.DLL","0x1003a0c0","FUN_1003a0c0","182","fun","C2","S15","sc3ui_ctor_clsid_e4286892","[SIMUI-A] GZCLSID 0xe4286892, factory 0x1003a267, operator_new(0x12c). e42868 family: base FUN_1002c688; two std::strings @[0x3d]/[0x42]; 4 extra fields [0x47..0x4a]"
"SIMUI.DLL","0x1003a267","FUN_1003a267","53","fun","C2","S15","sc3ui_factory_clsid_e4286892","[SIMUI-A] factory for GZCLSID 0xe4286892: operator_new(0x12c) -> ctor 0x1003a0c0"
"SIMUI.DLL","0x1003c494","FUN_1003c494","116","fun","C2","S15","sc3ui_ctor_clsid_e4286893","[SIMUI-A] GZCLSID 0xe4286893, factory 0x1003c597, operator_new(0xf0). e42868 family: base FUN_1002c688; vtables @+0/+0xa4/+0xe4; one field @[0x3b]"
"SIMUI.DLL","0x1003c597","FUN_1003c597","53","fun","C2","S15","sc3ui_factory_clsid_e4286893","[SIMUI-A] factory for GZCLSID 0xe4286893: operator_new(0xf0) -> ctor 0x1003c494"
"SIMUI.DLL","0x1003ccc0","FUN_1003ccc0","197","fun","C2","ui/widget","sc3ui_widget_ctor_e4286899_3vec","same family template; 3 container members via FUN_10005eb6 at +0x3d,+0x42,+0x49; extra byte fields; finalizer FUN_1002d287"
"SIMUI.DLL","0x1003ce95","FUN_1003ce95","53","fun","C2","S15","sc3ui_factory_clsid_e4286899","[SIMUI-A, RECOVERED] this registration was invisible to the text export: Ghidra auto-analysis left the factory as a bare LAB_* (GZCOM factory stubs are only reached through the registration table, i.e. a DATA reference). Recovered with re/scripts/MakeFunctions.java + re-export. Factory for GZCLSID 0xe4286899: operator_new(0x13c) -> ctor 0x1003ccc0"
"SIMUI.DLL","0x1003de05","FUN_1003de05","109","fun","C2","S15","sc3ui_ctor_clsid_e4286880","[SIMUI-A] GZCLSID 0xe4286880, factory 0x1003df08, operator_new(0xec). e42868 family: base FUN_1002c688; vtables @+0/+0xa4/+0xe4/+0xe8"
"SIMUI.DLL","0x1003df08","FUN_1003df08","53","fun","C2","S15","sc3ui_factory_clsid_e4286880","[SIMUI-A] factory for GZCLSID 0xe4286880: operator_new(0xec) -> ctor 0x1003de05"
"SIMUI.DLL","0x1003e042","FUN_1003e042","109","fun","C2","S15","sc3ui_ctor_clsid_e4286881","[SIMUI-A] GZCLSID 0xe4286881, factory 0x1003e13e, operator_new(0xec). e42868 family: layout identical to 0xe4286880"
"SIMUI.DLL","0x1003e13e","FUN_1003e13e","53","fun","C2","S15","sc3ui_factory_clsid_e4286881","[SIMUI-A] factory for GZCLSID 0xe4286881: operator_new(0xec) -> ctor 0x1003e042"
"SIMUI.DLL","0x1003eefa","FUN_1003eefa","152","fun","C2","S15","sc3ui_ctor_clsid_f23b1880","[SIMUI-A] GZCLSID 0xf23b1880, factory 0x1003f0cf, operator_new(0x10c). same widget template as the e42868 family: base FUN_1002c688; vtables @+0/+0xa4/+0xe4; std::string @[0x3b]; [0x40]=2"
"SIMUI.DLL","0x1003f0cf","FUN_1003f0cf","53","fun","C2","S15","sc3ui_factory_clsid_f23b1880","[SIMUI-A] factory for GZCLSID 0xf23b1880: operator_new(0x10c) -> ctor 0x1003eefa"
"SIMUI.DLL","0x1003f6d0","FUN_1003f6d0","173","fun","C2","S15","sc3ui_ctor_clsid_f23b1881","[SIMUI-A] GZCLSID 0xf23b1881, factory 0x1003f864, operator_new(0x120). same widget template: base FUN_1002c688; vtables @+0/+0xa4/+0xe4; std::string @[0x3c]; 7 zeroed fields [0x41..0x47]"
"SIMUI.DLL","0x1003f864","FUN_1003f864","53","fun","C2","S15","sc3ui_factory_clsid_f23b1881","[SIMUI-A] factory for GZCLSID 0xf23b1881: operator_new(0x120) -> ctor 0x1003f6d0"
"SIMUI.DLL","0x10040c36","FUN_10040c36","37","fun","C2","S15","sc3ui_ctor_clsid_c2f14704","[SIMUI-A] GZCLSID 0xc2f14704, factory 0x1006ae0a, operator_new(0x18). 2 vtables @+0/+4; 4 zeroed fields"
"SIMUI.DLL","0x10042866","FUN_10042866","442","fun","C2","S15","sc3ui_ctor_clsid_5a9","[SIMUI-A] GZCLSID 0x5a9, factory 0x1006ad8e, operator_new(0x110). graphical control: base FUN_1006c2f7 + secondary vtable at +0xa4; area set 0,0,0x40,0x40 via FUN_10043afc; RGB colours via FUN_1006d874; two self-referential list nodes @[0x3c]/[0x3d]; resolves resource 0x62e56a2b"
"SIMUI.DLL","0x10044021","FUN_10044021","232","fun","C2","S15","sc3ui_ctor_clsid_5a3","[SIMUI-A] GZCLSID 0x5a3, factory 0x1006ad59, operator_new(0xa0). screen-anchored panel: 4 vtables @+0/+4/+8/+0xc; rect [8]=0x28, [9]=0x22, [10]=0x1d0 (464), [0xb]=0x1da (474); adds 0x14 to [0xb] when FUN_10085179 display mode is in {0xf,0x11,0x12,0x13,0x14} -- the only class that adapts to display mode"
"SIMUI.DLL","0x10044257","FUN_10044257","425","fun","C2","S15","sc3_ui_init_maps_graphs_window","[SIMUI-C] caption **<Maps, Graphs, and Charts>** @0x100bef60; service 0xa2a79fd0; view id 0x42f0da12; calls builders FUN_10044430 and FUN_1004481c"
"SIMUI.DLL","0x1004e0ee","FUN_1004e0ee","53","fun","C2","S15","sc3ui_factory_clsid_2f61b00","[SIMUI-A, RECOVERED] this registration was invisible to the text export: Ghidra auto-analysis left the factory as a bare LAB_* (GZCOM factory stubs are only reached through the registration table, i.e. a DATA reference). Recovered with re/scripts/MakeFunctions.java + re-export. Factory for GZCLSID 0x2f61b00: operator_new(0x130) -> ctor 0x1004e123"
"SIMUI.DLL","0x1004e123","FUN_1004e123","138","fun","C2","ui/tool-desc","sc3ui_tooldesc_ctor_tag_287c760","FUN_1004d9be base ctor (root + 12-byte circular-list node alloc, flag|8); [0x2e]=self; [0x2a]=(&~8)|1; writes type tag [0x2c]=0x287c760 (offset 0xb0) READ by factory FUN_1004dc89 to pick new(0xfc); tags 0x287c760/1/2 select 3 sub-classes; new 0x130"
"SIMUI.DLL","0x1004ed44","FUN_1004ed44","65","fun","C2","S15","sc3ui_factory_clsid_4324cc9b","[SIMUI-A, RECOVERED] this registration was invisible to the text export: Ghidra auto-analysis left the factory as a bare LAB_* (GZCOM factory stubs are only reached through the registration table, i.e. a DATA reference). Recovered with re/scripts/MakeFunctions.java + re-export. Factory for GZCLSID 0x4324cc9b: operator_new(0x100) -> ctor 0x1004ed85"
"SIMUI.DLL","0x1004ed85","FUN_1004ed85","150","fun","C2","ui/widget","sc3ui_object_ctor_4324cc9b","FUN_1006c2f7 root ctor; 2 container members via FUN_10005eb6 at +0x35 and +0x3a; vtables PTR_LAB_100a9f0c / [0x29] PTR_LAB_100a9ef4; new 0x100"
"SIMUI.DLL","0x1004f8ce","FUN_1004f8ce","65","fun","C2","S15","sc3ui_factory_clsid_e2f95af5","[SIMUI-A] factory for GZCLSID 0xe2f95af5: operator_new(0x124) -> ctor 0x1004f90f"
"SIMUI.DLL","0x1004f90f","FUN_1004f90f","190","fun","C2","S15","sc3ui_ctor_clsid_e2f95af5","[SIMUI-A] GZCLSID 0xe2f95af5, factory 0x1004f8ce, operator_new(0x124). bounded view: base FUN_1006c2f7 + +0xa4 vtable; min/max bounds 0xffffffff / 0x7fffffff @[0x39..0x3d]; sub-object FUN_1008aa23 @[0x3f]; registers callback (sub+0x24)(&LAB_1005118e, this)"
"SIMUI.DLL","0x10051751","FUN_10051751","142","fun","C2","S15","sc3ui_ctor_clsid_4302b412","[SIMUI-A] GZCLSID 0x4302b412, factory 0x1006aea9, operator_new(0x5c). 3 vtables @+0/+4/+8; two sub-objects @+0x38/+0x44 built from bytes of the this pointer via FUN_10016e11"
"SIMUI.DLL","0x100564d9","FUN_100564d9","8049","fun","C2","S15","sc3_ui_populate_gamesetup_window","[SIMUI-B] 8049 B, largest function in the module. param_1 = IGZWin; ~30 localized strings from group 0x29541f4 (Window) via FUN_1008ebbd(x,N,0x29541f4); control ids 0x2f95ad8..0x2f95b11; caption +0x10c, size +0xc0, pos +0xcc; 3 radio groups (4/3/2 options, ids 0x2f95aeb/af0/af4) driven by option-service state FUN_1008e998; caller FUN_10055e07"
"SIMUI.DLL","0x10058f14","FUN_10058f14","1176","fun","C2","S15","sc3_ui_cmd_handler_confirm","[SIMUI-C] command dispatcher on ids 0x2f95ad8..0x2f95b11 and 0x42b7c353; raises a modal via dialog-mgr +0xac(strA, strB, 0x30003, 1, 0) and tests == 0x5301814c for OK -- SAME five-arg signature as SC3U.exe (S15_UI.md), but mode 0x30003 is NOT in SC3U observed set {2,3,0x10001,0x10003,0x10004}; strA/strB from Message group 0x15e410c instance 0x18 (body) and Window group 0x29541f4 instance 0x14e (caption)"
"SIMUI.DLL","0x1005bbd5","FUN_1005bbd5","7641","fun","C2","S15","sc3_ui_populate_newgame_window","[SIMUI-B] 7641 B. string groups 0x41f2625 (SE UI) + 0x29541f4; control ids 0x255248xx; formats currency 50000/20000/10000 via economy svc FUN_10085179->+0x94->+0x3c; reads date/difficulty svc FUN_1008e9ab; caller FUN_1005e570"
"SIMUI.DLL","0x1005f242","FUN_1005f242","50","fun","C2","S15","sc3ui_factory_clsid_72e85997","[SIMUI-A, RECOVERED] this registration was invisible to the text export: Ghidra auto-analysis left the factory as a bare LAB_* (GZCOM factory stubs are only reached through the registration table, i.e. a DATA reference). Recovered with re/scripts/MakeFunctions.java + re-export. Factory for GZCLSID 0x72e85997: operator_new(0x28) -> ctor 0x1005f274"
"SIMUI.DLL","0x1005f274","FUN_1005f274","62","fun","C2","ui/color-desc","sc3ui_colordesc_ctor","standalone (NO base ctor); zero-inits [2..9]; FUN_1005f2dc writes RGB bytes +0x12/+0x13/+0x14 = 0x80,0x80,0x80, dword +0xc=2, word +0x10=8; vtables PTR_FUN_100aaae0 / [1] PTR_LAB_100aaad0; new 0x28"
"SIMUI.DLL","0x1005f621","FUN_1005f621","3418","fun","C2","S15","sc3_ui_build_terrain_edit_window","[SIMUI-B, NAME CORRECTED by parent via .IXF lookup] 3418 B. Worker proposed region_window; its group 0x29541f4 instances 0x2ca/0x2cd/0x254/0x2cb/0x2cc resolve to Terrain Edit / Accept this Terrain / Re-Generate Terrain / Pick Features: / Adjust Parameters: -- it is the TERRAIN EDIT window. 3 gauge widgets FUN_1006037b(0x72e867ad/ae/af) fed by bytes *(local_18+0x12/0x13/0x14); 10 grid widgets FUN_100603b8 labelled from group 0x225872fe (GUI); instantiates director class 0x82e968ee; caller FUN_1005f352"
"SIMUI.DLL","0x10060b74","FUN_10060b74","53","fun","C2","S15","sc3ui_factory_clsid_82e968ee","[SIMUI-A] factory for GZCLSID 0x82e968ee: operator_new(0x108) -> ctor 0x10060ba9"
"SIMUI.DLL","0x10060ba9","FUN_10060ba9","231","fun","C2","S15","sc3ui_ctor_clsid_82e968ee","[SIMUI-A] GZCLSID 0x82e968ee, factory 0x10060b74, operator_new(0x108). colour/graph widget: base FUN_1006c2f7 + +0xa4 vtable; 5 named colours (magenta/red/yellow/cyan/green) via FUN_1006d874; 4-entry loop. Instantiated by the terrain-edit window 0x1005f621"
"SIMUI.DLL","0x10061f53","FUN_10061f53","312","fun","C2","S15","sc3ui_ctor_clsid_57a","[SIMUI-A] GZCLSID 0x57a, factory 0x1006ace3, operator_new(0x118). geometry object: vtables @+0/+4; rect-like fields [6]=0x118, [7]=[8]=0x28, [9]=0x15c (348), [10]=0x140 (320), [0x1f]=0x5bee0; 3 std::strings; resolves a resource via FUN_10085065 vtable+0x80 into [4]"
"SIMUI.DLL","0x10063ff1","FUN_10063ff1","124","fun","C2","S15","sc3ui_ctor_clsid_584","[SIMUI-A] GZCLSID 0x584, factory 0x1006ad18, operator_new(0x138). VIEW class: base FUN_10082406; default name string '*No View Name*' @0x100bf004 stored at +0x46; vtables @+0/+4/+0x108; the factory returns the +0x108 interface. Strongest named-view candidate"
"SIMUI.DLL","0x100649da","FUN_100649da","53","fun","C2","S15","sc3ui_factory_clsid_12faf305","[SIMUI-A, RECOVERED] this registration was invisible to the text export: Ghidra auto-analysis left the factory as a bare LAB_* (GZCOM factory stubs are only reached through the registration table, i.e. a DATA reference). Recovered with re/scripts/MakeFunctions.java + re-export. Factory for GZCLSID 0x12faf305: operator_new(0xf4) -> ctor 0x10064a0f"
"SIMUI.DLL","0x10064a0f","FUN_10064a0f","135","fun","C2","ui/widget","sc3ui_object_ctor_plain_12faf305","FUN_1006c2f7 root ctor; zero-inits [0x2a..0x3c] (19 dwords); vtables PTR_LAB_100ab274 / [0x29] PTR_LAB_100ab264; no service calls; new 0xf4"
"SIMUI.DLL","0x10067397","FUN_10067397","124","fun","C2","S15","sc3ui_ctor_clsid_e3091435","[SIMUI-A] GZCLSID 0xe3091435, factory 0x1006adcf, operator_new(0x68). base FUN_1000c0c7; 4 vtables @+0/+0x18/+0x1c/+0x20; [9]=0xa2f7d03a, [0xc]=1000; factory returns the +0x18 interface"
"SIMUI.DLL","0x10067620","FUN_10067620","3534","fun","C2","S15","sc3_ui_build_catalog_picker_window","[SIMUI-B, NAME CORRECTED by parent via .IXF lookup] 3534 B __thiscall. Worker proposed graph_window from the 6 ids selected by *(this+0x24); resolving the group 0x62e69238 instances it actually fetches (0x44, 0x2a, 1, 0x7c, 0x75, 0x1d, 0x76) gives Select a Landmark Building / Rewards & Opportunities / Select a Power Plant / Select a Building / Select a Waste Management Building / Select A Water Building / Buildings Available: -- it is the BUILDING CATALOG PICKER and *(this+0x24) chooses the catalog mode. Group 0x62e69238 = the catalog string table (placeholder NO CATALOG STRING AVAILABLE). 8 regions via FUN_100696ab stored this+0x40..0x5c; layout globals DAT_100bf020..0bf038"
"SIMUI.DLL","0x100697c0","FUN_100697c0","37","fun","C2","S15","sc3ui_ctor_clsid_c2fa5860","[SIMUI-A] GZCLSID 0xc2fa5860, factory 0x1006ae77, operator_new(0x18). 2 vtables @+0/+4; 4 zeroed fields"
"SIMUI.DLL","0x1006a939","FUN_1006a939","43","fun","C2","infra","sc3ui_director_singleton","[SIMUI-A] one-shot guard bit0 of DAT_100bf9bc; constructs &DAT_100bf978 via FUN_1006a964; registers atexit LAB_1006af2f; returns &DAT_100bf978"
"SIMUI.DLL","0x1006a964","FUN_1006a964","777","fun","C2","infra","sc3ui_director_ctor","[SIMUI-A] 777 B; installs director vtables PTR_FUN_100ab64c(+0) / PTR_LAB_100ab620(+4); makes 40 FUN_10084c36(this, GZCLSID, factory, 0) calls -- the full SIMUI class registry (see re/analysis/SIMUI.md)"
"SIMUI.DLL","0x1006ac73","FUN_1006ac73","62","fun","C2","S15","sc3ui_factory_clsid_5a6","[SIMUI-A, RECOVERED] this registration was invisible to the text export: Ghidra auto-analysis left the factory as a bare LAB_* (GZCOM factory stubs are only reached through the registration table, i.e. a DATA reference). Recovered with re/scripts/MakeFunctions.java + re-export. Factory for GZCLSID 0x5a6: operator_new(0x14) -> ctor 0x1008665b"
"SIMUI.DLL","0x1006acb1","FUN_1006acb1","50","fun","C2","S15","sc3ui_factory_clsid_3370d1a5","[SIMUI-A] factory for GZCLSID 0x3370d1a5: operator_new(0x8) -> ctor 0x1000f7c2"
"SIMUI.DLL","0x1006ace3","FUN_1006ace3","53","fun","C2","S15","sc3ui_factory_clsid_57a","[SIMUI-A] factory for GZCLSID 0x57a: operator_new(0x118) -> ctor 0x10061f53"
"SIMUI.DLL","0x1006ad18","FUN_1006ad18","65","fun","C2","S15","sc3ui_factory_clsid_584","[SIMUI-A] factory for GZCLSID 0x584: operator_new(0x138) -> ctor 0x10063ff1"
"SIMUI.DLL","0x1006ad59","FUN_1006ad59","53","fun","C2","S15","sc3ui_factory_clsid_5a3","[SIMUI-A] factory for GZCLSID 0x5a3: operator_new(0xa0) -> ctor 0x10044021"
"SIMUI.DLL","0x1006ad8e","FUN_1006ad8e","65","fun","C2","S15","sc3ui_factory_clsid_5a9","[SIMUI-A] factory for GZCLSID 0x5a9: operator_new(0x110) -> ctor 0x10042866"
"SIMUI.DLL","0x1006adcf","FUN_1006adcf","59","fun","C2","S15","sc3ui_factory_clsid_e3091435","[SIMUI-A] factory for GZCLSID 0xe3091435: operator_new(0x68) -> ctor 0x10067397"
"SIMUI.DLL","0x1006ae0a","FUN_1006ae0a","50","fun","C2","S15","sc3ui_factory_clsid_c2f14704","[SIMUI-A] factory for GZCLSID 0xc2f14704: operator_new(0x18) -> ctor 0x10040c36"
"SIMUI.DLL","0x1006ae3c","FUN_1006ae3c","59","fun","C2","S15","sc3ui_factory_clsid_62fa5742","[SIMUI-A] factory for GZCLSID 0x62fa5742: operator_new(0x24) -> ctor 0x1001de1a"
"SIMUI.DLL","0x1006ae77","FUN_1006ae77","50","fun","C2","S15","sc3ui_factory_clsid_c2fa5860","[SIMUI-A] factory for GZCLSID 0xc2fa5860: operator_new(0x18) -> ctor 0x100697c0"
"SIMUI.DLL","0x1006aea9","FUN_1006aea9","50","fun","C2","S15","sc3ui_factory_clsid_4302b412","[SIMUI-A] factory for GZCLSID 0x4302b412: operator_new(0x5c) -> ctor 0x10051751"
"SIMUI.DLL","0x1006aedb","thunk_FUN_1006603a","5","fun","C2","S15","sc3ui_factory_clsid_756b5b54","[SIMUI-A, RECOVERED] this registration was invisible to the text export: Ghidra auto-analysis left the factory as a bare LAB_* (GZCOM factory stubs are only reached through the registration table, i.e. a DATA reference). Recovered with re/scripts/MakeFunctions.java + re-export. Registered for GZCLSID 0x756b5b54; the stub is a 5-byte thunk to 0x1006603a (no operator_new of its own)."
"SIMUI.DLL","0x1006c2f7","FUN_1006c2f7","245","fun","C2","S15","sc3ui_object_base_ctor","[SIMUI-A] 245 B, THE ROOT BASE of the SIMUI class hierarchy; vtable PTR_FUN_100abf30; circular list node @+0x34 (FUN_1000b727(0xc), self-referencing), std::string @+0x44, field [0x28]=0x903; calls FUN_10085091 + vtable+0x98 + callback vtable+0x1c. Occupies dwords 0..0x28 (0xa4 bytes). NOTE field [0x28]=0x903 matches the SC3U.exe widget base FUN_00440296 (re/analysis/S15_UI.md) -- same class lineage across the two binaries"
"SIMUI.DLL","0x10082406","FUN_10082406","392","fun","C2","S15","sc3ui_view_base_ctor","[SIMUI-A] 392 B; embeds FUN_1006c2f7 as a base at byte +4 (param_1+1); float [0x2b]=0x3f800000 (1.0); many 0xdeadbeef sentinels; resolves resources 0x13, 0x14, 1 via FUN_10085065 vtable+0x80. The 0xdeadbeef + resource-id-0x13/0x14/1 idiom also appears in SC3U.exe FUN_0044d7ce (S15_UI.md)"
"SIMUI.DLL","0x10084c36","FUN_10084c36","44","fun","C2","infra","sc3ui_register_class","[SIMUI-A] 44 B; packs {GZCLSID, factory, 0} and inserts into the registry map at this+0x14 via FUN_10084eb2"
"SIMUI.DLL","0x10084eb2","FUN_10084eb2","159","fun","C2","infra","sc3ui_map_insert","[SIMUI-A] red-black/BST insert keyed on the 64-bit {[4],[5]} pair (node fields +0x10/+0x14, children +0x8/+0xc); dedups then FUN_10084f51 allocates the node"
"SIMUI.DLL","0x10085065","FUN_10085065","44","fun","C2","S15","sc3ui_get_resource_provider","[SIMUI-A] lazy singleton DAT_100bfab8 (built by FUN_10013880); its vtable+0x80 resolves a resource/colour by id; used across the ctors"
"SIMUI.DLL","0x10085091","FUN_10085091","44","fun","C2","ui/service","sc3ui_get_windowmgr_singleton","lazy cache DAT_100bfabc: if 0 -> FUN_10012666 (GetService 0xa417445e/0x5a4 = window-mgr, same pair as SC3U) then release temp FUN_10012687; returns cached ptr"
"SIMUI.DLL","0x10085179","FUN_10085179","44","fun","C2","ui/service","sc3ui_get_service_441e5070_singleton","lazy cache DAT_100bfacc: if 0 -> FUN_10085353 (GetService CLSID 0x441e5070 / IID 0x54b7d5) then release FUN_10085374; returns cached ptr; role of 0x441e5070 not proven by any string"
"SIMUI.DLL","0x1008665b","FUN_1008665b","23","fun","C2","ui/widget","sc3ui_smallobj_ctor_5a6","trivial: zero [1..4]; set vtable [0]=PTR_LAB_100aeba0; no base ctor; new 0x14 (5 dwords)"
"SIMUI.DLL","0x10089c10","FUN_10089c10","3457","fun","C2","LIB-GFX","sc3_gfx_resample_image","[SIMUI-B] 3457 B __cdecl(img*, float sx, float sy, rect*); two-pass separable weighted resampler over a 16-bit pixel buffer; per-axis kernel ((2x-3)x^2+1); operator_new((int)*p*stride*0x10) accumulation buffers; pixel get/set via fn-ptrs DAT_100bfaec/DAT_100bfae8; source fields width +0x38, height +0x3c, base +0x1a8, pitch +0x1ac; caller FUN_1000d97d. Calls NO window/string/widget API -- graphics library code shipped inside SIMUI, not UI logic"
"SIMUI.DLL","0x100938c0","FUN_100938c0","3874","fun","C2","NET","sc3_net_dispatch_irc_message","[SIMUI-B] 3874 B __thiscall(this, char **tokens, int cmd); switch on param_2 (2,6,8,9,0xb,0xe,0xf,0x1e,0x1f,0x20); parses IRC channel-mode flags p P s S i I n N m M l L v V o O into bit fields at param_2+0x24..0x3c; builds PONG %s %s reply; time_t via FUN_10095c88; callers FUN_10093657, FUN_1009499e"
"SIMUTIL.DLL","0x100030e8","FUN_100030e8","204","fun","C2","S2","sc3_power_query_tile_connected","[U-012] per-tile test of the MASK bitmap (base+0x5c): bit at (width_dwords*y + x>>5)"
"SIMUTIL.DLL","0x10003275","FUN_10003275","284","fun","C2","S2","sc3_power_layer_ctor","[U-009 RESOLVED via VtableProbe] SC3PowerLayer ctor, GZCLSID 0x20afdf44, 0x2fc = 764 bytes. Installs vtable PTR_LAB_100205c0 whose slot 5 (+0x14) is sc3_power_load_layer_tunables 0x10004979 -- that binding is what identifies this class as Power rather than Water. Two circular lists at [8] and [0x22]"
"SIMUTIL.DLL","0x10003724","FUN_10003724","155","fun","C2","S2","sc3_power_finalize_sectors","[U-012] aggregates the 4 sector accumulators (base+0x8c..0xc8), updates the stats table and the report object at base+0x44"
"SIMUTIL.DLL","0x10003904","FUN_10003904","1609","fun","C2","S2","sc3_power_layer_init","[U-012] vtable slot 9 (this = base+0x10): reads width via source vtable+0xcc -> base+0x28, >>5 -> base+0x2c, -1 -> base+0x30; height via vtable+0xd0 -> base+0x34; operator_new(width*height) -> byte demand grid base+0x2dc; operator_new((w*h>>5)<<2) twice -> bitmaps base+0x58 (region) and base+0x5c (mask); dword count base+0x68; creates COM sub-objects; registers 4 message handlers; sets active flag base+0x24=1"
"SIMUTIL.DLL","0x10003f4d","FUN_10003f4d","286","fun","C2","S2","sc3_power_layer_read","[U-012] vtable slot 7: persistence read, symmetric to 0x100045ec, via IO vtable+0x48 (FUN_1001c5aa + FUN_1001c940)"
"SIMUTIL.DLL","0x1000406b","FUN_1000406b","159","fun","C2","S2","sc3_power_prepare_sectors","[U-012] pre-tick: pulls sector inputs via base+0x44 vtable+0x104 and seeds the 4 x 8-byte accumulators at base+0x8c"
"SIMUTIL.DLL","0x10004132","FUN_10004132","156","fun","C2","S2","sc3_power_commit_powered","[U-012] commits powered state to buildings marked [2]==1 and tallies them by category into the monthly stats table at base+0xcc (12 months x 10 categories x 4B, row stride 0x28)"
"SIMUTIL.DLL","0x10004579","FUN_10004579","23","fun","C2","S2","sc3_power_clear_region_rows","[U-012] zeroes a dword range of the region bitmap at base+0x58; called by FUN_10004e57 when the supply budget is exhausted"
"SIMUTIL.DLL","0x100045ec","FUN_100045ec","296","fun","C2","S2","sc3_power_layer_write","[U-012] vtable slot 10: persistence write -- builds an IO context (FUN_1001c7c6 + FUN_1001c940), streams the field block this+0x29c and the arrays this+((0x2f+i)*4) for i in [0,10) across rows to 0xa7, plus the 10-entry this+0x2a0, via IO vtable+0x98"
"SIMUTIL.DLL","0x100047e1","FUN_100047e1","408","fun","C2","S2","sc3_power_layer_shutdown","[U-012] vtable slot 30 (this = base): guarded by base+0x24; releases the COM sub-objects; FUN_1001d53d-frees the two bitmaps (base+0x58, base+0x5c) and the byte grid (base+0x2dc); clears the active flag"
"SIMUTIL.DLL","0x10004979","FUN_10004979","660","fun","C2","S2","sc3_power_load_layer_tunables","[SIMUTIL] THE POWER-LAYER-LEVEL loader: reads section PowerPlantCapacities (list via callback FUN_1000453a into this-0x10) and [MiscPowerLayerTunables] @0x1002835c keys SavingDueToPowerConservationOrdinance -> _DAT_100289ec and SavingDueToStairwellLightingOrdinance -> _DAT_100289e8 (each = (float)val * _DAT_10020790); then calls FUN_100078db. NO direct caller in the export -> invoked via a layer vtable slot; finding that slot identifies the power layer class [CONFIRMED @0x10004979]"
"SIMUTIL.DLL","0x10004c1f","FUN_10004c1f","568","fun","C2","S2","sc3_power_layer_tick","[U-012] per-tick driver (this = base+0x14): rolls the month ring (base+0x2ac mod 12), zeroes the supply/served accumulators, queries the PowerConservation (0x82b9999b) and StairwellLighting (0x82e42e30) ordinance flags into base+0x7c/0x7d, walks the consumer list calling FUN_10004e57 per source, computes unmet-demand percent base+0x78 = (0x70-0x74)*100/0x70, then FUN_10003724"
"SIMUTIL.DLL","0x10004e57","FUN_10004e57","865","fun","C2","S2","sc3_power_distribute_region","[U-012 CORE] seeds a tile bit in the region raster (FUN_1000b6c9 @0x10004e93), grows it inside the mask (FUN_1000bbfc @0x10004ec4, cap 0x258=600 @0x10004ee2), then walks the grown region dword-by-dword (0x10005015-0x100050fa, empty-dword fast path @0x1000502b) reading the per-tile demand byte at base+0x2dc + (width*y + x) @0x100050df, subtracting from the supply budget local_18; on exhaustion calls FUN_10004579 to clear the rest. Emits per-tile powered state via layer vtable+0x3c"
"SIMUTIL.DLL","0x10005ef3","FUN_10005ef3","482","fun","C2","S2","sc3_power_layer_onmessage","[U-012] vtable slot 4: switches on the 8-byte message GUID (param_1[0], param_1[1]); ~6 GUIDs, each resolving an interface and forwarding (installs base+0x2d8 via callee+0xc, or calls FUN_100060d5 / FUN_1001a527). Pure dispatch, no grid access"
"SIMUTIL.DLL","0x1000690c","FUN_1000690c","239","fun","C2","S2","sc3_power_plant_push_output","[U-012] does NOT write a layer field: attaches the plant's output (source vtable+0x10) and capacity (vtable+0x18) onto a per-building record via that record's setters +0xc/+0x14. The value re-enters the layer in FUN_10004e57's consumer loop (0x10004e9e-0x10004f0f), summed into the supply accumulator base+0x70 @0x10004f0f, then reduced by the ordinance fractions _DAT_100289ec / _DAT_100289e8"
"SIMUTIL.DLL","0x100069fb","FUN_100069fb","51","fun","C2","S2","sc3_powerplant_derate_capacity","[U-011] THE AGE-DERATE FORMULA: out = cap - (age - declineAge) * cap / (maxLife - declineAge); age >= maxLife -> 0. Reads MaxLifeSpan (+0x1c), DeclineAge (+0x20), age via slot 7. Vtable slot 30 (+0x78)"
"SIMUTIL.DLL","0x10006abe","FUN_10006abe","132","fun","C2","S2","sc3_powerplant_ctor_core","[U-011] deeper plant base ctor: installs vtable PTR_FUN_1002098c at +0x0; zero-inits +0x4/+0x8/+0xc/+0x10; builds the construction-date sub-object at +0x14 via FUN_10015f99; writes +0x1c=2, +0x20=1, +0x24=0; sets build date via FUN_1001609d(this+0x14, m, d, year=0x76c=1900)"
"SIMUTIL.DLL","0x10006b6b","FUN_10006b6b","4","fun","C2","S2","sc3_powerplant_get_field4","[U-011] getter: return *(this+0x4). Vtable slot 17 (+0x44)"
"SIMUTIL.DLL","0x10006ba6","FUN_10006ba6","129","fun","C2","S2","sc3_powerplant_set_lifespan","[U-011] writes MaxLifeSpan -> this+0x1c (28) and DeclineAge -> this+0x20 (32); lerps on variation; clamps +0x1c > +0x20. Vtable slot 31 (+0x7c). CONTRADICTS the iOS goPowerPlant map (+0x48/+0x4c) -- see re/analysis/SIMUTIL_SIMTRANSIT.md field map"
"SIMUTIL.DLL","0x10006c27","FUN_10006c27","48","fun","C2","S2","sc3_powerplant_check_breakdown","[U-011] breakdown roll: rand(&DAT_10028ac0, MinOverworkMonths, MaxOverworkMonths) < *(ushort)(this+0x10) -> slot27(). Tunables DAT_100283cc / DAT_100283d0. Vtable slot 26 (+0x68)"
"SIMUTIL.DLL","0x10006c57","FUN_10006c57","16","fun","C2","S2","sc3_powerplant_recompute_output","[U-011] this+0x8 = slot30(this+0xc): writes the derated OUTPUT (+0x8) from BASE CAPACITY (+0xc). Vtable slot 29 (+0x74)"
"SIMUTIL.DLL","0x10006c67","FUN_10006c67","305","fun","C2","S2","sc3_powerplant_signal_breakdown","[U-011] breakdown effect: pushes a tile value via DAT_10028ad8 and posts message 0x434346e6 through FUN_10016dad. Vtable slot 27 (+0x6c)"
"SIMUTIL.DLL","0x10006d98","FUN_10006d98","84","fun","C2","S2","sc3_powerplant_check_ready","[U-011] returns 1 when the QI(0xe0faadc7) object's +0x4c == 1 AND slot6(+0x18) <= age(slot7). Vtable slot 8 (+0x20)"
"SIMUTIL.DLL","0x100077a6","FUN_100077a6","142","fun","C2","S2","sc3_powerplant_load_attributes","[U-011] reads EXEMPLAR keys into the object: 0x2351faf8 -> +0x10, 0x2351faf9 -> +0x1c (MaxLifeSpan), 0x2351fafa -> +0x20 (DeclineAge), 0x2351fafb -> +0x24"
"SIMUTIL.DLL","0x1000785c","FUN_1000785c","101","fun","C2","S2","sc3_powerplant_save_attributes","[U-011] mirror writer: emits +0x10/+0x1c/+0x20/+0x24 under the same four exemplar keys 0x2351faf8..fb"
"SIMUTIL.DLL","0x100078db","FUN_100078db","544","fun","C2","S2","sc3_power_load_overwork_tunables","[SIMUTIL] SC3PowerLayer.INI [MiscPowerPlantTunables] Min/MaxOverworkMonths -> DAT_100283cc / DAT_100283d0"
"SIMUTIL.DLL","0x10007afb","FUN_10007afb","53","fun","C2","S2","sc3_powerplant_tick","[U-011] per-tick entry: slot10 gate -> slot26 breakdown check (early-out) -> if MaxLifeSpan(this+0x1c) < age(slot7) then slot28 else slot29. Vtable slot 18 (+0x48)"
"SIMUTIL.DLL","0x100081a0","FUN_100081a0","146","fun","C2","S2","sc3_powerplant_coal_ctor","[SIMUTIL] GZCLSID 0x814a0fbd, new(0x54); lazy-load flag DAT_10028ae4, tunable loader FUN_10008356; calls FUN_10006ba6(this, 0x100283d4, 0x100283d8, 0x100283dc); per-type vtable PTR_FUN_10020c48"
"SIMUTIL.DLL","0x10008232","FUN_10008232","99","fun","C2","S2","sc3_powerplant_ctor_installvtables","[U-011] calls FUN_10006abe, ctors the sub-object at +0x28 via FUN_1001871b, installs vtables +0x0=PTR_FUN_10020ea8, +0x28=PTR_LAB_10020cc8, +0x2c=PTR_LAB_10020e78, +0x30=PTR_LAB_10020d30. All 9 plant ctors call it first"
"SIMUTIL.DLL","0x10008356","FUN_10008356","777","fun","C2","S2","sc3_power_load_coal_tunables","[SIMUTIL] reads '\Sys\SC3PowerLayer.INI' @0x100283b4 section [CoalPowerPlant]: MaxLifeSpan / DeclineAge / PercentageVariationInLongevity"
"SIMUTIL.DLL","0x1000865f","FUN_1000865f","146","fun","C2","S2","sc3_powerplant_fusion_ctor","[SIMUTIL] GZCLSID 0x214a10ae, new(0x54); flag DAT_10028ae5, loader FUN_100086fa; globals 0x100283e0/e4/e8"
"SIMUTIL.DLL","0x100086fa","FUN_100086fa","777","fun","C2","S2","sc3_power_load_fusion_tunables","[SIMUTIL] SC3PowerLayer.INI [FusionPowerPlant] -> 0x100283e0/e4/e8"
"SIMUTIL.DLL","0x10008a03","FUN_10008a03","146","fun","C2","S2","sc3_powerplant_gas_ctor","[SIMUTIL] GZCLSID 0xe14a102c, new(0x54); flag DAT_10028ae6, loader FUN_10008a99; globals 0x100283ec/f0/f4"
"SIMUTIL.DLL","0x10008a99","FUN_10008a99","777","fun","C2","S2","sc3_power_load_gas_tunables","[SIMUTIL] SC3PowerLayer.INI [GasPowerPlant] -> 0x100283ec/f0/f4"
"SIMUTIL.DLL","0x10008da2","FUN_10008da2","146","fun","C2","S2","sc3_powerplant_microwave_ctor","[SIMUTIL] GZCLSID 0x414a1097, new(0x54); flag DAT_10028ae7, loader FUN_10008ef6; globals 0x100283f8/fc/00"
"SIMUTIL.DLL","0x10008ef6","FUN_10008ef6","777","fun","C2","S2","sc3_power_load_microwave_tunables","[SIMUTIL] SC3PowerLayer.INI [MicroWavePowerPlant] -> 0x100283f8/fc/00"
"SIMUTIL.DLL","0x100091ff","FUN_100091ff","146","fun","C2","S2","sc3_powerplant_nuclear_ctor","[SIMUTIL] GZCLSID 0xc14a1040, new(0x54); flag DAT_10028ae8, loader FUN_100094a1; globals 0x10028404/08/0c"
"SIMUTIL.DLL","0x100094a1","FUN_100094a1","777","fun","C2","S2","sc3_power_load_nuclear_tunables","[SIMUTIL] SC3PowerLayer.INI [NuclearPowerPlant] -> 0x10028404/08/0c"
"SIMUTIL.DLL","0x100097aa","FUN_100097aa","146","fun","C2","S2","sc3_powerplant_oil_ctor","[SIMUTIL] GZCLSID 0x614a1014, new(0x54); flag DAT_10028ae9, loader FUN_10009840; lifespan globals 0x10028410/14/18"
"SIMUTIL.DLL","0x10009840","FUN_10009840","777","fun","C2","S2","sc3_power_load_oil_tunables","[SIMUTIL] SC3PowerLayer.INI [OilPowerPlant] -> 0x10028410/14/18"
"SIMUTIL.DLL","0x10009b49","FUN_10009b49","146","fun","C2","S2","sc3_powerplant_solar_ctor","[SIMUTIL] GZCLSID 0xa14a106e, new(0x54); flag DAT_10028aea, loader FUN_10009c00; globals 0x1002841c/20/24"
"SIMUTIL.DLL","0x10009c00","FUN_10009c00","777","fun","C2","S2","sc3_power_load_solar_tunables","[SIMUTIL] SC3PowerLayer.INI [SolarPowerPlant] -> 0x1002841c/20/24"
"SIMUTIL.DLL","0x10009f0e","FUN_10009f0e","171","fun","C2","S2","sc3_powerplant_wastetoenergy_ctor","[SIMUTIL] GZCLSID 0x2302193a, new(0x64) -- larger than the other 8; flag DAT_10028aeb, loader FUN_1000aa1e which also reads OptimalGarbageCap"
"SIMUTIL.DLL","0x1000aa1e","FUN_1000aa1e","908","fun","C2","S2","sc3_power_load_wastetoenergy_tunables","[SIMUTIL] SC3PowerLayer.INI [WasteToEnergyPowerPlant]: OptimalGarbageCap plus the usual 3 -> 0x10028428/2c/30/34"
"SIMUTIL.DLL","0x1000aef0","FUN_1000aef0","146","fun","C2","S2","sc3_powerplant_wind_ctor","[SIMUTIL] GZCLSID 0x614a1057, new(0x54); flag DAT_10028aec, loader FUN_1000b14f; globals 0x10028438/3c/40"
"SIMUTIL.DLL","0x1000b14f","FUN_1000b14f","777","fun","C2","S2","sc3_power_load_wind_tunables","[SIMUTIL] SC3PowerLayer.INI [WindPowerPlant] -> 0x10028438/3c/40"
"SIMUTIL.DLL","0x1000b6c9","FUN_1000b6c9","54","fun","C2","LIB-RASTER","sc3_bitraster_set_tile_bit","[U-012] seeds a single (x,y) bit: idx = (width*y)/32 + x/32, bit = 1 << (x & 0x1f)"
"SIMUTIL.DLL","0x1000bbfc","FUN_1000bbfc","230","fun","C2","LIB-RASTER","sc3_bitraster_grow_capped","[U-012] generic region-grow driver: loops the horizontal+vertical dilation passes up to param_4 times (600 when called from the power layer) or until neither pass adds a bit. Shared infrastructure -- 8 other SIMUTIL functions reuse this kernel (FUN_1000e0b5, FUN_1000e366, FUN_1000e573, FUN_1000e675, FUN_1000e8c4, FUN_1000dff3, ...)"
"SIMUTIL.DLL","0x1000bce2","FUN_1000bce2","358","fun","C2","LIB-RASTER","sc3_bitraster_grow_horizontal","[U-012] per-row dword dilation with cross-dword carry: ((next<<0x1e | self)<<1 | self>>1 | self) & mask ^ self @0x1000bd22 -- spreads each set bit to its +-1 x-neighbour, restricted to the mask; XOR-self isolates the new frontier"
"SIMUTIL.DLL","0x1000be48","FUN_1000be48","383","fun","C2","LIB-RASTER","sc3_bitraster_grow_vertical","[U-012] per-column dilation stepping one full row (stride = width/0x20 dwords): (self | rowAbove | rowBelow) & mask ^ self @0x1000be9d / 0x1000bef4"
"SIMUTIL.DLL","0x1000c074","FUN_1000c074","327","fun","C2","S2","sc3_simutil_director_ctor","[SIMUTIL] sets director vtables PTR_FUN_10022854 / PTR_LAB_10022828 and registers 15 GZCOM classes via FUN_10017442(director, GZCLSID, factory, 0): the 9 power-plant classes, 4 water-facility classes, and 2 large standalone layer classes (0x82bf0042, 0x20afdf44) [CONFIRMED @0x1000c074]"
"SIMUTIL.DLL","0x1000c1c6","FUN_1000c1c6","53","fun","C2","S2","sc3_water_layer_factory_create","[U-009] factory for GZCLSID 0x82bf0042 = SC3WaterLayer: operator_new(0xe8) -> ctor FUN_1000c645"
"SIMUTIL.DLL","0x1000c1fb","FUN_1000c1fb","62","fun","C2","S2","sc3_power_layer_factory_create","[U-009] factory for GZCLSID 0x20afdf44 = SC3PowerLayer: operator_new(0x2fc) -> ctor FUN_10003275"
"SIMUTIL.DLL","0x1000c3fb","FUN_1000c3fb","59","fun","C2","S2","sc3_factory_clsid_a2fd2580","[SIMUTIL] water-facility factory GZCLSID 0xa2fd2580: operator_new(0x54) -> ctor FUN_10012d4a; [UNCERTAIN] which facility (pump/tower/desalt)"
"SIMUTIL.DLL","0x1000c436","FUN_1000c436","59","fun","C2","S2","sc3_util_factory_clsid_02fd2c92","GZCOM factory: operator_new(0x54)=84B, ctor FUN_10012db1, returns object+0xb dwords = +0x2c (sub-interface) [CONFIRMED @0x1000c436]"
"SIMUTIL.DLL","0x1000c471","FUN_1000c471","59","fun","C2","S2","sc3_util_factory_clsid_c2fd2c98","GZCOM factory: operator_new(0x54)=84B, ctor FUN_10012e18, returns object+0x2c [CONFIRMED @0x1000c471]"
"SIMUTIL.DLL","0x1000c4ac","FUN_1000c4ac","50","fun","C2","S2","sc3_util_factory_clsid_62fd2c9f","GZCOM factory: operator_new(0x4c)=76B, ctor FUN_10001082; returns void (no sub-interface offset) [CONFIRMED @0x1000c4ac]"
"SIMUTIL.DLL","0x1000c645","FUN_1000c645","375","fun","C2","S2","sc3_water_layer_ctor","[U-009 RESOLVED via VtableProbe] SC3WaterLayer ctor, GZCLSID 0x82bf0042, 0xe8 = 232 bytes. Installs vtable PTR_FUN_10022944 whose slot 5 (+0x14) is sc3_water_load_layer_tunables 0x1000c8e2"
"SIMUTIL.DLL","0x1000c8e2","FUN_1000c8e2","2185","fun","C2","S2","sc3_water_load_layer_tunables","[SIMUTIL] reads '\Sys\SC3WaterLayer.INI' @0x10028694 sections AgentIDModifiers / WaterFromPipe / TuningParameters: WaterPumpDistanceFactor, WaterTowerCapa, WaterPumpCapa, DesaltPlantCapa, WaterConservationFactor, WaterMeterFactor, DefaultConsumption, DefaultLeak, WaterTowerLife, WaterPumpLife, DesaltPlantLife -> globals 0x10028568..0x10028594; AgentIDModifiers->WaterFromPipe via FUN_1001aacc; trailing insertion sort over DAT_10028c24 / DAT_10028b91 [CONFIRMED @0x1000c8e2]"
"SIMUTIL.DLL","0x100120a1","FUN_100120a1","87","fun","C2","S2","sc3_powerplant_get_age_months","[U-011] age = curYear*12 + curMonth - (storedYear*12 + storedMonth), from the date sub-object at +0x14. Vtable slot 7 (+0x1c)"
"SIMUTIL.DLL","0x100170c0","GZDllGetGZCOMDirector","5","fun","C2","S2","sc3_simutil_get_director","[SIMUTIL] PE export GZDllGetGZCOMDirector; one-time-guarded (DAT_10028b74&1) construction of static director &DAT_10028b20 via FUN_1000c074, then atexit(FUN_1001d5d8) [CONFIRMED @0x100170c0]"
"SIMUTIL.DLL","0x10017442","FUN_10017442","44","fun","C2","S2","sc3_gzcom_register_class","packs {clsid,factory,arg} into locals and calls FUN_100176e9(this+0x14, out, &key) - the insert into the director class map at +0x14 [CONFIRMED @0x10017442]"
"SimTransit.dll","0x100010d1","FUN_100010d1","147","fun","C2","S6","sc3_transit_director_ctor","[SimTransit] sets director vtables PTR_FUN_1001a278 / PTR_LAB_1001a24c and registers 5 GZCOM classes via FUN_1000e29a: 0x029ca806 (TrafficLayer), 0x82fe76aa, 0x62fe76b6, 0xc2fe76c1, 0xa2fe76cf [CONFIRMED @0x100010d1]"
"SimTransit.dll","0x1000116f","FUN_1000116f","53","fun","C2","S6","sc3_factory_clsid_029ca806","[SimTransit] factory for the traffic layer GZCLSID 0x029ca806: operator_new(0x110) -> ctor FUN_100012bf"
"SimTransit.dll","0x100011a4","FUN_100011a4","50","fun","C2","S6","sc3_factory_clsid_82fe76aa","[SimTransit] factory GZCLSID 0x82fe76aa: operator_new(0x40) -> FUN_1000d3a7; [UNCERTAIN] abstract network / trip-handler helper"
"SimTransit.dll","0x100011d6","FUN_100011d6","50","fun","C2","S6","sc3_factory_clsid_62fe76b6","[SimTransit] factory GZCLSID 0x62fe76b6: operator_new(0x44) -> FUN_1000d625; [UNCERTAIN] helper class"
"SimTransit.dll","0x10001208","FUN_10001208","50","fun","C2","S6","sc3_factory_clsid_c2fe76c1","[SimTransit] factory GZCLSID 0xc2fe76c1: operator_new(0x44) -> FUN_1000d8e7; [UNCERTAIN] helper class"
"SimTransit.dll","0x1000123a","FUN_1000123a","50","fun","C2","S6","sc3_factory_clsid_a2fe76cf","[SimTransit] factory GZCLSID 0xa2fe76cf: operator_new(0x40) -> FUN_1000dbc7; [UNCERTAIN] helper class"
"SimTransit.dll","0x100012bf","FUN_100012bf","480","fun","C2","S6","sc3_traffic_layer_ctor","[SimTransit] TrafficLayer ctor, 0x110 = 272-byte object (480-byte body); copies loaded DAT_1001f0** tunables into instance fields: this+0xc4 = TripThresholdPercent (DAT_1001f0cb), +0xc5/c6/c7 = TripMaxDistanceToRoad*, +0xc9 = UseMassTransitChance; installs vtables PTR_FUN_1001a368 / PTR_LAB_1001a350; allocates a 0x24 sub-object at [2] and a 0xc self-linked list at [0x36] [CONFIRMED @0x100012bf]"
"SimTransit.dll","0x100015b1","FUN_100015b1","9527","fun","C2","S6","sc3_traffic_load_layer_tunables","[SimTransit] 9527 bytes: reads '\Sys\STTraffic.INI' sections [TrafficLayer] @0x1001f154 and [TrafficTripDestinationThresholds]; ~90 keys incl TripCellCostBaseRoad/RoadBus/Highway/HighwayBus/BusStop/RailStation/Subway, TripMaxDistanceToRoadRes/Com/Ind/Default, TripDensityAdder, TrafficMaxDensity, TrafficUseMassTransitChance, TripChanceCountingBase/DensityMultiplier; thresholds FromResidential/Commercial/Industrial/MixedOrAll each sscanf '%u %u %u' -> DAT_1001fd60..6b (defaults 10/40/100) [CONFIRMED @0x100015b1]"
"SimTransit.dll","0x10003ae8","FUN_10003ae8","446","fun","C2","S6","sc3_traffic_layer_sim_begin","[SimTransit] 446 bytes: calls the tunable loader, reads a service value into this+0x54, allocates trip helper objects, and builds FOUR per-zone-type trip-destination tables via FUN_10009b78(type,index) for type=0,1,2,3 (Res/Com/Ind/Mixed, matching the TrafficTripDestinationThresholds From* keys) stored in DAT_1001fd74..0x1001fdb4"
"SimTransit.dll","0x1000df14","GZDllGetGZCOMDirector","5","fun","C2","S6","sc3_transit_get_director","[SimTransit] PE export GZDllGetGZCOMDirector; one-time-guarded (DAT_1001fd54&1) construction of &DAT_1001fd10 via FUN_100010d1, then atexit(FUN_100180bc) [CONFIRMED @0x1000df14]"
"SIMGEOM.DLL","0x1002321c","FUN_1002321c","551","fun","C2","simgeom-occupant","sc3_bldocc_save_extended","base save + placement flags +0x130/+0x131, class tag +0x128 vs 0x62b9da80"
"SIMGEOM.DLL","0x10022749","FUN_10022749","132","fun","C2","simgeom-occupant","sc3_bldocc_get_resource_by_purpose","resource id for purpose bitmask 1/2/4 (+0x34/+0x84/+0x94); delegates to +0x120 vt+0x34"
"SIMGEOM.DLL","0x1002349f","FUN_1002349f","12","fun","C2","simgeom-occupant","sc3_bldocc_get_resource_thunk","wraps FUN_10022749"
"SIMGEOM.DLL","0x10022725","FUN_10022725","36","fun","C2","simgeom-occupant","sc3_bldocc_get_primary_resource","resolves +0x34 key via FUN_10022e2d(+0x38,+0x34)"
"SIMGEOM.DLL","0x10022e2d","FUN_10022e2d","44","fun","C2","simgeom-occupant","sc3_bldocc_resolve_reskey","FUN_1001be55() vt+0x14(key,0x6100,&out); cache=0 on fail"
"SIMGEOM.DLL","0x1002396f","FUN_1002396f","51","fun","C2","simgeom-occupant","sc3_bldocc_resolve_reskey_slot","lazy resolve +0x44 key -> +0x50 cache, type 0x6100"
"SIMGEOM.DLL","0x10022fba","FUN_10022fba","33","fun","C2","simgeom-occupant","sc3_bldocc_get_key2_triple","copies {+0x10c,+0x110,+0x114} out"
"SIMGEOM.DLL","0x10022fea","FUN_10022fea","7","fun","C2","simgeom-occupant","sc3_bldocc_get_delegate","returns +0x120"
"SIMGEOM.DLL","0x10022ff1","FUN_10022ff1","44","fun","C2","simgeom-occupant","sc3_bldocc_set_delegate","refcounted set of +0x120 (Release old vt+8, store, AddRef vt+4)"
"SIMGEOM.DLL","0x1002301d","FUN_1002301d","98","fun","C2","simgeom-occupant","sc3_bldocc_delegate_or_default","if +0x120 delegate vt+0x28 else default path"
"SIMGEOM.DLL","0x10023568","FUN_10023568","12","fun","C2","simgeom-occupant","sc3_bldocc_vt_get_key2_triple","thunk->FUN_10022fba"
"SIMGEOM.DLL","0x10023580","FUN_10023580","12","fun","C2","simgeom-occupant","sc3_bldocc_vt_set_delegate","thunk->FUN_10022ff1"
"SIMGEOM.DLL","0x10023591","FUN_10023591","12","fun","C2","simgeom-occupant","sc3_bldocc_vt_delegate_or_default","thunk->FUN_1002301d"
"SIMGEOM.DLL","0x1001d907","FUN_1001d907","60","fun","C2","simgeom-occupant","sc3_bldocc_resolve_class_579","resolves (this+4)->vt+0x8c id to GZCOM iface 0x579 via factory"
"SIMGEOM.DLL","0x1001958a","FUN_1001958a","12","fun","C2","simgeom","sc3_geom_get_class_factory","FUN_10012880 vt+0x30 -> GZCOM class factory (vt+0xc = create by id,iid,&out)"
"SIMGEOM.DLL","0x1001bead","FUN_1001bead","19","fun","C2","simgeom","sc3_geom_get_id_manager","FUN_1001bdb4 vt+0x40 -> manager resolving +0x04 id into +0x2c"
"SIMSPR.DLL","0x1001ddb8","FUN_1001ddb8","59","fun","C4","simspr-sprite","sc3_qfs_decompress_wrapper","EH frame; calls sc3_qfs_decompress(arg+4) -- the +4 is why the stream sits at payload+0x14"
"SIMSPR.DLL","0x1001de0c","FUN_1001de0c","36","fun","C4","simspr-sprite","sc3_qfs_get_size_wrapper","EH frame; calls sc3_qfs_get_uncompressed_size(arg+4)"
"SIMSPR.DLL","0x1001e086","FUN_1001e086","302","fun","C3","simspr-sprite","sc3spr_dispatch_pixel_format","switch on dword1: 1/2/4/8/0x10/0x80/0x100 -> distinct decoders; 0x10000000|0x80000 -> 0x1001e869. NOT an 'uncompressed' path"
"SIMSPR.DLL","0x1001e869","FUN_1001e869","281","fun","C4","simspr-sprite","sc3spr_decode_plain_bitmap","QFS -> linear buf, then memcpy vt+0x3c rows of vt+0x38 bytes at dest stride vt+0x1ac. 1,139 shipped records; all render correctly via re/tools/sprite_render.py"
"SIMECO.DLL","0x1001234d","GZDllGetGZCOMDirector","5","fun","C2","gzcom-director","sc3_eco_get_gzcom_director","PE export; guarded ctor of &DAT_10020828, onexit LAB_1000e698 [CONFIRMED @ 0x1001234d]"
"SIMECO.DLL","0x1000e54e","FUN_1000e54e","111","fun","C2","gzcom-director","sc3_eco_director_ctor","base ctor FUN_10012352 + 3x register_class; vtables PTR_FUN_1001c14c/1001c120 [CONFIRMED @ 0x1000e54e]"
"SIMECO.DLL","0x10012352","FUN_10012352","112","fun","C2","gzcom-director","sc3_eco_director_base_ctor","zero-inits class map at this+0x14, installs PTR_FUN_1001c508 [CONFIRMED @ 0x10012352]"
"SIMECO.DLL","0x100126d3","FUN_100126d3","44","fun","C2","gzcom-director","sc3_eco_register_class","inserts {clsid,factory,0} into map this+0x14 via FUN_1001296e [CONFIRMED @ 0x100126d3]"
"SIMECO.DLL","0x1000e5c8","FUN_1000e5c8","62","fun","C2","gzcom-factory","sc3_eco_factory_pollution_layer","new(0x4d0)+FUN_10004379, returns object+0x1c; clsid 0xc0a81498 [CONFIRMED @ 0x1000e5c8]"
"SIMECO.DLL","0x1000e606","FUN_1000e606","50","fun","C2","gzcom-factory","sc3_eco_factory_incinerator","new(0x48)+FUN_10001020; clsid 0x0345776c [CONFIRMED @ 0x1000e606]"
"SIMECO.DLL","0x1000e638","FUN_1000e638","50","fun","C2","gzcom-factory","sc3_eco_factory_recycling","new(0x44)+FUN_1000302b; clsid 0xc34acd28 [CONFIRMED @ 0x1000e638]"
"SIMECO.DLL","0x10004379","FUN_10004379","693","fun","C2","pollution-layer","sc3_pollution_layer_ctor","0x4d0 obj; vtable PTR_FUN_1001ba94; 7 self-linked lists at [0x2d..0x34] [CONFIRMED @ 0x10004379]"
"SIMECO.DLL","0x10005844","FUN_10005844","2307","fun","C2","pollution-layer","sc3_pollution_layer_init","binds owner sub-services, Init 4 sublayers, subscribes msg 0xe3079ef9/0xe3079f00, grid bounds [CONFIRMED @ 0x10005844]"
"SIMECO.DLL","0x10008249","FUN_10008249","2875","fun","C2","pollution-tick","sc3_pollution_update_tick","per-period grid spread; ordinance modifiers; garbage route; clamps 0..0x7fff [CONFIRMED @ 0x10008249]"
"SIMECO.DLL","0x100094a2","FUN_100094a2","325","fun","C2","garbage","sc3_garbage_route_disposal","drains to recycle/incin/W2E/landfill/abduction cap DAT_10020270 [CONFIRMED @ 0x100094a2]"
"SIMECO.DLL","0x100046bb","FUN_100046bb","3983","fun","C2","tunables","sc3_pollution_load_tuning","opens SC3Pollution.INI+SYS.PAK; reads TuningParameters + AgentIDModifiers [CONFIRMED @ 0x100046bb]"
"SIMECO.DLL","0x1000564a","FUN_1000564a","445","fun","C2","tunables","sc3_pollution_parse_agent_modifier","key->agentid, sscanf '%d %d %d %d %d', clamp, store DAT_10020818 [CONFIRMED @ 0x1000564a]"
"SIMECO.DLL","0x1000c95c","FUN_1000c95c","5952","fun","C2","pollution-ui","sc3_pollution_build_advisor_text","tile+category -> IXF group 0x82e0074c banded strings; sets worst flag [CONFIRMED @ 0x1000c95c]"
"SIMECO.DLL","0x1000c763","FUN_1000c763","505","fun","C2","pollution-ui","sc3_pollution_query_tile","tool query -> 5x advisor text w/ UI flags 0x4000/0x20000/0x2000/0x8000 [CONFIRMED @ 0x1000c763]"
"SIMECO.DLL","0x10008e67","FUN_10008e67","34","fun","C2","pollution-ui","sc3_pollution_is_air_polluted","grid vtable+0x58 vs AirPollutedThreshold DAT_10020264 [CONFIRMED @ 0x10008e67]"
"SIMECO.DLL","0x10008e89","FUN_10008e89","34","fun","C2","pollution-ui","sc3_pollution_is_water_polluted","grid vtable+0x5c vs WaterPollutedThreshold DAT_10020268 [CONFIRMED @ 0x10008e89]"
"SIMECO.DLL","0x10008eab","FUN_10008eab","34","fun","C2","pollution-ui","sc3_pollution_is_garbage_polluted","grid vtable+0x60 vs GarbagePollutedThreshold DAT_1002026c [CONFIRMED @ 0x10008eab]"
"SIMECO.DLL","0x10001020","FUN_10001020","907","fun","C2","building-model","sc3_incinerator_ctor_load_tuning","[Incinerator] OptimalGarbageCap/MaxLifespan/DeclineAge -> DAT_100200a0/a4/a8 [CONFIRMED @ 0x10001020]"
"SIMECO.DLL","0x1000302b","FUN_1000302b","1027","fun","C2","building-model","sc3_recycling_ctor_load_tuning","[RecyclingCenter] OptimalPctReduction/OptimalPopServed/MaxLifespan/DeclineAge -> DAT_100201f4/f8/fc/0200 [CONFIRMED @ 0x1000302b]"
"SIMECO.DLL","0x100162e9","FUN_100162e9","43","fun","C2","resource-mgr","sc3_eco_get_resource_mgr","guarded one-time singleton getter: if (DAT_10020949 & 1)==0 set bit0, FUN_10016314(&DAT_10020948) [construct], FUN_10018ff6(&DAT_10016337) [_onexit cleanup]; returns pointer DAT_10020950. Callers do (*(ret+0x50))() to open a named resource [CONFIRMED @ 0x100162e9; 0x100046bb:54-55]"
"SIMECO.DLL","0x1001589f","FUN_1001589f","88","fun","C2","ini","sc3_eco_ini_ctor","config-object ctor: base ctor FUN_1000f034(this); std::string member ctor FUN_10002e57(this+0x64); reader member ctor FUN_10012d9a(this+0x78); zero this+0xb4/+0xb8/+0xbc; install vtable PTR_FUN_1001ca64 [CONFIRMED @ 0x1001589f]"
"SIMECO.DLL","0x1000f121","FUN_1000f121","30","fun","C2","ini","sc3_eco_ini_set_file","set primary config-file path: if flag this+0x19 set, call virtual (*this+0xc)() [release prior]; then FUN_10002fe4(this+4, param_1) [assign path string]. this+4 is the file the resolver looks up [CONFIRMED @ 0x1000f121; 0x100046bb:56-58]"
"SIMECO.DLL","0x10015981","FUN_10015981","22","fun","C2","ini","sc3_eco_ini_set_pak","set archive to overlay + reset resolution: this+0xb4 = 0 [force re-resolve]; FUN_10002fe4(this+0x64, param_1) [assign archive path, e.g. SYS.PAK] [CONFIRMED @ 0x10015981; 0x100046bb:61-63]"
"SIMECO.DLL","0x1001599c","FUN_1001599c","759","fun","C2","ini","sc3_eco_ini_read_key","read section.key -> value string. FUN_10016012(this) [lazy resolve]; switch this+0xb4: 0 -> return 0; 1 -> tail FUN_1000fe22(this,key,section,out) [plain-file read]; 2 -> seek PAK entry (reader+0x30 with handle this+0xc0), build search key by concatenating separators DAT_100206ec + section + DAT_100206e8, count via reader+0x38, loop FUN_10015f67 per entry, match section header (FUN_1000ec0e/FUN_10010cc9), then key match via FUN_1000e7a8, copy value into param_3+4 (FUN_1000258c), return 1. Returns found flag [CONFIRMED @ 0x1001599c]"
"SIMECO.DLL","0x10015c93","FUN_10015c93","709","fun","C2","ini","sc3_eco_ini_iterate_section","iterate a section, invoking callback per entry. FUN_10016012(this); switch this+0xb4: 0 -> return 0; 1 -> tail FUN_100100bf; 2 -> seek PAK entry, build search key (FUN_1000a964/FUN_100162c3 + DAT_100206e8), loop entries, on section match call (*param_2)(&entry_val,&entry_key,param_3) [the callback, e.g. FUN_1000564a], break when key/section change (local_3c==local_40 || local_28==local_2c). Returns 1 on success [CONFIRMED @ 0x10015c93]"
"SIMECO.DLL","0x10012ad7","FUN_10012ad7","97","fun","C2","util","sc3_eco_parse_int_auto_radix","string->unsigned int with auto radix. if s[0]=='0' && (s[1]=='x'|'X') -> strtoul(s,0,0x10); else scan chars: any in 'a'..'f' ((0x60<c)&&(c<0x67)) or 'A'..'F' ((0x40<c)&&(c<0x47)) -> radix 0x10, else 10; strtoul(s,0,radix). Result returned in EAX (decomp shows void; caller uses return, e.g. 0x100046bb:91) [CONFIRMED @ 0x10012ad7]"
"SIMECO.DLL","0x10016427","FUN_10016427","45","fun","C2","ixf-text","sc3_eco_reskey_ctor","resource/text-key ctor: this+4=0 [lazy text ptr]; this+8=0x2026960b [fixed resource TYPE id]; this+0xc=param_2 [group]; this+0x10=param_1 [instance]; vtable *this=PTR_FUN_1001cac8; FUN_10016666(this). Confirmed call form FUN_10016427(buf, instance, group) -> key triple {type 0x2026960b, group, instance} [CONFIRMED @ 0x10016427; 0x1000c95c:234]"
"SIMECO.DLL","0x1001645f","FUN_1001645f","135","fun","C2","ixf-text","sc3_eco_reskey_get_string","getter for the cached text at param_1+4: if *(param_1+4)==0 -> build empty std::string in param_2 (FUN_100024d7, vtable PTR_LAB_1001b130); else FUN_10011274(param_2, *(param_1+4)) [copy cached string]. Returns param_2 [CONFIRMED @ 0x1001645f]"
"SIMECO.DLL","0x1000a80b","FUN_1000a80b","94","fun","C2","util","sc3_eco_agentmap_subscript","std::map::operator[] on DAT_10020818: FUN_1000b526 [lower_bound] on key *param_1; if at end (==*this) or key < node key (node[4]) -> insert node via FUN_1000acc8 (FUN_1001087a builds the value); return node+5 (byte 0x14, the value slot). Modifier record lives at node+0x14 [CONFIRMED @ 0x1000a80b; 0x1000c95c:267-274]"
"SIMNTWRK.DLL","0x1001e4e4","GZDllGetGZCOMDirector","5","fun","C2","gzcom-director","sc3_ntwrk_get_gzcom_director","PE export; guarded singleton DAT_1003222c; ctor FUN_100010d1; returns &DAT_100321e8 [CONFIRMED]"
"SIMNTWRK.DLL","0x100010d1","FUN_100010d1","92","fun","C2","gzcom-director","sc3_ntwrk_director_ctor","installs vtables; registers 2 classes 0x2171c021/0xe223741f via FUN_1001e866 [CONFIRMED]"
"SIMNTWRK.DLL","0x1001e4e9","FUN_1001e4e9","112","fun","C2","gzcom-director","sc3_ntwrk_director_base_ctor","sets director vtables; builds class map at +0x14 [CONFIRMED]"
"SIMNTWRK.DLL","0x1001e866","FUN_1001e866","44","fun","C2","gzcom-director","sc3_ntwrk_register_class","packs {clsid,factory,arg}; inserts into map at this+0x14 [CONFIRMED]"
"SIMNTWRK.DLL","0x10001138","FUN_10001138","50","fun","C2","gzcom-factory","sc3_ntwrk_factory_cls2171c021","operator_new(0x6c)+FUN_1001a12e [CONFIRMED]"
"SIMNTWRK.DLL","0x1000116a","FUN_1000116a","53","fun","C2","gzcom-factory","sc3_ntwrk_factory_clse223741f","operator_new(0x150)+FUN_1000daec [CONFIRMED]"
"SIMNTWRK.DLL","0x1001a12e","FUN_1001a12e","117","fun","C2","gzcom-class","sc3_ntwrk_cls6c_ctor","0x6c obj; vtable PTR_FUN_1002c7bc; subobj at +0x14 via FUN_1000aa2e [CONFIRMED]"
"SIMNTWRK.DLL","0x1000daec","FUN_1000daec","77","fun","C2","gzcom-class","sc3_ntwrk_cls150_ctor","0x150 obj; vtable PTR_LAB_1002bd04; subobj at +1 via FUN_100248f6 [CONFIRMED]"
"SIMNTWRK.DLL","0x10010dff","FUN_10010dff","2975","fun","C2","tiling-init","sc3_ntwrk_tiling_init","allocs 18 rule containers + ~50 handlers; runs 3 loaders in sequence [CONFIRMED]"
"SIMNTWRK.DLL","0x10016d87","FUN_10016d87","1767","fun","C2","tiling-load","sc3_ntwrk_load_set_tables","builds 7 TilingRules\\*_GRND_Set.txt paths; parses into DAT_10032348..60 [CONFIRMED]"
"SIMNTWRK.DLL","0x100175ed","FUN_100175ed","2475","fun","C2","tiling-load","sc3_ntwrk_load_simple_complex_final","18 paths = 6 nets x {Simple,Complex,final}; FUN_1002294e into DAT_10032300..44 [CONFIRMED]"
"SIMNTWRK.DLL","0x10017f98","FUN_10017f98","5736","fun","C2","tiling-load","sc3_ntwrk_load_convert_protect_bridge","loads Convert/Complex_Convert/Protected/Bridges/Collapse tables [CONFIRMED]"
"SIMNTWRK.DLL","0x1001746e","FUN_1001746e","296","fun","C2","tiling-parse","sc3_ntwrk_parse_set_line","strtok+isdigit+atoi; pushes 12B record {0xE223741F,0xA317745F,val} [CONFIRMED]"
"SIMNTWRK.DLL","0x10017596","FUN_10017596","87","fun","C2","file-io","sc3_ntwrk_read_file_to_buffer","zeroes 0x1ffff; vtable [0x54]/[0xc]/[0x3c]/[0x14] read into 0x20000 buf [CONFIRMED]"
"SIMNTWRK.DLL","0x1001bc00","FUN_1001bc00","173","fun","C2","util-string","sc3_ntwrk_path_join","concat {ptr,len} prefix + cstr leaf; reserve len1+len2+1 [CONFIRMED]"
"SIMNTWRK.DLL","0x1002294e","FUN_1002294e","88","fun","C2","tiling-parse","sc3_ntwrk_add_rule_file","operator_new(0x50)+FUN_1002234d; insert into container at this+4 [CONFIRMED]"
"SIMNTWRK.DLL","0x1002234d","FUN_1002234d","169","fun","C2","tiling-parse","sc3_ntwrk_rulefile_parser_ctor","0x50 obj; vtable PTR_FUN_1002cd80; path member +0x3c; nested 0x3c parser +0x4c [CONFIRMED]"
"SIMNTWRK.DLL","0x100203a7","FUN_100203a7","87","fun","C2","tiling-parse","sc3_ntwrk_set_parser_ctor","0x3c obj; vtable PTR_LAB_1002cbf0; +0x24=0x20000000 [CONFIRMED]"
"SIMNTWRK.DLL","0x10022866","FUN_10022866","20","fun","C2","tiling-init","sc3_ntwrk_rule_container_ctor","0x10 obj; zeroes +1..+3; vtable PTR_FUN_1002cd84 [CONFIRMED]"
"SIMNTWRK.DLL","0x1001b456","FUN_1001b456","40","fun","C2","util-vector","sc3_ntwrk_vec_push_record","std::vector push of 12B record; advances +0xc or grows via FUN_1001b670 [CONFIRMED]"
"SIMNTWRK.DLL","0x1000bdcd","FUN_1000bdcd","1239","fun","C2","piece-factory","sc3_ntwrk_make_piece","switch (type&0xff)-1 22 cases; new 0x20/0x1c + per-case vtables; vcalls [0]/[0xc]/[0x104] [CONFIRMED]"
"SIMNTWRK.DLL","0x1000d2da","FUN_1000d2da","29","fun","C2","piece-ctor","sc3_ntwrk_piece_ctor_20","chains FUN_1000d0fc; +7=0; vtables PTR_FUN_1002badc/PTR_LAB_1002b994 [CONFIRMED]"
"SIMNTWRK.DLL","0x10020b60","FUN_10020b60","436","fun","C2","com-pathresolve","sc3_ntwrk_resolve_ole_path","ext==DAT_1003209c; dynamic Ole32; CoCreateInstance+IPersistFile Load; extract path<=261 [CONFIRMED]"
"SIMNTWRK.DLL","0x1000119f","FUN_1000119f","28","fun","C2","gzcom-dtor","sc3_ntwrk_scalar_deleting_dtor","MSVC scalar deleting destructor: FUN_100011bb(this) then if (flag & 1) FUN_10026665(this) [operator delete]; returns this [CONFIRMED @0x1000119f]"
"SIMDSTR.DLL","0x10024e87","GZDllGetGZCOMDirector","5","fun","C2","disaster-director","sc3_dstr_get_gzcom_director","PE export; guarded init of DAT_1003abf0, calls ctor FUN_1002269e + onexit"
"SIMDSTR.DLL","0x1002269e","FUN_1002269e","273","fun","C2","disaster-director","sc3_dstr_director_ctor","installs director vtables; 12x FUN_1002520d(GZCLSID,factory,0)"
"SIMDSTR.DLL","0x1002520d","FUN_1002520d","44","fun","C2","disaster-director","sc3_dstr_register_class","builds {clsid,factory,0}; inserts into map at this+0x14 via FUN_1002547e"
"SIMDSTR.DLL","0x10007978","FUN_10007978","358","fun","C2","disaster-layer","sc3_dstr_layer_ctor","class#1 0x61f6abf5; 4 vtables + 2 circular lists (FUN_1000454c 0x10) + FUN_100298cc"
"SIMDSTR.DLL","0x100227b5","FUN_100227b5","62","fun","C2","disaster-factory","sc3_dstr_factory_layer","new(0x108)+FUN_10007978, returns obj+4; factory for 0x61f6abf5"
"SIMDSTR.DLL","0x100227f3","FUN_100227f3","62","fun","C2","disaster-factory","sc3_dstr_factory_cls2","new(0x90)+FUN_100051e2, returns obj+0xC; 0x428fd431"
"SIMDSTR.DLL","0x10022831","FUN_10022831","62","fun","C2","disaster-factory","sc3_dstr_factory_cls3","new(0x80)+FUN_10012de1; 0x62a34670"
"SIMDSTR.DLL","0x1002286f","FUN_1002286f","62","fun","C2","disaster-factory","sc3_dstr_factory_cls4","new(0x88)+FUN_1000121c; 0x22fe8d32"
"SIMDSTR.DLL","0x100228ad","FUN_100228ad","62","fun","C2","disaster-factory","sc3_dstr_factory_cls5","new(0x88)+FUN_1000d0d1; 0xe2fe8d38"
"SIMDSTR.DLL","0x100228eb","FUN_100228eb","62","fun","C2","disaster-factory","sc3_dstr_factory_cls6","new(0x88)+FUN_10017c9a; 0x22fe8d3e"
"SIMDSTR.DLL","0x10022929","FUN_10022929","62","fun","C2","disaster-factory","sc3_dstr_factory_cls7","new(0x90)+FUN_1001eddd; 0x84c92cbe"
"SIMDSTR.DLL","0x10022967","FUN_10022967","62","fun","C2","disaster-factory","sc3_dstr_factory_cls8","new(0x98)+FUN_10014d61; 0xc2fe8d43"
"SIMDSTR.DLL","0x100229a5","FUN_100229a5","62","fun","C2","disaster-factory","sc3_dstr_factory_cls9","new(0x88)+FUN_1001bd9d; 0x52fe8d50"
"SIMDSTR.DLL","0x100229e3","FUN_100229e3","62","fun","C2","disaster-factory","sc3_dstr_factory_cls10","new(0x90)+FUN_1000a325; 0x52fe8d51"
"SIMDSTR.DLL","0x10022a21","FUN_10022a21","62","fun","C2","disaster-factory","sc3_dstr_factory_cls11","new(0x88)+FUN_100106fe; 0x52fe8d52"
"SIMDSTR.DLL","0x10022a5f","FUN_10022a5f","62","fun","C2","disaster-factory","sc3_dstr_factory_cls12","new(0x88)+FUN_1000f036; 0x52fe8d53"
"SIMDSTR.DLL","0x100051e2","FUN_100051e2","169","fun","C2","disaster-class","sc3_dstr_cls2_ctor","base FUN_1002a6ef; vtable[4]=PTR_LAB_10032450->100323d8; embeds string at +0x1b"
"SIMDSTR.DLL","0x10012de1","FUN_10012de1","145","fun","C2","disaster-class","sc3_dstr_cls3_ctor","base ctor; vtable[4]=PTR_LAB_10033104->10033090"
"SIMDSTR.DLL","0x1000121c","FUN_1000121c","174","fun","C2","disaster-class","sc3_dstr_cls4_ctor","base ctor; vtable[4]=PTR_LAB_10032238->100321ac"
"SIMDSTR.DLL","0x1000d0d1","FUN_1000d0d1","153","fun","C2","disaster-class","sc3_dstr_cls5_ctor","base ctor; vtable[4]=PTR_LAB_10032c4c->10032bd8; inits [0x1e]=10"
"SIMDSTR.DLL","0x10017c9a","FUN_10017c9a","160","fun","C2","disaster-class","sc3_dstr_cls6_ctor","base ctor; vtable[4]=PTR_LAB_10033480->10033408; inits [7]=1"
"SIMDSTR.DLL","0x1001eddd","FUN_1001eddd","139","fun","C2","disaster-class","sc3_dstr_cls7_ctor","base ctor; vtable[4]=PTR_LAB_10033774->100336f0; inits [0x1f]=1"
"SIMDSTR.DLL","0x10014d61","FUN_10014d61","171","fun","C2","disaster-toxiccloud","sc3_dstr_toxic_ctor","base ctor; vtable[4]=PTR_LAB_10033288; code-locality with toxic scoring 0x10014c98/0x10014fc8"
"SIMDSTR.DLL","0x1001bd9d","FUN_1001bd9d","174","fun","C2","disaster-class","sc3_dstr_cls9_ctor","base ctor; vtable[4]=PTR_LAB_100335f4->10033578"
"SIMDSTR.DLL","0x1000a325","FUN_1000a325","168","fun","C2","disaster-class","sc3_dstr_cls10_ctor","base ctor; vtable[4]=PTR_LAB_100328cc->10032850"
"SIMDSTR.DLL","0x100106fe","FUN_100106fe","171","fun","C2","disaster-class","sc3_dstr_cls11_ctor","base ctor; vtable[4]=PTR_LAB_10032f4c->10032ecc"
"SIMDSTR.DLL","0x1000f036","FUN_1000f036","174","fun","C2","disaster-class","sc3_dstr_cls12_ctor","base ctor; vtable[4]=PTR_LAB_10032dd0->10032d54"
"SIMDSTR.DLL","0x1002a6ef","FUN_1002a6ef","17","fun","C2","disaster-infra","sc3_dstr_object_base_ctor","zeros [1]/[2]; sets vtable PTR_FUN_10033f38"
"SIMDSTR.DLL","0x1002a7b8","FUN_1002a7b8","43","fun","C2","disaster-infra","sc3_dstr_get_resource_service","lazy singleton DAT_1003ad10; vtable+0x50 builds INI/PAK path"
"SIMDSTR.DLL","0x1002a8d6","FUN_1002a8d6","44","fun","C2","disaster-infra","sc3_dstr_get_property_provider","lazy singleton DAT_1003ad1c; vtable+0x14 fetch-by-propid"
"SIMDSTR.DLL","0x1000613e","FUN_1000613e","818","fun","C2","disaster-fire","sc3_dstr_fire_load_tunables","group FireDisaster; 13 prop ids 0x*47df*; writes DAT_1003967c..DAT_100396ac"
"SIMDSTR.DLL","0x10005814","FUN_10005814","191","fun","C2","disaster-fire","sc3_dstr_fire_parse_entry","FireDisaster entry callback; FUN_10025684 vs DAT_100396c8; writes DAT_1003a728/72c"
"SIMDSTR.DLL","0x100092d6","FUN_100092d6","868","fun","C2","disaster-relief","sc3_dstr_misc_load_tunables","MiscDisasterTunables + DisasterDescriptions(FUN_10008d27); writes DAT_10039724/DAT_1003a7ac/a9/a8"
"SIMDSTR.DLL","0x1000aa59","FUN_1000aa59","2301","fun","C2","disaster-locust","sc3_dstr_locust_load_tunables","group LocustDisasterTunables; ~16 keys DAT_100397d0.."
"SIMDSTR.DLL","0x1000dc3a","FUN_1000dc3a","764","fun","C2","disaster-riot","sc3_dstr_riot_load_tunables","group RiotDisaster(FUN_1000d680); 12 prop ids 0x*484a2*; FUN_1000df36"
"SIMDSTR.DLL","0x1001367e","FUN_1001367e","836","fun","C2","disaster-tornado","sc3_dstr_tornado_load_tunables","group TornadoDisaster(FUN_1001325a); 14 prop ids 0x*4838*; 2 float casts; FUN_100139c2"
"SIMDSTR.DLL","0x10015751","FUN_10015751","4443","fun","C2","disaster-toxiccloud","sc3_dstr_toxic_load_tunables","group ToxicCloudDisasterTunables; ~30 keys w/ clamps; speed=val*DAT_10033114*DAT_10033118"
"SIMDSTR.DLL","0x10018316","FUN_10018316","3754","fun","C2","disaster-ufo","sc3_dstr_ufo_load_tunables","group UFODisasterTunables; MaxUFOInstances->DAT_10039e90 + building caps"
"SIMDSTR.DLL","0x10020726","FUN_10020726","1810","fun","C2","disaster-parade","sc3_dstr_parade_load_tunables","group ParadeEvent(FUN_1001f933)/ParadeEventTunables; blocks(FUN_1001f9a3)/configs(FUN_1001fa88)"
"SIMDSTR.DLL","0x10014c98","FUN_10014c98","140","fun","C2","disaster-toxiccloud","sc3_dstr_toxic_compute_score","WeightForPollution*sample/norm - ordinance weights + WeightForEachToxicWastePlant*count"
"SIMDSTR.DLL","0x10014fc8","FUN_10014fc8","81","fun","C2","disaster-toxiccloud","sc3_dstr_toxic_should_trigger","gate vs DAT_10039b1c, ftol sample, score>ThresholdScoreForToxicCloud(DAT_10039b64)"
"SIMDSTR.DLL","0x1001a26b","FUN_1001a26b","400","fun","C2","disaster-spread","sc3_dstr_build_area_footprint","packs (x&0xFF)|((y&0xFF)<<8) tiles; bins area vs DAT_1003337e..; rand() origin; calls FUN_1001b95d"
"SIMDSTR.DLL","0x1001b95d","FUN_1001b95d","60","fun","C2","disaster-spread","sc3_dstr_shuffle_tile_buffer","Fisher-Yates shuffle of 16-bit packed-tile array [param_1,param_2): for i=1..n-1, j=rand()%(i+1), swap elem[i]/elem[j] (2-byte). Sole callee rand(); zero globals. Called only by FUN_1001a26b(this,flag!=0) on the this+0x20 packed-tile vector"
"SIMADV.DLL","0x10024817","GZDllGetGZCOMDirector","5","fun","C2","advisor-director","sc3_advisor_GZDllGetGZCOMDirector","PE export; guarded ctor of &DAT_10038690, onexit LAB_1000130f [0x10024817]"
"SIMADV.DLL","0x1000102b","FUN_1000102b","201","fun","C2","advisor-director","sc3_advisor_director_ctor","base ctor FUN_1002481c + 8x register_class FUN_10024b9d(GZCLSID,factory,0) [0x1000102b:21-28]"
"SIMADV.DLL","0x10024b9d","FUN_10024b9d","44","fun","C2","advisor-director","sc3_advisor_director_insert_factory","forwards (GZCLSID,factory,0) to map-insert FUN_10024e9a on director+0x14 [0x10024b9d:11-14]"
"SIMADV.DLL","0x100010fa","FUN_100010fa","62","fun","C2","advisor-budget","sc3_advisor_factory_budget","GZCLSID 0x828d0c49; operator_new(0x170)+FUN_10003c1f; returns obj+4"
"SIMADV.DLL","0x10001138","FUN_10001138","62","fun","C2","advisor-cityplanner","sc3_advisor_factory_cityplanner","GZCLSID 0xe28d0b76; operator_new(0x318)+FUN_10006656; returns obj+4"
"SIMADV.DLL","0x10001176","FUN_10001176","62","fun","C2","advisor-demographics","sc3_advisor_factory_demographics","GZCLSID 0x028d0f43; operator_new(0x184)+FUN_1000c8e1; returns obj+4"
"SIMADV.DLL","0x100011b4","FUN_100011b4","62","fun","C2","advisor-environment","sc3_advisor_factory_environment","GZCLSID 0x828d04fb; operator_new(0x198)+FUN_1000f0db; returns obj+4"
"SIMADV.DLL","0x100011f2","FUN_100011f2","62","fun","C2","advisor-publicsafety","sc3_advisor_factory_publicsafety","GZCLSID 0xc28d0a3a; operator_new(0x16c)+FUN_10011be0; returns obj+4"
"SIMADV.DLL","0x10001230","FUN_10001230","62","fun","C2","advisor-transportation","sc3_advisor_factory_transportation","GZCLSID 0xa28d0fc9; operator_new(0x180)+FUN_10015365; returns obj+4"
"SIMADV.DLL","0x1000126e","FUN_1000126e","62","fun","C2","advisor-utilities","sc3_advisor_factory_utilities","GZCLSID 0x422e28e8; operator_new(0x1f0)+FUN_10017ba8; returns obj+4"
"SIMADV.DLL","0x100012ac","FUN_100012ac","53","fun","C2","petitioner","sc3_petitioner_factory_manager","GZCLSID 0x02619041; operator_new(0x150)+FUN_1001e4aa; returns obj base"
"SIMADV.DLL","0x10003c1f","FUN_10003c1f","1061","fun","C2","advisor-budget","sc3_advisor_ctor_budget","installs vtables PTR_LAB_10030310/278/244/1fc; resource ids 0xc29a6083/0x29541f4; consts this[0x46]=100000,this[0x44]=5000,float this[0x48]=0x3d4ccccd [0x10003c1f]"
"SIMADV.DLL","0x1001e4aa","FUN_1001e4aa","363","fun","C2","petitioner","sc3_petitioner_ctor_manager","3 vtables; circular list FUN_100031c0(0xc)@this[0x2d]; table FUN_1002c51a(this+0x2f,0xc,0xb); ~24 msg-string ids this[0x14..0x23]; defaults this[0x24/0x25]=10000 [0x1001e4aa]"
"SIMADV.DLL","0x10006656","FUN_10006656","1350","fun","C2","advisor-cityplanner","sc3_advisor_ctor_cityplanner","4 vtables 10030154..; topic-ids grp 0xc29a6083 idx0x57 + grp0x29541f4 idx0x2c5/0x2be/0x156; topicgfx instance byte 0x03; this[0x24]=0x12d; defaults this[0x38]=50000,[0x30]=20000,[0x31]=100000 [0x10006656]"
"SIMADV.DLL","0x1000c8e1","FUN_1000c8e1","1286","fun","C2","advisor-demographics","sc3_advisor_ctor_demographics","topic grp0xc29a6083 idx0x53 + 0x2c8/0x2c1/0x15c; gfx byte 0x07; this[0x24]=0x12a; defaults [0x30]=5000,[0x2a]=15000,[0x2b]=50000,[0x32]=52000,[0x33]=80000 [0x1000c8e1]"
"SIMADV.DLL","0x1000f0db","FUN_1000f0db","1237","fun","C2","advisor-environment","sc3_advisor_ctor_environment","circ-list FUN_100031c0(0xc)@[0x29]; topic grp0xc29a6083 idx0x54 + 0x2c6/0x2bf/0x158; gfx byte 0x04; this[0x24]=0x129; [0x2a/0x2c/0x2e]=0x42,[0x2b/0x2d/0x2f]=0x21 [0x1000f0db]"
"SIMADV.DLL","0x10011be0","FUN_10011be0","1227","fun","C2","advisor-publicsafety","sc3_advisor_ctor_publicsafety","FUN_1000b9e2(+0x50); topic grp0xc29a6083 idx0x55 + 0x2c7/0x2c0/0x15a; gfx byte 0x05; this[0x24]=0x12f; [0x2b]=500,[0x2c]=25000,[0x2d]=5000 [0x10011be0]"
"SIMADV.DLL","0x10015365","FUN_10015365","1233","fun","C2","advisor-transportation","sc3_advisor_ctor_transportation","topic grp0xc29a6083 idx0x56 + 0x2c4/0x2bd/0x15b; gfx byte 0x06; this[0x24]=0x12e; [0x2b-0x2e]=0x776/0x780/0x78a/0x794,[0x31]=float 0x3e19999a [0x10015365]"
"SIMADV.DLL","0x10017ba8","FUN_10017ba8","1301","fun","C2","advisor-utilities","sc3_advisor_ctor_utilities","two circ-lists @[0x29]/[0x2a]; topic grp0xc29a6083 idx0x51 + 0x2c9/0x2c2/0x159; gfx byte 0x01; this[0x24]=300; [0x36]=10000,[0x37]=0x789,[0x38]=5000; tail FUN_10028120/280d4(0x10038748) [0x10017ba8]"
"SIMADV.DLL","0x10004652","FUN_10004652","1154","fun","C2","advisor-budget","sc3_advisor_load_budget_ini","loads Advisor-Budget.INI+SYS.PAK; stores TaxGrowth/Decline float@+0x120/+0x124, TREASURY_LOW i64@+0x110, LOSE_GAME_LEVEL@+0x118, MONTHS_TILL_BUSINESS_DEAL byte@+0x100 [0x10004652]"
"SIMADV.DLL","0x10007989","FUN_10007989","4150","fun","C2","advisor-cityplanner","sc3_advisor_load_cityplanner_ini","loads Advisor-CityPlanner.INI+SYS.PAK; SMALL/MEDIUM_SIZE_CITY@+0xc0/+0xc4 from ADVICE_TRIGGERS; reads NON_DEV_SENSITIVITY etc [0x10007989]"
"SIMADV.DLL","0x1000fc90","FUN_1000fc90","1270","fun","C2","advisor-environment","sc3_advisor_load_environment_ini","loads Advisor-Environment.INI+SYS.PAK; POLLUTION_RATE_CUTOFFS -> bytes @+0xa8..+0xbc; GARBAGE_BUILDINGS list cb LAB_10010186 [0x1000fc90]"
"SIMADV.DLL","0x1000d44f","FUN_1000d44f","4012","fun","C2","advisor-demographics","sc3_advisor_load_demographics_ini","Advisor-Demographics.INI+SYS.PAK; FUNDING_RATE_CUTOFFS->byte+0xa4..+0xa7; ADVICE_TRIGGERS->int+0xa8..+0xcc & EQ/aura bytes+0xd4..+0xe2; PETITIONER_GENERATION/HOSPITAL_RATIO int+0xd0 [0x1000d44f]"
"SIMADV.DLL","0x100129ff","FUN_100129ff","1854","fun","C2","advisor-publicsafety","sc3_advisor_load_publicsafety_ini","Advisor-PublicSafety.INI; FUNDING_RATE_CUTOFFS byte+0xa4..+0xa7; ADVICE_GENERATION +0xa8..+0xb0 & crime bytes +0xa9/+0xaa; POLICE_STATION_RATIO id+0xb4; aborts on any missing key [0x100129ff]"
"SIMADV.DLL","0x10015f9c","FUN_10015f9c","3403","fun","C2","advisor-transportation","sc3_advisor_load_transportation_ini","Advisor-Transportation.INI; funding byte+0xa4..+0xa8; ADVANCEMENTS id+0xac..+0xb8; ROAD_DAMAGE float+0xc4(*_DAT_10030f1c); CUTOFFS/PETITIONER ids +0xbc..+0xe8 [0x10015f9c]"
"SIMADV.DLL","0x10018a51","FUN_10018a51","2403","fun","C2","advisor-utilities","sc3_advisor_load_utilities_ini","Advisor-Utilities.INI; funding DOUBLE+0xb0/+0xb8/+0xc0/+0xc8(*_DAT_10031108); CONSUMPTION bytes+0xd0..+0xd5; NEIGHBOR_DEAL int+0xd8/id+0xe0; POWER/WATER_BUILDINGS lists cb LAB_100193b4/c8 [0x10018a51]"
"SIMADV.DLL","0x1001ecad","FUN_1001ecad","4347","fun","C2","petitioner","sc3_petitioner_load_manager_ini","loads PetitionerManager.INI; PETITIONER_ORDINANCE_TRIGGER_MAPPINGS year fields @+0x44..+0x90; 11 string keys@this+0xbc via FUN_1001fda8 [0x1001ecad]"
"SIMADV.DLL","0x1001fda8","FUN_1001fda8","48","fun","C2","petitioner","sc3_petitioner_store_string_key","stores FUN_100285a3(value) into this+0xbc+this[0x14c]*0xc (11-entry,12-byte-stride table) [0x1001fda8]"
"SIMADV.DLL","0x1000ce3b","FUN_1000ce3b","1093","fun","C2","advisor-demographics","sc3_advisor_connect_demographics","binds sim@this+0x134; new adapters@this+0xf4/0xf8; calls loader FUN_1000d44f; registers msg 0x83110c8b & 0x831109b4; cast 0x42922a6c [0x1000ce3b]"
"SIMADV.DLL","0x1001588a","FUN_1001588a","1223","fun","C2","advisor-transportation","sc3_advisor_connect_transportation","binds sim@this+0x134 via vtable+0x1b8/+0x14c; calls loader FUN_10015f9c; registers 0x831109b4/&DAT_100388f0 [0x1001588a]"
"SIMADV.DLL","0x1001215d","FUN_1001215d","1427","fun","C2","advisor-publicsafety","sc3_advisor_connect_publicsafety","sim@+0xf4; query objs FUN_10011abd(0xa2963983)@+0x150,FUN_1001194d(0x62963928)@+0x154; loader FUN_100129ff; subs 0xa2d1c5b9/0x62e5af45/0xc30177ca/0x3417e94/0x23417ec0/0x434346e6; cheat 0x83110c8b&DAT_10038890(Maria) [0x1001215d]"
"SIMADV.DLL","0x1001816b","FUN_1001816b","1013","fun","C2","advisor-utilities","sc3_advisor_connect_utilities","sim@+0xd4; 9 layer-gets via +0x1b8; loader FUN_10018a51; subs 0xa2d1c5b9/0x434346e6; cheats 0xc2fa8e82&DAT_10038800,0x42fa93fe&DAT_100387e8,0xc310f7d4&DAT_10038860(Gus),0x831109b4&DAT_100388f0 [0x1001816b]"
"SIMADV.DLL","0x1001e6af","FUN_1001e6af","549","fun","C2","petitioner","sc3_petitioner_connect_manager","sim@+0x24; adapter FUN_10022eeb@+0x20; 7 layers via +0x198..+0x1b0; loader FUN_1001ecad; cheats 0x31dce55&DAT_10038830,0x831109b4&DAT_100388f0,0xa3558fd6&DAT_100387a0; sub 0xa4c68296 [0x1001e6af]"
"SIMADV.DLL","0x1001cc1e","FUN_1001cc1e","16","fun","C2","advisor-cheat","sc3_advisor_register_cheat_stopforcing","FUN_10003b1d(&DAT_100388f0,'stop forcing advice') [0x1001cc1e]"
"SIMADV.DLL","0x1001cc4e","FUN_1001cc4e","16","fun","C2","advisor-cheat","sc3_advisor_register_cheat_mortimer","FUN_10003b1d(&DAT_100388d8,'force Mortimer to say') [0x1001cc4e]"
"SIMADV.DLL","0x1001cd9e","FUN_1001cd9e","16","fun","C2","petitioner-cheat","sc3_petitioner_register_cheat_forcesay","FUN_10003b1d(&DAT_10038830,'force petitioners to say') [0x1001cd9e]"
"SIMSERV.DLL","0x100135fd","GZDllGetGZCOMDirector","5","fun","C2","gzcom-director","sc3_serv_get_gzcom_director","PE export; guarded one-shot returns &DAT_100249c0 @0x100135fd"
"SIMSERV.DLL","0x100103fb","FUN_100103fb","43","fun","C2","gzcom-director","sc3_serv_get_director_dup","identical body to 0x100135fd @0x100103fb"
"SIMSERV.DLL","0x10010426","FUN_10010426","183","fun","C2","gzcom-director","sc3_serv_director_ctor","sets director vtables + 7x register_class @0x10010426"
"SIMSERV.DLL","0x10013983","FUN_10013983","44","fun","C2","gzcom-director","sc3_serv_register_class","inserts {clsid,factory,0} into map at director+0x14 @0x10013983"
"SIMSERV.DLL","0x100104e3","FUN_100104e3","62","fun","C2","gzcom-factory","sc3_crime_factory_layer","operator_new(0xe0)+ctor 0x10005f9a, returns obj+0x1c; clsid 0x20a7ae7f"
"SIMSERV.DLL","0x10010521","FUN_10010521","59","fun","C2","gzcom-factory","sc3_flam_factory_layer","operator_new(0x54)+ctor 0x1000c3e6, returns obj+0x10; clsid 0x61448030"
"SIMSERV.DLL","0x1001055c","FUN_1001055c","62","fun","C2","gzcom-factory","sc3_police_factory_layer","operator_new(0xf0)+ctor 0x1000d7b8, returns obj+0x1c; clsid 0x00abf2ec"
"SIMSERV.DLL","0x1001059a","FUN_1001059a","62","fun","C2","gzcom-factory","sc3_fire_factory_layer","operator_new(0xe0)+ctor 0x10009b53, returns obj+0x1c; clsid 0xa0f42214"
"SIMSERV.DLL","0x100105d8","FUN_100105d8","59","fun","C2","gzcom-factory","sc3_fire_factory_station","operator_new(0x40)+ctor 0x10001020, returns obj+0x08; clsid 0x40fc7753"
"SIMSERV.DLL","0x10010613","FUN_10010613","59","fun","C2","gzcom-factory","sc3_police_factory_station","operator_new(0x40)+ctor 0x10004426, returns obj+0x08; clsid 0x210d4d78"
"SIMSERV.DLL","0x1001064e","FUN_1001064e","59","fun","C2","gzcom-factory","sc3_police_factory_jail","operator_new(0x3c)+ctor 0x1000357e, returns obj+0x08; clsid 0x22ee7a5b"
"SIMSERV.DLL","0x10005f9a","FUN_10005f9a","296","fun","C2","crime-layer","sc3_crime_layer_ctor","0xe0 layer ctor, list-node init; co-located with SC3Crime loader @0x10005f9a"
"SIMSERV.DLL","0x1000c3e6","FUN_1000c3e6","126","fun","C2","flammability-layer","sc3_flam_layer_ctor","0x54 ctor, dual vtable set; co-located with FlammabilityLayer loader @0x1000c3e6"
"SIMSERV.DLL","0x1000d7b8","FUN_1000d7b8","389","fun","C2","police-layer","sc3_police_layer_ctor","0xf0 layer ctor, 4 list heads + FUN_100134cb/13eb5; co-located with SC3Police loader @0x1000d7b8"
"SIMSERV.DLL","0x10009b53","FUN_10009b53","335","fun","C2","fire-layer","sc3_fire_layer_ctor","0xe0 layer ctor, list heads + FUN_100134cb/13eb5; co-located with SC3FireLayer loader @0x10009b53"
"SIMSERV.DLL","0x10001020","FUN_10001020","1337","fun","C2","fire-station","sc3_fire_load_station_exemplar","reads [FireStation]: Optimal{Coverage,Max,Min,Upkeep},MaxEfficiency,MysticalE @0x10001020"
"SIMSERV.DLL","0x10004426","FUN_10004426","1469","fun","C2","police-station","sc3_police_load_station_exemplar","reads [PoliceStation]: same six + OppressionThreshold @0x10004426"
"SIMSERV.DLL","0x1000357e","FUN_1000357e","731","fun","C2","police-jail","sc3_police_load_jail_exemplar","reads InmateCapacity->DAT_1002426c, MonthlyUpkeep->DAT_10024270; guard DAT_1002494c @0x1000357e"
"SIMSERV.DLL","0x10009df5","FUN_10009df5","1218","fun","C2","fire-layer","sc3_fire_load_tuning","SC3FireLayer.INI [TuningParameters] -> DAT_100243c0..c8; UpdatePeriod default 0x1e @0x10009df5"
"SIMSERV.DLL","0x1000c126","FUN_1000c126","697","fun","C2","flammability-layer","sc3_flam_load_tuning","SC3Tune.INI/SYS.PAK [FlammabilityLayer] -> DAT_100244dc..de @0x1000c126"
"SIMSERV.DLL","0x1000dab0","FUN_1000dab0","1832","fun","C2","police-layer","sc3_police_load_tuning","SC3Police.INI [TuningParameters], 11 keys incl DailyJailReleaseRate/ConvictionRate @0x1000dab0"
"SIMSERV.DLL","0x100062af","FUN_100062af","1519","fun","C2","crime-layer","sc3_crime_load_tuning","SC3Crime.INI [TuningParameters], 8 keys incl PoliceFactor/ordinance effects @0x100062af"
"SIMSERV.DLL","0x1000b36a","FUN_1000b36a","468","fun","C2","fire-coverage","sc3_fire_stamp_coverage_radial","radial brush: dist<=radius, lerp center..edge, /0x10, clamp 0..0xff @0x1000b36a"
"SIMSERV.DLL","0x1000adf5","FUN_1000adf5","275","fun","C2","fire-coverage","sc3_fire_recompute_coverage","sums stations at +0x98, restamps fires+coverage via 0x1000b36a @0x1000adf5"
"SIMSERV.DLL","0x1000a9c6","FUN_1000a9c6","495","fun","C2","fire-agent","sc3_fire_add_fire","alloc 0x2c agent, msg {0x207edc0e,0x57e,0x32cc}, IID 0xc14f8955, notify 0x23, stamp +effect @0x1000a9c6"
"SIMSERV.DLL","0x1000abda","FUN_1000abda","226","fun","C2","fire-agent","sc3_fire_remove_fire","find list node by (x,y), release IID 0xc14f8955, unstamp -DispatchEffect @0x1000abda"
"SIMSERV.DLL","0x1000b61d","FUN_1000b61d","163","fun","C2","fire-spread","sc3_fire_scan_init","cells/tick = w*h/(UpdatePeriod*16); seed cursor from DAT_100243d0/d4 @0x1000b61d"
"SIMSERV.DLL","0x1000b6f7","FUN_1000b6f7","575","fun","C2","fire-spread","sc3_fire_spread_tick","ignite via rand<val -> msg 0x032a40a4; extinguish at MaxStrikeDuration/heat>=100; StrikeEfficiency scale @0x1000b6f7"
"SIMSERV.DLL","0x1000c608","FUN_1000c608","213","fun","C2","flammability-layer","sc3_flam_compute_tile","base flam +/- ordinances 0x22bf1e35/0x62bf1daa/water; flam-base*eff/100 clamp 0xff @0x1000c608"
"SIMSERV.DLL","0x1000af08","FUN_1000af08","90","fun","C2","fire-station","sc3_fire_station_priority","10000 if flag; else (MinAcceptableFunding-funding)^2 when under-funded & over-flam @0x1000af08"
"SIMSERV.DLL","0x1001755e","FUN_1001755e","43","fun","C2","gzcom-service","sc3_serv_get_resource_service","guarded singleton DAT_10024ac4; +0x50 opens named stream @0x1001755e"
"SIMSERV.DLL","0x100175f8","FUN_100175f8","19","fun","C2","gzcom-service","sc3_serv_get_notify_service","resource-service +0x34 sub-service; target of (1,0x23,..) @0x100175f8"
"SIMSERV.DLL","0x1001325b","FUN_1001325b","44","fun","C2","gzcom-service","sc3_serv_get_message_bus","guarded singleton DAT_10024a14; +0x10 posts message @0x1001325b"
"STRTSIM.DLL","0x10024389","GZDllGetGZCOMDirector","5","fun","C2","gzcom-director","sc3_strtsim_get_gzcom_director","PE export; guarded singleton returns &DAT_10032c08, calls ctor FUN_10006643 @0x10024389"
"STRTSIM.DLL","0x10006643","FUN_10006643","291","fun","C2","gzcom-director","sc3_strtsim_director_ctor","registers 13 classes via FUN_10024716; installs PTR_FUN_1002a978 @0x10006643"
"STRTSIM.DLL","0x1002438e","FUN_1002438e","112","fun","C2","gzcom-director","sc3_strtsim_director_base_ctor","base ctor, vtables PTR_LAB_1002d3d8/PTR_FUN_1002d364, builds class map @0x1002438e"
"STRTSIM.DLL","0x10024716","FUN_10024716","44","fun","C2","gzcom-director","sc3_strtsim_register_class","thiscall; writes {clsid,factory,0} into map at this+0x14 @0x10024716"
"STRTSIM.DLL","0x1000676c","FUN_1000676c","53","fun","C2","gzcom-factory","sc3_strtsim_factory_layer","new(0x27e0)+FUN_1001245b; clsid 0x22498f2c @0x1000676c"
"STRTSIM.DLL","0x100067a1","FUN_100067a1","59","fun","C2","gzcom-factory","sc3_strtsim_factory_subiface","new(0x2c)+FUN_1000959b, returns obj+0x14; clsid 0x21fd6eef @0x100067a1"
"STRTSIM.DLL","0x100067dc","FUN_100067dc","50","fun","C2","gzcom-factory","sc3_strtsim_factory_c025c6d8b","new(0xc)+FUN_10006a18; clsid 0x025c6d8b @0x100067dc"
"STRTSIM.DLL","0x1000680e","FUN_1000680e","50","fun","C2","gzcom-factory","sc3_strtsim_factory_c42cefd0b","new(0xc)+FUN_10006a3d; clsid 0x42cefd0b @0x1000680e"
"STRTSIM.DLL","0x10006840","FUN_10006840","50","fun","C2","gzcom-factory","sc3_strtsim_factory_c42dfcc92","new(0xc)+FUN_10006a62; clsid 0x42dfcc92 @0x10006840"
"STRTSIM.DLL","0x10006872","FUN_10006872","50","fun","C2","gzcom-factory","sc3_strtsim_factory_c820c0620","new(0xc)+FUN_10006a87; clsid 0x820c0620 @0x10006872"
"STRTSIM.DLL","0x100068a4","FUN_100068a4","50","fun","C2","gzcom-factory","sc3_strtsim_factory_c625c758f","new(0xc)+FUN_10006aac; clsid 0x625c758f @0x100068a4"
"STRTSIM.DLL","0x100068d6","FUN_100068d6","50","fun","C2","gzcom-factory","sc3_strtsim_factory_cc22b517c","new(0xc)+FUN_10006ad1; clsid 0xc22b517c @0x100068d6"
"STRTSIM.DLL","0x10006908","FUN_10006908","50","fun","C2","gzcom-factory","sc3_strtsim_factory_c622b7f03","new(0xc)+FUN_10006af6; clsid 0x622b7f03 @0x10006908"
"STRTSIM.DLL","0x1000693a","FUN_1000693a","50","fun","C2","gzcom-factory","sc3_strtsim_factory_cc22b54d7","new(0xc)+FUN_10006b1b; clsid 0xc22b54d7 @0x1000693a"
"STRTSIM.DLL","0x1000696c","FUN_1000696c","50","fun","C2","gzcom-factory","sc3_strtsim_factory_cc25c2bb0","new(0xc)+FUN_10006b40; clsid 0xc25c2bb0 @0x1000696c"
"STRTSIM.DLL","0x1000699e","FUN_1000699e","26","fun","C2","gzcom-factory","sc3_strtsim_factory_c225c563d","new(8) inline vtable PTR_LAB_1002a9c0; clsid 0x225c563d @0x1000699e"
"STRTSIM.DLL","0x100069b8","FUN_100069b8","50","fun","C2","gzcom-factory","sc3_strtsim_factory_c225c61e8","new(0xc)+FUN_10006b65; clsid 0x225c61e8 @0x100069b8"
"STRTSIM.DLL","0x1001245b","FUN_1001245b","589","fun","C2","strtsim-layer","sc3_strtsim_layer_ctor","SC3StrtSimLayer ctor; 0x27e0 obj; vtable PTR_FUN_1002c600; flags +0x32/+0x33=1 @0x1001245b"
"STRTSIM.DLL","0x1000959b","FUN_1000959b","61","fun","C2","gzcom-factory","sc3_strtsim_subiface_ctor","two-vtable sub-interface object, PTR_FUN_1002b5c8 @0x1000959b"
"STRTSIM.DLL","0x10006a18","FUN_10006a18","37","fun","C2","gzcom-factory","sc3_strtsim_helper12_ctor","vtable PTR_LAB_1002a9d0, FUN_10024ae3 @0x10006a18"
"STRTSIM.DLL","0x10014796","FUN_10014796","914","fun","C2","strtsim-layer","sc3_strtsim_layer_init","loads SC3StrtSimLayer.INI, mem-tier vehicle roster select, 10 table-inits, 6 service handles @0x10014796"
"STRTSIM.DLL","0x10006066","FUN_10006066","499","fun","C2","tunables","sc3_strtsim_load_misc_tunables","reads MiscStrtSimTunables/MaxMarinaToBoatDistance, stores squared to DAT_10032454 @0x10006066"
"STRTSIM.DLL","0x10009b35","FUN_10009b35","1005","fun","C2","schedule","sc3_strtsim_parse_country_schedule","NumCountries/Country/NumModes parser, packed Y/M/D dates, per-mode subarrays @0x10009b35"
"STRTSIM.DLL","0x10011cd0","FUN_10011cd0","37","fun","C2","vehicles","sc3_strtsim_ini_add_key_vehicle","INI callback: value->clsid via FUN_10024f79, push to DAT_10032fb0 @0x10011cd0"
"STRTSIM.DLL","0x10011cab","FUN_10011cab","37","fun","C2","vehicles","sc3_strtsim_ini_add_emergency_vehicle","INI callback: value->clsid, push to DAT_10032fc0 @0x10011cab"
"STRTSIM.DLL","0x10011bfc","FUN_10011bfc","18","fun","C2","vehicles","sc3_strtsim_clear_key_vehicles","vector clear of DAT_10032fb0 @0x10011bfc"
"STRTSIM.DLL","0x10011bb9","FUN_10011bb9","18","fun","C2","vehicles","sc3_strtsim_clear_emergency_vehicles","vector clear of DAT_10032fc0 @0x10011bb9"
"STRTSIM.DLL","0x10013124","FUN_10013124","56","fun","C2","vehicles","sc3_strtsim_pick_random_emergency_vehicle","random index over (fc4-fc0)>>2, returns DAT_10032fc0[idx] @0x10013124"
"STRTSIM.DLL","0x10011cf5","FUN_10011cf5","192","fun","C2","vehicles","sc3_strtsim_preload_key_vehicles","bg thread; state DAT_10033068==2; create-and-cache each roster clsid; SleepEx 20ms @0x10011cf5"
"STRTSIM.DLL","0x1001346f","FUN_1001346f","103","fun","C2","vehicles","sc3_strtsim_resolve_vehicle_class","map DAT_10032fe0 cache-or-create via svc +0x14 IID 0x80199683, AddRef @0x1001346f"
"STRTSIM.DLL","0x10002336","FUN_10002336","446","fun","C2","messaging","sc3_strtsim_init_msgid_table","handler table DAT_10032a24; hashes msg ids 0x4e2xxx into DAT_100329b4/DAT_10032a90 @0x10002336"
"STRTSIM.DLL","0x1001d060","FUN_1001d060","518","fun","C2","messaging","sc3_strtsim_init_handler_table_big","guarded; ~18 handler slots, binds resource 0xfa2 @0x1001d060"
"STRTSIM.DLL","0x1000c3c9","FUN_1000c3c9","125","fun","C2","messaging","sc3_strtsim_init_handler_table_a","guarded DAT_10032dec; plants handlers, binds svc method +0x7c/0xfa2 @0x1000c3c9"
"STRTSIM.DLL","0x1000f9ac","FUN_1000f9ac","77","fun","C2","messaging","sc3_strtsim_init_handler_table_b","guarded zero-fill + 3 fn ptrs DAT_10032ebc @0x1000f9ac"
"STRTSIM.DLL","0x1000ea6f","FUN_1000ea6f","77","fun","C2","messaging","sc3_strtsim_init_handler_table_c","handler table DAT_10032e44, LAB_1000e619 @0x1000ea6f"
"STRTSIM.DLL","0x10008314","FUN_10008314","77","fun","C2","messaging","sc3_strtsim_init_handler_table_d","handler table DAT_10032cac, LAB_1000e619 @0x10008314"
"STRTSIM.DLL","0x10007434","FUN_10007434","61","fun","C2","messaging","sc3_strtsim_init_handler_table_e","zero-fill + LAB_100073a4/LAB_10006ec2 DAT_10032c64 @0x10007434"
"STRTSIM.DLL","0x100056f4","FUN_100056f4","21","fun","C2","messaging","sc3_strtsim_set_handler_globals","sets _DAT_10032bac = FUN_10004db0 (function pointer) and _DAT_10032bb0 = 0, returns the constant 0x10004d01. Renamed from sc3_strtsim_init_handler_table_f: the code writes TWO globals, not a table [CONFIRMED @0x100056f4]"
"STRTSIM.DLL","0x10010182","FUN_10010182","108","fun","C2","gzcom-services","sc3_strtsim_resolve_clsid_table","4-entry clsid table DAT_1002c318 -> handles DAT_10032ee0 via svc +0x14 @0x10010182"
"STRTSIM.DLL","0x100264e9","FUN_100264e9","44","fun","C2","gzcom-services","sc3_strtsim_get_class_factory","lazy singleton DAT_100333d0 (create-by-clsid service) @0x100264e9"
"STRTSIM.DLL","0x10026443","FUN_10026443","43","fun","C2","gzcom-services","sc3_strtsim_get_resource_service","lazy singleton DAT_100333cc; method +0x50 builds key from path @0x10026443"
"STRTSIM.DLL","0x10024f79","FUN_10024f79","97","fun","C2","util","sc3_strtsim_parse_uint_auto_radix","strtoul with 0x/hex-digit auto radix detect @0x10024f79"
"STRTSIM.DLL","0x1002517f","FUN_1002517f","23","fun","C2","util","sc3_strtsim_sleep_ms","SleepEx(arg/1000, alertable) @0x1002517f"
"SCENARIO.DLL","0x1000f984","GZDllGetGZCOMDirector","5","fun","C2","scenario-director","sc3_scenario_get_gzcom_director","PE export; guarded ctor of DAT_1001e9e0 returns director"
"SCENARIO.DLL","0x100010b1","FUN_100010b1","92","fun","C2","scenario-director","sc3_scenario_director_ctor","sets vtables + 2x register_class(0x03de4ce4/0x03dfae27)"
"SCENARIO.DLL","0x1000fd11","FUN_1000fd11","44","fun","C2","scenario-director","sc3_scenario_register_class","inserts {clsid"
"SCENARIO.DLL","0x10001116","FUN_10001116","53","fun","C2","scenario-director","sc3_scenario_factory_layer","operator_new(0x9b0)+ctor 0x100065dc (SC3ScenarioLayer)"
"SCENARIO.DLL","0x1000114b","FUN_1000114b","50","fun","C2","scenario-director","sc3_scenario_factory_helper","operator_new(0xc)+ctor 0x100011ab"
"SCENARIO.DLL","0x100011ab","FUN_100011ab","37","fun","C2","scenario-director","sc3_scenario_helper_ctor","sets 3 vtables 1001a224/a24c/a264 on 12-byte object"
"SCENARIO.DLL","0x100065dc","FUN_100065dc","474","fun","C2","scenario-layer","sc3_scenario_layer_ctor","inits 2480B object; var-file base +0x70; +0x64=1000; +0x22c=0x22e288e"
"SCENARIO.DLL","0x1000b1f9","FUN_1000b1f9","5356","fun","C2","scenario-vm","sc3_scenario_build_command_table","loads SC3ScenarioLayer.INI CommandNameToIdMapping; binds ~72 cmd handlers into DAT_1001eb10"
"SCENARIO.DLL","0x1000c6fe","FUN_1000c6fe","68","fun","C2","scenario-vm","sc3_scenario_register_command","name->id via DAT_1001eb78 then writes handler to DAT_1001eb10+id*8"
"SCENARIO.DLL","0x10008d1a","FUN_10008d1a","62","fun","C2","scenario-vm","sc3_scenario_dispatch_command","int16 id@node+4; bounds vs DAT_1001e1ec; call DAT_1001eb10+id*8"
"SCENARIO.DLL","0x10005c2b","FUN_10005c2b","44","fun","C2","scenario-vm","sc3_scenario_eval_arg","reads arg i from node+8 (8B stride); resolves variable via this+0x70+idx*4"
"SCENARIO.DLL","0x10007206","FUN_10007206","48","fun","C2","scenario-vm","sc3_scenario_resolve_result_var","arg0 as dest var index; requires <0x200"
"SCENARIO.DLL","0x100108a2","FUN_100108a2","44","fun","C2","scenario-messaging","sc3_scenario_get_message_service","lazy-init cached message service DAT_1001ebac"
"SCENARIO.DLL","0x1001511a","FUN_1001511a","43","fun","C2","scenario-config","sc3_scenario_get_framework","guarded init returns resource/framework service DAT_1001ec64"
"SCENARIO.DLL","0x10005bd3","FUN_10005bd3","88","fun","C2","scenario-vm-math","sc3_scenario_cmd_add","var[dst]=eval(arg1)+eval(arg2)"
"SCENARIO.DLL","0x1000a4d9","FUN_1000a4d9","59","fun","C2","scenario-vm-math","sc3_scenario_cmd_setvariable","var[dst]=eval(arg1)"
"SCENARIO.DLL","0x10007b48","FUN_10007b48","79","fun","C2","scenario-vm-control","sc3_scenario_cmd_if","dispatch cond node then body; false=>body with arg0"
"SCENARIO.DLL","0x10009a5d","FUN_10009a5d","105","fun","C2","scenario-vm-control","sc3_scenario_cmd_repeatregular","evals 3 args; registers recurring via FUN_10005b76 tag 0x23dfae5f"
"SCENARIO.DLL","0x1000c742","FUN_1000c742","142","fun","C2","scenario-vm-control","sc3_scenario_cmd_subroutine","fetch resource 0x23dfae5f/IID 0x80199683 then re-enter interpreter"
"SCENARIO.DLL","0x100074c5","FUN_100074c5","66","fun","C2","scenario-query","sc3_scenario_cmd_getpopulation","this+0x38 vtbl+0x78 -> result var"
"SCENARIO.DLL","0x10007236","FUN_10007236","66","fun","C2","scenario-query","sc3_scenario_cmd_getfundsavailable","this+0x3c vtbl+0x10 -> result var"
"SCENARIO.DLL","0x1000799f","FUN_1000799f","108","fun","C2","scenario-goals","sc3_scenario_cmd_goalstatusis","lookup goal id in map this+0x8c0; compare status byte entry+0x18"
"SCENARIO.DLL","0x10006db8","FUN_10006db8","198","fun","C2","scenario-flow","sc3_scenario_cmd_endscenario","records end selection map this+0x8cc; posts msg 0xba44eb51"
"SCENARIO.DLL","0x1000a448","FUN_1000a448","145","fun","C2","scenario-flow","sc3_scenario_cmd_setscenariospeed","framework vtbl+0x204/+0x214/+0x210; posts msg 0x54e23ee9; sets +0x9a9"
"SCENARIO.DLL","0x1000a514","FUN_1000a514","410","fun","C2","scenario-ui","sc3_scenario_cmd_shownewsticker","builds ticker item class 0x84628d9a; posts msg 0x82684130/0xa460ed02"
"SCENARIO.DLL","0x100088ad","FUN_100088ad","72","fun","C2","scenario-deals","sc3_scenario_cmd_offerrewardbuilding","framework vtbl+0x1a8 -> service vtbl+0x14(arg0)"
"SCENARIO.DLL","0x1000aaf3","FUN_1000aaf3","164","fun","C2","scenario-disaster","sc3_scenario_cmd_startfire","clamp x/y to this+0x18/0x1c; clsid 0x621cda33 iid 0x634fd3bc vtbl+0x10"
"SCENARIO.DLL","0x1000aa2f","FUN_1000aa2f","196","fun","C2","scenario-disaster","sc3_scenario_cmd_startearthquake","clsid 0x42963812 iid 0xe3024e82; mag=arg0*_DAT_1001a6dc clamped by _DAT_1001a6d8/_DAT_1001a6d4"
"SCENARIO.DLL","0x1000b0bb","FUN_1000b0bb","122","fun","C2","scenario-disaster","sc3_scenario_cmd_startufoattack","clsid 0xe2963828 iid 0x43024ded vtbl+0x10(arg0!=0)"
"SCENARIO.DLL","0x100058d0","FUN_100058d0","279","fun","C2","scenario-goals","sc3_scenario_cmd_addgoal","lock this+0x984; evals arg0=goalid arg1 arg2; FUN_1000e667 find/insert into goal map this+0x8c0; builds goal descriptor via FUN_10005791(ctor)+FUN_100057f9(init arg1,arg2); stores 16B value via FUN_1000cccd; status low-byte cleared"
"SCENARIO.DLL","0x10005a1a","FUN_10005a1a","57","fun","C2","scenario-goals","sc3_scenario_cmd_allgoalsmet","iterates goal map this+0x8c0 (header node; next at +8; FUN_10005a53 advance); returns 0 if any node status byte entry+0x18==0 else 1; condition op, no result var"
"SCENARIO.DLL","0x10005a84","FUN_10005a84","235","fun","C2","scenario-flow","sc3_scenario_cmd_addrankinfo","lock this+0x984; evals arg0=key arg1 arg2; FUN_1000e667/FUN_1000cdcc insert into map this+0x8cc keyed by arg0; stores 8B value {arg1,arg2}"
"SCENARIO.DLL","0x10005c57","FUN_10005c57","161","fun","C2","scenario-vm-control","sc3_scenario_cmd_andcondition","looks up cmdEndAnd id in DAT_1001eb78; FUN_1000741f walks child nodes until that terminator; dispatches each (FUN_10008d1a); if any returns 0 => result 0 and forces rest eval-only; AND with short-circuit"
"SCENARIO.DLL","0x10005cf8","FUN_10005cf8","79","fun","C2","scenario-vm-control","sc3_scenario_cmd_assign","FUN_10007206 dest=arg0; FUN_1000741f next child; FUN_10008d1a(child); if exec_arg==1 store child return into var[dst]; var[dst]=eval(child node)"
"SCENARIO.DLL","0x10005d47","FUN_10005d47","151","fun","C2","scenario-vm-control","sc3_scenario_cmd_beginblock","looks up cmdEndBlock id; walks children to terminator; dispatches each with exec arg; returns last child result; sequential block"
"SCENARIO.DLL","0x10006528","FUN_10006528","66","fun","C2","scenario-query","sc3_scenario_cmd_countunpoweredbuildings","dest=arg0; var[dst]=power svc this+0x34 vtbl+0x60()"
"SCENARIO.DLL","0x1000656a","FUN_1000656a","92","fun","C2","scenario-query","sc3_scenario_cmd_countunwateredbuildings","dest=arg0; water svc this+0x2c vtbl+0x50(5 out-params); var[dst]=first out"
"SCENARIO.DLL","0x10005e77","FUN_10005e77","112","fun","C2","scenario-vm-math","sc3_scenario_cmd_computepercentage","dest=arg0; var[dst]=(eval(arg1)*100)/eval(arg2); arg2==0 => -1; const 100"
"SCENARIO.DLL","0x10006194","FUN_10006194","384","fun","C2","scenario-query","sc3_scenario_cmd_countstructures","dest=arg0; arg1=type; query obj new(0x10) FUN_100012d5(type); zero var; iterate framework+0x14 vtbl+0x11c/+0x120/+0x124 layers (iter +0x74/+0x14/+0x1c) counting matches; short-circuits per layer"
"SCENARIO.DLL","0x10005ee7","FUN_10005ee7","530","fun","C2","scenario-query","sc3_scenario_cmd_countstructuresnearlocation","dest=arg0; arg1=type arg2=x-1 arg3=y-1 arg4=radius; clamp x/y to this+0x18/0x1c; region via FUN_100060f9/FUN_10006149; same 3-layer count"
"SCENARIO.DLL","0x100063ef","FUN_100063ef","133","fun","C2","scenario-query","sc3_scenario_cmd_countstructureswithappearanceincity","dest=arg0; args1-3=appearance triple; extent=max(this+0x18,0x1c)+1; FUN_10006314 counts buildings whose appearance 3-dwords (bldg vtbl+0x80 then +0x14) match, whole city"
"SCENARIO.DLL","0x10006474","FUN_10006474","180","fun","C2","scenario-query","sc3_scenario_cmd_countstructureswithappearancenearlocation","dest=arg0; args1-3=appearance triple, arg4=x-1 arg5=y-1 arg6=radius; clamp x/y; FUN_10006314 region-limited appearance match count"
"SCENARIO.DLL","0x100068e8","FUN_100068e8","62","fun","C2","scenario-vm-math","sc3_scenario_cmd_decrement","dest=arg0; var[dst]-=1"
"SCENARIO.DLL","0x10006c4b","FUN_10006c4b","107","fun","C2","scenario-vm-math","sc3_scenario_cmd_divide","dest=arg0; var[dst]=eval(arg1)/eval(arg2); arg2==0 => -1"
"SCENARIO.DLL","0x10006eeb","FUN_10006eeb","120","fun","C2","scenario-vm-math","sc3_scenario_cmd_generaterandomnum","dest=arg0; lo=eval(arg1) hi=eval(arg2); equal=>that; else order and var=FUN_10010b68(this+0x8f8,lo,hi+1) inclusive range"
"SCENARIO.DLL","0x10006f63","FUN_10006f63","69","fun","C2","scenario-query","sc3_scenario_cmd_getaura","dest=arg0; var[dst]=(signed char)aura svc this+0x44 vtbl+0x44()"
"SCENARIO.DLL","0x10006fa8","FUN_10006fa8","69","fun","C2","scenario-query","sc3_scenario_cmd_getcrimevalue","dest=arg0; var[dst]=crime svc this+0x20 vtbl+0x44() & 0xff"
"SCENARIO.DLL","0x10006fed","FUN_10006fed","138","fun","C2","scenario-query","sc3_scenario_cmd_getcurrentdate","resolves 3 dests (FUN_1000792f args0/1/2); framework+0x14 vtbl+0x1e4(&d,&m,&y); stores y->var[arg0] d->var[arg1] m->var[arg2]"
"SCENARIO.DLL","0x10007455","FUN_10007455","112","fun","C2","scenario-query","sc3_scenario_cmd_getpollutionvalue","dest=arg0; arg1 selects 0/1/2 => pollution svc this+0x30 vtbl+0x78/+0x7c/+0x80(); arg1>2 fails"
"SCENARIO.DLL","0x10007356","FUN_10007356","66","fun","C2","scenario-query","sc3_scenario_cmd_getlandvalue","dest=arg0; var[dst]=landvalue svc this+0x28 vtbl+0x44()"
"SCENARIO.DLL","0x10007704","FUN_10007704","86","fun","C2","scenario-query","sc3_scenario_cmd_getsurpluspower","dest=arg0; var[dst]=power svc this+0x34 (vtbl+0x58 - vtbl+0x5c); clamped >=0"
"SCENARIO.DLL","0x1000775a","FUN_1000775a","84","fun","C2","scenario-query","sc3_scenario_cmd_getsurpluswater","dest=arg0; water svc this+0x2c vtbl+0x50(5 outs); var[dst]=out[1]-out[2]"
"SCENARIO.DLL","0x10007807","FUN_10007807","66","fun","C2","scenario-query","sc3_scenario_cmd_gettotaldebt","dest=arg0; var[dst]=budget svc this+0x3c vtbl+0x60()"
"SCENARIO.DLL","0x10007849","FUN_10007849","86","fun","C2","scenario-query","sc3_scenario_cmd_gettrafficdensity","dest=arg0; traffic svc this+0x40 vtbl+0x5c(0,0,maxX,maxY,&buf+3,3); var[dst]=result>>0x18 (top byte)"
"SCENARIO.DLL","0x1000789f","FUN_1000789f","144","fun","C2","scenario-query","sc3_scenario_cmd_getrcitaxes","resolves 3 dests (args0/1/2); budget svc this+0x3c vtbl+0x4c(0/1/2)&0xff => R/C/I tax rates into 3 vars"
"SCENARIO.DLL","0x10007ace","FUN_10007ace","122","fun","C2","scenario-vm-control","sc3_scenario_cmd_ifelse","nodes [cond][then][else]; dispatch cond; if true: dispatch then(exec), skip else(arg0); if false: skip then(arg0), dispatch else(exec)"
"SCENARIO.DLL","0x10007b97","FUN_10007b97","62","fun","C2","scenario-vm-math","sc3_scenario_cmd_increment","dest=arg0; var[dst]+=1"
"SCENARIO.DLL","0x10008462","FUN_10008462","113","fun","C2","scenario-neighbor","sc3_scenario_cmd_isneighborconnection","eval arg0,arg1 (&0xff); neighbor svc framework+0x14 vtbl+0x18c then vtbl+0x60(arg0,arg1)->bool; if arg2!=1 negate; condition op"
"SCENARIO.DLL","0x100084d3","FUN_100084d3","167","fun","C2","scenario-neighbor","sc3_scenario_cmd_isneighbordealpresent","eval arg0(&0xff),arg1,arg2; new(0x28) dealbuf; neighbor svc vtbl+0x8c(arg0,dealbuf)->bool; true if found && buf+0x10==arg1 && buf+0x11==arg0; free; if arg2!=1 negate"
"SCENARIO.DLL","0x10008662","FUN_10008662","191","fun","C2","scenario-goals","sc3_scenario_cmd_markgoalstatus","lock this+0x984; eval arg0=goalid arg1=status; FUN_1000e667 find in map this+0x8c0; set *(node value ptr)+0x18 = (arg1!=0); returns found"
"SCENARIO.DLL","0x10008721","FUN_10008721","230","fun","C2","scenario-ui","sc3_scenario_cmd_movecamera","eval x,y (bounds this+0x18/0x1c), zoom(arg2, >4=>2); svc FUN_1001518f vtbl+0x5c; posts msg 0x435ee5c0, cond msg 0x635ee3c3, then msg 0x44a42474 {x,y,zoom} via FUN_100108a2"
"SCENARIO.DLL","0x1000881a","FUN_1000881a","89","fun","C2","scenario-vm-math","sc3_scenario_cmd_multiply","dest=arg0; var[dst]=eval(arg1)*eval(arg2)"
"SCENARIO.DLL","0x100089e4","FUN_100089e4","161","fun","C2","scenario-vm-control","sc3_scenario_cmd_orcondition","looks up cmdEndOr id; walks children to terminator; dispatches each; if any nonzero => result 1 and forces rest eval-only; OR with short-circuit"
"SCENARIO.DLL","0x10008c5d","FUN_10008c5d","189","fun","C2","scenario-ui","sc3_scenario_cmd_popupmsg","FUN_10006926(this); new(0x18) msg struct [0]=a0 [1]=a1 [+8b]=(a2==1) [3]=a3 [5]=a4 [4]=a5; if this+0x981 set this+0x980=1; posts msg 0xa44fab08 via FUN_100108a2"
"SCENARIO.DLL","0x100073de","FUN_100073de","65","fun","C2","scenario-query","sc3_scenario_cmd_getmonthselapsed","dest=arg0; var[dst]=FUN_10008807=(this+0x6c - this+0x60)*12 - this+0x5c + this+0x68"
"SCENARIO.DLL","0x1000c7d0","FUN_1000c7d0","88","fun","C2","scenario-vm-math","sc3_scenario_cmd_subtract","dest=arg0; var[dst]=eval(arg1)-eval(arg2)"
"GZGraphicD.dll","0x10001700","FUN_10001700","102","fun","C4","gfx-image","sc3gfx_image_adopt_block","IID 0x0487534f vtable PTR_LAB_1001e328 slot 3. operator_new(*block)+memcpy when arg2==0 else adopt; calls owner vt+0xc8 with u16 at block+0x0c (COLOUR KEY); w=u16 block+4, h=u16 block+6. C4: header layout confirmed by byte-identical round-trip over 62,552 records"
"GZGraphicD.dll","0x100017de","FUN_100017de","1280","fun","C4","gfx-image","sc3gfx_image_encode_span_block","ENCODER for the span-sprite block, 16bpp branch (pixfmt vt+0x50 desc +4 == 0x10). Allocs (w+1)*h*2+0x10; row table at +0x10 stride 8; writes +0x08=literal 4, +0x0a=pixfmt id, +0x0c=colour key; flags bit 0x8000 set when the span holds NO colour-key pixel. C4: transcribed to re/tools/sprite_encode.py and 62,552/62,552 shipped records re-encode BYTE-IDENTICAL"
"GZGraphicD.dll","0x100012b5","FUN_100012b5","59","fun","C2","gfx-image","sc3gfx_factory_image","GZCLSID 0xa487535d factory: operator_new(0x38)=56B, ctor 0x10001484, returns object+4 (sub-interface)"
"GZGraphicD.dll","0x10001484","FUN_10001484","66","fun","C2","gfx-image","sc3gfx_image_ctor","installs PTR_LAB_1001e3c8 at +0 and PTR_LAB_1001e328 at +4; +0x20=-1, +0x2c=2"
"GZGraphicD.dll","0x100011ef","FUN_100011ef","142","fun","C2","gfx-image","sc3gfx_director_register_classes","GZGraphicD director: registers 0xc470d325, 0xa487535d (image), 0x63260361 ..."
"SIMSPR.DLL","0x1001daf5","FUN_1001daf5","707","fun","C2","simspr-sprite","sc3spr_make_image_from_record","decoder vtable PTR_FUN_10063598 slot 7. Creates GZCLSID 0xa487535d via factory 0x1004f6e0 vt+0xc(clsid,IID 0x487534f,&out), calls its vt+0x18 then vt+0x34; also owner vt+0xc8 with u16 at decoder+0xf4"
"SIMADV.DLL","0x10002138","FUN_10002138","695","fun","C2","advisor-topicgfx","sc3_advisor_load_topicgfx_ini","reads Advisor-TopicGfxIDs.INI then GoldAdvisor-TopicGfxIds.ini +SYS.PAK; section AdvisorTopicGfxIDs key '0x%08X'; writes resource-key triple param2[0]=0x62b9da24,[1]/[2]=FUN_100285a3(values) [0x10002138]"
"SIMADV.DLL","0x100018f9","FUN_100018f9","562","fun","C2","advisor-moods","sc3_advisor_load_moods_ini","reads AdvisorMoods.INI then GoldAdvisorMoods.INI +SYS.PAK; key fmt '0x%08X'; base(local_18==0)/Gold(==1) two-pass [0x100018f9]"
