[    0.659 ms][tid 73a8] ### sc3resize loaded - resizable-window mod (minimal Init-free routine, validated 2026-08-27 over 6 runs)
[    1.316 ms][tid 73a8] ### FLAGS> cluster=0 input=0 nohit=0 hudfit=1 hudlab=0 sweep=0 side=1 mini=1 anchor=1 census=0 minzoom=0 readyms=3000 noparentfix=0 huddy=8 sidedy=150
[    1.486 ms][tid 73a8] ### VEH crash logger installed (logs any hardware fault MODULE+RVA - for the zoom-after-resize crash the game swallows)
[    4.417 ms][tid 5ec4] RZ   *** VEH FAULT *** code=0xC0000096 at SC3U.exe+0x84122 (base 0x00400000)  (resize step at fault=0)
[    4.512 ms][tid 5ec4] RZ   VEH regs eax=00000000 ecx=AB2A0000 edx=00000000 ebx=00000001 esi=7FFFFFFF edi=FFFFFFFF ebp=001AFD00 esp=001AFCFC
[    4.616 ms][tid 5ec4] RZ   VEH [esp]=0x00000000 -> 0x00000000 (no module)
[  102.397 ms][tid 9948] ### RESIZE: SIMSPR base 0x03310000 (relocated: YES)  GZGraphicD base 0x01050000 (YES)
[  102.612 ms][tid 9948] --- WINDOWED: GZGraphicD+0x6cdac = 0 -> 1
[  102.681 ms][tid 9948] --- WINDOWED: GZGraphicD+0x117D6 'mov [ebx+0x48],1' -> nop x4
[  102.748 ms][tid 9948] --- FIX16: 16bpp branch injected at 0x19349 -> cave 0x03520000 (5-6-5)
[  102.923 ms][tid 9948] --- GRIDB_CLAMP FUN_1000cedb: index clamped (hook 0xCFAB -> cave 0x614E0, base 0x03310000)
[  103.170 ms][tid 9948] --- GRIDB_CLAMP FUN_1000d0f5: index clamped (hook 0xD281 -> cave 0x61520, base 0x03310000)
[  103.426 ms][tid 9948] --- GRIDB_CLAMP FUN_1000be25: index clamped (hook 0xC412 -> cave 0x61560, base 0x03310000)
[  103.558 ms][tid 9948] --- GRIDB_CLAMP FUN_1000ef50: index clamped (hook 0xEF50 -> cave 0x615A0, base 0x03310000)
[  103.865 ms][tid 9948] --- GRIDB_CLAMP FUN_1000efa1: index clamped (hook 0xEFD6 -> cave 0x615E0, base 0x03310000)
[  104.016 ms][tid 9948] --- EFA1_GUARD: empty-bucket branch 0xefc2 retargeted to the ret (was -> 0xefe3 deref)
[  104.104 ms][tid 9948] --- GRIDB_CLAMP: 4 walkers index-clamped (FIX A) + FUN_1000efa1 null-guarded (FIX C)
[  104.594 ms][tid 9948] ### RESIZE: armed - windowed+fix16 applied, bridge capture at SIMSPR+0x16EBA, per-frame poll at GZGraphicD+0x18C58 (create recorder DROPPED after v2 crash)
[  104.816 ms][tid 9948] --- HUD: FUN_100270e5 wrapped (cave 0x03540000 tr 0x03530060) - top-strip reflow armed
[  104.857 ms][tid 9948] FN  SIMUI FUN_1004e123 side ctor: relocated rel32 at +3 -> 0x0340D9BE
[  104.926 ms][tid 9948] FN  SIMUI FUN_1001a983 ctor A: relocated rel32 at +3 -> 0x0342C2F7
[ 2139.160 ms][tid 5ec4] ### RESIZE: window 0x012D1558 subclassed (old proc 0x01067E11) - WM_SIZE observed, resize performed on the render thread
[ 6679.442 ms][tid 5ec4] ### SIDE: panel window captured 0x0D33EE28 (SIMUI FUN_1004e123 ctor)
[ 6775.473 ms][tid 5ec4] ### RESIZE: bridge captured 0x0D33EBB8 (iso view = bridge+0x18 = 0x00000000); readiness gate = 3000 ms
[ 7882.028 ms][tid 5ec4] ### MINI: window captured 0x0D33E6D8 vt=0x0346A180 dest(this+0x90)=[640 436 800 600] 160x164
[12430.059 ms][tid 5ec4] RZ   STOREDRECT win=0x00CDAFF8 rect BEFORE {0,0,800,600} = 800x600
[12430.181 ms][tid 5ec4] RZ   STOREDRECT rect AFTER  {0,0,2048,1081} = 2048x1081 - right/bottom updated
[12430.275 ms][tid 5ec4] RZ   WM_SIZE 2048x1081 - poll will pick it up on the next frame
[12430.628 ms][tid 5ec4] RZ   size change: client 2048x1081 vs render target 800x600
[12430.698 ms][tid 5ec4] RZ   ---- resize to 2048x1081 ---- iso=0x0DB28EF8 R=0x0F05B988 B=0x00588028 bridge=0x0D33EBB8
[12430.720 ms][tid 5ec4] RZ   extent BEFORE: (-848,2924,-48,3524) -> 800x600  dirtygrid=40x30 cell=20x20
[12430.752 ms][tid 5ec4] RZ   extent AFTER: (-848,2924,1200,4005) -> 2048x1081  dirtygrid=16x8 cell=128x135  (cell sizes plausible)
[12430.770 ms][tid 5ec4] RZ   render-target iso+0x74 0x0F05B988 NO RECORDED CREATE (0 known) - FALLING BACK to field read-back [_ _ 7 16 0 0 0 0]. Field read-back is NOT proven equivalent: p3 measured 7 vs a recorded 4 on 2026-08-28.
[12430.785 ms][tid 5ec4] RZ   render-target iso+0x74 replay at 2048x1081 (+8 guard rows -> alloc h=1089, zoom-blit overrun fix)
[12430.837 ms][tid 5ec4] RZ   render-target iso+0x74 FUN_10009efb -> 1 | now +0x24=2048 +0x28=1089
[12430.897 ms][tid 5ec4] RZ   device-surface iso+0x4ec 0x00588028 NO RECORDED CREATE (0 known) - FALLING BACK to field read-back [_ _ 7 16 0 0 3 0]. Field read-back is NOT proven equivalent: p3 measured 7 vs a recorded 4 on 2026-08-28.
[12430.916 ms][tid 5ec4] RZ   device-surface iso+0x4ec replay at 2048x1081 (+8 guard rows -> alloc h=1089, zoom-blit overrun fix)
[12432.794 ms][tid 5ec4] RZ   device-surface iso+0x4ec FUN_10009efb -> 1 | now +0x24=2048 +0x28=1089
[12523.320 ms][tid 5ec4] RZ   FUN_10018cdf -> 1
[12523.403 ms][tid 5ec4] RZ   [step 8a] FUN_1000c8f9(iso) - recompute object draw keys
[12523.448 ms][tid 5ec4] RZ   [step 8b] FUN_1000c9bd(iso, &sentinel, iso+0x54, 1) - clear grid + region pickup + re-register (the real object re-register, not the leaf FUN_1000fa36)
[12523.980 ms][tid 5ec4] RZ   [step 8b] FUN_1000c9bd returned
[12530.159 ms][tid 5ec4] RZ   [step 8c] grid re-show 256x256: 65536 occupied, 65536 re-shown, 0 bad (hide+show +0x38/+0x34 per cell)
[12530.233 ms][tid 5ec4] RZ   [step 9] present list iso+0x4d0: begin=0x0DAE4110 end=0x0DAE4130 (2 rect(s)) - erase then push {0,0,2048,1081}
[12530.254 ms][tid 5ec4] RZ   [step 9] after: begin=0x0DAE4110 end=0x0DAE4120 (1 rect(s))
[12530.282 ms][tid 5ec4] RZ   [step 10] device batch begin: dev=0x0D3D9D10 +0x240
[12530.385 ms][tid 5ec4] RZ   [step 10] FUN_1000db86(iso) - whole-view repaint (iso vt+0x144)
[12530.478 ms][tid 5ec4] RZ   [step 10] device batch end +0x244 - presented; iso+0x32c=1
[12530.558 ms][tid 5ec4] RZ   [step 11] FUN_10018cdf(bridge, base layer 0x0DD76670, base rend 0x0F015678, force=1) - SetDataView(0) core, restore active layer + forced refresh
[12621.979 ms][tid 5ec4] RZ   [step 11] returned - active layer bridge+0x28 = 0x0DD76670
[12622.114 ms][tid 5ec4] MINI> dock [640 436 800 600] -> [1888 925 2048 1089]
[12622.238 ms][tid 5ec4] HIT> minimap: rect +0x80..0x8c = [640 436 800 600] (160x164)  want origin (1888,925)
[12622.299 ms][tid 5ec4] HIT> minimap: hit rect -> [1888 925 2048 1089]
[12622.368 ms][tid 5ec4] ANCHOR> re-anchored 2 of 4 windows (dx=1248 dy=489)
[12622.476 ms][tid 5ec4] HUDLAB> HUD SetRect vt+0xc8=0x033E6776  [0,544,599,600] -> [0,1033,2048,1089]
[12622.528 ms][tid 5ec4] HUDLAB> HUD SetRect returned; rect now [0,1033,2048,1089]
[12622.633 ms][tid 5ec4] HUDFIT> child[0x2a]: cached pristine art 600x56 pitch=1200 (one-time)
[12622.707 ms][tid 5ec4] HUDFIT> child[0x2a]=0x00639448 -> refitting to 2048x56 (art 600x56)
[12622.744 ms][tid 5ec4] RZ   HUD child surface 0x00639448 NO RECORDED CREATE (0 known) - FALLING BACK to field read-back [_ _ 7 16 0 0 0 0]. Field read-back is NOT proven equivalent: p3 measured 7 vs a recorded 4 on 2026-08-28.
[12622.762 ms][tid 5ec4] RZ   HUD child surface replay at 2048x56 (+8 guard rows -> alloc h=64, zoom-blit overrun fix)
[12622.864 ms][tid 5ec4] RZ   HUD child surface FUN_10009efb -> 1 | now +0x24=2048 +0x28=64
[12622.890 ms][tid 5ec4] HUDFIT> bar IDirectDrawSurface* now 0x038B3C70 (was 0x038B4770)
[12622.955 ms][tid 5ec4] HUDFIT> lock vt+0x0c=0x01068A82 -> 1 | depth=1 bits=0x10250208 pitch=4096
[12623.060 ms][tid 5ec4] HUDFIT> tiled the 600x56 art across 2048x64 (pitch 4096, 114688 px written)
[12623.099 ms][tid 5ec4] HUDFIT> unlock vt+0x10 -> 1 | depth now 0
[12623.131 ms][tid 5ec4] HUDFIT> child[0x2b]: cached pristine art 16x64 pitch=32 (one-time)
[12623.149 ms][tid 5ec4] HUDFIT> child[0x2b]=0x00639538 -> refitting to 2048x64 (art 16x64)
[12623.174 ms][tid 5ec4] RZ   HUD child surface 0x00639538 NO RECORDED CREATE (0 known) - FALLING BACK to field read-back [_ _ 7 16 0 0 0 0]. Field read-back is NOT proven equivalent: p3 measured 7 vs a recorded 4 on 2026-08-28.
[12623.196 ms][tid 5ec4] RZ   HUD child surface replay at 2048x64 (+8 guard rows -> alloc h=72, zoom-blit overrun fix)
[12623.289 ms][tid 5ec4] RZ   HUD child surface FUN_10009efb -> 1 | now +0x24=2048 +0x28=72
[12623.338 ms][tid 5ec4] HUDFIT> bar IDirectDrawSurface* now 0x038B3C90 (was 0x038B4790)
[12623.399 ms][tid 5ec4] HUDFIT> lock vt+0x0c=0x01068A82 -> 1 | depth=1 bits=0x10290218 pitch=4096
[12623.737 ms][tid 5ec4] HUDFIT> tiled the 16x64 art across 2048x72 (pitch 4096, 131072 px written)
[12623.819 ms][tid 5ec4] HUDFIT> unlock vt+0x10 -> 1 | depth now 0
[12623.982 ms][tid 5ec4] SRCRECT> tile step [0 0 16 64] step=16 -> right=2048 step=2048  (FUN_10026841: ~128 blits/frame -> ~1)
[12624.388 ms][tid 5ec4] SIDE> SetRect vt+0xc8=0x0340E20B  [704,0,800,442] -> [1952,0,2048,1081]
[12624.651 ms][tid 5ec4] SIDE> SetRect returned; rect now [1952,0,2048,1081] (tiled child +0xcc=0x00000000)
[12624.696 ms][tid 5ec4] SIDEFIT> target height 1056 (cap top 1056, panel 1081) -> requesting 1048 + 8 slack
[12624.744 ms][tid 5ec4] SIDEFIT> +0xc0 cached pristine art 96x417 pitch=192 (one-time)
[12624.772 ms][tid 5ec4] SIDEFIT> +0xc0=0x0F035BA0 -> refitting to 96x1048 (art 96x417)
[12624.797 ms][tid 5ec4] RZ   side child surface 0x0F035BA0 NO RECORDED CREATE (0 known) - FALLING BACK to field read-back [_ _ 7 16 0 0 0 0]. Field read-back is NOT proven equivalent: p3 measured 7 vs a recorded 4 on 2026-08-28.
[12624.996 ms][tid 5ec4] RZ   side child surface replay at 96x1048 (+8 guard rows -> alloc h=1056, zoom-blit overrun fix)
[12625.157 ms][tid 5ec4] RZ   side child surface FUN_10009efb -> 1 | now +0x24=96 +0x28=1056
[12625.201 ms][tid 5ec4] SIDEFIT> lock -> 1 | bits=0x1030ACF8 pitch=192 new 96x1056
[12625.244 ms][tid 5ec4] SIDEFIT> placed the 96x417 art ONCE at row 489 of 1056 and filled the rest from plain art row 413 (no tiling)
[12625.285 ms][tid 5ec4] SIDEFIT> +0xc8 cached pristine art 96x25 pitch=192 (one-time)
[12625.328 ms][tid 5ec4] SIDEFIT> +0xc8=0x0F035600 -> refitting to 96x1048 (art 96x25)
[12625.354 ms][tid 5ec4] RZ   side child surface 0x0F035600 NO RECORDED CREATE (0 known) - FALLING BACK to field read-back [_ _ 7 16 0 0 0 0]. Field read-back is NOT proven equivalent: p3 measured 7 vs a recorded 4 on 2026-08-28.
[12625.371 ms][tid 5ec4] RZ   side child surface replay at 96x1048 (+8 guard rows -> alloc h=1056, zoom-blit overrun fix)
[12625.458 ms][tid 5ec4] RZ   side child surface FUN_10009efb -> 1 | now +0x24=96 +0x28=1056
[12625.508 ms][tid 5ec4] SIDEFIT> lock -> 1 | bits=0x1033C508 pitch=192 new 96x1056
[12625.574 ms][tid 5ec4] SIDEFIT> placed the 96x25 art ONCE at row 489 of 1056 and filled the rest from plain art row 21 (no tiling)
[12625.596 ms][tid 5ec4] SIDEFIT> dest rect +0xd0 [0 0 96 417] -> [0 0 96 1056]  (cap top 1056, panel 1081) - the black band between 0x1a1 and the cap was UNPAINTED
[12625.619 ms][tid 5ec4] SIDEKIDS> pushed 17 side-panel child(ren) down by 489 (panel 1081 tall, native 442)
[12625.634 ms][tid 5ec4] PARENT> bar hop 0: 0x00640118 [0 0 800 600] -> [0 0 2048 1081]
[12625.649 ms][tid 5ec4] PARENT> bar hop 1: 0x005A5050 [0 0 800 600] -> [0 0 2048 1081]
[12625.663 ms][tid 5ec4] PARENT> side hop 0: 0x00640118 [0 0 2048 1081] already covers 2048x1081
[12625.681 ms][tid 5ec4] PARENT> side hop 1: 0x005A5050 [0 0 2048 1081] already covers 2048x1081
[12625.739 ms][tid 5ec4] PARENT> minimap hop 0: 0x00640118 [0 0 2048 1081] already covers 2048x1081
[12625.773 ms][tid 5ec4] PARENT> minimap hop 1: 0x005A5050 [0 0 2048 1081] already covers 2048x1081
[12625.802 ms][tid 5ec4] PARENT> win hop 0: 0x00640118 [0 0 2048 1081] already covers 2048x1081
[12625.828 ms][tid 5ec4] PARENT> win hop 1: 0x005A5050 [0 0 2048 1081] already covers 2048x1081
[12625.852 ms][tid 5ec4] PARENT> win hop 0: 0x00640118 [0 0 2048 1081] already covers 2048x1081
[12625.878 ms][tid 5ec4] PARENT> win hop 1: 0x005A5050 [0 0 2048 1081] already covers 2048x1081
[12625.923 ms][tid 5ec4] PARENT> win hop 0: 0x00640118 [0 0 2048 1081] already covers 2048x1081
[12625.973 ms][tid 5ec4] PARENT> win hop 1: 0x005A5050 [0 0 2048 1081] already covers 2048x1081
[12626.008 ms][tid 5ec4] PARENT> win hop 0: 0x0D33E6D8 [640 436 800 600] -> [640 436 2048 1081]
[12626.067 ms][tid 5ec4] PARENT> win hop 1: 0x00640118 [0 0 2048 1081] already covers 2048x1081
[12626.100 ms][tid 5ec4] PARENT> win hop 2: 0x005A5050 [0 0 2048 1081] already covers 2048x1081
[12626.216 ms][tid 5ec4] GEOM> root 0x005A5050 ext [0 0 800 600] -> [0 0 2048 1081]  (hover label clamp)
[12626.295 ms][tid 5ec4] GEOM> city view 0x0F05D024 hit [0 0 800 600] bounds [0 0 704 544]
[12626.357 ms][tid 5ec4] GEOM> city view    hit [0 0 2048 1081] bounds [0 0 2048 1081]  (map clicks + camera pan)
[12626.422 ms][tid 5ec4] GEOM> corner widget 0x0D34A5C8 [774 574] -> [2022 1063] (hit rect carried)
[12626.474 ms][tid 5ec4] GEOM> relocated 1 native-corner widget(s) by (1248,489)
[12626.524 ms][tid 5ec4] RZ   ---- done (viewport: steps 1-11; step 12 HUD reflow not shipped, native) ----
[118980.767 ms][tid 5ec4] SIDEKIDS> REFUSED: panel 2112 tall exceeds the 1081-px client - not touching it
[119386.640 ms][tid 5ec4] SIDEKIDS> REFUSED: panel 2112 tall exceeds the 1081-px client - not touching it
[119792.482 ms][tid 5ec4] SIDEKIDS> REFUSED: panel 2112 tall exceeds the 1081-px client - not touching it
[120198.667 ms][tid 5ec4] SIDEKIDS> REFUSED: panel 2112 tall exceeds the 1081-px client - not touching it
[120604.753 ms][tid 5ec4] SIDEKIDS> REFUSED: panel 2112 tall exceeds the 1081-px client - not touching it
[121011.995 ms][tid 5ec4] SIDEKIDS> REFUSED: panel 2112 tall exceeds the 1081-px client - not touching it
[121417.989 ms][tid 5ec4] SIDEKIDS> REFUSED: panel 2112 tall exceeds the 1081-px client - not touching it
[121823.174 ms][tid 5ec4] SIDEKIDS> REFUSED: panel 2112 tall exceeds the 1081-px client - not touching it
[122230.031 ms][tid 5ec4] SIDEKIDS> REFUSED: panel 2112 tall exceeds the 1081-px client - not touching it
[122644.079 ms][tid 5ec4] SIDEKIDS> REFUSED: panel 2112 tall exceeds the 1081-px client - not touching it
[123042.356 ms][tid 5ec4] SIDEKIDS> REFUSED: panel 2112 tall exceeds the 1081-px client - not touching it
[123449.052 ms][tid 5ec4] SIDEKIDS> REFUSED: panel 2112 tall exceeds the 1081-px client - not touching it
[123855.094 ms][tid 5ec4] SIDEKIDS> REFUSED: panel 2112 tall exceeds the 1081-px client - not touching it
[124260.632 ms][tid 5ec4] SIDEKIDS> REFUSED: panel 2112 tall exceeds the 1081-px client - not touching it
[124667.581 ms][tid 5ec4] SIDEKIDS> REFUSED: panel 2112 tall exceeds the 1081-px client - not touching it
[125073.598 ms][tid 5ec4] SIDEKIDS> REFUSED: panel 2112 tall exceeds the 1081-px client - not touching it
[125479.846 ms][tid 5ec4] SIDEKIDS> REFUSED: panel 2112 tall exceeds the 1081-px client - not touching it
[125887.310 ms][tid 5ec4] SIDEKIDS> REFUSED: panel 2112 tall exceeds the 1081-px client - not touching it
[126292.227 ms][tid 5ec4] SIDEKIDS> REFUSED: panel 2112 tall exceeds the 1081-px client - not touching it
[126698.086 ms][tid 5ec4] SIDEKIDS> REFUSED: panel 2112 tall exceeds the 1081-px client - not touching it
[127105.339 ms][tid 5ec4] SIDEKIDS> REFUSED: panel 2112 tall exceeds the 1081-px client - not touching it
[127511.337 ms][tid 5ec4] SIDEKIDS> REFUSED: panel 2112 tall exceeds the 1081-px client - not touching it
[127918.584 ms][tid 5ec4] SIDEKIDS> REFUSED: panel 2112 tall exceeds the 1081-px client - not touching it
[128323.650 ms][tid 5ec4] SIDEKIDS> REFUSED: panel 2112 tall exceeds the 1081-px client - not touching it
[128730.711 ms][tid 5ec4] SIDEKIDS> REFUSED: panel 2112 tall exceeds the 1081-px client - not touching it
[129135.819 ms][tid 5ec4] SIDEKIDS> REFUSED: panel 2112 tall exceeds the 1081-px client - not touching it
[129542.250 ms][tid 5ec4] SIDEKIDS> REFUSED: panel 2112 tall exceeds the 1081-px client - not touching it
[129949.780 ms][tid 5ec4] SIDEKIDS> REFUSED: panel 2112 tall exceeds the 1081-px client - not touching it
[130354.925 ms][tid 5ec4] SIDEKIDS> REFUSED: panel 2112 tall exceeds the 1081-px client - not touching it
[130760.372 ms][tid 5ec4] SIDEKIDS> REFUSED: panel 2112 tall exceeds the 1081-px client - not touching it
[131168.744 ms][tid 5ec4] SIDEKIDS> REFUSED: panel 2112 tall exceeds the 1081-px client - not touching it
[131573.547 ms][tid 5ec4] SIDEKIDS> REFUSED: panel 2112 tall exceeds the 1081-px client - not touching it
[131979.729 ms][tid 5ec4] SIDEKIDS> REFUSED: panel 2112 tall exceeds the 1081-px client - not touching it
[132385.395 ms][tid 5ec4] SIDEKIDS> REFUSED: panel 2112 tall exceeds the 1081-px client - not touching it
[132792.966 ms][tid 5ec4] SIDEKIDS> REFUSED: panel 2112 tall exceeds the 1081-px client - not touching it
[133200.221 ms][tid 5ec4] SIDEKIDS> REFUSED: panel 2112 tall exceeds the 1081-px client - not touching it
[133604.175 ms][tid 5ec4] SIDEKIDS> REFUSED: panel 2112 tall exceeds the 1081-px client - not touching it
[134011.608 ms][tid 5ec4] SIDEKIDS> REFUSED: panel 2112 tall exceeds the 1081-px client - not touching it
[134417.157 ms][tid 5ec4] SIDEKIDS> REFUSED: panel 2112 tall exceeds the 1081-px client - not touching it
[134823.465 ms][tid 5ec4] SIDEKIDS> REFUSED: panel 2112 tall exceeds the 1081-px client - not touching it
[135229.540 ms][tid 5ec4] SIDEKIDS> REFUSED: panel 2112 tall exceeds the 1081-px client - not touching it
[135637.016 ms][tid 5ec4] SIDEKIDS> REFUSED: panel 2112 tall exceeds the 1081-px client - not touching it
[136043.111 ms][tid 5ec4] SIDEKIDS> REFUSED: panel 2112 tall exceeds the 1081-px client - not touching it
[136450.014 ms][tid 5ec4] SIDEKIDS> REFUSED: panel 2112 tall exceeds the 1081-px client - not touching it
[136854.572 ms][tid 5ec4] SIDEKIDS> REFUSED: panel 2112 tall exceeds the 1081-px client - not touching it
[137260.726 ms][tid 5ec4] SIDEKIDS> REFUSED: panel 2112 tall exceeds the 1081-px client - not touching it
[137666.538 ms][tid 5ec4] SIDEKIDS> REFUSED: panel 2112 tall exceeds the 1081-px client - not touching it
[138074.862 ms][tid 5ec4] SIDEKIDS> REFUSED: panel 2112 tall exceeds the 1081-px client - not touching it
[138481.969 ms][tid 5ec4] SIDEKIDS> REFUSED: panel 2112 tall exceeds the 1081-px client - not touching it
[138886.142 ms][tid 5ec4] SIDEKIDS> REFUSED: panel 2112 tall exceeds the 1081-px client - not touching it
[139293.502 ms][tid 5ec4] SIDEKIDS> REFUSED: panel 2112 tall exceeds the 1081-px client - not touching it
[139698.777 ms][tid 5ec4] SIDEKIDS> REFUSED: panel 2112 tall exceeds the 1081-px client - not touching it
[140105.902 ms][tid 5ec4] SIDEKIDS> REFUSED: panel 2112 tall exceeds the 1081-px client - not touching it
[140514.500 ms][tid 5ec4] SIDEKIDS> REFUSED: panel 2112 tall exceeds the 1081-px client - not touching it
[140918.366 ms][tid 5ec4] SIDEKIDS> REFUSED: panel 2112 tall exceeds the 1081-px client - not touching it
[141322.776 ms][tid 5ec4] SIDEKIDS> REFUSED: panel 2112 tall exceeds the 1081-px client - not touching it
[141731.615 ms][tid 5ec4] SIDEKIDS> REFUSED: panel 2112 tall exceeds the 1081-px client - not touching it
[142137.600 ms][tid 5ec4] SIDEKIDS> REFUSED: panel 2112 tall exceeds the 1081-px client - not touching it
[142543.148 ms][tid 5ec4] SIDEKIDS> REFUSED: panel 2112 tall exceeds the 1081-px client - not touching it
[142948.447 ms][tid 5ec4] SIDEKIDS> REFUSED: panel 2112 tall exceeds the 1081-px client - not touching it
[143354.113 ms][tid 5ec4] SIDEKIDS> REFUSED: panel 2112 tall exceeds the 1081-px client - not touching it
[143761.672 ms][tid 5ec4] SIDEKIDS> REFUSED: panel 2112 tall exceeds the 1081-px client - not touching it
[144166.951 ms][tid 5ec4] SIDEKIDS> REFUSED: panel 2112 tall exceeds the 1081-px client - not touching it
[144573.388 ms][tid 5ec4] SIDEKIDS> REFUSED: panel 2112 tall exceeds the 1081-px client - not touching it
[144979.352 ms][tid 5ec4] SIDEKIDS> REFUSED: panel 2112 tall exceeds the 1081-px client - not touching it
[145385.833 ms][tid 5ec4] SIDEKIDS> REFUSED: panel 2112 tall exceeds the 1081-px client - not touching it
[145792.618 ms][tid 5ec4] SIDEKIDS> REFUSED: panel 2112 tall exceeds the 1081-px client - not touching it
[146199.090 ms][tid 5ec4] SIDEKIDS> REFUSED: panel 2112 tall exceeds the 1081-px client - not touching it
[146604.859 ms][tid 5ec4] SIDEKIDS> REFUSED: panel 2112 tall exceeds the 1081-px client - not touching it
[147011.266 ms][tid 5ec4] SIDEKIDS> REFUSED: panel 2112 tall exceeds the 1081-px client - not touching it
[147417.903 ms][tid 5ec4] SIDEKIDS> REFUSED: panel 2112 tall exceeds the 1081-px client - not touching it
[147822.910 ms][tid 5ec4] SIDEKIDS> REFUSED: panel 2112 tall exceeds the 1081-px client - not touching it
[148230.772 ms][tid 5ec4] SIDEKIDS> REFUSED: panel 2112 tall exceeds the 1081-px client - not touching it
[148635.852 ms][tid 5ec4] SIDEKIDS> REFUSED: panel 2112 tall exceeds the 1081-px client - not touching it
[149042.578 ms][tid 5ec4] SIDEKIDS> REFUSED: panel 2112 tall exceeds the 1081-px client - not touching it
[149448.530 ms][tid 5ec4] SIDEKIDS> REFUSED: panel 2112 tall exceeds the 1081-px client - not touching it
[149855.602 ms][tid 5ec4] SIDEKIDS> REFUSED: panel 2112 tall exceeds the 1081-px client - not touching it
[150267.230 ms][tid 5ec4] SIDEKIDS> REFUSED: panel 2112 tall exceeds the 1081-px client - not touching it
[150667.422 ms][tid 5ec4] SIDEKIDS> REFUSED: panel 2112 tall exceeds the 1081-px client - not touching it
[151075.209 ms][tid 5ec4] SIDEKIDS> REFUSED: panel 2112 tall exceeds the 1081-px client - not touching it
[151481.865 ms][tid 5ec4] SIDEKIDS> REFUSED: panel 2112 tall exceeds the 1081-px client - not touching it
[151888.048 ms][tid 5ec4] SIDEKIDS> REFUSED: panel 2112 tall exceeds the 1081-px client - not touching it
[152292.050 ms][tid 5ec4] SIDEKIDS> REFUSED: panel 2112 tall exceeds the 1081-px client - not touching it
[152698.815 ms][tid 5ec4] SIDEKIDS> REFUSED: panel 2112 tall exceeds the 1081-px client - not touching it
[153105.840 ms][tid 5ec4] SIDEKIDS> REFUSED: panel 2112 tall exceeds the 1081-px client - not touching it
[153510.982 ms][tid 5ec4] SIDEKIDS> REFUSED: panel 2112 tall exceeds the 1081-px client - not touching it
[153917.364 ms][tid 5ec4] SIDEKIDS> REFUSED: panel 2112 tall exceeds the 1081-px client - not touching it
[154323.322 ms][tid 5ec4] SIDEKIDS> REFUSED: panel 2112 tall exceeds the 1081-px client - not touching it
[154730.238 ms][tid 5ec4] SIDEKIDS> REFUSED: panel 2112 tall exceeds the 1081-px client - not touching it
[155138.177 ms][tid 5ec4] SIDEKIDS> REFUSED: panel 2112 tall exceeds the 1081-px client - not touching it
[155542.369 ms][tid 5ec4] SIDEKIDS> REFUSED: panel 2112 tall exceeds the 1081-px client - not touching it
[155948.455 ms][tid 5ec4] SIDEKIDS> REFUSED: panel 2112 tall exceeds the 1081-px client - not touching it
[156355.306 ms][tid 5ec4] SIDEKIDS> REFUSED: panel 2112 tall exceeds the 1081-px client - not touching it
[156761.267 ms][tid 5ec4] SIDEKIDS> REFUSED: panel 2112 tall exceeds the 1081-px client - not touching it
[157167.309 ms][tid 5ec4] SIDEKIDS> REFUSED: panel 2112 tall exceeds the 1081-px client - not touching it
[157573.484 ms][tid 5ec4] SIDEKIDS> REFUSED: panel 2112 tall exceeds the 1081-px client - not touching it
[157979.617 ms][tid 5ec4] SIDEKIDS> REFUSED: panel 2112 tall exceeds the 1081-px client - not touching it
[158386.981 ms][tid 5ec4] SIDEKIDS> REFUSED: panel 2112 tall exceeds the 1081-px client - not touching it
[158792.609 ms][tid 5ec4] SIDEKIDS> REFUSED: panel 2112 tall exceeds the 1081-px client - not touching it
[159198.904 ms][tid 5ec4] SIDEKIDS> REFUSED: panel 2112 tall exceeds the 1081-px client - not touching it
[159604.648 ms][tid 5ec4] SIDEKIDS> REFUSED: panel 2112 tall exceeds the 1081-px client - not touching it
[160010.838 ms][tid 5ec4] SIDEKIDS> REFUSED: panel 2112 tall exceeds the 1081-px client - not touching it
[160417.267 ms][tid 5ec4] SIDEKIDS> REFUSED: panel 2112 tall exceeds the 1081-px client - not touching it
[160822.934 ms][tid 5ec4] SIDEKIDS> REFUSED: panel 2112 tall exceeds the 1081-px client - not touching it
[161229.729 ms][tid 5ec4] SIDEKIDS> REFUSED: panel 2112 tall exceeds the 1081-px client - not touching it
[161636.107 ms][tid 5ec4] SIDEKIDS> REFUSED: panel 2112 tall exceeds the 1081-px client - not touching it
[162042.881 ms][tid 5ec4] SIDEKIDS> REFUSED: panel 2112 tall exceeds the 1081-px client - not touching it
[162448.343 ms][tid 5ec4] SIDEKIDS> REFUSED: panel 2112 tall exceeds the 1081-px client - not touching it
[162854.104 ms][tid 5ec4] SIDEKIDS> REFUSED: panel 2112 tall exceeds the 1081-px client - not touching it
[163261.067 ms][tid 5ec4] SIDEKIDS> REFUSED: panel 2112 tall exceeds the 1081-px client - not touching it
[163667.412 ms][tid 5ec4] SIDEKIDS> REFUSED: panel 2112 tall exceeds the 1081-px client - not touching it
[164074.053 ms][tid 5ec4] SIDEKIDS> REFUSED: panel 2112 tall exceeds the 1081-px client - not touching it
[164479.943 ms][tid 5ec4] SIDEKIDS> REFUSED: panel 2112 tall exceeds the 1081-px client - not touching it
[164886.605 ms][tid 5ec4] SIDEKIDS> REFUSED: panel 2112 tall exceeds the 1081-px client - not touching it
[165293.101 ms][tid 5ec4] SIDEKIDS> REFUSED: panel 2112 tall exceeds the 1081-px client - not touching it
[165698.496 ms][tid 5ec4] SIDEKIDS> REFUSED: panel 2112 tall exceeds the 1081-px client - not touching it
[166105.198 ms][tid 5ec4] SIDEKIDS> REFUSED: panel 2112 tall exceeds the 1081-px client - not touching it
[166511.978 ms][tid 5ec4] SIDEKIDS> REFUSED: panel 2112 tall exceeds the 1081-px client - not touching it
[166917.934 ms][tid 5ec4] SIDEKIDS> REFUSED: panel 2112 tall exceeds the 1081-px client - not touching it
[167323.681 ms][tid 5ec4] SIDEKIDS> REFUSED: panel 2112 tall exceeds the 1081-px client - not touching it
[167730.443 ms][tid 5ec4] SIDEKIDS> REFUSED: panel 2112 tall exceeds the 1081-px client - not touching it
[168136.042 ms][tid 5ec4] SIDEKIDS> REFUSED: panel 2112 tall exceeds the 1081-px client - not touching it
[168542.696 ms][tid 5ec4] SIDEKIDS> REFUSED: panel 2112 tall exceeds the 1081-px client - not touching it
[168948.377 ms][tid 5ec4] SIDEKIDS> REFUSED: panel 2112 tall exceeds the 1081-px client - not touching it
[169357.551 ms][tid 5ec4] SIDEKIDS> REFUSED: panel 2112 tall exceeds the 1081-px client - not touching it
[169761.828 ms][tid 5ec4] SIDEKIDS> REFUSED: panel 2112 tall exceeds the 1081-px client - not touching it
[170167.077 ms][tid 5ec4] SIDEKIDS> REFUSED: panel 2112 tall exceeds the 1081-px client - not touching it
[170573.191 ms][tid 5ec4] SIDEKIDS> REFUSED: panel 2112 tall exceeds the 1081-px client - not touching it
[170980.099 ms][tid 5ec4] SIDEKIDS> REFUSED: panel 2112 tall exceeds the 1081-px client - not touching it
[171387.807 ms][tid 5ec4] SIDEKIDS> REFUSED: panel 2112 tall exceeds the 1081-px client - not touching it
[171809.950 ms][tid 5ec4] SIDEKIDS> REFUSED: panel 2112 tall exceeds the 1081-px client - not touching it
[172213.836 ms][tid 5ec4] SIDEKIDS> REFUSED: panel 2112 tall exceeds the 1081-px client - not touching it
[172620.476 ms][tid 5ec4] SIDEKIDS> REFUSED: panel 2112 tall exceeds the 1081-px client - not touching it
[173026.538 ms][tid 5ec4] SIDEKIDS> REFUSED: panel 2112 tall exceeds the 1081-px client - not touching it
[173432.318 ms][tid 5ec4] SIDEKIDS> REFUSED: panel 2112 tall exceeds the 1081-px client - not touching it
[173839.500 ms][tid 5ec4] SIDEKIDS> REFUSED: panel 2112 tall exceeds the 1081-px client - not touching it
[174246.530 ms][tid 5ec4] SIDEKIDS> REFUSED: panel 2112 tall exceeds the 1081-px client - not touching it
[174651.916 ms][tid 5ec4] SIDEKIDS> REFUSED: panel 2112 tall exceeds the 1081-px client - not touching it
[175058.144 ms][tid 5ec4] SIDEKIDS> REFUSED: panel 2112 tall exceeds the 1081-px client - not touching it
[175464.755 ms][tid 5ec4] SIDEKIDS> REFUSED: panel 2112 tall exceeds the 1081-px client - not touching it
[175871.171 ms][tid 5ec4] SIDEKIDS> REFUSED: panel 2112 tall exceeds the 1081-px client - not touching it
[176277.388 ms][tid 5ec4] SIDEKIDS> REFUSED: panel 2112 tall exceeds the 1081-px client - not touching it
[176683.394 ms][tid 5ec4] SIDEKIDS> REFUSED: panel 2112 tall exceeds the 1081-px client - not touching it
[177090.625 ms][tid 5ec4] SIDEKIDS> REFUSED: panel 2112 tall exceeds the 1081-px client - not touching it
[177495.164 ms][tid 5ec4] SIDEKIDS> REFUSED: panel 2112 tall exceeds the 1081-px client - not touching it
[177903.201 ms][tid 5ec4] SIDEKIDS> REFUSED: panel 2112 tall exceeds the 1081-px client - not touching it
[178308.159 ms][tid 5ec4] SIDEKIDS> REFUSED: panel 2112 tall exceeds the 1081-px client - not touching it
[178713.687 ms][tid 5ec4] SIDEKIDS> REFUSED: panel 2112 tall exceeds the 1081-px client - not touching it
[179121.509 ms][tid 5ec4] SIDEKIDS> REFUSED: panel 2112 tall exceeds the 1081-px client - not touching it
[179526.310 ms][tid 5ec4] SIDEKIDS> REFUSED: panel 2112 tall exceeds the 1081-px client - not touching it
[179933.626 ms][tid 5ec4] SIDEKIDS> REFUSED: panel 2112 tall exceeds the 1081-px client - not touching it
[180339.701 ms][tid 5ec4] SIDEKIDS> REFUSED: panel 2112 tall exceeds the 1081-px client - not touching it
[180745.176 ms][tid 5ec4] SIDEKIDS> REFUSED: panel 2112 tall exceeds the 1081-px client - not touching it
[181151.761 ms][tid 5ec4] SIDEKIDS> REFUSED: panel 2112 tall exceeds the 1081-px client - not touching it
[181560.952 ms][tid 5ec4] SIDEKIDS> REFUSED: panel 2112 tall exceeds the 1081-px client - not touching it
[181966.457 ms][tid 5ec4] SIDEKIDS> REFUSED: panel 2112 tall exceeds the 1081-px client - not touching it
[182370.584 ms][tid 5ec4] SIDEKIDS> REFUSED: panel 2112 tall exceeds the 1081-px client - not touching it
[182777.767 ms][tid 5ec4] SIDEKIDS> REFUSED: panel 2112 tall exceeds the 1081-px client - not touching it
[183183.040 ms][tid 5ec4] SIDEKIDS> REFUSED: panel 2112 tall exceeds the 1081-px client - not touching it
[183589.326 ms][tid 5ec4] SIDEKIDS> REFUSED: panel 2112 tall exceeds the 1081-px client - not touching it
[183995.460 ms][tid 5ec4] SIDEKIDS> REFUSED: panel 2112 tall exceeds the 1081-px client - not touching it
[184403.079 ms][tid 5ec4] SIDEKIDS> REFUSED: panel 2112 tall exceeds the 1081-px client - not touching it
[184810.016 ms][tid 5ec4] SIDEKIDS> REFUSED: panel 2112 tall exceeds the 1081-px client - not touching it
[185215.211 ms][tid 5ec4] SIDEKIDS> REFUSED: panel 2112 tall exceeds the 1081-px client - not touching it
[185621.601 ms][tid 5ec4] SIDEKIDS> REFUSED: panel 2112 tall exceeds the 1081-px client - not touching it
[186032.955 ms][tid 5ec4] SIDEKIDS> REFUSED: panel 2112 tall exceeds the 1081-px client - not touching it
[186444.312 ms][tid 5ec4] SIDEKIDS> REFUSED: panel 2112 tall exceeds the 1081-px client - not touching it
[186935.515 ms][tid 5ec4] SIDEKIDS> REFUSED: panel 2112 tall exceeds the 1081-px client - not touching it
[187353.446 ms][tid 5ec4] SIDEKIDS> REFUSED: panel 2112 tall exceeds the 1081-px client - not touching it
[187821.204 ms][tid 5ec4] SIDEKIDS> REFUSED: panel 2112 tall exceeds the 1081-px client - not touching it
[188264.909 ms][tid 5ec4] SIDEKIDS> REFUSED: panel 2112 tall exceeds the 1081-px client - not touching it
[188671.514 ms][tid 5ec4] SIDEKIDS> REFUSED: panel 2112 tall exceeds the 1081-px client - not touching it
[189100.461 ms][tid 5ec4] SIDEKIDS> REFUSED: panel 2112 tall exceeds the 1081-px client - not touching it
[189498.666 ms][tid 5ec4] SIDEKIDS> REFUSED: panel 2112 tall exceeds the 1081-px client - not touching it
[190022.010 ms][tid 5ec4] SIDEKIDS> REFUSED: panel 2112 tall exceeds the 1081-px client - not touching it
[190459.042 ms][tid 5ec4] SIDEKIDS> REFUSED: panel 2112 tall exceeds the 1081-px client - not touching it
[191350.087 ms][tid 5ec4] SIDEKIDS> REFUSED: panel 2112 tall exceeds the 1081-px client - not touching it
[192015.562 ms][tid 5ec4] SIDEKIDS> REFUSED: panel 2112 tall exceeds the 1081-px client - not touching it
[192670.535 ms][tid 5ec4] SIDEKIDS> REFUSED: panel 2112 tall exceeds the 1081-px client - not touching it
[193074.453 ms][tid 5ec4] SIDEKIDS> REFUSED: panel 2112 tall exceeds the 1081-px client - not touching it
[193636.166 ms][tid 5ec4] SIDEKIDS> REFUSED: panel 2112 tall exceeds the 1081-px client - not touching it
[194256.759 ms][tid 5ec4] SIDEKIDS> REFUSED: panel 2112 tall exceeds the 1081-px client - not touching it
[194673.709 ms][tid 5ec4] SIDEKIDS> REFUSED: panel 2112 tall exceeds the 1081-px client - not touching it
[195105.385 ms][tid 5ec4] SIDEKIDS> REFUSED: panel 2112 tall exceeds the 1081-px client - not touching it
[195527.218 ms][tid 5ec4] SIDEKIDS> REFUSED: panel 2112 tall exceeds the 1081-px client - not touching it
[195944.428 ms][tid 5ec4] SIDEKIDS> REFUSED: panel 2112 tall exceeds the 1081-px client - not touching it
[196351.864 ms][tid 5ec4] SIDEKIDS> REFUSED: panel 2112 tall exceeds the 1081-px client - not touching it
[196751.849 ms][tid 5ec4] SIDEKIDS> REFUSED: panel 2112 tall exceeds the 1081-px client - not touching it
[197225.183 ms][tid 5ec4] SIDEKIDS> REFUSED: panel 2112 tall exceeds the 1081-px client - not touching it
[197619.739 ms][tid 5ec4] SIDEKIDS> REFUSED: panel 2112 tall exceeds the 1081-px client - not touching it
[198037.663 ms][tid 5ec4] SIDEKIDS> REFUSED: panel 2112 tall exceeds the 1081-px client - not touching it
[198459.807 ms][tid 5ec4] SIDEKIDS> REFUSED: panel 2112 tall exceeds the 1081-px client - not touching it
[198877.280 ms][tid 5ec4] SIDEKIDS> REFUSED: panel 2112 tall exceeds the 1081-px client - not touching it
[199373.246 ms][tid 5ec4] SIDEKIDS> REFUSED: panel 2112 tall exceeds the 1081-px client - not touching it
[200002.305 ms][tid 5ec4] SIDEKIDS> REFUSED: panel 2112 tall exceeds the 1081-px client - not touching it
[200480.138 ms][tid 5ec4] SIDEKIDS> REFUSED: panel 2112 tall exceeds the 1081-px client - not touching it
[200970.851 ms][tid 5ec4] SIDEKIDS> REFUSED: panel 2112 tall exceeds the 1081-px client - not touching it
[201397.684 ms][tid 5ec4] SIDEKIDS> REFUSED: panel 2112 tall exceeds the 1081-px client - not touching it
[201793.707 ms][tid 5ec4] SIDEKIDS> REFUSED: panel 2112 tall exceeds the 1081-px client - not touching it
[202210.501 ms][tid 5ec4] SIDEKIDS> REFUSED: panel 2112 tall exceeds the 1081-px client - not touching it
[202634.568 ms][tid 5ec4] SIDEKIDS> REFUSED: panel 2112 tall exceeds the 1081-px client - not touching it
[203053.795 ms][tid 5ec4] SIDEKIDS> REFUSED: panel 2112 tall exceeds the 1081-px client - not touching it
[203451.990 ms][tid 5ec4] SIDEKIDS> REFUSED: panel 2112 tall exceeds the 1081-px client - not touching it
[203907.642 ms][tid 5ec4] SIDEKIDS> REFUSED: panel 2112 tall exceeds the 1081-px client - not touching it
[204368.430 ms][tid 5ec4] SIDEKIDS> REFUSED: panel 2112 tall exceeds the 1081-px client - not touching it
[204804.718 ms][tid 5ec4] SIDEKIDS> REFUSED: panel 2112 tall exceeds the 1081-px client - not touching it
[205209.573 ms][tid 5ec4] SIDEKIDS> REFUSED: panel 2112 tall exceeds the 1081-px client - not touching it
[205614.017 ms][tid 5ec4] SIDEKIDS> REFUSED: panel 2112 tall exceeds the 1081-px client - not touching it
[206014.482 ms][tid 5ec4] SIDEKIDS> REFUSED: panel 2112 tall exceeds the 1081-px client - not touching it
[206421.345 ms][tid 5ec4] SIDEKIDS> REFUSED: panel 2112 tall exceeds the 1081-px client - not touching it
[206824.297 ms][tid 5ec4] SIDEKIDS> REFUSED: panel 2112 tall exceeds the 1081-px client - not touching it
[207299.609 ms][tid 5ec4] SIDEKIDS> REFUSED: panel 2112 tall exceeds the 1081-px client - not touching it
[208401.269 ms][tid 5ec4] SIDEKIDS> REFUSED: panel 2112 tall exceeds the 1081-px client - not touching it
[208810.882 ms][tid 5ec4] SIDEKIDS> REFUSED: panel 2112 tall exceeds the 1081-px client - not touching it
[209337.400 ms][tid 5ec4] SIDEKIDS> REFUSED: panel 2112 tall exceeds the 1081-px client - not touching it
[209845.792 ms][tid 5ec4] SIDEKIDS> REFUSED: panel 2112 tall exceeds the 1081-px client - not touching it
[210280.872 ms][tid 5ec4] SIDEKIDS> REFUSED: panel 2112 tall exceeds the 1081-px client - not touching it
[210721.617 ms][tid 5ec4] SIDEKIDS> REFUSED: panel 2112 tall exceeds the 1081-px client - not touching it
[211153.722 ms][tid 5ec4] SIDEKIDS> REFUSED: panel 2112 tall exceeds the 1081-px client - not touching it
[211591.540 ms][tid 5ec4] SIDEKIDS> REFUSED: panel 2112 tall exceeds the 1081-px client - not touching it
[212010.543 ms][tid 5ec4] SIDEKIDS> REFUSED: panel 2112 tall exceeds the 1081-px client - not touching it
[212495.404 ms][tid 5ec4] SIDEKIDS> REFUSED: panel 2112 tall exceeds the 1081-px client - not touching it
[212936.835 ms][tid 5ec4] SIDEKIDS> REFUSED: panel 2112 tall exceeds the 1081-px client - not touching it
[213538.632 ms][tid 5ec4] SIDEKIDS> REFUSED: panel 2112 tall exceeds the 1081-px client - not touching it
[213974.024 ms][tid 5ec4] SIDEKIDS> REFUSED: panel 2112 tall exceeds the 1081-px client - not touching it
[214374.526 ms][tid 5ec4] SIDEKIDS> REFUSED: panel 2112 tall exceeds the 1081-px client - not touching it
[214778.967 ms][tid 5ec4] SIDEKIDS> REFUSED: panel 2112 tall exceeds the 1081-px client - not touching it
[215231.844 ms][tid 5ec4] SIDEKIDS> REFUSED: panel 2112 tall exceeds the 1081-px client - not touching it
[215636.086 ms][tid 5ec4] SIDEKIDS> REFUSED: panel 2112 tall exceeds the 1081-px client - not touching it
[216042.297 ms][tid 5ec4] SIDEKIDS> REFUSED: panel 2112 tall exceeds the 1081-px client - not touching it
[216449.022 ms][tid 5ec4] SIDEKIDS> REFUSED: panel 2112 tall exceeds the 1081-px client - not touching it
[216854.511 ms][tid 5ec4] SIDEKIDS> REFUSED: panel 2112 tall exceeds the 1081-px client - not touching it
[217261.654 ms][tid 5ec4] SIDEKIDS> REFUSED: panel 2112 tall exceeds the 1081-px client - not touching it
[217667.961 ms][tid 5ec4] SIDEKIDS> REFUSED: panel 2112 tall exceeds the 1081-px client - not touching it
[218074.187 ms][tid 5ec4] SIDEKIDS> REFUSED: panel 2112 tall exceeds the 1081-px client - not touching it
[218480.722 ms][tid 5ec4] SIDEKIDS> REFUSED: panel 2112 tall exceeds the 1081-px client - not touching it
[218887.239 ms][tid 5ec4] SIDEKIDS> REFUSED: panel 2112 tall exceeds the 1081-px client - not touching it
[219293.796 ms][tid 5ec4] SIDEKIDS> REFUSED: panel 2112 tall exceeds the 1081-px client - not touching it
[219698.552 ms][tid 5ec4] SIDEKIDS> REFUSED: panel 2112 tall exceeds the 1081-px client - not touching it
[220104.040 ms][tid 5ec4] SIDEKIDS> REFUSED: panel 2112 tall exceeds the 1081-px client - not touching it
[220511.280 ms][tid 5ec4] SIDEKIDS> REFUSED: panel 2112 tall exceeds the 1081-px client - not touching it
[220917.508 ms][tid 5ec4] SIDEKIDS> REFUSED: panel 2112 tall exceeds the 1081-px client - not touching it
[221323.188 ms][tid 5ec4] SIDEKIDS> REFUSED: panel 2112 tall exceeds the 1081-px client - not touching it
[221729.653 ms][tid 5ec4] SIDEKIDS> REFUSED: panel 2112 tall exceeds the 1081-px client - not touching it
[222136.159 ms][tid 5ec4] SIDEKIDS> REFUSED: panel 2112 tall exceeds the 1081-px client - not touching it
[222542.983 ms][tid 5ec4] SIDEKIDS> REFUSED: panel 2112 tall exceeds the 1081-px client - not touching it
[222948.910 ms][tid 5ec4] SIDEKIDS> REFUSED: panel 2112 tall exceeds the 1081-px client - not touching it
[223354.230 ms][tid 5ec4] SIDEKIDS> REFUSED: panel 2112 tall exceeds the 1081-px client - not touching it
[223760.851 ms][tid 5ec4] SIDEKIDS> REFUSED: panel 2112 tall exceeds the 1081-px client - not touching it
[224167.376 ms][tid 5ec4] SIDEKIDS> REFUSED: panel 2112 tall exceeds the 1081-px client - not touching it
[224574.545 ms][tid 5ec4] SIDEKIDS> REFUSED: panel 2112 tall exceeds the 1081-px client - not touching it
[224980.180 ms][tid 5ec4] SIDEKIDS> REFUSED: panel 2112 tall exceeds the 1081-px client - not touching it
[225386.063 ms][tid 5ec4] SIDEKIDS> REFUSED: panel 2112 tall exceeds the 1081-px client - not touching it
[225793.132 ms][tid 5ec4] SIDEKIDS> REFUSED: panel 2112 tall exceeds the 1081-px client - not touching it
[226198.894 ms][tid 5ec4] SIDEKIDS> REFUSED: panel 2112 tall exceeds the 1081-px client - not touching it
[226606.121 ms][tid 5ec4] SIDEKIDS> REFUSED: panel 2112 tall exceeds the 1081-px client - not touching it
[227011.096 ms][tid 5ec4] SIDEKIDS> REFUSED: panel 2112 tall exceeds the 1081-px client - not touching it
[227416.887 ms][tid 5ec4] SIDEKIDS> REFUSED: panel 2112 tall exceeds the 1081-px client - not touching it
[227823.416 ms][tid 5ec4] SIDEKIDS> REFUSED: panel 2112 tall exceeds the 1081-px client - not touching it
[228230.359 ms][tid 5ec4] SIDEKIDS> REFUSED: panel 2112 tall exceeds the 1081-px client - not touching it
[228636.491 ms][tid 5ec4] SIDEKIDS> REFUSED: panel 2112 tall exceeds the 1081-px client - not touching it
[229042.590 ms][tid 5ec4] SIDEKIDS> REFUSED: panel 2112 tall exceeds the 1081-px client - not touching it
[229448.990 ms][tid 5ec4] SIDEKIDS> REFUSED: panel 2112 tall exceeds the 1081-px client - not touching it
[229855.562 ms][tid 5ec4] SIDEKIDS> REFUSED: panel 2112 tall exceeds the 1081-px client - not touching it
[230262.126 ms][tid 5ec4] SIDEKIDS> REFUSED: panel 2112 tall exceeds the 1081-px client - not touching it
[230667.471 ms][tid 5ec4] SIDEKIDS> REFUSED: panel 2112 tall exceeds the 1081-px client - not touching it
[231073.382 ms][tid 5ec4] SIDEKIDS> REFUSED: panel 2112 tall exceeds the 1081-px client - not touching it
[231479.361 ms][tid 5ec4] SIDEKIDS> REFUSED: panel 2112 tall exceeds the 1081-px client - not touching it
[231886.473 ms][tid 5ec4] SIDEKIDS> REFUSED: panel 2112 tall exceeds the 1081-px client - not touching it
[232292.847 ms][tid 5ec4] SIDEKIDS> REFUSED: panel 2112 tall exceeds the 1081-px client - not touching it
[232698.789 ms][tid 5ec4] SIDEKIDS> REFUSED: panel 2112 tall exceeds the 1081-px client - not touching it
[233106.378 ms][tid 5ec4] SIDEKIDS> REFUSED: panel 2112 tall exceeds the 1081-px client - not touching it
[233512.339 ms][tid 5ec4] SIDEKIDS> REFUSED: panel 2112 tall exceeds the 1081-px client - not touching it
[233916.776 ms][tid 5ec4] SIDEKIDS> REFUSED: panel 2112 tall exceeds the 1081-px client - not touching it
[234323.657 ms][tid 5ec4] SIDEKIDS> REFUSED: panel 2112 tall exceeds the 1081-px client - not touching it
[234729.881 ms][tid 5ec4] SIDEKIDS> REFUSED: panel 2112 tall exceeds the 1081-px client - not touching it
[235137.082 ms][tid 5ec4] SIDEKIDS> REFUSED: panel 2112 tall exceeds the 1081-px client - not touching it
[235542.309 ms][tid 5ec4] SIDEKIDS> REFUSED: panel 2112 tall exceeds the 1081-px client - not touching it
[235949.893 ms][tid 5ec4] SIDEKIDS> REFUSED: panel 2112 tall exceeds the 1081-px client - not touching it
[236354.567 ms][tid 5ec4] SIDEKIDS> REFUSED: panel 2112 tall exceeds the 1081-px client - not touching it
[236760.306 ms][tid 5ec4] SIDEKIDS> REFUSED: panel 2112 tall exceeds the 1081-px client - not touching it
[237166.711 ms][tid 5ec4] SIDEKIDS> REFUSED: panel 2112 tall exceeds the 1081-px client - not touching it
[237573.119 ms][tid 5ec4] SIDEKIDS> REFUSED: panel 2112 tall exceeds the 1081-px client - not touching it
[237979.580 ms][tid 5ec4] SIDEKIDS> REFUSED: panel 2112 tall exceeds the 1081-px client - not touching it
[238386.387 ms][tid 5ec4] SIDEKIDS> REFUSED: panel 2112 tall exceeds the 1081-px client - not touching it
[238792.657 ms][tid 5ec4] SIDEKIDS> REFUSED: panel 2112 tall exceeds the 1081-px client - not touching it
[239197.903 ms][tid 5ec4] SIDEKIDS> REFUSED: panel 2112 tall exceeds the 1081-px client - not touching it
[239605.049 ms][tid 5ec4] SIDEKIDS> REFUSED: panel 2112 tall exceeds the 1081-px client - not touching it
[240010.625 ms][tid 5ec4] SIDEKIDS> REFUSED: panel 2112 tall exceeds the 1081-px client - not touching it
[240417.526 ms][tid 5ec4] SIDEKIDS> REFUSED: panel 2112 tall exceeds the 1081-px client - not touching it
[240823.614 ms][tid 5ec4] SIDEKIDS> REFUSED: panel 2112 tall exceeds the 1081-px client - not touching it
[241230.427 ms][tid 5ec4] SIDEKIDS> REFUSED: panel 2112 tall exceeds the 1081-px client - not touching it
[241635.968 ms][tid 5ec4] SIDEKIDS> REFUSED: panel 2112 tall exceeds the 1081-px client - not touching it
[242041.957 ms][tid 5ec4] SIDEKIDS> REFUSED: panel 2112 tall exceeds the 1081-px client - not touching it
[242449.119 ms][tid 5ec4] SIDEKIDS> REFUSED: panel 2112 tall exceeds the 1081-px client - not touching it
[242855.259 ms][tid 5ec4] SIDEKIDS> REFUSED: panel 2112 tall exceeds the 1081-px client - not touching it
[243261.133 ms][tid 5ec4] SIDEKIDS> REFUSED: panel 2112 tall exceeds the 1081-px client - not touching it
[243667.398 ms][tid 5ec4] SIDEKIDS> REFUSED: panel 2112 tall exceeds the 1081-px client - not touching it
[244073.714 ms][tid 5ec4] SIDEKIDS> REFUSED: panel 2112 tall exceeds the 1081-px client - not touching it
[244479.593 ms][tid 5ec4] SIDEKIDS> REFUSED: panel 2112 tall exceeds the 1081-px client - not touching it
[244886.798 ms][tid 5ec4] SIDEKIDS> REFUSED: panel 2112 tall exceeds the 1081-px client - not touching it
[245292.432 ms][tid 5ec4] SIDEKIDS> REFUSED: panel 2112 tall exceeds the 1081-px client - not touching it
[245698.242 ms][tid 5ec4] SIDEKIDS> REFUSED: panel 2112 tall exceeds the 1081-px client - not touching it
[246104.530 ms][tid 5ec4] SIDEKIDS> REFUSED: panel 2112 tall exceeds the 1081-px client - not touching it
[246512.008 ms][tid 5ec4] SIDEKIDS> REFUSED: panel 2112 tall exceeds the 1081-px client - not touching it
[246918.514 ms][tid 5ec4] SIDEKIDS> REFUSED: panel 2112 tall exceeds the 1081-px client - not touching it
[247324.470 ms][tid 5ec4] SIDEKIDS> REFUSED: panel 2112 tall exceeds the 1081-px client - not touching it
[247729.402 ms][tid 5ec4] SIDEKIDS> REFUSED: panel 2112 tall exceeds the 1081-px client - not touching it
[248135.474 ms][tid 5ec4] SIDEKIDS> REFUSED: panel 2112 tall exceeds the 1081-px client - not touching it
[248541.672 ms][tid 5ec4] SIDEKIDS> REFUSED: panel 2112 tall exceeds the 1081-px client - not touching it
[248949.267 ms][tid 5ec4] SIDEKIDS> REFUSED: panel 2112 tall exceeds the 1081-px client - not touching it
[249355.045 ms][tid 5ec4] SIDEKIDS> REFUSED: panel 2112 tall exceeds the 1081-px client - not touching it
[249760.740 ms][tid 5ec4] SIDEKIDS> REFUSED: panel 2112 tall exceeds the 1081-px client - not touching it
[250167.996 ms][tid 5ec4] SIDEKIDS> REFUSED: panel 2112 tall exceeds the 1081-px client - not touching it
[250573.929 ms][tid 5ec4] SIDEKIDS> REFUSED: panel 2112 tall exceeds the 1081-px client - not touching it
[250980.524 ms][tid 5ec4] SIDEKIDS> REFUSED: panel 2112 tall exceeds the 1081-px client - not touching it
[251385.889 ms][tid 5ec4] SIDEKIDS> REFUSED: panel 2112 tall exceeds the 1081-px client - not touching it
[251792.333 ms][tid 5ec4] SIDEKIDS> REFUSED: panel 2112 tall exceeds the 1081-px client - not touching it
[252199.164 ms][tid 5ec4] SIDEKIDS> REFUSED: panel 2112 tall exceeds the 1081-px client - not touching it
[252604.703 ms][tid 5ec4] SIDEKIDS> REFUSED: panel 2112 tall exceeds the 1081-px client - not touching it
[253011.316 ms][tid 5ec4] SIDEKIDS> REFUSED: panel 2112 tall exceeds the 1081-px client - not touching it
[253417.666 ms][tid 5ec4] SIDEKIDS> REFUSED: panel 2112 tall exceeds the 1081-px client - not touching it
[253823.543 ms][tid 5ec4] SIDEKIDS> REFUSED: panel 2112 tall exceeds the 1081-px client - not touching it
[254231.152 ms][tid 5ec4] SIDEKIDS> REFUSED: panel 2112 tall exceeds the 1081-px client - not touching it
[254636.454 ms][tid 5ec4] SIDEKIDS> REFUSED: panel 2112 tall exceeds the 1081-px client - not touching it
[255042.779 ms][tid 5ec4] SIDEKIDS> REFUSED: panel 2112 tall exceeds the 1081-px client - not touching it
[255448.661 ms][tid 5ec4] SIDEKIDS> REFUSED: panel 2112 tall exceeds the 1081-px client - not touching it
[255854.429 ms][tid 5ec4] SIDEKIDS> REFUSED: panel 2112 tall exceeds the 1081-px client - not touching it
[256261.035 ms][tid 5ec4] SIDEKIDS> REFUSED: panel 2112 tall exceeds the 1081-px client - not touching it
[256667.474 ms][tid 5ec4] SIDEKIDS> REFUSED: panel 2112 tall exceeds the 1081-px client - not touching it
[257073.410 ms][tid 5ec4] SIDEKIDS> REFUSED: panel 2112 tall exceeds the 1081-px client - not touching it
[257479.673 ms][tid 5ec4] SIDEKIDS> REFUSED: panel 2112 tall exceeds the 1081-px client - not touching it
[257885.847 ms][tid 5ec4] SIDEKIDS> REFUSED: panel 2112 tall exceeds the 1081-px client - not touching it
[258292.995 ms][tid 5ec4] SIDEKIDS> REFUSED: panel 2112 tall exceeds the 1081-px client - not touching it
[258700.056 ms][tid 5ec4] SIDEKIDS> REFUSED: panel 2112 tall exceeds the 1081-px client - not touching it
[259104.908 ms][tid 5ec4] SIDEKIDS> REFUSED: panel 2112 tall exceeds the 1081-px client - not touching it
[259511.475 ms][tid 5ec4] SIDEKIDS> REFUSED: panel 2112 tall exceeds the 1081-px client - not touching it
[259916.758 ms][tid 5ec4] SIDEKIDS> REFUSED: panel 2112 tall exceeds the 1081-px client - not touching it
[260324.206 ms][tid 5ec4] SIDEKIDS> REFUSED: panel 2112 tall exceeds the 1081-px client - not touching it
[260730.442 ms][tid 5ec4] SIDEKIDS> REFUSED: panel 2112 tall exceeds the 1081-px client - not touching it
[261135.660 ms][tid 5ec4] SIDEKIDS> REFUSED: panel 2112 tall exceeds the 1081-px client - not touching it
[261542.414 ms][tid 5ec4] SIDEKIDS> REFUSED: panel 2112 tall exceeds the 1081-px client - not touching it
[261948.510 ms][tid 5ec4] SIDEKIDS> REFUSED: panel 2112 tall exceeds the 1081-px client - not touching it
[262355.350 ms][tid 5ec4] SIDEKIDS> REFUSED: panel 2112 tall exceeds the 1081-px client - not touching it
[262762.445 ms][tid 5ec4] SIDEKIDS> REFUSED: panel 2112 tall exceeds the 1081-px client - not touching it
[263167.689 ms][tid 5ec4] SIDEKIDS> REFUSED: panel 2112 tall exceeds the 1081-px client - not touching it
[263573.514 ms][tid 5ec4] SIDEKIDS> REFUSED: panel 2112 tall exceeds the 1081-px client - not touching it
[263979.975 ms][tid 5ec4] SIDEKIDS> REFUSED: panel 2112 tall exceeds the 1081-px client - not touching it
[264386.969 ms][tid 5ec4] SIDEKIDS> REFUSED: panel 2112 tall exceeds the 1081-px client - not touching it
[264793.017 ms][tid 5ec4] SIDEKIDS> REFUSED: panel 2112 tall exceeds the 1081-px client - not touching it
[265199.675 ms][tid 5ec4] SIDEKIDS> REFUSED: panel 2112 tall exceeds the 1081-px client - not touching it
[265604.491 ms][tid 5ec4] SIDEKIDS> REFUSED: panel 2112 tall exceeds the 1081-px client - not touching it
[266011.454 ms][tid 5ec4] SIDEKIDS> REFUSED: panel 2112 tall exceeds the 1081-px client - not touching it
[266416.809 ms][tid 5ec4] SIDEKIDS> REFUSED: panel 2112 tall exceeds the 1081-px client - not touching it
[266823.198 ms][tid 5ec4] SIDEKIDS> REFUSED: panel 2112 tall exceeds the 1081-px client - not touching it
[267230.545 ms][tid 5ec4] SIDEKIDS> REFUSED: panel 2112 tall exceeds the 1081-px client - not touching it
[267636.418 ms][tid 5ec4] SIDEKIDS> REFUSED: panel 2112 tall exceeds the 1081-px client - not touching it
[268041.908 ms][tid 5ec4] SIDEKIDS> REFUSED: panel 2112 tall exceeds the 1081-px client - not touching it
[268448.088 ms][tid 5ec4] SIDEKIDS> REFUSED: panel 2112 tall exceeds the 1081-px client - not touching it
[268854.530 ms][tid 5ec4] SIDEKIDS> REFUSED: panel 2112 tall exceeds the 1081-px client - not touching it
[269262.350 ms][tid 5ec4] SIDEKIDS> REFUSED: panel 2112 tall exceeds the 1081-px client - not touching it
[269667.859 ms][tid 5ec4] SIDEKIDS> REFUSED: panel 2112 tall exceeds the 1081-px client - not touching it
[270073.467 ms][tid 5ec4] SIDEKIDS> REFUSED: panel 2112 tall exceeds the 1081-px client - not touching it
[270480.026 ms][tid 5ec4] SIDEKIDS> REFUSED: panel 2112 tall exceeds the 1081-px client - not touching it
[270885.850 ms][tid 5ec4] SIDEKIDS> REFUSED: panel 2112 tall exceeds the 1081-px client - not touching it
[271291.884 ms][tid 5ec4] SIDEKIDS> REFUSED: panel 2112 tall exceeds the 1081-px client - not touching it
[271698.936 ms][tid 5ec4] SIDEKIDS> REFUSED: panel 2112 tall exceeds the 1081-px client - not touching it
[272104.818 ms][tid 5ec4] SIDEKIDS> REFUSED: panel 2112 tall exceeds the 1081-px client - not touching it
[272512.673 ms][tid 5ec4] SIDEKIDS> REFUSED: panel 2112 tall exceeds the 1081-px client - not touching it
[272917.542 ms][tid 5ec4] SIDEKIDS> REFUSED: panel 2112 tall exceeds the 1081-px client - not touching it
[273323.900 ms][tid 5ec4] SIDEKIDS> REFUSED: panel 2112 tall exceeds the 1081-px client - not touching it
[273730.432 ms][tid 5ec4] SIDEKIDS> REFUSED: panel 2112 tall exceeds the 1081-px client - not touching it
[274136.610 ms][tid 5ec4] SIDEKIDS> REFUSED: panel 2112 tall exceeds the 1081-px client - not touching it
[274542.474 ms][tid 5ec4] SIDEKIDS> REFUSED: panel 2112 tall exceeds the 1081-px client - not touching it
[274948.148 ms][tid 5ec4] SIDEKIDS> REFUSED: panel 2112 tall exceeds the 1081-px client - not touching it
[275355.654 ms][tid 5ec4] SIDEKIDS> REFUSED: panel 2112 tall exceeds the 1081-px client - not touching it
[275761.424 ms][tid 5ec4] SIDEKIDS> REFUSED: panel 2112 tall exceeds the 1081-px client - not touching it
[276167.147 ms][tid 5ec4] SIDEKIDS> REFUSED: panel 2112 tall exceeds the 1081-px client - not touching it
[276573.388 ms][tid 5ec4] SIDEKIDS> REFUSED: panel 2112 tall exceeds the 1081-px client - not touching it
[276979.771 ms][tid 5ec4] SIDEKIDS> REFUSED: panel 2112 tall exceeds the 1081-px client - not touching it
[277386.566 ms][tid 5ec4] SIDEKIDS> REFUSED: panel 2112 tall exceeds the 1081-px client - not touching it
[277792.054 ms][tid 5ec4] SIDEKIDS> REFUSED: panel 2112 tall exceeds the 1081-px client - not touching it
[278198.899 ms][tid 5ec4] SIDEKIDS> REFUSED: panel 2112 tall exceeds the 1081-px client - not touching it
[278604.654 ms][tid 5ec4] SIDEKIDS> REFUSED: panel 2112 tall exceeds the 1081-px client - not touching it
[279011.362 ms][tid 5ec4] SIDEKIDS> REFUSED: panel 2112 tall exceeds the 1081-px client - not touching it
[279418.063 ms][tid 5ec4] SIDEKIDS> REFUSED: panel 2112 tall exceeds the 1081-px client - not touching it
[279824.620 ms][tid 5ec4] SIDEKIDS> REFUSED: panel 2112 tall exceeds the 1081-px client - not touching it
[280230.782 ms][tid 5ec4] SIDEKIDS> REFUSED: panel 2112 tall exceeds the 1081-px client - not touching it
[280635.366 ms][tid 5ec4] SIDEKIDS> REFUSED: panel 2112 tall exceeds the 1081-px client - not touching it
[281042.062 ms][tid 5ec4] SIDEKIDS> REFUSED: panel 2112 tall exceeds the 1081-px client - not touching it
[281449.479 ms][tid 5ec4] SIDEKIDS> REFUSED: panel 2112 tall exceeds the 1081-px client - not touching it
[281854.556 ms][tid 5ec4] SIDEKIDS> REFUSED: panel 2112 tall exceeds the 1081-px client - not touching it
[282261.628 ms][tid 5ec4] SIDEKIDS> REFUSED: panel 2112 tall exceeds the 1081-px client - not touching it
[282668.006 ms][tid 5ec4] SIDEKIDS> REFUSED: panel 2112 tall exceeds the 1081-px client - not touching it
[283073.670 ms][tid 5ec4] SIDEKIDS> REFUSED: panel 2112 tall exceeds the 1081-px client - not touching it
[283479.303 ms][tid 5ec4] SIDEKIDS> REFUSED: panel 2112 tall exceeds the 1081-px client - not touching it
[283885.973 ms][tid 5ec4] SIDEKIDS> REFUSED: panel 2112 tall exceeds the 1081-px client - not touching it
[284292.969 ms][tid 5ec4] SIDEKIDS> REFUSED: panel 2112 tall exceeds the 1081-px client - not touching it
[284698.215 ms][tid 5ec4] SIDEKIDS> REFUSED: panel 2112 tall exceeds the 1081-px client - not touching it
[285104.655 ms][tid 5ec4] SIDEKIDS> REFUSED: panel 2112 tall exceeds the 1081-px client - not touching it
[285510.963 ms][tid 5ec4] SIDEKIDS> REFUSED: panel 2112 tall exceeds the 1081-px client - not touching it
[285917.148 ms][tid 5ec4] SIDEKIDS> REFUSED: panel 2112 tall exceeds the 1081-px client - not touching it
[286323.406 ms][tid 5ec4] SIDEKIDS> REFUSED: panel 2112 tall exceeds the 1081-px client - not touching it
[286730.274 ms][tid 5ec4] SIDEKIDS> REFUSED: panel 2112 tall exceeds the 1081-px client - not touching it
[287136.139 ms][tid 5ec4] SIDEKIDS> REFUSED: panel 2112 tall exceeds the 1081-px client - not touching it
[287541.982 ms][tid 5ec4] SIDEKIDS> REFUSED: panel 2112 tall exceeds the 1081-px client - not touching it
[287948.571 ms][tid 5ec4] SIDEKIDS> REFUSED: panel 2112 tall exceeds the 1081-px client - not touching it
[288355.866 ms][tid 5ec4] SIDEKIDS> REFUSED: panel 2112 tall exceeds the 1081-px client - not touching it
[288761.228 ms][tid 5ec4] SIDEKIDS> REFUSED: panel 2112 tall exceeds the 1081-px client - not touching it
[289168.199 ms][tid 5ec4] SIDEKIDS> REFUSED: panel 2112 tall exceeds the 1081-px client - not touching it
[289573.843 ms][tid 5ec4] SIDEKIDS> REFUSED: panel 2112 tall exceeds the 1081-px client - not touching it
[289979.158 ms][tid 5ec4] SIDEKIDS> REFUSED: panel 2112 tall exceeds the 1081-px client - not touching it
[290386.971 ms][tid 5ec4] SIDEKIDS> REFUSED: panel 2112 tall exceeds the 1081-px client - not touching it
[290792.881 ms][tid 5ec4] SIDEKIDS> REFUSED: panel 2112 tall exceeds the 1081-px client - not touching it
[291198.641 ms][tid 5ec4] SIDEKIDS> REFUSED: panel 2112 tall exceeds the 1081-px client - not touching it
[291604.714 ms][tid 5ec4] SIDEKIDS> REFUSED: panel 2112 tall exceeds the 1081-px client - not touching it
[292011.774 ms][tid 5ec4] SIDEKIDS> REFUSED: panel 2112 tall exceeds the 1081-px client - not touching it
[292416.974 ms][tid 5ec4] SIDEKIDS> REFUSED: panel 2112 tall exceeds the 1081-px client - not touching it
[292823.319 ms][tid 5ec4] SIDEKIDS> REFUSED: panel 2112 tall exceeds the 1081-px client - not touching it
[293229.916 ms][tid 5ec4] SIDEKIDS> REFUSED: panel 2112 tall exceeds the 1081-px client - not touching it
[293636.275 ms][tid 5ec4] SIDEKIDS> REFUSED: panel 2112 tall exceeds the 1081-px client - not touching it
[294043.183 ms][tid 5ec4] SIDEKIDS> REFUSED: panel 2112 tall exceeds the 1081-px client - not touching it
[294449.545 ms][tid 5ec4] SIDEKIDS> REFUSED: panel 2112 tall exceeds the 1081-px client - not touching it
[294855.956 ms][tid 5ec4] SIDEKIDS> REFUSED: panel 2112 tall exceeds the 1081-px client - not touching it
[295260.582 ms][tid 5ec4] SIDEKIDS> REFUSED: panel 2112 tall exceeds the 1081-px client - not touching it
[295667.893 ms][tid 5ec4] SIDEKIDS> REFUSED: panel 2112 tall exceeds the 1081-px client - not touching it
[296073.585 ms][tid 5ec4] SIDEKIDS> REFUSED: panel 2112 tall exceeds the 1081-px client - not touching it
[296480.177 ms][tid 5ec4] SIDEKIDS> REFUSED: panel 2112 tall exceeds the 1081-px client - not touching it
[296887.189 ms][tid 5ec4] SIDEKIDS> REFUSED: panel 2112 tall exceeds the 1081-px client - not touching it
[297293.126 ms][tid 5ec4] SIDEKIDS> REFUSED: panel 2112 tall exceeds the 1081-px client - not touching it
[297698.769 ms][tid 5ec4] SIDEKIDS> REFUSED: panel 2112 tall exceeds the 1081-px client - not touching it
[298104.535 ms][tid 5ec4] SIDEKIDS> REFUSED: panel 2112 tall exceeds the 1081-px client - not touching it
[298511.948 ms][tid 5ec4] SIDEKIDS> REFUSED: panel 2112 tall exceeds the 1081-px client - not touching it
[298917.287 ms][tid 5ec4] SIDEKIDS> REFUSED: panel 2112 tall exceeds the 1081-px client - not touching it
[299324.437 ms][tid 5ec4] SIDEKIDS> REFUSED: panel 2112 tall exceeds the 1081-px client - not touching it
[299729.441 ms][tid 5ec4] SIDEKIDS> REFUSED: panel 2112 tall exceeds the 1081-px client - not touching it
[300136.744 ms][tid 5ec4] SIDEKIDS> REFUSED: panel 2112 tall exceeds the 1081-px client - not touching it
[300542.077 ms][tid 5ec4] SIDEKIDS> REFUSED: panel 2112 tall exceeds the 1081-px client - not touching it
[300948.627 ms][tid 5ec4] SIDEKIDS> REFUSED: panel 2112 tall exceeds the 1081-px client - not touching it
[301355.605 ms][tid 5ec4] SIDEKIDS> REFUSED: panel 2112 tall exceeds the 1081-px client - not touching it
[301761.396 ms][tid 5ec4] SIDEKIDS> REFUSED: panel 2112 tall exceeds the 1081-px client - not touching it
[302168.126 ms][tid 5ec4] SIDEKIDS> REFUSED: panel 2112 tall exceeds the 1081-px client - not touching it
[302572.935 ms][tid 5ec4] SIDEKIDS> REFUSED: panel 2112 tall exceeds the 1081-px client - not touching it
[302979.749 ms][tid 5ec4] SIDEKIDS> REFUSED: panel 2112 tall exceeds the 1081-px client - not touching it
[303385.743 ms][tid 5ec4] SIDEKIDS> REFUSED: panel 2112 tall exceeds the 1081-px client - not touching it
[303791.994 ms][tid 5ec4] SIDEKIDS> REFUSED: panel 2112 tall exceeds the 1081-px client - not touching it
[304198.259 ms][tid 5ec4] SIDEKIDS> REFUSED: panel 2112 tall exceeds the 1081-px client - not touching it
[304605.315 ms][tid 5ec4] SIDEKIDS> REFUSED: panel 2112 tall exceeds the 1081-px client - not touching it
[305010.752 ms][tid 5ec4] SIDEKIDS> REFUSED: panel 2112 tall exceeds the 1081-px client - not touching it
[305416.986 ms][tid 5ec4] SIDEKIDS> REFUSED: panel 2112 tall exceeds the 1081-px client - not touching it
[305823.035 ms][tid 5ec4] SIDEKIDS> REFUSED: panel 2112 tall exceeds the 1081-px client - not touching it
[306230.026 ms][tid 5ec4] SIDEKIDS> REFUSED: panel 2112 tall exceeds the 1081-px client - not touching it
[306636.976 ms][tid 5ec4] SIDEKIDS> REFUSED: panel 2112 tall exceeds the 1081-px client - not touching it
[307042.991 ms][tid 5ec4] SIDEKIDS> REFUSED: panel 2112 tall exceeds the 1081-px client - not touching it
[307449.113 ms][tid 5ec4] SIDEKIDS> REFUSED: panel 2112 tall exceeds the 1081-px client - not touching it
[307854.672 ms][tid 5ec4] SIDEKIDS> REFUSED: panel 2112 tall exceeds the 1081-px client - not touching it
[308260.793 ms][tid 5ec4] SIDEKIDS> REFUSED: panel 2112 tall exceeds the 1081-px client - not touching it
[308667.414 ms][tid 5ec4] SIDEKIDS> REFUSED: panel 2112 tall exceeds the 1081-px client - not touching it
[309073.744 ms][tid 5ec4] SIDEKIDS> REFUSED: panel 2112 tall exceeds the 1081-px client - not touching it
[309480.009 ms][tid 5ec4] SIDEKIDS> REFUSED: panel 2112 tall exceeds the 1081-px client - not touching it
[309886.593 ms][tid 5ec4] SIDEKIDS> REFUSED: panel 2112 tall exceeds the 1081-px client - not touching it
[310292.349 ms][tid 5ec4] SIDEKIDS> REFUSED: panel 2112 tall exceeds the 1081-px client - not touching it
[310698.705 ms][tid 5ec4] SIDEKIDS> REFUSED: panel 2112 tall exceeds the 1081-px client - not touching it
[311105.001 ms][tid 5ec4] SIDEKIDS> REFUSED: panel 2112 tall exceeds the 1081-px client - not touching it
[311510.720 ms][tid 5ec4] SIDEKIDS> REFUSED: panel 2112 tall exceeds the 1081-px client - not touching it
[311918.239 ms][tid 5ec4] SIDEKIDS> REFUSED: panel 2112 tall exceeds the 1081-px client - not touching it
[312324.200 ms][tid 5ec4] SIDEKIDS> REFUSED: panel 2112 tall exceeds the 1081-px client - not touching it
[312729.819 ms][tid 5ec4] SIDEKIDS> REFUSED: panel 2112 tall exceeds the 1081-px client - not touching it
[313136.185 ms][tid 5ec4] SIDEKIDS> REFUSED: panel 2112 tall exceeds the 1081-px client - not touching it
[313542.570 ms][tid 5ec4] SIDEKIDS> REFUSED: panel 2112 tall exceeds the 1081-px client - not touching it
[313949.019 ms][tid 5ec4] SIDEKIDS> REFUSED: panel 2112 tall exceeds the 1081-px client - not touching it
[314354.764 ms][tid 5ec4] SIDEKIDS> REFUSED: panel 2112 tall exceeds the 1081-px client - not touching it
[314760.694 ms][tid 5ec4] SIDEKIDS> REFUSED: panel 2112 tall exceeds the 1081-px client - not touching it
[315166.807 ms][tid 5ec4] SIDEKIDS> REFUSED: panel 2112 tall exceeds the 1081-px client - not touching it
[315574.848 ms][tid 5ec4] SIDEKIDS> REFUSED: panel 2112 tall exceeds the 1081-px client - not touching it
[315979.537 ms][tid 5ec4] SIDEKIDS> REFUSED: panel 2112 tall exceeds the 1081-px client - not touching it
[316386.279 ms][tid 5ec4] SIDEKIDS> REFUSED: panel 2112 tall exceeds the 1081-px client - not touching it
[316791.979 ms][tid 5ec4] SIDEKIDS> REFUSED: panel 2112 tall exceeds the 1081-px client - not touching it
[317198.029 ms][tid 5ec4] SIDEKIDS> REFUSED: panel 2112 tall exceeds the 1081-px client - not touching it
[317604.297 ms][tid 5ec4] SIDEKIDS> REFUSED: panel 2112 tall exceeds the 1081-px client - not touching it
[318011.787 ms][tid 5ec4] SIDEKIDS> REFUSED: panel 2112 tall exceeds the 1081-px client - not touching it
[318417.459 ms][tid 5ec4] SIDEKIDS> REFUSED: panel 2112 tall exceeds the 1081-px client - not touching it
[318824.916 ms][tid 5ec4] SIDEKIDS> REFUSED: panel 2112 tall exceeds the 1081-px client - not touching it
[319229.878 ms][tid 5ec4] SIDEKIDS> REFUSED: panel 2112 tall exceeds the 1081-px client - not touching it
[319636.048 ms][tid 5ec4] SIDEKIDS> REFUSED: panel 2112 tall exceeds the 1081-px client - not touching it
[320042.093 ms][tid 5ec4] SIDEKIDS> REFUSED: panel 2112 tall exceeds the 1081-px client - not touching it
[320449.246 ms][tid 5ec4] SIDEKIDS> REFUSED: panel 2112 tall exceeds the 1081-px client - not touching it
[320854.582 ms][tid 5ec4] SIDEKIDS> REFUSED: panel 2112 tall exceeds the 1081-px client - not touching it
[321260.706 ms][tid 5ec4] SIDEKIDS> REFUSED: panel 2112 tall exceeds the 1081-px client - not touching it
[321667.101 ms][tid 5ec4] SIDEKIDS> REFUSED: panel 2112 tall exceeds the 1081-px client - not touching it
[322073.128 ms][tid 5ec4] SIDEKIDS> REFUSED: panel 2112 tall exceeds the 1081-px client - not touching it
[322479.339 ms][tid 5ec4] SIDEKIDS> REFUSED: panel 2112 tall exceeds the 1081-px client - not touching it
[322885.847 ms][tid 5ec4] SIDEKIDS> REFUSED: panel 2112 tall exceeds the 1081-px client - not touching it
[323292.482 ms][tid 5ec4] SIDEKIDS> REFUSED: panel 2112 tall exceeds the 1081-px client - not touching it
[323698.326 ms][tid 5ec4] SIDEKIDS> REFUSED: panel 2112 tall exceeds the 1081-px client - not touching it
[324104.542 ms][tid 5ec4] SIDEKIDS> REFUSED: panel 2112 tall exceeds the 1081-px client - not touching it
[324510.929 ms][tid 5ec4] SIDEKIDS> REFUSED: panel 2112 tall exceeds the 1081-px client - not touching it
[324917.856 ms][tid 5ec4] SIDEKIDS> REFUSED: panel 2112 tall exceeds the 1081-px client - not touching it
[325323.393 ms][tid 5ec4] SIDEKIDS> REFUSED: panel 2112 tall exceeds the 1081-px client - not touching it
[325729.649 ms][tid 5ec4] SIDEKIDS> REFUSED: panel 2112 tall exceeds the 1081-px client - not touching it
[326136.054 ms][tid 5ec4] SIDEKIDS> REFUSED: panel 2112 tall exceeds the 1081-px client - not touching it
[326543.322 ms][tid 5ec4] SIDEKIDS> REFUSED: panel 2112 tall exceeds the 1081-px client - not touching it
[326948.307 ms][tid 5ec4] SIDEKIDS> REFUSED: panel 2112 tall exceeds the 1081-px client - not touching it
[327354.522 ms][tid 5ec4] SIDEKIDS> REFUSED: panel 2112 tall exceeds the 1081-px client - not touching it
[327760.674 ms][tid 5ec4] SIDEKIDS> REFUSED: panel 2112 tall exceeds the 1081-px client - not touching it
[328166.561 ms][tid 5ec4] SIDEKIDS> REFUSED: panel 2112 tall exceeds the 1081-px client - not touching it
[328574.991 ms][tid 5ec4] SIDEKIDS> REFUSED: panel 2112 tall exceeds the 1081-px client - not touching it
[328979.525 ms][tid 5ec4] SIDEKIDS> REFUSED: panel 2112 tall exceeds the 1081-px client - not touching it
[329387.232 ms][tid 5ec4] SIDEKIDS> REFUSED: panel 2112 tall exceeds the 1081-px client - not touching it
[329792.310 ms][tid 5ec4] SIDEKIDS> REFUSED: panel 2112 tall exceeds the 1081-px client - not touching it
[330199.076 ms][tid 5ec4] SIDEKIDS> REFUSED: panel 2112 tall exceeds the 1081-px client - not touching it
[330604.470 ms][tid 5ec4] SIDEKIDS> REFUSED: panel 2112 tall exceeds the 1081-px client - not touching it
[331011.168 ms][tid 5ec4] SIDEKIDS> REFUSED: panel 2112 tall exceeds the 1081-px client - not touching it
[331417.499 ms][tid 5ec4] SIDEKIDS> REFUSED: panel 2112 tall exceeds the 1081-px client - not touching it
[331822.956 ms][tid 5ec4] SIDEKIDS> REFUSED: panel 2112 tall exceeds the 1081-px client - not touching it
[332229.884 ms][tid 5ec4] SIDEKIDS> REFUSED: panel 2112 tall exceeds the 1081-px client - not touching it
[332636.006 ms][tid 5ec4] SIDEKIDS> REFUSED: panel 2112 tall exceeds the 1081-px client - not touching it
[333043.202 ms][tid 5ec4] SIDEKIDS> REFUSED: panel 2112 tall exceeds the 1081-px client - not touching it
[333448.347 ms][tid 5ec4] SIDEKIDS> REFUSED: panel 2112 tall exceeds the 1081-px client - not touching it
[333855.740 ms][tid 5ec4] SIDEKIDS> REFUSED: panel 2112 tall exceeds the 1081-px client - not touching it
[334260.422 ms][tid 5ec4] SIDEKIDS> REFUSED: panel 2112 tall exceeds the 1081-px client - not touching it
[334667.027 ms][tid 5ec4] SIDEKIDS> REFUSED: panel 2112 tall exceeds the 1081-px client - not touching it
[335073.516 ms][tid 5ec4] SIDEKIDS> REFUSED: panel 2112 tall exceeds the 1081-px client - not touching it
[335479.334 ms][tid 5ec4] SIDEKIDS> REFUSED: panel 2112 tall exceeds the 1081-px client - not touching it
[335887.105 ms][tid 5ec4] SIDEKIDS> REFUSED: panel 2112 tall exceeds the 1081-px client - not touching it
[336291.930 ms][tid 5ec4] SIDEKIDS> REFUSED: panel 2112 tall exceeds the 1081-px client - not touching it
[336699.880 ms][tid 5ec4] SIDEKIDS> REFUSED: panel 2112 tall exceeds the 1081-px client - not touching it
[337104.802 ms][tid 5ec4] SIDEKIDS> REFUSED: panel 2112 tall exceeds the 1081-px client - not touching it
[337511.585 ms][tid 5ec4] SIDEKIDS> REFUSED: panel 2112 tall exceeds the 1081-px client - not touching it
[337918.293 ms][tid 5ec4] SIDEKIDS> REFUSED: panel 2112 tall exceeds the 1081-px client - not touching it
[338323.862 ms][tid 5ec4] SIDEKIDS> REFUSED: panel 2112 tall exceeds the 1081-px client - not touching it
[338729.142 ms][tid 5ec4] SIDEKIDS> REFUSED: panel 2112 tall exceeds the 1081-px client - not touching it
[339136.582 ms][tid 5ec4] SIDEKIDS> REFUSED: panel 2112 tall exceeds the 1081-px client - not touching it
[339542.131 ms][tid 5ec4] SIDEKIDS> REFUSED: panel 2112 tall exceeds the 1081-px client - not touching it
[339948.516 ms][tid 5ec4] SIDEKIDS> REFUSED: panel 2112 tall exceeds the 1081-px client - not touching it
[340355.113 ms][tid 5ec4] SIDEKIDS> REFUSED: panel 2112 tall exceeds the 1081-px client - not touching it
[340761.791 ms][tid 5ec4] SIDEKIDS> REFUSED: panel 2112 tall exceeds the 1081-px client - not touching it
[341167.243 ms][tid 5ec4] SIDEKIDS> REFUSED: panel 2112 tall exceeds the 1081-px client - not touching it
[341574.577 ms][tid 5ec4] SIDEKIDS> REFUSED: panel 2112 tall exceeds the 1081-px client - not touching it
[341980.098 ms][tid 5ec4] SIDEKIDS> REFUSED: panel 2112 tall exceeds the 1081-px client - not touching it
[342385.985 ms][tid 5ec4] SIDEKIDS> REFUSED: panel 2112 tall exceeds the 1081-px client - not touching it
[342792.146 ms][tid 5ec4] SIDEKIDS> REFUSED: panel 2112 tall exceeds the 1081-px client - not touching it
[343198.743 ms][tid 5ec4] SIDEKIDS> REFUSED: panel 2112 tall exceeds the 1081-px client - not touching it
[343604.809 ms][tid 5ec4] SIDEKIDS> REFUSED: panel 2112 tall exceeds the 1081-px client - not touching it
[344011.446 ms][tid 5ec4] SIDEKIDS> REFUSED: panel 2112 tall exceeds the 1081-px client - not touching it
[344417.579 ms][tid 5ec4] SIDEKIDS> REFUSED: panel 2112 tall exceeds the 1081-px client - not touching it
[344824.153 ms][tid 5ec4] SIDEKIDS> REFUSED: panel 2112 tall exceeds the 1081-px client - not touching it
[345229.534 ms][tid 5ec4] SIDEKIDS> REFUSED: panel 2112 tall exceeds the 1081-px client - not touching it
[345635.932 ms][tid 5ec4] SIDEKIDS> REFUSED: panel 2112 tall exceeds the 1081-px client - not touching it
[346043.686 ms][tid 5ec4] SIDEKIDS> REFUSED: panel 2112 tall exceeds the 1081-px client - not touching it
[346448.080 ms][tid 5ec4] SIDEKIDS> REFUSED: panel 2112 tall exceeds the 1081-px client - not touching it
[346855.245 ms][tid 5ec4] SIDEKIDS> REFUSED: panel 2112 tall exceeds the 1081-px client - not touching it
[347260.781 ms][tid 5ec4] SIDEKIDS> REFUSED: panel 2112 tall exceeds the 1081-px client - not touching it
[347667.195 ms][tid 5ec4] SIDEKIDS> REFUSED: panel 2112 tall exceeds the 1081-px client - not touching it
[348074.277 ms][tid 5ec4] SIDEKIDS> REFUSED: panel 2112 tall exceeds the 1081-px client - not touching it
[348481.823 ms][tid 5ec4] SIDEKIDS> REFUSED: panel 2112 tall exceeds the 1081-px client - not touching it
[348886.410 ms][tid 5ec4] SIDEKIDS> REFUSED: panel 2112 tall exceeds the 1081-px client - not touching it
[349292.733 ms][tid 5ec4] SIDEKIDS> REFUSED: panel 2112 tall exceeds the 1081-px client - not touching it
[349699.239 ms][tid 5ec4] SIDEKIDS> REFUSED: panel 2112 tall exceeds the 1081-px client - not touching it
[350104.562 ms][tid 5ec4] SIDEKIDS> REFUSED: panel 2112 tall exceeds the 1081-px client - not touching it
[350511.210 ms][tid 5ec4] SIDEKIDS> REFUSED: panel 2112 tall exceeds the 1081-px client - not touching it
[350916.936 ms][tid 5ec4] SIDEKIDS> REFUSED: panel 2112 tall exceeds the 1081-px client - not touching it
[351323.037 ms][tid 5ec4] SIDEKIDS> REFUSED: panel 2112 tall exceeds the 1081-px client - not touching it
[351730.179 ms][tid 5ec4] SIDEKIDS> REFUSED: panel 2112 tall exceeds the 1081-px client - not touching it
[352137.550 ms][tid 5ec4] SIDEKIDS> REFUSED: panel 2112 tall exceeds the 1081-px client - not touching it
[352542.066 ms][tid 5ec4] SIDEKIDS> REFUSED: panel 2112 tall exceeds the 1081-px client - not touching it
[352949.213 ms][tid 5ec4] SIDEKIDS> REFUSED: panel 2112 tall exceeds the 1081-px client - not touching it
[353354.709 ms][tid 5ec4] SIDEKIDS> REFUSED: panel 2112 tall exceeds the 1081-px client - not touching it
[353761.040 ms][tid 5ec4] SIDEKIDS> REFUSED: panel 2112 tall exceeds the 1081-px client - not touching it
[354167.490 ms][tid 5ec4] SIDEKIDS> REFUSED: panel 2112 tall exceeds the 1081-px client - not touching it
[354574.530 ms][tid 5ec4] SIDEKIDS> REFUSED: panel 2112 tall exceeds the 1081-px client - not touching it
[354980.307 ms][tid 5ec4] SIDEKIDS> REFUSED: panel 2112 tall exceeds the 1081-px client - not touching it
[355385.764 ms][tid 5ec4] SIDEKIDS> REFUSED: panel 2112 tall exceeds the 1081-px client - not touching it
[355792.472 ms][tid 5ec4] SIDEKIDS> REFUSED: panel 2112 tall exceeds the 1081-px client - not touching it
[356199.246 ms][tid 5ec4] SIDEKIDS> REFUSED: panel 2112 tall exceeds the 1081-px client - not touching it
[356604.285 ms][tid 5ec4] SIDEKIDS> REFUSED: panel 2112 tall exceeds the 1081-px client - not touching it
[357010.990 ms][tid 5ec4] SIDEKIDS> REFUSED: panel 2112 tall exceeds the 1081-px client - not touching it
[357417.764 ms][tid 5ec4] SIDEKIDS> REFUSED: panel 2112 tall exceeds the 1081-px client - not touching it
[357823.645 ms][tid 5ec4] SIDEKIDS> REFUSED: panel 2112 tall exceeds the 1081-px client - not touching it
[358229.011 ms][tid 5ec4] SIDEKIDS> REFUSED: panel 2112 tall exceeds the 1081-px client - not touching it
[358636.275 ms][tid 5ec4] SIDEKIDS> REFUSED: panel 2112 tall exceeds the 1081-px client - not touching it
[359042.331 ms][tid 5ec4] SIDEKIDS> REFUSED: panel 2112 tall exceeds the 1081-px client - not touching it
[359448.018 ms][tid 5ec4] SIDEKIDS> REFUSED: panel 2112 tall exceeds the 1081-px client - not touching it
[359855.011 ms][tid 5ec4] SIDEKIDS> REFUSED: panel 2112 tall exceeds the 1081-px client - not touching it
[360262.017 ms][tid 5ec4] SIDEKIDS> REFUSED: panel 2112 tall exceeds the 1081-px client - not touching it
[360666.803 ms][tid 5ec4] SIDEKIDS> REFUSED: panel 2112 tall exceeds the 1081-px client - not touching it
[361073.224 ms][tid 5ec4] SIDEKIDS> REFUSED: panel 2112 tall exceeds the 1081-px client - not touching it
[361479.029 ms][tid 5ec4] SIDEKIDS> REFUSED: panel 2112 tall exceeds the 1081-px client - not touching it
[361886.197 ms][tid 5ec4] SIDEKIDS> REFUSED: panel 2112 tall exceeds the 1081-px client - not touching it
[362292.763 ms][tid 5ec4] SIDEKIDS> REFUSED: panel 2112 tall exceeds the 1081-px client - not touching it
[362698.282 ms][tid 5ec4] SIDEKIDS> REFUSED: panel 2112 tall exceeds the 1081-px client - not touching it
[363104.949 ms][tid 5ec4] SIDEKIDS> REFUSED: panel 2112 tall exceeds the 1081-px client - not touching it
[363510.400 ms][tid 5ec4] SIDEKIDS> REFUSED: panel 2112 tall exceeds the 1081-px client - not touching it
[363917.447 ms][tid 5ec4] SIDEKIDS> REFUSED: panel 2112 tall exceeds the 1081-px client - not touching it
[364323.458 ms][tid 5ec4] SIDEKIDS> REFUSED: panel 2112 tall exceeds the 1081-px client - not touching it
[364729.523 ms][tid 5ec4] SIDEKIDS> REFUSED: panel 2112 tall exceeds the 1081-px client - not touching it
[365136.913 ms][tid 5ec4] SIDEKIDS> REFUSED: panel 2112 tall exceeds the 1081-px client - not touching it
[365542.943 ms][tid 5ec4] SIDEKIDS> REFUSED: panel 2112 tall exceeds the 1081-px client - not touching it
[365948.115 ms][tid 5ec4] SIDEKIDS> REFUSED: panel 2112 tall exceeds the 1081-px client - not touching it
[366355.224 ms][tid 5ec4] SIDEKIDS> REFUSED: panel 2112 tall exceeds the 1081-px client - not touching it
[366761.232 ms][tid 5ec4] SIDEKIDS> REFUSED: panel 2112 tall exceeds the 1081-px client - not touching it
[367167.517 ms][tid 5ec4] SIDEKIDS> REFUSED: panel 2112 tall exceeds the 1081-px client - not touching it
[367573.409 ms][tid 5ec4] SIDEKIDS> REFUSED: panel 2112 tall exceeds the 1081-px client - not touching it
[367979.603 ms][tid 5ec4] SIDEKIDS> REFUSED: panel 2112 tall exceeds the 1081-px client - not touching it
[368385.688 ms][tid 5ec4] SIDEKIDS> REFUSED: panel 2112 tall exceeds the 1081-px client - not touching it
[368792.965 ms][tid 5ec4] SIDEKIDS> REFUSED: panel 2112 tall exceeds the 1081-px client - not touching it
[369198.825 ms][tid 5ec4] SIDEKIDS> REFUSED: panel 2112 tall exceeds the 1081-px client - not touching it
[369605.049 ms][tid 5ec4] SIDEKIDS> REFUSED: panel 2112 tall exceeds the 1081-px client - not touching it
[370011.680 ms][tid 5ec4] SIDEKIDS> REFUSED: panel 2112 tall exceeds the 1081-px client - not touching it
[370417.568 ms][tid 5ec4] SIDEKIDS> REFUSED: panel 2112 tall exceeds the 1081-px client - not touching it
[370823.211 ms][tid 5ec4] SIDEKIDS> REFUSED: panel 2112 tall exceeds the 1081-px client - not touching it
[371230.387 ms][tid 5ec4] SIDEKIDS> REFUSED: panel 2112 tall exceeds the 1081-px client - not touching it
[371636.094 ms][tid 5ec4] SIDEKIDS> REFUSED: panel 2112 tall exceeds the 1081-px client - not touching it
[372041.823 ms][tid 5ec4] SIDEKIDS> REFUSED: panel 2112 tall exceeds the 1081-px client - not touching it
[372448.730 ms][tid 5ec4] SIDEKIDS> REFUSED: panel 2112 tall exceeds the 1081-px client - not touching it
[372855.305 ms][tid 5ec4] SIDEKIDS> REFUSED: panel 2112 tall exceeds the 1081-px client - not touching it
[373261.620 ms][tid 5ec4] SIDEKIDS> REFUSED: panel 2112 tall exceeds the 1081-px client - not touching it
[373667.066 ms][tid 5ec4] SIDEKIDS> REFUSED: panel 2112 tall exceeds the 1081-px client - not touching it
[374073.246 ms][tid 5ec4] SIDEKIDS> REFUSED: panel 2112 tall exceeds the 1081-px client - not touching it
[374479.154 ms][tid 5ec4] SIDEKIDS> REFUSED: panel 2112 tall exceeds the 1081-px client - not touching it
[374886.280 ms][tid 5ec4] SIDEKIDS> REFUSED: panel 2112 tall exceeds the 1081-px client - not touching it
[375292.380 ms][tid 5ec4] SIDEKIDS> REFUSED: panel 2112 tall exceeds the 1081-px client - not touching it
[375699.444 ms][tid 5ec4] SIDEKIDS> REFUSED: panel 2112 tall exceeds the 1081-px client - not touching it
[376104.403 ms][tid 5ec4] SIDEKIDS> REFUSED: panel 2112 tall exceeds the 1081-px client - not touching it
[376511.190 ms][tid 5ec4] SIDEKIDS> REFUSED: panel 2112 tall exceeds the 1081-px client - not touching it
[376917.286 ms][tid 5ec4] SIDEKIDS> REFUSED: panel 2112 tall exceeds the 1081-px client - not touching it
[377323.333 ms][tid 5ec4] SIDEKIDS> REFUSED: panel 2112 tall exceeds the 1081-px client - not touching it
[377729.898 ms][tid 5ec4] SIDEKIDS> REFUSED: panel 2112 tall exceeds the 1081-px client - not touching it
[378135.788 ms][tid 5ec4] SIDEKIDS> REFUSED: panel 2112 tall exceeds the 1081-px client - not touching it
[378543.458 ms][tid 5ec4] SIDEKIDS> REFUSED: panel 2112 tall exceeds the 1081-px client - not touching it
[378948.805 ms][tid 5ec4] SIDEKIDS> REFUSED: panel 2112 tall exceeds the 1081-px client - not touching it
[379354.387 ms][tid 5ec4] SIDEKIDS> REFUSED: panel 2112 tall exceeds the 1081-px client - not touching it
[379760.752 ms][tid 5ec4] SIDEKIDS> REFUSED: panel 2112 tall exceeds the 1081-px client - not touching it
[380166.820 ms][tid 5ec4] SIDEKIDS> REFUSED: panel 2112 tall exceeds the 1081-px client - not touching it
[380574.423 ms][tid 5ec4] SIDEKIDS> REFUSED: panel 2112 tall exceeds the 1081-px client - not touching it
[380979.273 ms][tid 5ec4] SIDEKIDS> REFUSED: panel 2112 tall exceeds the 1081-px client - not touching it
[381386.827 ms][tid 5ec4] SIDEKIDS> REFUSED: panel 2112 tall exceeds the 1081-px client - not touching it
[381793.073 ms][tid 5ec4] SIDEKIDS> REFUSED: panel 2112 tall exceeds the 1081-px client - not touching it
[382199.544 ms][tid 5ec4] SIDEKIDS> REFUSED: panel 2112 tall exceeds the 1081-px client - not touching it
[382605.831 ms][tid 5ec4] SIDEKIDS> REFUSED: panel 2112 tall exceeds the 1081-px client - not touching it
[383012.377 ms][tid 5ec4] SIDEKIDS> REFUSED: panel 2112 tall exceeds the 1081-px client - not touching it
[383418.407 ms][tid 5ec4] SIDEKIDS> REFUSED: panel 2112 tall exceeds the 1081-px client - not touching it
[383823.450 ms][tid 5ec4] SIDEKIDS> REFUSED: panel 2112 tall exceeds the 1081-px client - not touching it
[384229.786 ms][tid 5ec4] SIDEKIDS> REFUSED: panel 2112 tall exceeds the 1081-px client - not touching it
[384635.991 ms][tid 5ec4] SIDEKIDS> REFUSED: panel 2112 tall exceeds the 1081-px client - not touching it
[385041.928 ms][tid 5ec4] SIDEKIDS> REFUSED: panel 2112 tall exceeds the 1081-px client - not touching it
[385448.613 ms][tid 5ec4] SIDEKIDS> REFUSED: panel 2112 tall exceeds the 1081-px client - not touching it
[385854.501 ms][tid 5ec4] SIDEKIDS> REFUSED: panel 2112 tall exceeds the 1081-px client - not touching it
[386261.330 ms][tid 5ec4] SIDEKIDS> REFUSED: panel 2112 tall exceeds the 1081-px client - not touching it
[386671.530 ms][tid 5ec4] SIDEKIDS> REFUSED: panel 2112 tall exceeds the 1081-px client - not touching it
[387074.279 ms][tid 5ec4] SIDEKIDS> REFUSED: panel 2112 tall exceeds the 1081-px client - not touching it
[387480.608 ms][tid 5ec4] SIDEKIDS> REFUSED: panel 2112 tall exceeds the 1081-px client - not touching it
[387887.277 ms][tid 5ec4] SIDEKIDS> REFUSED: panel 2112 tall exceeds the 1081-px client - not touching it
[388293.533 ms][tid 5ec4] SIDEKIDS> REFUSED: panel 2112 tall exceeds the 1081-px client - not touching it
[388698.677 ms][tid 5ec4] SIDEKIDS> REFUSED: panel 2112 tall exceeds the 1081-px client - not touching it
[389104.670 ms][tid 5ec4] SIDEKIDS> REFUSED: panel 2112 tall exceeds the 1081-px client - not touching it
[389511.006 ms][tid 5ec4] SIDEKIDS> REFUSED: panel 2112 tall exceeds the 1081-px client - not touching it
[389917.801 ms][tid 5ec4] SIDEKIDS> REFUSED: panel 2112 tall exceeds the 1081-px client - not touching it
[390323.622 ms][tid 5ec4] SIDEKIDS> REFUSED: panel 2112 tall exceeds the 1081-px client - not touching it
[390730.565 ms][tid 5ec4] SIDEKIDS> REFUSED: panel 2112 tall exceeds the 1081-px client - not touching it
[391136.793 ms][tid 5ec4] SIDEKIDS> REFUSED: panel 2112 tall exceeds the 1081-px client - not touching it
[391541.774 ms][tid 5ec4] SIDEKIDS> REFUSED: panel 2112 tall exceeds the 1081-px client - not touching it
[391948.244 ms][tid 5ec4] SIDEKIDS> REFUSED: panel 2112 tall exceeds the 1081-px client - not touching it
[392357.356 ms][tid 5ec4] SIDEKIDS> REFUSED: panel 2112 tall exceeds the 1081-px client - not touching it
[392760.878 ms][tid 5ec4] SIDEKIDS> REFUSED: panel 2112 tall exceeds the 1081-px client - not touching it
[393167.590 ms][tid 5ec4] SIDEKIDS> REFUSED: panel 2112 tall exceeds the 1081-px client - not touching it
[393573.293 ms][tid 5ec4] SIDEKIDS> REFUSED: panel 2112 tall exceeds the 1081-px client - not touching it
[393979.466 ms][tid 5ec4] SIDEKIDS> REFUSED: panel 2112 tall exceeds the 1081-px client - not touching it
[394386.496 ms][tid 5ec4] SIDEKIDS> REFUSED: panel 2112 tall exceeds the 1081-px client - not touching it
[394792.077 ms][tid 5ec4] SIDEKIDS> REFUSED: panel 2112 tall exceeds the 1081-px client - not touching it
[395199.056 ms][tid 5ec4] SIDEKIDS> REFUSED: panel 2112 tall exceeds the 1081-px client - not touching it
[395604.611 ms][tid 5ec4] SIDEKIDS> REFUSED: panel 2112 tall exceeds the 1081-px client - not touching it
[396011.587 ms][tid 5ec4] SIDEKIDS> REFUSED: panel 2112 tall exceeds the 1081-px client - not touching it
[396417.433 ms][tid 5ec4] SIDEKIDS> REFUSED: panel 2112 tall exceeds the 1081-px client - not touching it
[396822.860 ms][tid 5ec4] SIDEKIDS> REFUSED: panel 2112 tall exceeds the 1081-px client - not touching it
[397229.386 ms][tid 5ec4] SIDEKIDS> REFUSED: panel 2112 tall exceeds the 1081-px client - not touching it
[397636.784 ms][tid 5ec4] SIDEKIDS> REFUSED: panel 2112 tall exceeds the 1081-px client - not touching it
[398042.968 ms][tid 5ec4] SIDEKIDS> REFUSED: panel 2112 tall exceeds the 1081-px client - not touching it
[398449.361 ms][tid 5ec4] SIDEKIDS> REFUSED: panel 2112 tall exceeds the 1081-px client - not touching it
[398856.174 ms][tid 5ec4] SIDEKIDS> REFUSED: panel 2112 tall exceeds the 1081-px client - not touching it
[399260.955 ms][tid 5ec4] SIDEKIDS> REFUSED: panel 2112 tall exceeds the 1081-px client - not touching it
[399666.846 ms][tid 5ec4] SIDEKIDS> REFUSED: panel 2112 tall exceeds the 1081-px client - not touching it
[400073.866 ms][tid 5ec4] SIDEKIDS> REFUSED: panel 2112 tall exceeds the 1081-px client - not touching it
[400479.697 ms][tid 5ec4] SIDEKIDS> REFUSED: panel 2112 tall exceeds the 1081-px client - not touching it
[400885.732 ms][tid 5ec4] SIDEKIDS> REFUSED: panel 2112 tall exceeds the 1081-px client - not touching it
[401292.401 ms][tid 5ec4] SIDEKIDS> REFUSED: panel 2112 tall exceeds the 1081-px client - not touching it
[401698.992 ms][tid 5ec4] SIDEKIDS> REFUSED: panel 2112 tall exceeds the 1081-px client - not touching it
[402105.504 ms][tid 5ec4] SIDEKIDS> REFUSED: panel 2112 tall exceeds the 1081-px client - not touching it
[402510.710 ms][tid 5ec4] SIDEKIDS> REFUSED: panel 2112 tall exceeds the 1081-px client - not touching it
[402918.994 ms][tid 5ec4] SIDEKIDS> REFUSED: panel 2112 tall exceeds the 1081-px client - not touching it
[403323.958 ms][tid 5ec4] SIDEKIDS> REFUSED: panel 2112 tall exceeds the 1081-px client - not touching it
[403729.181 ms][tid 5ec4] SIDEKIDS> REFUSED: panel 2112 tall exceeds the 1081-px client - not touching it
[404136.533 ms][tid 5ec4] SIDEKIDS> REFUSED: panel 2112 tall exceeds the 1081-px client - not touching it
[404542.702 ms][tid 5ec4] SIDEKIDS> REFUSED: panel 2112 tall exceeds the 1081-px client - not touching it
[404949.200 ms][tid 5ec4] SIDEKIDS> REFUSED: panel 2112 tall exceeds the 1081-px client - not touching it
[405355.974 ms][tid 5ec4] SIDEKIDS> REFUSED: panel 2112 tall exceeds the 1081-px client - not touching it
[405762.464 ms][tid 5ec4] SIDEKIDS> REFUSED: panel 2112 tall exceeds the 1081-px client - not touching it
[406167.261 ms][tid 5ec4] SIDEKIDS> REFUSED: panel 2112 tall exceeds the 1081-px client - not touching it
[406573.727 ms][tid 5ec4] SIDEKIDS> REFUSED: panel 2112 tall exceeds the 1081-px client - not touching it
[406979.631 ms][tid 5ec4] SIDEKIDS> REFUSED: panel 2112 tall exceeds the 1081-px client - not touching it
[407386.262 ms][tid 5ec4] SIDEKIDS> REFUSED: panel 2112 tall exceeds the 1081-px client - not touching it
[407793.051 ms][tid 5ec4] SIDEKIDS> REFUSED: panel 2112 tall exceeds the 1081-px client - not touching it
[408198.577 ms][tid 5ec4] SIDEKIDS> REFUSED: panel 2112 tall exceeds the 1081-px client - not touching it
[408605.434 ms][tid 5ec4] SIDEKIDS> REFUSED: panel 2112 tall exceeds the 1081-px client - not touching it
[409011.425 ms][tid 5ec4] SIDEKIDS> REFUSED: panel 2112 tall exceeds the 1081-px client - not touching it
[409418.213 ms][tid 5ec4] SIDEKIDS> REFUSED: panel 2112 tall exceeds the 1081-px client - not touching it
[409823.563 ms][tid 5ec4] SIDEKIDS> REFUSED: panel 2112 tall exceeds the 1081-px client - not touching it
[410229.553 ms][tid 5ec4] SIDEKIDS> REFUSED: panel 2112 tall exceeds the 1081-px client - not touching it
[410635.528 ms][tid 5ec4] SIDEKIDS> REFUSED: panel 2112 tall exceeds the 1081-px client - not touching it
[411042.935 ms][tid 5ec4] SIDEKIDS> REFUSED: panel 2112 tall exceeds the 1081-px client - not touching it
[411449.113 ms][tid 5ec4] SIDEKIDS> REFUSED: panel 2112 tall exceeds the 1081-px client - not touching it
[411854.739 ms][tid 5ec4] SIDEKIDS> REFUSED: panel 2112 tall exceeds the 1081-px client - not touching it
[412261.986 ms][tid 5ec4] SIDEKIDS> REFUSED: panel 2112 tall exceeds the 1081-px client - not touching it
[412667.964 ms][tid 5ec4] SIDEKIDS> REFUSED: panel 2112 tall exceeds the 1081-px client - not touching it
[413074.230 ms][tid 5ec4] SIDEKIDS> REFUSED: panel 2112 tall exceeds the 1081-px client - not touching it
[413480.496 ms][tid 5ec4] SIDEKIDS> REFUSED: panel 2112 tall exceeds the 1081-px client - not touching it
[413886.972 ms][tid 5ec4] SIDEKIDS> REFUSED: panel 2112 tall exceeds the 1081-px client - not touching it
[414292.118 ms][tid 5ec4] SIDEKIDS> REFUSED: panel 2112 tall exceeds the 1081-px client - not touching it
[414698.403 ms][tid 5ec4] SIDEKIDS> REFUSED: panel 2112 tall exceeds the 1081-px client - not touching it
[415104.826 ms][tid 5ec4] SIDEKIDS> REFUSED: panel 2112 tall exceeds the 1081-px client - not touching it
[415510.860 ms][tid 5ec4] SIDEKIDS> REFUSED: panel 2112 tall exceeds the 1081-px client - not touching it
[415916.876 ms][tid 5ec4] SIDEKIDS> REFUSED: panel 2112 tall exceeds the 1081-px client - not touching it
[416323.709 ms][tid 5ec4] SIDEKIDS> REFUSED: panel 2112 tall exceeds the 1081-px client - not touching it
[416729.576 ms][tid 5ec4] SIDEKIDS> REFUSED: panel 2112 tall exceeds the 1081-px client - not touching it
[417136.080 ms][tid 5ec4] SIDEKIDS> REFUSED: panel 2112 tall exceeds the 1081-px client - not touching it
[417542.679 ms][tid 5ec4] SIDEKIDS> REFUSED: panel 2112 tall exceeds the 1081-px client - not touching it
[417947.941 ms][tid 5ec4] SIDEKIDS> REFUSED: panel 2112 tall exceeds the 1081-px client - not touching it
[418355.662 ms][tid 5ec4] SIDEKIDS> REFUSED: panel 2112 tall exceeds the 1081-px client - not touching it
[418761.757 ms][tid 5ec4] SIDEKIDS> REFUSED: panel 2112 tall exceeds the 1081-px client - not touching it
[419167.834 ms][tid 5ec4] SIDEKIDS> REFUSED: panel 2112 tall exceeds the 1081-px client - not touching it
[419573.833 ms][tid 5ec4] SIDEKIDS> REFUSED: panel 2112 tall exceeds the 1081-px client - not touching it
[419980.137 ms][tid 5ec4] SIDEKIDS> REFUSED: panel 2112 tall exceeds the 1081-px client - not touching it
[420386.923 ms][tid 5ec4] SIDEKIDS> REFUSED: panel 2112 tall exceeds the 1081-px client - not touching it
[420792.340 ms][tid 5ec4] SIDEKIDS> REFUSED: panel 2112 tall exceeds the 1081-px client - not touching it
[421198.992 ms][tid 5ec4] SIDEKIDS> REFUSED: panel 2112 tall exceeds the 1081-px client - not touching it
[421604.439 ms][tid 5ec4] SIDEKIDS> REFUSED: panel 2112 tall exceeds the 1081-px client - not touching it
[422010.804 ms][tid 5ec4] SIDEKIDS> REFUSED: panel 2112 tall exceeds the 1081-px client - not touching it
[422416.806 ms][tid 5ec4] SIDEKIDS> REFUSED: panel 2112 tall exceeds the 1081-px client - not touching it
[422823.765 ms][tid 5ec4] SIDEKIDS> REFUSED: panel 2112 tall exceeds the 1081-px client - not touching it
[423229.976 ms][tid 5ec4] SIDEKIDS> REFUSED: panel 2112 tall exceeds the 1081-px client - not touching it
[423637.453 ms][tid 5ec4] SIDEKIDS> REFUSED: panel 2112 tall exceeds the 1081-px client - not touching it
[424042.559 ms][tid 5ec4] SIDEKIDS> REFUSED: panel 2112 tall exceeds the 1081-px client - not touching it
[424449.535 ms][tid 5ec4] SIDEKIDS> REFUSED: panel 2112 tall exceeds the 1081-px client - not touching it
[424854.577 ms][tid 5ec4] SIDEKIDS> REFUSED: panel 2112 tall exceeds the 1081-px client - not touching it
[425262.678 ms][tid 5ec4] SIDEKIDS> REFUSED: panel 2112 tall exceeds the 1081-px client - not touching it
[425667.020 ms][tid 5ec4] SIDEKIDS> REFUSED: panel 2112 tall exceeds the 1081-px client - not touching it
[426073.104 ms][tid 5ec4] SIDEKIDS> REFUSED: panel 2112 tall exceeds the 1081-px client - not touching it
[426479.775 ms][tid 5ec4] SIDEKIDS> REFUSED: panel 2112 tall exceeds the 1081-px client - not touching it
[426885.386 ms][tid 5ec4] SIDEKIDS> REFUSED: panel 2112 tall exceeds the 1081-px client - not touching it
[427292.771 ms][tid 5ec4] SIDEKIDS> REFUSED: panel 2112 tall exceeds the 1081-px client - not touching it
[427698.523 ms][tid 5ec4] SIDEKIDS> REFUSED: panel 2112 tall exceeds the 1081-px client - not touching it
[428105.480 ms][tid 5ec4] SIDEKIDS> REFUSED: panel 2112 tall exceeds the 1081-px client - not touching it
[428510.872 ms][tid 5ec4] SIDEKIDS> REFUSED: panel 2112 tall exceeds the 1081-px client - not touching it
[428917.053 ms][tid 5ec4] SIDEKIDS> REFUSED: panel 2112 tall exceeds the 1081-px client - not touching it
[429323.180 ms][tid 5ec4] SIDEKIDS> REFUSED: panel 2112 tall exceeds the 1081-px client - not touching it
[429729.799 ms][tid 5ec4] SIDEKIDS> REFUSED: panel 2112 tall exceeds the 1081-px client - not touching it
[430135.794 ms][tid 5ec4] SIDEKIDS> REFUSED: panel 2112 tall exceeds the 1081-px client - not touching it
[430542.993 ms][tid 5ec4] SIDEKIDS> REFUSED: panel 2112 tall exceeds the 1081-px client - not touching it
[430948.418 ms][tid 5ec4] SIDEKIDS> REFUSED: panel 2112 tall exceeds the 1081-px client - not touching it
[431354.469 ms][tid 5ec4] SIDEKIDS> REFUSED: panel 2112 tall exceeds the 1081-px client - not touching it
[431761.590 ms][tid 5ec4] SIDEKIDS> REFUSED: panel 2112 tall exceeds the 1081-px client - not touching it
[432167.672 ms][tid 5ec4] SIDEKIDS> REFUSED: panel 2112 tall exceeds the 1081-px client - not touching it
[432573.073 ms][tid 5ec4] SIDEKIDS> REFUSED: panel 2112 tall exceeds the 1081-px client - not touching it
[432980.155 ms][tid 5ec4] SIDEKIDS> REFUSED: panel 2112 tall exceeds the 1081-px client - not touching it
[433385.703 ms][tid 5ec4] SIDEKIDS> REFUSED: panel 2112 tall exceeds the 1081-px client - not touching it
[433791.979 ms][tid 5ec4] SIDEKIDS> REFUSED: panel 2112 tall exceeds the 1081-px client - not touching it
[434199.120 ms][tid 5ec4] SIDEKIDS> REFUSED: panel 2112 tall exceeds the 1081-px client - not touching it
[434604.426 ms][tid 5ec4] SIDEKIDS> REFUSED: panel 2112 tall exceeds the 1081-px client - not touching it
[435011.010 ms][tid 5ec4] SIDEKIDS> REFUSED: panel 2112 tall exceeds the 1081-px client - not touching it
[435417.302 ms][tid 5ec4] SIDEKIDS> REFUSED: panel 2112 tall exceeds the 1081-px client - not touching it
[435823.811 ms][tid 5ec4] SIDEKIDS> REFUSED: panel 2112 tall exceeds the 1081-px client - not touching it
[436230.636 ms][tid 5ec4] SIDEKIDS> REFUSED: panel 2112 tall exceeds the 1081-px client - not touching it
[436636.400 ms][tid 5ec4] SIDEKIDS> REFUSED: panel 2112 tall exceeds the 1081-px client - not touching it
[437041.821 ms][tid 5ec4] SIDEKIDS> REFUSED: panel 2112 tall exceeds the 1081-px client - not touching it
[437448.453 ms][tid 5ec4] SIDEKIDS> REFUSED: panel 2112 tall exceeds the 1081-px client - not touching it
[437855.355 ms][tid 5ec4] SIDEKIDS> REFUSED: panel 2112 tall exceeds the 1081-px client - not touching it
[438260.872 ms][tid 5ec4] SIDEKIDS> REFUSED: panel 2112 tall exceeds the 1081-px client - not touching it
[438667.453 ms][tid 5ec4] SIDEKIDS> REFUSED: panel 2112 tall exceeds the 1081-px client - not touching it
[439073.293 ms][tid 5ec4] SIDEKIDS> REFUSED: panel 2112 tall exceeds the 1081-px client - not touching it
[439480.553 ms][tid 5ec4] SIDEKIDS> REFUSED: panel 2112 tall exceeds the 1081-px client - not touching it
[439886.104 ms][tid 5ec4] SIDEKIDS> REFUSED: panel 2112 tall exceeds the 1081-px client - not touching it
[440292.510 ms][tid 5ec4] SIDEKIDS> REFUSED: panel 2112 tall exceeds the 1081-px client - not touching it
[440698.441 ms][tid 5ec4] SIDEKIDS> REFUSED: panel 2112 tall exceeds the 1081-px client - not touching it
[441105.356 ms][tid 5ec4] SIDEKIDS> REFUSED: panel 2112 tall exceeds the 1081-px client - not touching it
[441511.393 ms][tid 5ec4] SIDEKIDS> REFUSED: panel 2112 tall exceeds the 1081-px client - not touching it
[441917.423 ms][tid 5ec4] SIDEKIDS> REFUSED: panel 2112 tall exceeds the 1081-px client - not touching it
[442323.966 ms][tid 5ec4] SIDEKIDS> REFUSED: panel 2112 tall exceeds the 1081-px client - not touching it
[442729.685 ms][tid 5ec4] SIDEKIDS> REFUSED: panel 2112 tall exceeds the 1081-px client - not touching it
[443136.137 ms][tid 5ec4] SIDEKIDS> REFUSED: panel 2112 tall exceeds the 1081-px client - not touching it
[443541.721 ms][tid 5ec4] SIDEKIDS> REFUSED: panel 2112 tall exceeds the 1081-px client - not touching it
[443949.219 ms][tid 5ec4] SIDEKIDS> REFUSED: panel 2112 tall exceeds the 1081-px client - not touching it
[444355.383 ms][tid 5ec4] SIDEKIDS> REFUSED: panel 2112 tall exceeds the 1081-px client - not touching it
[444760.583 ms][tid 5ec4] SIDEKIDS> REFUSED: panel 2112 tall exceeds the 1081-px client - not touching it
[445166.733 ms][tid 5ec4] SIDEKIDS> REFUSED: panel 2112 tall exceeds the 1081-px client - not touching it
[445573.121 ms][tid 5ec4] SIDEKIDS> REFUSED: panel 2112 tall exceeds the 1081-px client - not touching it
[445981.633 ms][tid 5ec4] SIDEKIDS> REFUSED: panel 2112 tall exceeds the 1081-px client - not touching it
[446385.997 ms][tid 5ec4] SIDEKIDS> REFUSED: panel 2112 tall exceeds the 1081-px client - not touching it
[446792.673 ms][tid 5ec4] SIDEKIDS> REFUSED: panel 2112 tall exceeds the 1081-px client - not touching it
[447198.342 ms][tid 5ec4] SIDEKIDS> REFUSED: panel 2112 tall exceeds the 1081-px client - not touching it
[447605.710 ms][tid 5ec4] SIDEKIDS> REFUSED: panel 2112 tall exceeds the 1081-px client - not touching it
[448011.989 ms][tid 5ec4] SIDEKIDS> REFUSED: panel 2112 tall exceeds the 1081-px client - not touching it
[448417.252 ms][tid 5ec4] SIDEKIDS> REFUSED: panel 2112 tall exceeds the 1081-px client - not touching it
[448824.406 ms][tid 5ec4] SIDEKIDS> REFUSED: panel 2112 tall exceeds the 1081-px client - not touching it
[449229.400 ms][tid 5ec4] SIDEKIDS> REFUSED: panel 2112 tall exceeds the 1081-px client - not touching it
[449636.976 ms][tid 5ec4] SIDEKIDS> REFUSED: panel 2112 tall exceeds the 1081-px client - not touching it
[450043.215 ms][tid 5ec4] SIDEKIDS> REFUSED: panel 2112 tall exceeds the 1081-px client - not touching it
[450448.433 ms][tid 5ec4] SIDEKIDS> REFUSED: panel 2112 tall exceeds the 1081-px client - not touching it
[450855.241 ms][tid 5ec4] SIDEKIDS> REFUSED: panel 2112 tall exceeds the 1081-px client - not touching it
[451261.504 ms][tid 5ec4] SIDEKIDS> REFUSED: panel 2112 tall exceeds the 1081-px client - not touching it
[451667.124 ms][tid 5ec4] SIDEKIDS> REFUSED: panel 2112 tall exceeds the 1081-px client - not touching it
[452073.557 ms][tid 5ec4] SIDEKIDS> REFUSED: panel 2112 tall exceeds the 1081-px client - not touching it
[452479.416 ms][tid 5ec4] SIDEKIDS> REFUSED: panel 2112 tall exceeds the 1081-px client - not touching it
[452885.692 ms][tid 5ec4] SIDEKIDS> REFUSED: panel 2112 tall exceeds the 1081-px client - not touching it
[453292.405 ms][tid 5ec4] SIDEKIDS> REFUSED: panel 2112 tall exceeds the 1081-px client - not touching it
[453698.854 ms][tid 5ec4] SIDEKIDS> REFUSED: panel 2112 tall exceeds the 1081-px client - not touching it
[454104.989 ms][tid 5ec4] SIDEKIDS> REFUSED: panel 2112 tall exceeds the 1081-px client - not touching it
[454511.330 ms][tid 5ec4] SIDEKIDS> REFUSED: panel 2112 tall exceeds the 1081-px client - not touching it
[454917.106 ms][tid 5ec4] SIDEKIDS> REFUSED: panel 2112 tall exceeds the 1081-px client - not touching it
[455323.965 ms][tid 5ec4] SIDEKIDS> REFUSED: panel 2112 tall exceeds the 1081-px client - not touching it
[455730.516 ms][tid 5ec4] SIDEKIDS> REFUSED: panel 2112 tall exceeds the 1081-px client - not touching it
[456136.165 ms][tid 5ec4] SIDEKIDS> REFUSED: panel 2112 tall exceeds the 1081-px client - not touching it
[456542.730 ms][tid 5ec4] SIDEKIDS> REFUSED: panel 2112 tall exceeds the 1081-px client - not touching it
[456948.314 ms][tid 5ec4] SIDEKIDS> REFUSED: panel 2112 tall exceeds the 1081-px client - not touching it
[457355.035 ms][tid 5ec4] SIDEKIDS> REFUSED: panel 2112 tall exceeds the 1081-px client - not touching it
[457761.129 ms][tid 5ec4] SIDEKIDS> REFUSED: panel 2112 tall exceeds the 1081-px client - not touching it
[458166.671 ms][tid 5ec4] SIDEKIDS> REFUSED: panel 2112 tall exceeds the 1081-px client - not touching it
[458573.044 ms][tid 5ec4] SIDEKIDS> REFUSED: panel 2112 tall exceeds the 1081-px client - not touching it
[458979.524 ms][tid 5ec4] SIDEKIDS> REFUSED: panel 2112 tall exceeds the 1081-px client - not touching it
[459387.645 ms][tid 5ec4] SIDEKIDS> REFUSED: panel 2112 tall exceeds the 1081-px client - not touching it
[459792.022 ms][tid 5ec4] SIDEKIDS> REFUSED: panel 2112 tall exceeds the 1081-px client - not touching it
[460199.399 ms][tid 5ec4] SIDEKIDS> REFUSED: panel 2112 tall exceeds the 1081-px client - not touching it
[460604.236 ms][tid 5ec4] SIDEKIDS> REFUSED: panel 2112 tall exceeds the 1081-px client - not touching it
[461011.398 ms][tid 5ec4] SIDEKIDS> REFUSED: panel 2112 tall exceeds the 1081-px client - not touching it
[461417.114 ms][tid 5ec4] SIDEKIDS> REFUSED: panel 2112 tall exceeds the 1081-px client - not touching it
[461826.278 ms][tid 5ec4] SIDEKIDS> REFUSED: panel 2112 tall exceeds the 1081-px client - not touching it
[462231.183 ms][tid 5ec4] SIDEKIDS> REFUSED: panel 2112 tall exceeds the 1081-px client - not touching it
[462635.692 ms][tid 5ec4] SIDEKIDS> REFUSED: panel 2112 tall exceeds the 1081-px client - not touching it
[463043.280 ms][tid 5ec4] SIDEKIDS> REFUSED: panel 2112 tall exceeds the 1081-px client - not touching it
[463448.182 ms][tid 5ec4] SIDEKIDS> REFUSED: panel 2112 tall exceeds the 1081-px client - not touching it
[463854.823 ms][tid 5ec4] SIDEKIDS> REFUSED: panel 2112 tall exceeds the 1081-px client - not touching it
[464260.921 ms][tid 5ec4] SIDEKIDS> REFUSED: panel 2112 tall exceeds the 1081-px client - not touching it
[464667.071 ms][tid 5ec4] SIDEKIDS> REFUSED: panel 2112 tall exceeds the 1081-px client - not touching it
[465073.996 ms][tid 5ec4] SIDEKIDS> REFUSED: panel 2112 tall exceeds the 1081-px client - not touching it
[465479.325 ms][tid 5ec4] SIDEKIDS> REFUSED: panel 2112 tall exceeds the 1081-px client - not touching it
[465886.598 ms][tid 5ec4] SIDEKIDS> REFUSED: panel 2112 tall exceeds the 1081-px client - not touching it
[466292.812 ms][tid 5ec4] SIDEKIDS> REFUSED: panel 2112 tall exceeds the 1081-px client - not touching it
[466699.965 ms][tid 5ec4] SIDEKIDS> REFUSED: panel 2112 tall exceeds the 1081-px client - not touching it
[467106.552 ms][tid 5ec4] SIDEKIDS> REFUSED: panel 2112 tall exceeds the 1081-px client - not touching it
[467511.170 ms][tid 5ec4] SIDEKIDS> REFUSED: panel 2112 tall exceeds the 1081-px client - not touching it
[467916.619 ms][tid 5ec4] SIDEKIDS> REFUSED: panel 2112 tall exceeds the 1081-px client - not touching it
[468324.394 ms][tid 5ec4] SIDEKIDS> REFUSED: panel 2112 tall exceeds the 1081-px client - not touching it
[468730.611 ms][tid 5ec4] SIDEKIDS> REFUSED: panel 2112 tall exceeds the 1081-px client - not touching it
[469137.373 ms][tid 5ec4] SIDEKIDS> REFUSED: panel 2112 tall exceeds the 1081-px client - not touching it
[469543.427 ms][tid 5ec4] SIDEKIDS> REFUSED: panel 2112 tall exceeds the 1081-px client - not touching it
[469949.682 ms][tid 5ec4] SIDEKIDS> REFUSED: panel 2112 tall exceeds the 1081-px client - not touching it
[470355.170 ms][tid 5ec4] SIDEKIDS> REFUSED: panel 2112 tall exceeds the 1081-px client - not touching it
[470760.485 ms][tid 5ec4] SIDEKIDS> REFUSED: panel 2112 tall exceeds the 1081-px client - not touching it
[471166.797 ms][tid 5ec4] SIDEKIDS> REFUSED: panel 2112 tall exceeds the 1081-px client - not touching it
[471573.194 ms][tid 5ec4] SIDEKIDS> REFUSED: panel 2112 tall exceeds the 1081-px client - not touching it
[471979.970 ms][tid 5ec4] SIDEKIDS> REFUSED: panel 2112 tall exceeds the 1081-px client - not touching it
[472386.192 ms][tid 5ec4] SIDEKIDS> REFUSED: panel 2112 tall exceeds the 1081-px client - not touching it
[472793.203 ms][tid 5ec4] SIDEKIDS> REFUSED: panel 2112 tall exceeds the 1081-px client - not touching it
[473198.491 ms][tid 5ec4] SIDEKIDS> REFUSED: panel 2112 tall exceeds the 1081-px client - not touching it
[473606.232 ms][tid 5ec4] SIDEKIDS> REFUSED: panel 2112 tall exceeds the 1081-px client - not touching it
[474012.571 ms][tid 5ec4] SIDEKIDS> REFUSED: panel 2112 tall exceeds the 1081-px client - not touching it
[474417.197 ms][tid 5ec4] SIDEKIDS> REFUSED: panel 2112 tall exceeds the 1081-px client - not touching it
[474822.844 ms][tid 5ec4] SIDEKIDS> REFUSED: panel 2112 tall exceeds the 1081-px client - not touching it
[475230.131 ms][tid 5ec4] SIDEKIDS> REFUSED: panel 2112 tall exceeds the 1081-px client - not touching it
[475636.014 ms][tid 5ec4] SIDEKIDS> REFUSED: panel 2112 tall exceeds the 1081-px client - not touching it
[476042.293 ms][tid 5ec4] SIDEKIDS> REFUSED: panel 2112 tall exceeds the 1081-px client - not touching it
[476448.284 ms][tid 5ec4] SIDEKIDS> REFUSED: panel 2112 tall exceeds the 1081-px client - not touching it
[476854.826 ms][tid 5ec4] SIDEKIDS> REFUSED: panel 2112 tall exceeds the 1081-px client - not touching it
[477261.292 ms][tid 5ec4] SIDEKIDS> REFUSED: panel 2112 tall exceeds the 1081-px client - not touching it
[477666.994 ms][tid 5ec4] SIDEKIDS> REFUSED: panel 2112 tall exceeds the 1081-px client - not touching it
[478073.403 ms][tid 5ec4] SIDEKIDS> REFUSED: panel 2112 tall exceeds the 1081-px client - not touching it
[478480.645 ms][tid 5ec4] SIDEKIDS> REFUSED: panel 2112 tall exceeds the 1081-px client - not touching it
[478885.888 ms][tid 5ec4] SIDEKIDS> REFUSED: panel 2112 tall exceeds the 1081-px client - not touching it
[479291.972 ms][tid 5ec4] SIDEKIDS> REFUSED: panel 2112 tall exceeds the 1081-px client - not touching it
[479699.064 ms][tid 5ec4] SIDEKIDS> REFUSED: panel 2112 tall exceeds the 1081-px client - not touching it
[480105.399 ms][tid 5ec4] SIDEKIDS> REFUSED: panel 2112 tall exceeds the 1081-px client - not touching it
[480511.439 ms][tid 5ec4] SIDEKIDS> REFUSED: panel 2112 tall exceeds the 1081-px client - not touching it
[480917.219 ms][tid 5ec4] SIDEKIDS> REFUSED: panel 2112 tall exceeds the 1081-px client - not touching it
[481324.124 ms][tid 5ec4] SIDEKIDS> REFUSED: panel 2112 tall exceeds the 1081-px client - not touching it
[481730.483 ms][tid 5ec4] SIDEKIDS> REFUSED: panel 2112 tall exceeds the 1081-px client - not touching it
[482135.874 ms][tid 5ec4] SIDEKIDS> REFUSED: panel 2112 tall exceeds the 1081-px client - not touching it
[482541.882 ms][tid 5ec4] SIDEKIDS> REFUSED: panel 2112 tall exceeds the 1081-px client - not touching it
[482949.025 ms][tid 5ec4] SIDEKIDS> REFUSED: panel 2112 tall exceeds the 1081-px client - not touching it
[483355.355 ms][tid 5ec4] SIDEKIDS> REFUSED: panel 2112 tall exceeds the 1081-px client - not touching it
[483760.776 ms][tid 5ec4] SIDEKIDS> REFUSED: panel 2112 tall exceeds the 1081-px client - not touching it
[484167.310 ms][tid 5ec4] SIDEKIDS> REFUSED: panel 2112 tall exceeds the 1081-px client - not touching it
[484574.475 ms][tid 5ec4] SIDEKIDS> REFUSED: panel 2112 tall exceeds the 1081-px client - not touching it
[484982.722 ms][tid 5ec4] SIDEKIDS> REFUSED: panel 2112 tall exceeds the 1081-px client - not touching it
[485386.270 ms][tid 5ec4] SIDEKIDS> REFUSED: panel 2112 tall exceeds the 1081-px client - not touching it
[485792.624 ms][tid 5ec4] SIDEKIDS> REFUSED: panel 2112 tall exceeds the 1081-px client - not touching it
[486211.227 ms][tid 5ec4] SIDEKIDS> REFUSED: panel 2112 tall exceeds the 1081-px client - not touching it
[486640.112 ms][tid 5ec4] SIDEKIDS> REFUSED: panel 2112 tall exceeds the 1081-px client - not touching it
[487059.329 ms][tid 5ec4] SIDEKIDS> REFUSED: panel 2112 tall exceeds the 1081-px client - not touching it
[487483.723 ms][tid 5ec4] SIDEKIDS> REFUSED: panel 2112 tall exceeds the 1081-px client - not touching it
[487888.461 ms][tid 5ec4] SIDEKIDS> REFUSED: panel 2112 tall exceeds the 1081-px client - not touching it
[488300.927 ms][tid 5ec4] SIDEKIDS> REFUSED: panel 2112 tall exceeds the 1081-px client - not touching it
[488722.850 ms][tid 5ec4] SIDEKIDS> REFUSED: panel 2112 tall exceeds the 1081-px client - not touching it
[489144.567 ms][tid 5ec4] SIDEKIDS> REFUSED: panel 2112 tall exceeds the 1081-px client - not touching it
[489556.775 ms][tid 5ec4] SIDEKIDS> REFUSED: panel 2112 tall exceeds the 1081-px client - not touching it
[489962.522 ms][tid 5ec4] SIDEKIDS> REFUSED: panel 2112 tall exceeds the 1081-px client - not touching it
[490360.728 ms][tid 5ec4] SIDEKIDS> REFUSED: panel 2112 tall exceeds the 1081-px client - not touching it
[490770.886 ms][tid 5ec4] SIDEKIDS> REFUSED: panel 2112 tall exceeds the 1081-px client - not touching it
[491169.091 ms][tid 5ec4] SIDEKIDS> REFUSED: panel 2112 tall exceeds the 1081-px client - not touching it
[491616.604 ms][tid 5ec4] SIDEKIDS> REFUSED: panel 2112 tall exceeds the 1081-px client - not touching it
[492011.280 ms][tid 5ec4] SIDEKIDS> REFUSED: panel 2112 tall exceeds the 1081-px client - not touching it
[492421.474 ms][tid 5ec4] SIDEKIDS> REFUSED: panel 2112 tall exceeds the 1081-px client - not touching it
[492833.586 ms][tid 5ec4] SIDEKIDS> REFUSED: panel 2112 tall exceeds the 1081-px client - not touching it
[493294.654 ms][tid 5ec4] SIDEKIDS> REFUSED: panel 2112 tall exceeds the 1081-px client - not touching it
[493700.078 ms][tid 5ec4] SIDEKIDS> REFUSED: panel 2112 tall exceeds the 1081-px client - not touching it
[494110.823 ms][tid 5ec4] SIDEKIDS> REFUSED: panel 2112 tall exceeds the 1081-px client - not touching it
[494516.784 ms][tid 5ec4] SIDEKIDS> REFUSED: panel 2112 tall exceeds the 1081-px client - not touching it
[494967.120 ms][tid 5ec4] SIDEKIDS> REFUSED: panel 2112 tall exceeds the 1081-px client - not touching it
[495395.734 ms][tid 5ec4] SIDEKIDS> REFUSED: panel 2112 tall exceeds the 1081-px client - not touching it
[495830.675 ms][tid 5ec4] SIDEKIDS> REFUSED: panel 2112 tall exceeds the 1081-px client - not touching it
[496229.164 ms][tid 5ec4] SIDEKIDS> REFUSED: panel 2112 tall exceeds the 1081-px client - not touching it
[496635.528 ms][tid 5ec4] SIDEKIDS> REFUSED: panel 2112 tall exceeds the 1081-px client - not touching it
[497042.320 ms][tid 5ec4] SIDEKIDS> REFUSED: panel 2112 tall exceeds the 1081-px client - not touching it
[497448.977 ms][tid 5ec4] SIDEKIDS> REFUSED: panel 2112 tall exceeds the 1081-px client - not touching it
[497859.534 ms][tid 5ec4] SIDEKIDS> REFUSED: panel 2112 tall exceeds the 1081-px client - not touching it
[498261.359 ms][tid 5ec4] SIDEKIDS> REFUSED: panel 2112 tall exceeds the 1081-px client - not touching it
[498668.482 ms][tid 5ec4] SIDEKIDS> REFUSED: panel 2112 tall exceeds the 1081-px client - not touching it
[499074.297 ms][tid 5ec4] SIDEKIDS> REFUSED: panel 2112 tall exceeds the 1081-px client - not touching it
[499479.412 ms][tid 5ec4] SIDEKIDS> REFUSED: panel 2112 tall exceeds the 1081-px client - not touching it
[499886.168 ms][tid 5ec4] SIDEKIDS> REFUSED: panel 2112 tall exceeds the 1081-px client - not touching it
[500291.976 ms][tid 5ec4] SIDEKIDS> REFUSED: panel 2112 tall exceeds the 1081-px client - not touching it
[500698.622 ms][tid 5ec4] SIDEKIDS> REFUSED: panel 2112 tall exceeds the 1081-px client - not touching it
[501106.844 ms][tid 5ec4] SIDEKIDS> REFUSED: panel 2112 tall exceeds the 1081-px client - not touching it
[501511.245 ms][tid 5ec4] SIDEKIDS> REFUSED: panel 2112 tall exceeds the 1081-px client - not touching it
[501917.809 ms][tid 5ec4] SIDEKIDS> REFUSED: panel 2112 tall exceeds the 1081-px client - not touching it
[502324.740 ms][tid 5ec4] SIDEKIDS> REFUSED: panel 2112 tall exceeds the 1081-px client - not touching it
[502730.217 ms][tid 5ec4] SIDEKIDS> REFUSED: panel 2112 tall exceeds the 1081-px client - not touching it
[503136.295 ms][tid 5ec4] SIDEKIDS> REFUSED: panel 2112 tall exceeds the 1081-px client - not touching it
[503543.302 ms][tid 5ec4] SIDEKIDS> REFUSED: panel 2112 tall exceeds the 1081-px client - not touching it
[503949.039 ms][tid 5ec4] SIDEKIDS> REFUSED: panel 2112 tall exceeds the 1081-px client - not touching it
[504355.257 ms][tid 5ec4] SIDEKIDS> REFUSED: panel 2112 tall exceeds the 1081-px client - not touching it
[504760.926 ms][tid 5ec4] SIDEKIDS> REFUSED: panel 2112 tall exceeds the 1081-px client - not touching it
[505167.268 ms][tid 5ec4] SIDEKIDS> REFUSED: panel 2112 tall exceeds the 1081-px client - not touching it
[505573.252 ms][tid 5ec4] SIDEKIDS> REFUSED: panel 2112 tall exceeds the 1081-px client - not touching it
[505980.199 ms][tid 5ec4] SIDEKIDS> REFUSED: panel 2112 tall exceeds the 1081-px client - not touching it
[506385.954 ms][tid 5ec4] SIDEKIDS> REFUSED: panel 2112 tall exceeds the 1081-px client - not touching it
[506792.778 ms][tid 5ec4] SIDEKIDS> REFUSED: panel 2112 tall exceeds the 1081-px client - not touching it
[507198.350 ms][tid 5ec4] SIDEKIDS> REFUSED: panel 2112 tall exceeds the 1081-px client - not touching it
[507604.584 ms][tid 5ec4] SIDEKIDS> REFUSED: panel 2112 tall exceeds the 1081-px client - not touching it
[508010.985 ms][tid 5ec4] SIDEKIDS> REFUSED: panel 2112 tall exceeds the 1081-px client - not touching it
[508417.007 ms][tid 5ec4] SIDEKIDS> REFUSED: panel 2112 tall exceeds the 1081-px client - not touching it
[508823.709 ms][tid 5ec4] SIDEKIDS> REFUSED: panel 2112 tall exceeds the 1081-px client - not touching it
[509233.120 ms][tid 5ec4] SIDEKIDS> REFUSED: panel 2112 tall exceeds the 1081-px client - not touching it
[509636.265 ms][tid 5ec4] SIDEKIDS> REFUSED: panel 2112 tall exceeds the 1081-px client - not touching it
[510042.668 ms][tid 5ec4] SIDEKIDS> REFUSED: panel 2112 tall exceeds the 1081-px client - not touching it
[510448.242 ms][tid 5ec4] SIDEKIDS> REFUSED: panel 2112 tall exceeds the 1081-px client - not touching it
[510854.849 ms][tid 5ec4] SIDEKIDS> REFUSED: panel 2112 tall exceeds the 1081-px client - not touching it
[511262.965 ms][tid 5ec4] SIDEKIDS> REFUSED: panel 2112 tall exceeds the 1081-px client - not touching it
[511667.511 ms][tid 5ec4] SIDEKIDS> REFUSED: panel 2112 tall exceeds the 1081-px client - not touching it
[512073.393 ms][tid 5ec4] SIDEKIDS> REFUSED: panel 2112 tall exceeds the 1081-px client - not touching it
[512479.652 ms][tid 5ec4] SIDEKIDS> REFUSED: panel 2112 tall exceeds the 1081-px client - not touching it
[512886.399 ms][tid 5ec4] SIDEKIDS> REFUSED: panel 2112 tall exceeds the 1081-px client - not touching it
[513292.479 ms][tid 5ec4] SIDEKIDS> REFUSED: panel 2112 tall exceeds the 1081-px client - not touching it
[513698.736 ms][tid 5ec4] SIDEKIDS> REFUSED: panel 2112 tall exceeds the 1081-px client - not touching it
[514104.702 ms][tid 5ec4] SIDEKIDS> REFUSED: panel 2112 tall exceeds the 1081-px client - not touching it
[514512.086 ms][tid 5ec4] SIDEKIDS> REFUSED: panel 2112 tall exceeds the 1081-px client - not touching it
[514917.415 ms][tid 5ec4] SIDEKIDS> REFUSED: panel 2112 tall exceeds the 1081-px client - not touching it
[515323.502 ms][tid 5ec4] SIDEKIDS> REFUSED: panel 2112 tall exceeds the 1081-px client - not touching it
[515729.141 ms][tid 5ec4] SIDEKIDS> REFUSED: panel 2112 tall exceeds the 1081-px client - not touching it
[516135.477 ms][tid 5ec4] SIDEKIDS> REFUSED: panel 2112 tall exceeds the 1081-px client - not touching it
[516541.807 ms][tid 5ec4] SIDEKIDS> REFUSED: panel 2112 tall exceeds the 1081-px client - not touching it
[516948.402 ms][tid 5ec4] SIDEKIDS> REFUSED: panel 2112 tall exceeds the 1081-px client - not touching it
[517354.496 ms][tid 5ec4] SIDEKIDS> REFUSED: panel 2112 tall exceeds the 1081-px client - not touching it
[517760.339 ms][tid 5ec4] SIDEKIDS> REFUSED: panel 2112 tall exceeds the 1081-px client - not touching it
[518167.379 ms][tid 5ec4] SIDEKIDS> REFUSED: panel 2112 tall exceeds the 1081-px client - not touching it
[518573.398 ms][tid 5ec4] SIDEKIDS> REFUSED: panel 2112 tall exceeds the 1081-px client - not touching it
[518979.216 ms][tid 5ec4] SIDEKIDS> REFUSED: panel 2112 tall exceeds the 1081-px client - not touching it
[519387.084 ms][tid 5ec4] SIDEKIDS> REFUSED: panel 2112 tall exceeds the 1081-px client - not touching it
[519792.404 ms][tid 5ec4] SIDEKIDS> REFUSED: panel 2112 tall exceeds the 1081-px client - not touching it
[520198.745 ms][tid 5ec4] SIDEKIDS> REFUSED: panel 2112 tall exceeds the 1081-px client - not touching it
[520605.068 ms][tid 5ec4] SIDEKIDS> REFUSED: panel 2112 tall exceeds the 1081-px client - not touching it
[521011.984 ms][tid 5ec4] SIDEKIDS> REFUSED: panel 2112 tall exceeds the 1081-px client - not touching it
[521417.239 ms][tid 5ec4] SIDEKIDS> REFUSED: panel 2112 tall exceeds the 1081-px client - not touching it
[521824.336 ms][tid 5ec4] SIDEKIDS> REFUSED: panel 2112 tall exceeds the 1081-px client - not touching it
[522230.702 ms][tid 5ec4] SIDEKIDS> REFUSED: panel 2112 tall exceeds the 1081-px client - not touching it
[522636.995 ms][tid 5ec4] SIDEKIDS> REFUSED: panel 2112 tall exceeds the 1081-px client - not touching it
[523042.295 ms][tid 5ec4] SIDEKIDS> REFUSED: panel 2112 tall exceeds the 1081-px client - not touching it
[523448.300 ms][tid 5ec4] SIDEKIDS> REFUSED: panel 2112 tall exceeds the 1081-px client - not touching it
[523854.496 ms][tid 5ec4] SIDEKIDS> REFUSED: panel 2112 tall exceeds the 1081-px client - not touching it
[524260.567 ms][tid 5ec4] SIDEKIDS> REFUSED: panel 2112 tall exceeds the 1081-px client - not touching it
[524667.291 ms][tid 5ec4] SIDEKIDS> REFUSED: panel 2112 tall exceeds the 1081-px client - not touching it
[525073.871 ms][tid 5ec4] SIDEKIDS> REFUSED: panel 2112 tall exceeds the 1081-px client - not touching it
[525480.675 ms][tid 5ec4] SIDEKIDS> REFUSED: panel 2112 tall exceeds the 1081-px client - not touching it
[525886.483 ms][tid 5ec4] SIDEKIDS> REFUSED: panel 2112 tall exceeds the 1081-px client - not touching it
[526292.448 ms][tid 5ec4] SIDEKIDS> REFUSED: panel 2112 tall exceeds the 1081-px client - not touching it
[526697.835 ms][tid 5ec4] SIDEKIDS> REFUSED: panel 2112 tall exceeds the 1081-px client - not touching it
[527104.674 ms][tid 5ec4] SIDEKIDS> REFUSED: panel 2112 tall exceeds the 1081-px client - not touching it
[527511.144 ms][tid 5ec4] SIDEKIDS> REFUSED: panel 2112 tall exceeds the 1081-px client - not touching it
[527918.082 ms][tid 5ec4] SIDEKIDS> REFUSED: panel 2112 tall exceeds the 1081-px client - not touching it
[528324.392 ms][tid 5ec4] SIDEKIDS> REFUSED: panel 2112 tall exceeds the 1081-px client - not touching it
[528730.428 ms][tid 5ec4] SIDEKIDS> REFUSED: panel 2112 tall exceeds the 1081-px client - not touching it
[529135.944 ms][tid 5ec4] SIDEKIDS> REFUSED: panel 2112 tall exceeds the 1081-px client - not touching it
[529543.359 ms][tid 5ec4] SIDEKIDS> REFUSED: panel 2112 tall exceeds the 1081-px client - not touching it
[529950.480 ms][tid 5ec4] SIDEKIDS> REFUSED: panel 2112 tall exceeds the 1081-px client - not touching it
[530354.030 ms][tid 5ec4] SIDEKIDS> REFUSED: panel 2112 tall exceeds the 1081-px client - not touching it
[530761.095 ms][tid 5ec4] SIDEKIDS> REFUSED: panel 2112 tall exceeds the 1081-px client - not touching it
[531166.732 ms][tid 5ec4] SIDEKIDS> REFUSED: panel 2112 tall exceeds the 1081-px client - not touching it
[531574.549 ms][tid 5ec4] SIDEKIDS> REFUSED: panel 2112 tall exceeds the 1081-px client - not touching it
[531980.078 ms][tid 5ec4] SIDEKIDS> REFUSED: panel 2112 tall exceeds the 1081-px client - not touching it
[532385.695 ms][tid 5ec4] SIDEKIDS> REFUSED: panel 2112 tall exceeds the 1081-px client - not touching it
[532792.301 ms][tid 5ec4] SIDEKIDS> REFUSED: panel 2112 tall exceeds the 1081-px client - not touching it
[533198.812 ms][tid 5ec4] SIDEKIDS> REFUSED: panel 2112 tall exceeds the 1081-px client - not touching it
[533604.328 ms][tid 5ec4] SIDEKIDS> REFUSED: panel 2112 tall exceeds the 1081-px client - not touching it
[534010.841 ms][tid 5ec4] SIDEKIDS> REFUSED: panel 2112 tall exceeds the 1081-px client - not touching it
[534416.714 ms][tid 5ec4] SIDEKIDS> REFUSED: panel 2112 tall exceeds the 1081-px client - not touching it
[534823.123 ms][tid 5ec4] SIDEKIDS> REFUSED: panel 2112 tall exceeds the 1081-px client - not touching it
[535230.970 ms][tid 5ec4] SIDEKIDS> REFUSED: panel 2112 tall exceeds the 1081-px client - not touching it
[535636.404 ms][tid 5ec4] SIDEKIDS> REFUSED: panel 2112 tall exceeds the 1081-px client - not touching it
[536042.543 ms][tid 5ec4] SIDEKIDS> REFUSED: panel 2112 tall exceeds the 1081-px client - not touching it
[536449.005 ms][tid 5ec4] SIDEKIDS> REFUSED: panel 2112 tall exceeds the 1081-px client - not touching it
[536854.842 ms][tid 5ec4] SIDEKIDS> REFUSED: panel 2112 tall exceeds the 1081-px client - not touching it
[537260.465 ms][tid 5ec4] SIDEKIDS> REFUSED: panel 2112 tall exceeds the 1081-px client - not touching it
[537666.789 ms][tid 5ec4] SIDEKIDS> REFUSED: panel 2112 tall exceeds the 1081-px client - not touching it
[538073.555 ms][tid 5ec4] SIDEKIDS> REFUSED: panel 2112 tall exceeds the 1081-px client - not touching it
[538479.637 ms][tid 5ec4] SIDEKIDS> REFUSED: panel 2112 tall exceeds the 1081-px client - not touching it
[538885.753 ms][tid 5ec4] SIDEKIDS> REFUSED: panel 2112 tall exceeds the 1081-px client - not touching it
[539292.399 ms][tid 5ec4] SIDEKIDS> REFUSED: panel 2112 tall exceeds the 1081-px client - not touching it
[539698.931 ms][tid 5ec4] SIDEKIDS> REFUSED: panel 2112 tall exceeds the 1081-px client - not touching it
[540105.418 ms][tid 5ec4] SIDEKIDS> REFUSED: panel 2112 tall exceeds the 1081-px client - not touching it
[540522.299 ms][tid 5ec4] SIDEKIDS> REFUSED: panel 2112 tall exceeds the 1081-px client - not touching it
[540918.551 ms][tid 5ec4] SIDEKIDS> REFUSED: panel 2112 tall exceeds the 1081-px client - not touching it
[541324.851 ms][tid 5ec4] SIDEKIDS> REFUSED: panel 2112 tall exceeds the 1081-px client - not touching it
[541730.018 ms][tid 5ec4] SIDEKIDS> REFUSED: panel 2112 tall exceeds the 1081-px client - not touching it
[542136.193 ms][tid 5ec4] SIDEKIDS> REFUSED: panel 2112 tall exceeds the 1081-px client - not touching it
[542542.517 ms][tid 5ec4] SIDEKIDS> REFUSED: panel 2112 tall exceeds the 1081-px client - not touching it
[542950.373 ms][tid 5ec4] SIDEKIDS> REFUSED: panel 2112 tall exceeds the 1081-px client - not touching it
[543355.082 ms][tid 5ec4] SIDEKIDS> REFUSED: panel 2112 tall exceeds the 1081-px client - not touching it
[543760.536 ms][tid 5ec4] SIDEKIDS> REFUSED: panel 2112 tall exceeds the 1081-px client - not touching it
[544167.407 ms][tid 5ec4] SIDEKIDS> REFUSED: panel 2112 tall exceeds the 1081-px client - not touching it
[544573.674 ms][tid 5ec4] SIDEKIDS> REFUSED: panel 2112 tall exceeds the 1081-px client - not touching it
[544980.598 ms][tid 5ec4] SIDEKIDS> REFUSED: panel 2112 tall exceeds the 1081-px client - not touching it
[545387.866 ms][tid 5ec4] SIDEKIDS> REFUSED: panel 2112 tall exceeds the 1081-px client - not touching it
[545793.258 ms][tid 5ec4] SIDEKIDS> REFUSED: panel 2112 tall exceeds the 1081-px client - not touching it
[546200.157 ms][tid 5ec4] SIDEKIDS> REFUSED: panel 2112 tall exceeds the 1081-px client - not touching it
[546604.625 ms][tid 5ec4] SIDEKIDS> REFUSED: panel 2112 tall exceeds the 1081-px client - not touching it
[547011.468 ms][tid 5ec4] SIDEKIDS> REFUSED: panel 2112 tall exceeds the 1081-px client - not touching it
[547416.693 ms][tid 5ec4] SIDEKIDS> REFUSED: panel 2112 tall exceeds the 1081-px client - not touching it
[547823.769 ms][tid 5ec4] SIDEKIDS> REFUSED: panel 2112 tall exceeds the 1081-px client - not touching it
[548230.129 ms][tid 5ec4] SIDEKIDS> REFUSED: panel 2112 tall exceeds the 1081-px client - not touching it
[548636.795 ms][tid 5ec4] SIDEKIDS> REFUSED: panel 2112 tall exceeds the 1081-px client - not touching it
[549042.790 ms][tid 5ec4] SIDEKIDS> REFUSED: panel 2112 tall exceeds the 1081-px client - not touching it
[549448.537 ms][tid 5ec4] SIDEKIDS> REFUSED: panel 2112 tall exceeds the 1081-px client - not touching it
[549855.369 ms][tid 5ec4] SIDEKIDS> REFUSED: panel 2112 tall exceeds the 1081-px client - not touching it
[550261.157 ms][tid 5ec4] SIDEKIDS> REFUSED: panel 2112 tall exceeds the 1081-px client - not touching it
[550666.801 ms][tid 5ec4] SIDEKIDS> REFUSED: panel 2112 tall exceeds the 1081-px client - not touching it
[551074.103 ms][tid 5ec4] SIDEKIDS> REFUSED: panel 2112 tall exceeds the 1081-px client - not touching it
[551480.142 ms][tid 5ec4] SIDEKIDS> REFUSED: panel 2112 tall exceeds the 1081-px client - not touching it
[551887.977 ms][tid 5ec4] SIDEKIDS> REFUSED: panel 2112 tall exceeds the 1081-px client - not touching it
[552292.313 ms][tid 5ec4] SIDEKIDS> REFUSED: panel 2112 tall exceeds the 1081-px client - not touching it
[552699.014 ms][tid 5ec4] SIDEKIDS> REFUSED: panel 2112 tall exceeds the 1081-px client - not touching it
[553104.736 ms][tid 5ec4] SIDEKIDS> REFUSED: panel 2112 tall exceeds the 1081-px client - not touching it
[553510.841 ms][tid 5ec4] SIDEKIDS> REFUSED: panel 2112 tall exceeds the 1081-px client - not touching it
[553917.602 ms][tid 5ec4] SIDEKIDS> REFUSED: panel 2112 tall exceeds the 1081-px client - not touching it
[554323.900 ms][tid 5ec4] SIDEKIDS> REFUSED: panel 2112 tall exceeds the 1081-px client - not touching it
[554729.539 ms][tid 5ec4] SIDEKIDS> REFUSED: panel 2112 tall exceeds the 1081-px client - not touching it
[555136.049 ms][tid 5ec4] SIDEKIDS> REFUSED: panel 2112 tall exceeds the 1081-px client - not touching it
[555542.289 ms][tid 5ec4] SIDEKIDS> REFUSED: panel 2112 tall exceeds the 1081-px client - not touching it
[555948.288 ms][tid 5ec4] SIDEKIDS> REFUSED: panel 2112 tall exceeds the 1081-px client - not touching it
[556354.797 ms][tid 5ec4] SIDEKIDS> REFUSED: panel 2112 tall exceeds the 1081-px client - not touching it
[556761.125 ms][tid 5ec4] SIDEKIDS> REFUSED: panel 2112 tall exceeds the 1081-px client - not touching it
[557167.312 ms][tid 5ec4] SIDEKIDS> REFUSED: panel 2112 tall exceeds the 1081-px client - not touching it
[557574.784 ms][tid 5ec4] SIDEKIDS> REFUSED: panel 2112 tall exceeds the 1081-px client - not touching it
[557979.531 ms][tid 5ec4] SIDEKIDS> REFUSED: panel 2112 tall exceeds the 1081-px client - not touching it
[558388.362 ms][tid 5ec4] SIDEKIDS> REFUSED: panel 2112 tall exceeds the 1081-px client - not touching it
[558795.655 ms][tid 5ec4] SIDEKIDS> REFUSED: panel 2112 tall exceeds the 1081-px client - not touching it
[559200.067 ms][tid 5ec4] SIDEKIDS> REFUSED: panel 2112 tall exceeds the 1081-px client - not touching it
[559604.556 ms][tid 5ec4] SIDEKIDS> REFUSED: panel 2112 tall exceeds the 1081-px client - not touching it
[560011.149 ms][tid 5ec4] SIDEKIDS> REFUSED: panel 2112 tall exceeds the 1081-px client - not touching it
[560418.389 ms][tid 5ec4] SIDEKIDS> REFUSED: panel 2112 tall exceeds the 1081-px client - not touching it
[560823.920 ms][tid 5ec4] SIDEKIDS> REFUSED: panel 2112 tall exceeds the 1081-px client - not touching it
[561230.724 ms][tid 5ec4] SIDEKIDS> REFUSED: panel 2112 tall exceeds the 1081-px client - not touching it
[561636.066 ms][tid 5ec4] SIDEKIDS> REFUSED: panel 2112 tall exceeds the 1081-px client - not touching it
[562043.275 ms][tid 5ec4] SIDEKIDS> REFUSED: panel 2112 tall exceeds the 1081-px client - not touching it
[562447.911 ms][tid 5ec4] SIDEKIDS> REFUSED: panel 2112 tall exceeds the 1081-px client - not touching it
[562854.640 ms][tid 5ec4] SIDEKIDS> REFUSED: panel 2112 tall exceeds the 1081-px client - not touching it
[563261.240 ms][tid 5ec4] SIDEKIDS> REFUSED: panel 2112 tall exceeds the 1081-px client - not touching it
[563667.315 ms][tid 5ec4] SIDEKIDS> REFUSED: panel 2112 tall exceeds the 1081-px client - not touching it
[564073.329 ms][tid 5ec4] SIDEKIDS> REFUSED: panel 2112 tall exceeds the 1081-px client - not touching it
[564479.596 ms][tid 5ec4] SIDEKIDS> REFUSED: panel 2112 tall exceeds the 1081-px client - not touching it
[564886.026 ms][tid 5ec4] SIDEKIDS> REFUSED: panel 2112 tall exceeds the 1081-px client - not touching it
[565292.047 ms][tid 5ec4] SIDEKIDS> REFUSED: panel 2112 tall exceeds the 1081-px client - not touching it
[565698.012 ms][tid 5ec4] SIDEKIDS> REFUSED: panel 2112 tall exceeds the 1081-px client - not touching it
[566105.333 ms][tid 5ec4] SIDEKIDS> REFUSED: panel 2112 tall exceeds the 1081-px client - not touching it
[566511.119 ms][tid 5ec4] SIDEKIDS> REFUSED: panel 2112 tall exceeds the 1081-px client - not touching it
[566917.031 ms][tid 5ec4] SIDEKIDS> REFUSED: panel 2112 tall exceeds the 1081-px client - not touching it
[567323.892 ms][tid 5ec4] SIDEKIDS> REFUSED: panel 2112 tall exceeds the 1081-px client - not touching it
[567729.394 ms][tid 5ec4] SIDEKIDS> REFUSED: panel 2112 tall exceeds the 1081-px client - not touching it
[568136.008 ms][tid 5ec4] SIDEKIDS> REFUSED: panel 2112 tall exceeds the 1081-px client - not touching it
[568542.687 ms][tid 5ec4] SIDEKIDS> REFUSED: panel 2112 tall exceeds the 1081-px client - not touching it
[568948.921 ms][tid 5ec4] SIDEKIDS> REFUSED: panel 2112 tall exceeds the 1081-px client - not touching it
[569354.392 ms][tid 5ec4] SIDEKIDS> REFUSED: panel 2112 tall exceeds the 1081-px client - not touching it
[569761.480 ms][tid 5ec4] SIDEKIDS> REFUSED: panel 2112 tall exceeds the 1081-px client - not touching it
[570167.193 ms][tid 5ec4] SIDEKIDS> REFUSED: panel 2112 tall exceeds the 1081-px client - not touching it
[570573.899 ms][tid 5ec4] SIDEKIDS> REFUSED: panel 2112 tall exceeds the 1081-px client - not touching it
[570980.000 ms][tid 5ec4] SIDEKIDS> REFUSED: panel 2112 tall exceeds the 1081-px client - not touching it
[571385.549 ms][tid 5ec4] SIDEKIDS> REFUSED: panel 2112 tall exceeds the 1081-px client - not touching it
[571792.557 ms][tid 5ec4] SIDEKIDS> REFUSED: panel 2112 tall exceeds the 1081-px client - not touching it
[572199.902 ms][tid 5ec4] SIDEKIDS> REFUSED: panel 2112 tall exceeds the 1081-px client - not touching it
[572604.901 ms][tid 5ec4] SIDEKIDS> REFUSED: panel 2112 tall exceeds the 1081-px client - not touching it
[573010.530 ms][tid 5ec4] SIDEKIDS> REFUSED: panel 2112 tall exceeds the 1081-px client - not touching it
[573417.909 ms][tid 5ec4] SIDEKIDS> REFUSED: panel 2112 tall exceeds the 1081-px client - not touching it
[573823.671 ms][tid 5ec4] SIDEKIDS> REFUSED: panel 2112 tall exceeds the 1081-px client - not touching it
[574230.055 ms][tid 5ec4] SIDEKIDS> REFUSED: panel 2112 tall exceeds the 1081-px client - not touching it
[574636.395 ms][tid 5ec4] SIDEKIDS> REFUSED: panel 2112 tall exceeds the 1081-px client - not touching it
[575042.727 ms][tid 5ec4] SIDEKIDS> REFUSED: panel 2112 tall exceeds the 1081-px client - not touching it
[575448.664 ms][tid 5ec4] SIDEKIDS> REFUSED: panel 2112 tall exceeds the 1081-px client - not touching it
[575854.627 ms][tid 5ec4] SIDEKIDS> REFUSED: panel 2112 tall exceeds the 1081-px client - not touching it
[576261.070 ms][tid 5ec4] SIDEKIDS> REFUSED: panel 2112 tall exceeds the 1081-px client - not touching it
[576667.029 ms][tid 5ec4] SIDEKIDS> REFUSED: panel 2112 tall exceeds the 1081-px client - not touching it
[577074.108 ms][tid 5ec4] SIDEKIDS> REFUSED: panel 2112 tall exceeds the 1081-px client - not touching it
[577481.650 ms][tid 5ec4] SIDEKIDS> REFUSED: panel 2112 tall exceeds the 1081-px client - not touching it
[577885.500 ms][tid 5ec4] SIDEKIDS> REFUSED: panel 2112 tall exceeds the 1081-px client - not touching it
[578292.197 ms][tid 5ec4] SIDEKIDS> REFUSED: panel 2112 tall exceeds the 1081-px client - not touching it
[578698.179 ms][tid 5ec4] SIDEKIDS> REFUSED: panel 2112 tall exceeds the 1081-px client - not touching it
[579106.102 ms][tid 5ec4] SIDEKIDS> REFUSED: panel 2112 tall exceeds the 1081-px client - not touching it
[579510.981 ms][tid 5ec4] SIDEKIDS> REFUSED: panel 2112 tall exceeds the 1081-px client - not touching it
[579916.847 ms][tid 5ec4] SIDEKIDS> REFUSED: panel 2112 tall exceeds the 1081-px client - not touching it
[580324.616 ms][tid 5ec4] SIDEKIDS> REFUSED: panel 2112 tall exceeds the 1081-px client - not touching it
[580729.825 ms][tid 5ec4] SIDEKIDS> REFUSED: panel 2112 tall exceeds the 1081-px client - not touching it
[581137.048 ms][tid 5ec4] SIDEKIDS> REFUSED: panel 2112 tall exceeds the 1081-px client - not touching it
[581543.290 ms][tid 5ec4] SIDEKIDS> REFUSED: panel 2112 tall exceeds the 1081-px client - not touching it
[581949.280 ms][tid 5ec4] SIDEKIDS> REFUSED: panel 2112 tall exceeds the 1081-px client - not touching it
[582355.412 ms][tid 5ec4] SIDEKIDS> REFUSED: panel 2112 tall exceeds the 1081-px client - not touching it
[582761.844 ms][tid 5ec4] SIDEKIDS> REFUSED: panel 2112 tall exceeds the 1081-px client - not touching it
[583168.700 ms][tid 5ec4] SIDEKIDS> REFUSED: panel 2112 tall exceeds the 1081-px client - not touching it
[583574.330 ms][tid 5ec4] SIDEKIDS> REFUSED: panel 2112 tall exceeds the 1081-px client - not touching it
[583979.588 ms][tid 5ec4] SIDEKIDS> REFUSED: panel 2112 tall exceeds the 1081-px client - not touching it
[584386.242 ms][tid 5ec4] SIDEKIDS> REFUSED: panel 2112 tall exceeds the 1081-px client - not touching it
[584791.980 ms][tid 5ec4] SIDEKIDS> REFUSED: panel 2112 tall exceeds the 1081-px client - not touching it
[585198.306 ms][tid 5ec4] SIDEKIDS> REFUSED: panel 2112 tall exceeds the 1081-px client - not touching it
[585604.581 ms][tid 5ec4] SIDEKIDS> REFUSED: panel 2112 tall exceeds the 1081-px client - not touching it
[586011.407 ms][tid 5ec4] SIDEKIDS> REFUSED: panel 2112 tall exceeds the 1081-px client - not touching it
[586418.409 ms][tid 5ec4] SIDEKIDS> REFUSED: panel 2112 tall exceeds the 1081-px client - not touching it
[586824.657 ms][tid 5ec4] SIDEKIDS> REFUSED: panel 2112 tall exceeds the 1081-px client - not touching it
[587229.954 ms][tid 5ec4] SIDEKIDS> REFUSED: panel 2112 tall exceeds the 1081-px client - not touching it
[587635.804 ms][tid 5ec4] SIDEKIDS> REFUSED: panel 2112 tall exceeds the 1081-px client - not touching it
[588043.357 ms][tid 5ec4] SIDEKIDS> REFUSED: panel 2112 tall exceeds the 1081-px client - not touching it
[588448.590 ms][tid 5ec4] SIDEKIDS> REFUSED: panel 2112 tall exceeds the 1081-px client - not touching it
[588855.099 ms][tid 5ec4] SIDEKIDS> REFUSED: panel 2112 tall exceeds the 1081-px client - not touching it
[589261.186 ms][tid 5ec4] SIDEKIDS> REFUSED: panel 2112 tall exceeds the 1081-px client - not touching it
[589666.880 ms][tid 5ec4] SIDEKIDS> REFUSED: panel 2112 tall exceeds the 1081-px client - not touching it
[590074.206 ms][tid 5ec4] SIDEKIDS> REFUSED: panel 2112 tall exceeds the 1081-px client - not touching it
[590479.405 ms][tid 5ec4] SIDEKIDS> REFUSED: panel 2112 tall exceeds the 1081-px client - not touching it
[590885.701 ms][tid 5ec4] SIDEKIDS> REFUSED: panel 2112 tall exceeds the 1081-px client - not touching it
[591292.696 ms][tid 5ec4] SIDEKIDS> REFUSED: panel 2112 tall exceeds the 1081-px client - not touching it
[591698.410 ms][tid 5ec4] SIDEKIDS> REFUSED: panel 2112 tall exceeds the 1081-px client - not touching it
[592105.621 ms][tid 5ec4] SIDEKIDS> REFUSED: panel 2112 tall exceeds the 1081-px client - not touching it
[592511.764 ms][tid 5ec4] SIDEKIDS> REFUSED: panel 2112 tall exceeds the 1081-px client - not touching it
[592917.249 ms][tid 5ec4] SIDEKIDS> REFUSED: panel 2112 tall exceeds the 1081-px client - not touching it
[593327.102 ms][tid 5ec4] SIDEKIDS> REFUSED: panel 2112 tall exceeds the 1081-px client - not touching it
[593729.445 ms][tid 5ec4] SIDEKIDS> REFUSED: panel 2112 tall exceeds the 1081-px client - not touching it
[594136.590 ms][tid 5ec4] SIDEKIDS> REFUSED: panel 2112 tall exceeds the 1081-px client - not touching it
[594543.800 ms][tid 5ec4] SIDEKIDS> REFUSED: panel 2112 tall exceeds the 1081-px client - not touching it
[594948.549 ms][tid 5ec4] SIDEKIDS> REFUSED: panel 2112 tall exceeds the 1081-px client - not touching it
[595354.508 ms][tid 5ec4] SIDEKIDS> REFUSED: panel 2112 tall exceeds the 1081-px client - not touching it
[595761.054 ms][tid 5ec4] SIDEKIDS> REFUSED: panel 2112 tall exceeds the 1081-px client - not touching it
[596167.999 ms][tid 5ec4] SIDEKIDS> REFUSED: panel 2112 tall exceeds the 1081-px client - not touching it
[596574.484 ms][tid 5ec4] SIDEKIDS> REFUSED: panel 2112 tall exceeds the 1081-px client - not touching it
[596980.325 ms][tid 5ec4] SIDEKIDS> REFUSED: panel 2112 tall exceeds the 1081-px client - not touching it
[597386.271 ms][tid 5ec4] SIDEKIDS> REFUSED: panel 2112 tall exceeds the 1081-px client - not touching it
[597792.109 ms][tid 5ec4] SIDEKIDS> REFUSED: panel 2112 tall exceeds the 1081-px client - not touching it
[598198.392 ms][tid 5ec4] SIDEKIDS> REFUSED: panel 2112 tall exceeds the 1081-px client - not touching it
[598605.250 ms][tid 5ec4] SIDEKIDS> REFUSED: panel 2112 tall exceeds the 1081-px client - not touching it
[599011.823 ms][tid 5ec4] SIDEKIDS> REFUSED: panel 2112 tall exceeds the 1081-px client - not touching it
[599416.811 ms][tid 5ec4] SIDEKIDS> REFUSED: panel 2112 tall exceeds the 1081-px client - not touching it
[599823.792 ms][tid 5ec4] SIDEKIDS> REFUSED: panel 2112 tall exceeds the 1081-px client - not touching it
[600231.010 ms][tid 5ec4] SIDEKIDS> REFUSED: panel 2112 tall exceeds the 1081-px client - not touching it
[600636.277 ms][tid 5ec4] SIDEKIDS> REFUSED: panel 2112 tall exceeds the 1081-px client - not touching it
[601041.669 ms][tid 5ec4] SIDEKIDS> REFUSED: panel 2112 tall exceeds the 1081-px client - not touching it
[601448.267 ms][tid 5ec4] SIDEKIDS> REFUSED: panel 2112 tall exceeds the 1081-px client - not touching it
[601854.910 ms][tid 5ec4] SIDEKIDS> REFUSED: panel 2112 tall exceeds the 1081-px client - not touching it
[602261.210 ms][tid 5ec4] SIDEKIDS> REFUSED: panel 2112 tall exceeds the 1081-px client - not touching it
[602666.799 ms][tid 5ec4] SIDEKIDS> REFUSED: panel 2112 tall exceeds the 1081-px client - not touching it
[603074.122 ms][tid 5ec4] SIDEKIDS> REFUSED: panel 2112 tall exceeds the 1081-px client - not touching it
[603480.683 ms][tid 5ec4] SIDEKIDS> REFUSED: panel 2112 tall exceeds the 1081-px client - not touching it
[603885.876 ms][tid 5ec4] SIDEKIDS> REFUSED: panel 2112 tall exceeds the 1081-px client - not touching it
[604292.586 ms][tid 5ec4] SIDEKIDS> REFUSED: panel 2112 tall exceeds the 1081-px client - not touching it
[604697.781 ms][tid 5ec4] SIDEKIDS> REFUSED: panel 2112 tall exceeds the 1081-px client - not touching it
[605104.586 ms][tid 5ec4] SIDEKIDS> REFUSED: panel 2112 tall exceeds the 1081-px client - not touching it
[605513.389 ms][tid 5ec4] SIDEKIDS> REFUSED: panel 2112 tall exceeds the 1081-px client - not touching it
[605918.171 ms][tid 5ec4] SIDEKIDS> REFUSED: panel 2112 tall exceeds the 1081-px client - not touching it
[606323.882 ms][tid 5ec4] SIDEKIDS> REFUSED: panel 2112 tall exceeds the 1081-px client - not touching it
[606729.876 ms][tid 5ec4] SIDEKIDS> REFUSED: panel 2112 tall exceeds the 1081-px client - not touching it
[607135.794 ms][tid 5ec4] SIDEKIDS> REFUSED: panel 2112 tall exceeds the 1081-px client - not touching it
[607542.203 ms][tid 5ec4] SIDEKIDS> REFUSED: panel 2112 tall exceeds the 1081-px client - not touching it
[607949.058 ms][tid 5ec4] SIDEKIDS> REFUSED: panel 2112 tall exceeds the 1081-px client - not touching it
[608355.193 ms][tid 5ec4] SIDEKIDS> REFUSED: panel 2112 tall exceeds the 1081-px client - not touching it
[608761.421 ms][tid 5ec4] SIDEKIDS> REFUSED: panel 2112 tall exceeds the 1081-px client - not touching it
[609167.232 ms][tid 5ec4] SIDEKIDS> REFUSED: panel 2112 tall exceeds the 1081-px client - not touching it
[609574.301 ms][tid 5ec4] SIDEKIDS> REFUSED: panel 2112 tall exceeds the 1081-px client - not touching it
[609980.426 ms][tid 5ec4] SIDEKIDS> REFUSED: panel 2112 tall exceeds the 1081-px client - not touching it
[610385.848 ms][tid 5ec4] SIDEKIDS> REFUSED: panel 2112 tall exceeds the 1081-px client - not touching it
[610791.717 ms][tid 5ec4] SIDEKIDS> REFUSED: panel 2112 tall exceeds the 1081-px client - not touching it
[611198.003 ms][tid 5ec4] SIDEKIDS> REFUSED: panel 2112 tall exceeds the 1081-px client - not touching it
[611605.427 ms][tid 5ec4] SIDEKIDS> REFUSED: panel 2112 tall exceeds the 1081-px client - not touching it
[612010.482 ms][tid 5ec4] SIDEKIDS> REFUSED: panel 2112 tall exceeds the 1081-px client - not touching it
[612416.820 ms][tid 5ec4] SIDEKIDS> REFUSED: panel 2112 tall exceeds the 1081-px client - not touching it
[612824.414 ms][tid 5ec4] SIDEKIDS> REFUSED: panel 2112 tall exceeds the 1081-px client - not touching it
[613229.827 ms][tid 5ec4] SIDEKIDS> REFUSED: panel 2112 tall exceeds the 1081-px client - not touching it
[613636.446 ms][tid 5ec4] SIDEKIDS> REFUSED: panel 2112 tall exceeds the 1081-px client - not touching it
[614042.298 ms][tid 5ec4] SIDEKIDS> REFUSED: panel 2112 tall exceeds the 1081-px client - not touching it
[614448.647 ms][tid 5ec4] SIDEKIDS> REFUSED: panel 2112 tall exceeds the 1081-px client - not touching it
[614854.856 ms][tid 5ec4] SIDEKIDS> REFUSED: panel 2112 tall exceeds the 1081-px client - not touching it
[615260.836 ms][tid 5ec4] SIDEKIDS> REFUSED: panel 2112 tall exceeds the 1081-px client - not touching it
[615668.304 ms][tid 5ec4] SIDEKIDS> REFUSED: panel 2112 tall exceeds the 1081-px client - not touching it
[616074.682 ms][tid 5ec4] SIDEKIDS> REFUSED: panel 2112 tall exceeds the 1081-px client - not touching it
[616480.203 ms][tid 5ec4] SIDEKIDS> REFUSED: panel 2112 tall exceeds the 1081-px client - not touching it
[616887.640 ms][tid 5ec4] SIDEKIDS> REFUSED: panel 2112 tall exceeds the 1081-px client - not touching it
[617292.131 ms][tid 5ec4] SIDEKIDS> REFUSED: panel 2112 tall exceeds the 1081-px client - not touching it
[617698.165 ms][tid 5ec4] SIDEKIDS> REFUSED: panel 2112 tall exceeds the 1081-px client - not touching it
[618104.950 ms][tid 5ec4] SIDEKIDS> REFUSED: panel 2112 tall exceeds the 1081-px client - not touching it
[618510.790 ms][tid 5ec4] SIDEKIDS> REFUSED: panel 2112 tall exceeds the 1081-px client - not touching it
[618917.863 ms][tid 5ec4] SIDEKIDS> REFUSED: panel 2112 tall exceeds the 1081-px client - not touching it
[619323.476 ms][tid 5ec4] SIDEKIDS> REFUSED: panel 2112 tall exceeds the 1081-px client - not touching it
[619729.741 ms][tid 5ec4] SIDEKIDS> REFUSED: panel 2112 tall exceeds the 1081-px client - not touching it
[620135.885 ms][tid 5ec4] SIDEKIDS> REFUSED: panel 2112 tall exceeds the 1081-px client - not touching it
[620541.862 ms][tid 5ec4] SIDEKIDS> REFUSED: panel 2112 tall exceeds the 1081-px client - not touching it
[620948.117 ms][tid 5ec4] SIDEKIDS> REFUSED: panel 2112 tall exceeds the 1081-px client - not touching it
[621355.037 ms][tid 5ec4] SIDEKIDS> REFUSED: panel 2112 tall exceeds the 1081-px client - not touching it
[621760.628 ms][tid 5ec4] SIDEKIDS> REFUSED: panel 2112 tall exceeds the 1081-px client - not touching it
[622167.552 ms][tid 5ec4] SIDEKIDS> REFUSED: panel 2112 tall exceeds the 1081-px client - not touching it
[622574.831 ms][tid 5ec4] SIDEKIDS> REFUSED: panel 2112 tall exceeds the 1081-px client - not touching it
[622980.511 ms][tid 5ec4] SIDEKIDS> REFUSED: panel 2112 tall exceeds the 1081-px client - not touching it
[623385.677 ms][tid 5ec4] SIDEKIDS> REFUSED: panel 2112 tall exceeds the 1081-px client - not touching it
[623792.443 ms][tid 5ec4] SIDEKIDS> REFUSED: panel 2112 tall exceeds the 1081-px client - not touching it
[624197.883 ms][tid 5ec4] SIDEKIDS> REFUSED: panel 2112 tall exceeds the 1081-px client - not touching it
[624605.180 ms][tid 5ec4] SIDEKIDS> REFUSED: panel 2112 tall exceeds the 1081-px client - not touching it
[625011.708 ms][tid 5ec4] SIDEKIDS> REFUSED: panel 2112 tall exceeds the 1081-px client - not touching it
[625417.169 ms][tid 5ec4] SIDEKIDS> REFUSED: panel 2112 tall exceeds the 1081-px client - not touching it
[625823.213 ms][tid 5ec4] SIDEKIDS> REFUSED: panel 2112 tall exceeds the 1081-px client - not touching it
[626231.433 ms][tid 5ec4] SIDEKIDS> REFUSED: panel 2112 tall exceeds the 1081-px client - not touching it
[626636.080 ms][tid 5ec4] SIDEKIDS> REFUSED: panel 2112 tall exceeds the 1081-px client - not touching it
[627042.131 ms][tid 5ec4] SIDEKIDS> REFUSED: panel 2112 tall exceeds the 1081-px client - not touching it
[627449.377 ms][tid 5ec4] SIDEKIDS> REFUSED: panel 2112 tall exceeds the 1081-px client - not touching it
[627855.066 ms][tid 5ec4] SIDEKIDS> REFUSED: panel 2112 tall exceeds the 1081-px client - not touching it
[628260.795 ms][tid 5ec4] SIDEKIDS> REFUSED: panel 2112 tall exceeds the 1081-px client - not touching it
[628668.032 ms][tid 5ec4] SIDEKIDS> REFUSED: panel 2112 tall exceeds the 1081-px client - not touching it
[629074.798 ms][tid 5ec4] SIDEKIDS> REFUSED: panel 2112 tall exceeds the 1081-px client - not touching it
[629480.652 ms][tid 5ec4] SIDEKIDS> REFUSED: panel 2112 tall exceeds the 1081-px client - not touching it
[629886.409 ms][tid 5ec4] SIDEKIDS> REFUSED: panel 2112 tall exceeds the 1081-px client - not touching it
[630292.095 ms][tid 5ec4] SIDEKIDS> REFUSED: panel 2112 tall exceeds the 1081-px client - not touching it
[630698.003 ms][tid 5ec4] SIDEKIDS> REFUSED: panel 2112 tall exceeds the 1081-px client - not touching it
[631104.850 ms][tid 5ec4] SIDEKIDS> REFUSED: panel 2112 tall exceeds the 1081-px client - not touching it
[631511.523 ms][tid 5ec4] SIDEKIDS> REFUSED: panel 2112 tall exceeds the 1081-px client - not touching it
[631916.911 ms][tid 5ec4] SIDEKIDS> REFUSED: panel 2112 tall exceeds the 1081-px client - not touching it
[632323.294 ms][tid 5ec4] SIDEKIDS> REFUSED: panel 2112 tall exceeds the 1081-px client - not touching it
[632729.802 ms][tid 5ec4] SIDEKIDS> REFUSED: panel 2112 tall exceeds the 1081-px client - not touching it
[633136.600 ms][tid 5ec4] SIDEKIDS> REFUSED: panel 2112 tall exceeds the 1081-px client - not touching it
[633542.495 ms][tid 5ec4] SIDEKIDS> REFUSED: panel 2112 tall exceeds the 1081-px client - not touching it
[633951.518 ms][tid 5ec4] SIDEKIDS> REFUSED: panel 2112 tall exceeds the 1081-px client - not touching it
[634354.864 ms][tid 5ec4] SIDEKIDS> REFUSED: panel 2112 tall exceeds the 1081-px client - not touching it
[634760.700 ms][tid 5ec4] SIDEKIDS> REFUSED: panel 2112 tall exceeds the 1081-px client - not touching it
[635167.511 ms][tid 5ec4] SIDEKIDS> REFUSED: panel 2112 tall exceeds the 1081-px client - not touching it
[635573.604 ms][tid 5ec4] SIDEKIDS> REFUSED: panel 2112 tall exceeds the 1081-px client - not touching it
[635979.325 ms][tid 5ec4] SIDEKIDS> REFUSED: panel 2112 tall exceeds the 1081-px client - not touching it
[636385.658 ms][tid 5ec4] SIDEKIDS> REFUSED: panel 2112 tall exceeds the 1081-px client - not touching it
[636793.431 ms][tid 5ec4] SIDEKIDS> REFUSED: panel 2112 tall exceeds the 1081-px client - not touching it
[637199.172 ms][tid 5ec4] SIDEKIDS> REFUSED: panel 2112 tall exceeds the 1081-px client - not touching it
[637605.666 ms][tid 5ec4] SIDEKIDS> REFUSED: panel 2112 tall exceeds the 1081-px client - not touching it
[638010.775 ms][tid 5ec4] SIDEKIDS> REFUSED: panel 2112 tall exceeds the 1081-px client - not touching it
[638418.914 ms][tid 5ec4] SIDEKIDS> REFUSED: panel 2112 tall exceeds the 1081-px client - not touching it
[638823.067 ms][tid 5ec4] SIDEKIDS> REFUSED: panel 2112 tall exceeds the 1081-px client - not touching it
[639229.753 ms][tid 5ec4] SIDEKIDS> REFUSED: panel 2112 tall exceeds the 1081-px client - not touching it
[639636.596 ms][tid 5ec4] SIDEKIDS> REFUSED: panel 2112 tall exceeds the 1081-px client - not touching it
[640042.407 ms][tid 5ec4] SIDEKIDS> REFUSED: panel 2112 tall exceeds the 1081-px client - not touching it
[640448.480 ms][tid 5ec4] SIDEKIDS> REFUSED: panel 2112 tall exceeds the 1081-px client - not touching it
[640854.446 ms][tid 5ec4] SIDEKIDS> REFUSED: panel 2112 tall exceeds the 1081-px client - not touching it
[641261.903 ms][tid 5ec4] SIDEKIDS> REFUSED: panel 2112 tall exceeds the 1081-px client - not touching it
[641667.643 ms][tid 5ec4] SIDEKIDS> REFUSED: panel 2112 tall exceeds the 1081-px client - not touching it
[642074.036 ms][tid 5ec4] SIDEKIDS> REFUSED: panel 2112 tall exceeds the 1081-px client - not touching it
[642480.374 ms][tid 5ec4] SIDEKIDS> REFUSED: panel 2112 tall exceeds the 1081-px client - not touching it
[642885.977 ms][tid 5ec4] SIDEKIDS> REFUSED: panel 2112 tall exceeds the 1081-px client - not touching it
[643292.478 ms][tid 5ec4] SIDEKIDS> REFUSED: panel 2112 tall exceeds the 1081-px client - not touching it
[643699.128 ms][tid 5ec4] SIDEKIDS> REFUSED: panel 2112 tall exceeds the 1081-px client - not touching it
[644104.500 ms][tid 5ec4] SIDEKIDS> REFUSED: panel 2112 tall exceeds the 1081-px client - not touching it
[644511.534 ms][tid 5ec4] SIDEKIDS> REFUSED: panel 2112 tall exceeds the 1081-px client - not touching it
[644916.969 ms][tid 5ec4] SIDEKIDS> REFUSED: panel 2112 tall exceeds the 1081-px client - not touching it
[645323.352 ms][tid 5ec4] SIDEKIDS> REFUSED: panel 2112 tall exceeds the 1081-px client - not touching it
[645729.507 ms][tid 5ec4] SIDEKIDS> REFUSED: panel 2112 tall exceeds the 1081-px client - not touching it
[646137.049 ms][tid 5ec4] SIDEKIDS> REFUSED: panel 2112 tall exceeds the 1081-px client - not touching it
[646542.654 ms][tid 5ec4] SIDEKIDS> REFUSED: panel 2112 tall exceeds the 1081-px client - not touching it
[646948.199 ms][tid 5ec4] SIDEKIDS> REFUSED: panel 2112 tall exceeds the 1081-px client - not touching it
[647354.655 ms][tid 5ec4] SIDEKIDS> REFUSED: panel 2112 tall exceeds the 1081-px client - not touching it
[647761.242 ms][tid 5ec4] SIDEKIDS> REFUSED: panel 2112 tall exceeds the 1081-px client - not touching it
[648166.733 ms][tid 5ec4] SIDEKIDS> REFUSED: panel 2112 tall exceeds the 1081-px client - not touching it
[648573.889 ms][tid 5ec4] SIDEKIDS> REFUSED: panel 2112 tall exceeds the 1081-px client - not touching it
[648979.574 ms][tid 5ec4] SIDEKIDS> REFUSED: panel 2112 tall exceeds the 1081-px client - not touching it
[649386.147 ms][tid 5ec4] SIDEKIDS> REFUSED: panel 2112 tall exceeds the 1081-px client - not touching it
[649791.993 ms][tid 5ec4] SIDEKIDS> REFUSED: panel 2112 tall exceeds the 1081-px client - not touching it
[650198.752 ms][tid 5ec4] SIDEKIDS> REFUSED: panel 2112 tall exceeds the 1081-px client - not touching it
[650605.186 ms][tid 5ec4] SIDEKIDS> REFUSED: panel 2112 tall exceeds the 1081-px client - not touching it
[651011.880 ms][tid 5ec4] SIDEKIDS> REFUSED: panel 2112 tall exceeds the 1081-px client - not touching it
[651417.212 ms][tid 5ec4] SIDEKIDS> REFUSED: panel 2112 tall exceeds the 1081-px client - not touching it
[651823.675 ms][tid 5ec4] SIDEKIDS> REFUSED: panel 2112 tall exceeds the 1081-px client - not touching it
[652229.811 ms][tid 5ec4] SIDEKIDS> REFUSED: panel 2112 tall exceeds the 1081-px client - not touching it
[652635.747 ms][tid 5ec4] SIDEKIDS> REFUSED: panel 2112 tall exceeds the 1081-px client - not touching it
[653042.511 ms][tid 5ec4] SIDEKIDS> REFUSED: panel 2112 tall exceeds the 1081-px client - not touching it
[653449.327 ms][tid 5ec4] SIDEKIDS> REFUSED: panel 2112 tall exceeds the 1081-px client - not touching it
[653855.263 ms][tid 5ec4] SIDEKIDS> REFUSED: panel 2112 tall exceeds the 1081-px client - not touching it
[654260.782 ms][tid 5ec4] SIDEKIDS> REFUSED: panel 2112 tall exceeds the 1081-px client - not touching it
[654687.448 ms][tid 5ec4] SIDEKIDS> REFUSED: panel 2112 tall exceeds the 1081-px client - not touching it
[655089.207 ms][tid 5ec4] SIDEKIDS> REFUSED: panel 2112 tall exceeds the 1081-px client - not touching it
[655495.567 ms][tid 5ec4] SIDEKIDS> REFUSED: panel 2112 tall exceeds the 1081-px client - not touching it
[655902.506 ms][tid 5ec4] SIDEKIDS> REFUSED: panel 2112 tall exceeds the 1081-px client - not touching it
[656308.469 ms][tid 5ec4] SIDEKIDS> REFUSED: panel 2112 tall exceeds the 1081-px client - not touching it
[656714.325 ms][tid 5ec4] SIDEKIDS> REFUSED: panel 2112 tall exceeds the 1081-px client - not touching it
[657120.304 ms][tid 5ec4] SIDEKIDS> REFUSED: panel 2112 tall exceeds the 1081-px client - not touching it
[657527.255 ms][tid 5ec4] SIDEKIDS> REFUSED: panel 2112 tall exceeds the 1081-px client - not touching it
[657933.031 ms][tid 5ec4] SIDEKIDS> REFUSED: panel 2112 tall exceeds the 1081-px client - not touching it
[658339.296 ms][tid 5ec4] SIDEKIDS> REFUSED: panel 2112 tall exceeds the 1081-px client - not touching it
[658746.515 ms][tid 5ec4] SIDEKIDS> REFUSED: panel 2112 tall exceeds the 1081-px client - not touching it
[659152.668 ms][tid 5ec4] SIDEKIDS> REFUSED: panel 2112 tall exceeds the 1081-px client - not touching it
[659558.187 ms][tid 5ec4] SIDEKIDS> REFUSED: panel 2112 tall exceeds the 1081-px client - not touching it
[659963.512 ms][tid 5ec4] SIDEKIDS> REFUSED: panel 2112 tall exceeds the 1081-px client - not touching it
[660370.822 ms][tid 5ec4] SIDEKIDS> REFUSED: panel 2112 tall exceeds the 1081-px client - not touching it
[660776.973 ms][tid 5ec4] SIDEKIDS> REFUSED: panel 2112 tall exceeds the 1081-px client - not touching it
[661182.234 ms][tid 5ec4] SIDEKIDS> REFUSED: panel 2112 tall exceeds the 1081-px client - not touching it
[661590.212 ms][tid 5ec4] SIDEKIDS> REFUSED: panel 2112 tall exceeds the 1081-px client - not touching it
[661996.422 ms][tid 5ec4] SIDEKIDS> REFUSED: panel 2112 tall exceeds the 1081-px client - not touching it
[662403.319 ms][tid 5ec4] SIDEKIDS> REFUSED: panel 2112 tall exceeds the 1081-px client - not touching it
[662808.394 ms][tid 5ec4] SIDEKIDS> REFUSED: panel 2112 tall exceeds the 1081-px client - not touching it
[663213.997 ms][tid 5ec4] SIDEKIDS> REFUSED: panel 2112 tall exceeds the 1081-px client - not touching it
[663620.585 ms][tid 5ec4] SIDEKIDS> REFUSED: panel 2112 tall exceeds the 1081-px client - not touching it
[664027.828 ms][tid 5ec4] SIDEKIDS> REFUSED: panel 2112 tall exceeds the 1081-px client - not touching it
[664433.729 ms][tid 5ec4] SIDEKIDS> REFUSED: panel 2112 tall exceeds the 1081-px client - not touching it
[664840.457 ms][tid 5ec4] SIDEKIDS> REFUSED: panel 2112 tall exceeds the 1081-px client - not touching it
[665245.453 ms][tid 5ec4] SIDEKIDS> REFUSED: panel 2112 tall exceeds the 1081-px client - not touching it
[665651.949 ms][tid 5ec4] SIDEKIDS> REFUSED: panel 2112 tall exceeds the 1081-px client - not touching it
[666057.610 ms][tid 5ec4] SIDEKIDS> REFUSED: panel 2112 tall exceeds the 1081-px client - not touching it
[666464.716 ms][tid 5ec4] SIDEKIDS> REFUSED: panel 2112 tall exceeds the 1081-px client - not touching it
[666870.671 ms][tid 5ec4] SIDEKIDS> REFUSED: panel 2112 tall exceeds the 1081-px client - not touching it
[667276.280 ms][tid 5ec4] SIDEKIDS> REFUSED: panel 2112 tall exceeds the 1081-px client - not touching it
[667683.459 ms][tid 5ec4] SIDEKIDS> REFUSED: panel 2112 tall exceeds the 1081-px client - not touching it
[668089.122 ms][tid 5ec4] SIDEKIDS> REFUSED: panel 2112 tall exceeds the 1081-px client - not touching it
[668496.115 ms][tid 5ec4] SIDEKIDS> REFUSED: panel 2112 tall exceeds the 1081-px client - not touching it
[668902.697 ms][tid 5ec4] SIDEKIDS> REFUSED: panel 2112 tall exceeds the 1081-px client - not touching it
[669309.240 ms][tid 5ec4] SIDEKIDS> REFUSED: panel 2112 tall exceeds the 1081-px client - not touching it
[669713.711 ms][tid 5ec4] SIDEKIDS> REFUSED: panel 2112 tall exceeds the 1081-px client - not touching it
[670120.643 ms][tid 5ec4] SIDEKIDS> REFUSED: panel 2112 tall exceeds the 1081-px client - not touching it
[670526.664 ms][tid 5ec4] SIDEKIDS> REFUSED: panel 2112 tall exceeds the 1081-px client - not touching it
[670932.690 ms][tid 5ec4] SIDEKIDS> REFUSED: panel 2112 tall exceeds the 1081-px client - not touching it
[671340.378 ms][tid 5ec4] SIDEKIDS> REFUSED: panel 2112 tall exceeds the 1081-px client - not touching it
[671744.804 ms][tid 5ec4] SIDEKIDS> REFUSED: panel 2112 tall exceeds the 1081-px client - not touching it
[672151.421 ms][tid 5ec4] SIDEKIDS> REFUSED: panel 2112 tall exceeds the 1081-px client - not touching it
[672557.305 ms][tid 5ec4] SIDEKIDS> REFUSED: panel 2112 tall exceeds the 1081-px client - not touching it
[672963.857 ms][tid 5ec4] SIDEKIDS> REFUSED: panel 2112 tall exceeds the 1081-px client - not touching it
[673370.700 ms][tid 5ec4] SIDEKIDS> REFUSED: panel 2112 tall exceeds the 1081-px client - not touching it
[673776.963 ms][tid 5ec4] SIDEKIDS> REFUSED: panel 2112 tall exceeds the 1081-px client - not touching it
[674182.840 ms][tid 5ec4] SIDEKIDS> REFUSED: panel 2112 tall exceeds the 1081-px client - not touching it
[674589.611 ms][tid 5ec4] SIDEKIDS> REFUSED: panel 2112 tall exceeds the 1081-px client - not touching it
[674994.769 ms][tid 5ec4] SIDEKIDS> REFUSED: panel 2112 tall exceeds the 1081-px client - not touching it
[675402.129 ms][tid 5ec4] SIDEKIDS> REFUSED: panel 2112 tall exceeds the 1081-px client - not touching it
[675808.247 ms][tid 5ec4] SIDEKIDS> REFUSED: panel 2112 tall exceeds the 1081-px client - not touching it
[676214.449 ms][tid 5ec4] SIDEKIDS> REFUSED: panel 2112 tall exceeds the 1081-px client - not touching it
[676620.779 ms][tid 5ec4] SIDEKIDS> REFUSED: panel 2112 tall exceeds the 1081-px client - not touching it
[677027.781 ms][tid 5ec4] SIDEKIDS> REFUSED: panel 2112 tall exceeds the 1081-px client - not touching it
[677433.628 ms][tid 5ec4] SIDEKIDS> REFUSED: panel 2112 tall exceeds the 1081-px client - not touching it
[677840.567 ms][tid 5ec4] SIDEKIDS> REFUSED: panel 2112 tall exceeds the 1081-px client - not touching it
[678246.928 ms][tid 5ec4] SIDEKIDS> REFUSED: panel 2112 tall exceeds the 1081-px client - not touching it
[678651.215 ms][tid 5ec4] SIDEKIDS> REFUSED: panel 2112 tall exceeds the 1081-px client - not touching it
[679058.783 ms][tid 5ec4] SIDEKIDS> REFUSED: panel 2112 tall exceeds the 1081-px client - not touching it
[679464.463 ms][tid 5ec4] SIDEKIDS> REFUSED: panel 2112 tall exceeds the 1081-px client - not touching it
[679870.108 ms][tid 5ec4] SIDEKIDS> REFUSED: panel 2112 tall exceeds the 1081-px client - not touching it
[680276.796 ms][tid 5ec4] SIDEKIDS> REFUSED: panel 2112 tall exceeds the 1081-px client - not touching it
[680682.655 ms][tid 5ec4] SIDEKIDS> REFUSED: panel 2112 tall exceeds the 1081-px client - not touching it
[681089.759 ms][tid 5ec4] SIDEKIDS> REFUSED: panel 2112 tall exceeds the 1081-px client - not touching it
[681495.946 ms][tid 5ec4] SIDEKIDS> REFUSED: panel 2112 tall exceeds the 1081-px client - not touching it
[681901.409 ms][tid 5ec4] SIDEKIDS> REFUSED: panel 2112 tall exceeds the 1081-px client - not touching it
[682307.817 ms][tid 5ec4] SIDEKIDS> REFUSED: panel 2112 tall exceeds the 1081-px client - not touching it
[682713.852 ms][tid 5ec4] SIDEKIDS> REFUSED: panel 2112 tall exceeds the 1081-px client - not touching it
[683120.880 ms][tid 5ec4] SIDEKIDS> REFUSED: panel 2112 tall exceeds the 1081-px client - not touching it
[683526.638 ms][tid 5ec4] SIDEKIDS> REFUSED: panel 2112 tall exceeds the 1081-px client - not touching it
[683932.509 ms][tid 5ec4] SIDEKIDS> REFUSED: panel 2112 tall exceeds the 1081-px client - not touching it
[684338.969 ms][tid 5ec4] SIDEKIDS> REFUSED: panel 2112 tall exceeds the 1081-px client - not touching it
[684745.110 ms][tid 5ec4] SIDEKIDS> REFUSED: panel 2112 tall exceeds the 1081-px client - not touching it
[685152.078 ms][tid 5ec4] SIDEKIDS> REFUSED: panel 2112 tall exceeds the 1081-px client - not touching it
[685557.890 ms][tid 5ec4] SIDEKIDS> REFUSED: panel 2112 tall exceeds the 1081-px client - not touching it
[685963.714 ms][tid 5ec4] SIDEKIDS> REFUSED: panel 2112 tall exceeds the 1081-px client - not touching it
[686370.210 ms][tid 5ec4] SIDEKIDS> REFUSED: panel 2112 tall exceeds the 1081-px client - not touching it
[686777.266 ms][tid 5ec4] SIDEKIDS> REFUSED: panel 2112 tall exceeds the 1081-px client - not touching it
[687182.893 ms][tid 5ec4] SIDEKIDS> REFUSED: panel 2112 tall exceeds the 1081-px client - not touching it
[687589.497 ms][tid 5ec4] SIDEKIDS> REFUSED: panel 2112 tall exceeds the 1081-px client - not touching it
[687996.701 ms][tid 5ec4] SIDEKIDS> REFUSED: panel 2112 tall exceeds the 1081-px client - not touching it
[688401.628 ms][tid 5ec4] SIDEKIDS> REFUSED: panel 2112 tall exceeds the 1081-px client - not touching it
[688808.705 ms][tid 5ec4] SIDEKIDS> REFUSED: panel 2112 tall exceeds the 1081-px client - not touching it
[689214.897 ms][tid 5ec4] SIDEKIDS> REFUSED: panel 2112 tall exceeds the 1081-px client - not touching it
[689620.428 ms][tid 5ec4] SIDEKIDS> REFUSED: panel 2112 tall exceeds the 1081-px client - not touching it
[690026.663 ms][tid 5ec4] SIDEKIDS> REFUSED: panel 2112 tall exceeds the 1081-px client - not touching it
[690432.970 ms][tid 5ec4] SIDEKIDS> REFUSED: panel 2112 tall exceeds the 1081-px client - not touching it
[690839.404 ms][tid 5ec4] SIDEKIDS> REFUSED: panel 2112 tall exceeds the 1081-px client - not touching it
[691245.836 ms][tid 5ec4] SIDEKIDS> REFUSED: panel 2112 tall exceeds the 1081-px client - not touching it
[691651.434 ms][tid 5ec4] SIDEKIDS> REFUSED: panel 2112 tall exceeds the 1081-px client - not touching it
[692058.383 ms][tid 5ec4] SIDEKIDS> REFUSED: panel 2112 tall exceeds the 1081-px client - not touching it
[692464.735 ms][tid 5ec4] SIDEKIDS> REFUSED: panel 2112 tall exceeds the 1081-px client - not touching it
[692871.078 ms][tid 5ec4] SIDEKIDS> REFUSED: panel 2112 tall exceeds the 1081-px client - not touching it
[693277.001 ms][tid 5ec4] SIDEKIDS> REFUSED: panel 2112 tall exceeds the 1081-px client - not touching it
[693682.826 ms][tid 5ec4] SIDEKIDS> REFUSED: panel 2112 tall exceeds the 1081-px client - not touching it
[694090.629 ms][tid 5ec4] SIDEKIDS> REFUSED: panel 2112 tall exceeds the 1081-px client - not touching it
[694496.038 ms][tid 5ec4] SIDEKIDS> REFUSED: panel 2112 tall exceeds the 1081-px client - not touching it
[694902.024 ms][tid 5ec4] SIDEKIDS> REFUSED: panel 2112 tall exceeds the 1081-px client - not touching it
[695308.589 ms][tid 5ec4] SIDEKIDS> REFUSED: panel 2112 tall exceeds the 1081-px client - not touching it
[695714.286 ms][tid 5ec4] SIDEKIDS> REFUSED: panel 2112 tall exceeds the 1081-px client - not touching it
[696121.021 ms][tid 5ec4] SIDEKIDS> REFUSED: panel 2112 tall exceeds the 1081-px client - not touching it
[696526.897 ms][tid 5ec4] SIDEKIDS> REFUSED: panel 2112 tall exceeds the 1081-px client - not touching it
[696933.749 ms][tid 5ec4] SIDEKIDS> REFUSED: panel 2112 tall exceeds the 1081-px client - not touching it
[697367.013 ms][tid 5ec4] SIDEKIDS> REFUSED: panel 2112 tall exceeds the 1081-px client - not touching it
[697761.435 ms][tid 5ec4] SIDEKIDS> REFUSED: panel 2112 tall exceeds the 1081-px client - not touching it
[698168.576 ms][tid 5ec4] SIDEKIDS> REFUSED: panel 2112 tall exceeds the 1081-px client - not touching it
[698573.912 ms][tid 5ec4] SIDEKIDS> REFUSED: panel 2112 tall exceeds the 1081-px client - not touching it
[698981.173 ms][tid 5ec4] SIDEKIDS> REFUSED: panel 2112 tall exceeds the 1081-px client - not touching it
[699386.284 ms][tid 5ec4] SIDEKIDS> REFUSED: panel 2112 tall exceeds the 1081-px client - not touching it
[699794.250 ms][tid 5ec4] SIDEKIDS> REFUSED: panel 2112 tall exceeds the 1081-px client - not touching it
[700198.757 ms][tid 5ec4] SIDEKIDS> REFUSED: panel 2112 tall exceeds the 1081-px client - not touching it
[700604.690 ms][tid 5ec4] SIDEKIDS> REFUSED: panel 2112 tall exceeds the 1081-px client - not touching it
[701010.942 ms][tid 5ec4] SIDEKIDS> REFUSED: panel 2112 tall exceeds the 1081-px client - not touching it
[701417.169 ms][tid 5ec4] SIDEKIDS> REFUSED: panel 2112 tall exceeds the 1081-px client - not touching it
[701824.060 ms][tid 5ec4] SIDEKIDS> REFUSED: panel 2112 tall exceeds the 1081-px client - not touching it
[702230.182 ms][tid 5ec4] SIDEKIDS> REFUSED: panel 2112 tall exceeds the 1081-px client - not touching it
[702635.659 ms][tid 5ec4] SIDEKIDS> REFUSED: panel 2112 tall exceeds the 1081-px client - not touching it
[703043.051 ms][tid 5ec4] SIDEKIDS> REFUSED: panel 2112 tall exceeds the 1081-px client - not touching it
[703449.642 ms][tid 5ec4] SIDEKIDS> REFUSED: panel 2112 tall exceeds the 1081-px client - not touching it
[703855.060 ms][tid 5ec4] SIDEKIDS> REFUSED: panel 2112 tall exceeds the 1081-px client - not touching it
[704260.737 ms][tid 5ec4] SIDEKIDS> REFUSED: panel 2112 tall exceeds the 1081-px client - not touching it
[704667.674 ms][tid 5ec4] SIDEKIDS> REFUSED: panel 2112 tall exceeds the 1081-px client - not touching it
[705074.157 ms][tid 5ec4] SIDEKIDS> REFUSED: panel 2112 tall exceeds the 1081-px client - not touching it
[705479.615 ms][tid 5ec4] SIDEKIDS> REFUSED: panel 2112 tall exceeds the 1081-px client - not touching it
[705886.602 ms][tid 5ec4] SIDEKIDS> REFUSED: panel 2112 tall exceeds the 1081-px client - not touching it
[706292.738 ms][tid 5ec4] SIDEKIDS> REFUSED: panel 2112 tall exceeds the 1081-px client - not touching it
[706699.118 ms][tid 5ec4] SIDEKIDS> REFUSED: panel 2112 tall exceeds the 1081-px client - not touching it
[707104.627 ms][tid 5ec4] SIDEKIDS> REFUSED: panel 2112 tall exceeds the 1081-px client - not touching it
[707512.326 ms][tid 5ec4] SIDEKIDS> REFUSED: panel 2112 tall exceeds the 1081-px client - not touching it
[707917.346 ms][tid 5ec4] SIDEKIDS> REFUSED: panel 2112 tall exceeds the 1081-px client - not touching it
[708323.351 ms][tid 5ec4] SIDEKIDS> REFUSED: panel 2112 tall exceeds the 1081-px client - not touching it
[708730.222 ms][tid 5ec4] SIDEKIDS> REFUSED: panel 2112 tall exceeds the 1081-px client - not touching it
[709136.560 ms][tid 5ec4] SIDEKIDS> REFUSED: panel 2112 tall exceeds the 1081-px client - not touching it
[709542.919 ms][tid 5ec4] SIDEKIDS> REFUSED: panel 2112 tall exceeds the 1081-px client - not touching it
[709948.038 ms][tid 5ec4] SIDEKIDS> REFUSED: panel 2112 tall exceeds the 1081-px client - not touching it
[710354.946 ms][tid 5ec4] SIDEKIDS> REFUSED: panel 2112 tall exceeds the 1081-px client - not touching it
[710761.805 ms][tid 5ec4] SIDEKIDS> REFUSED: panel 2112 tall exceeds the 1081-px client - not touching it
[711166.813 ms][tid 5ec4] SIDEKIDS> REFUSED: panel 2112 tall exceeds the 1081-px client - not touching it
[711574.897 ms][tid 5ec4] SIDEKIDS> REFUSED: panel 2112 tall exceeds the 1081-px client - not touching it
[711979.625 ms][tid 5ec4] SIDEKIDS> REFUSED: panel 2112 tall exceeds the 1081-px client - not touching it
[712386.036 ms][tid 5ec4] SIDEKIDS> REFUSED: panel 2112 tall exceeds the 1081-px client - not touching it
[712793.854 ms][tid 5ec4] SIDEKIDS> REFUSED: panel 2112 tall exceeds the 1081-px client - not touching it
[713198.716 ms][tid 5ec4] SIDEKIDS> REFUSED: panel 2112 tall exceeds the 1081-px client - not touching it
[713604.963 ms][tid 5ec4] SIDEKIDS> REFUSED: panel 2112 tall exceeds the 1081-px client - not touching it
[714014.962 ms][tid 5ec4] SIDEKIDS> REFUSED: panel 2112 tall exceeds the 1081-px client - not touching it
[714418.063 ms][tid 5ec4] SIDEKIDS> REFUSED: panel 2112 tall exceeds the 1081-px client - not touching it
[714823.775 ms][tid 5ec4] SIDEKIDS> REFUSED: panel 2112 tall exceeds the 1081-px client - not touching it
[715231.993 ms][tid 5ec4] SIDEKIDS> REFUSED: panel 2112 tall exceeds the 1081-px client - not touching it
[715635.923 ms][tid 5ec4] SIDEKIDS> REFUSED: panel 2112 tall exceeds the 1081-px client - not touching it
[716041.865 ms][tid 5ec4] SIDEKIDS> REFUSED: panel 2112 tall exceeds the 1081-px client - not touching it
[716448.870 ms][tid 5ec4] SIDEKIDS> REFUSED: panel 2112 tall exceeds the 1081-px client - not touching it
[716854.540 ms][tid 5ec4] SIDEKIDS> REFUSED: panel 2112 tall exceeds the 1081-px client - not touching it
[717261.121 ms][tid 5ec4] SIDEKIDS> REFUSED: panel 2112 tall exceeds the 1081-px client - not touching it
[717667.161 ms][tid 5ec4] SIDEKIDS> REFUSED: panel 2112 tall exceeds the 1081-px client - not touching it
[718073.440 ms][tid 5ec4] SIDEKIDS> REFUSED: panel 2112 tall exceeds the 1081-px client - not touching it
[718479.719 ms][tid 5ec4] SIDEKIDS> REFUSED: panel 2112 tall exceeds the 1081-px client - not touching it
[718887.033 ms][tid 5ec4] SIDEKIDS> REFUSED: panel 2112 tall exceeds the 1081-px client - not touching it
[719292.493 ms][tid 5ec4] SIDEKIDS> REFUSED: panel 2112 tall exceeds the 1081-px client - not touching it
[719699.132 ms][tid 5ec4] SIDEKIDS> REFUSED: panel 2112 tall exceeds the 1081-px client - not touching it
[720104.903 ms][tid 5ec4] SIDEKIDS> REFUSED: panel 2112 tall exceeds the 1081-px client - not touching it
[720510.499 ms][tid 5ec4] SIDEKIDS> REFUSED: panel 2112 tall exceeds the 1081-px client - not touching it
[720916.666 ms][tid 5ec4] SIDEKIDS> REFUSED: panel 2112 tall exceeds the 1081-px client - not touching it
[721325.075 ms][tid 5ec4] SIDEKIDS> REFUSED: panel 2112 tall exceeds the 1081-px client - not touching it
[721729.532 ms][tid 5ec4] SIDEKIDS> REFUSED: panel 2112 tall exceeds the 1081-px client - not touching it
[722136.053 ms][tid 5ec4] SIDEKIDS> REFUSED: panel 2112 tall exceeds the 1081-px client - not touching it
[722541.931 ms][tid 5ec4] SIDEKIDS> REFUSED: panel 2112 tall exceeds the 1081-px client - not touching it
[722948.878 ms][tid 5ec4] SIDEKIDS> REFUSED: panel 2112 tall exceeds the 1081-px client - not touching it
[723354.998 ms][tid 5ec4] SIDEKIDS> REFUSED: panel 2112 tall exceeds the 1081-px client - not touching it
[723761.170 ms][tid 5ec4] SIDEKIDS> REFUSED: panel 2112 tall exceeds the 1081-px client - not touching it
[724168.650 ms][tid 5ec4] SIDEKIDS> REFUSED: panel 2112 tall exceeds the 1081-px client - not touching it
[724574.134 ms][tid 5ec4] SIDEKIDS> REFUSED: panel 2112 tall exceeds the 1081-px client - not touching it
[724980.604 ms][tid 5ec4] SIDEKIDS> REFUSED: panel 2112 tall exceeds the 1081-px client - not touching it
[725386.360 ms][tid 5ec4] SIDEKIDS> REFUSED: panel 2112 tall exceeds the 1081-px client - not touching it
[725792.668 ms][tid 5ec4] SIDEKIDS> REFUSED: panel 2112 tall exceeds the 1081-px client - not touching it
[726200.427 ms][tid 5ec4] SIDEKIDS> REFUSED: panel 2112 tall exceeds the 1081-px client - not touching it
[726605.068 ms][tid 5ec4] SIDEKIDS> REFUSED: panel 2112 tall exceeds the 1081-px client - not touching it
[727011.262 ms][tid 5ec4] SIDEKIDS> REFUSED: panel 2112 tall exceeds the 1081-px client - not touching it
[727418.190 ms][tid 5ec4] SIDEKIDS> REFUSED: panel 2112 tall exceeds the 1081-px client - not touching it
[727823.345 ms][tid 5ec4] SIDEKIDS> REFUSED: panel 2112 tall exceeds the 1081-px client - not touching it
[728229.498 ms][tid 5ec4] SIDEKIDS> REFUSED: panel 2112 tall exceeds the 1081-px client - not touching it
[728635.979 ms][tid 5ec4] SIDEKIDS> REFUSED: panel 2112 tall exceeds the 1081-px client - not touching it
[729041.819 ms][tid 5ec4] SIDEKIDS> REFUSED: panel 2112 tall exceeds the 1081-px client - not touching it
[729448.191 ms][tid 5ec4] SIDEKIDS> REFUSED: panel 2112 tall exceeds the 1081-px client - not touching it
[729854.817 ms][tid 5ec4] SIDEKIDS> REFUSED: panel 2112 tall exceeds the 1081-px client - not touching it
[730262.147 ms][tid 5ec4] SIDEKIDS> REFUSED: panel 2112 tall exceeds the 1081-px client - not touching it
[730667.839 ms][tid 5ec4] SIDEKIDS> REFUSED: panel 2112 tall exceeds the 1081-px client - not touching it
[731073.379 ms][tid 5ec4] SIDEKIDS> REFUSED: panel 2112 tall exceeds the 1081-px client - not touching it
[731479.857 ms][tid 5ec4] SIDEKIDS> REFUSED: panel 2112 tall exceeds the 1081-px client - not touching it
[731885.951 ms][tid 5ec4] SIDEKIDS> REFUSED: panel 2112 tall exceeds the 1081-px client - not touching it
[732292.000 ms][tid 5ec4] SIDEKIDS> REFUSED: panel 2112 tall exceeds the 1081-px client - not touching it
[732699.633 ms][tid 5ec4] SIDEKIDS> REFUSED: panel 2112 tall exceeds the 1081-px client - not touching it
[733104.669 ms][tid 5ec4] SIDEKIDS> REFUSED: panel 2112 tall exceeds the 1081-px client - not touching it
[733510.932 ms][tid 5ec4] SIDEKIDS> REFUSED: panel 2112 tall exceeds the 1081-px client - not touching it
[733917.348 ms][tid 5ec4] SIDEKIDS> REFUSED: panel 2112 tall exceeds the 1081-px client - not touching it
[734324.428 ms][tid 5ec4] SIDEKIDS> REFUSED: panel 2112 tall exceeds the 1081-px client - not touching it
[734730.899 ms][tid 5ec4] SIDEKIDS> REFUSED: panel 2112 tall exceeds the 1081-px client - not touching it
[735135.995 ms][tid 5ec4] SIDEKIDS> REFUSED: panel 2112 tall exceeds the 1081-px client - not touching it
[735543.011 ms][tid 5ec4] SIDEKIDS> REFUSED: panel 2112 tall exceeds the 1081-px client - not touching it
[735949.077 ms][tid 5ec4] SIDEKIDS> REFUSED: panel 2112 tall exceeds the 1081-px client - not touching it
[736355.574 ms][tid 5ec4] SIDEKIDS> REFUSED: panel 2112 tall exceeds the 1081-px client - not touching it
[736760.730 ms][tid 5ec4] SIDEKIDS> REFUSED: panel 2112 tall exceeds the 1081-px client - not touching it
[737167.354 ms][tid 5ec4] SIDEKIDS> REFUSED: panel 2112 tall exceeds the 1081-px client - not touching it
[737573.387 ms][tid 5ec4] SIDEKIDS> REFUSED: panel 2112 tall exceeds the 1081-px client - not touching it
[737979.415 ms][tid 5ec4] SIDEKIDS> REFUSED: panel 2112 tall exceeds the 1081-px client - not touching it
[738385.750 ms][tid 5ec4] SIDEKIDS> REFUSED: panel 2112 tall exceeds the 1081-px client - not touching it
[738793.182 ms][tid 5ec4] SIDEKIDS> REFUSED: panel 2112 tall exceeds the 1081-px client - not touching it
[739199.365 ms][tid 5ec4] SIDEKIDS> REFUSED: panel 2112 tall exceeds the 1081-px client - not touching it
[739605.477 ms][tid 5ec4] SIDEKIDS> REFUSED: panel 2112 tall exceeds the 1081-px client - not touching it
[740011.545 ms][tid 5ec4] SIDEKIDS> REFUSED: panel 2112 tall exceeds the 1081-px client - not touching it
[740417.796 ms][tid 5ec4] SIDEKIDS> REFUSED: panel 2112 tall exceeds the 1081-px client - not touching it
[740823.775 ms][tid 5ec4] SIDEKIDS> REFUSED: panel 2112 tall exceeds the 1081-px client - not touching it
[741229.033 ms][tid 5ec4] SIDEKIDS> REFUSED: panel 2112 tall exceeds the 1081-px client - not touching it
[741635.941 ms][tid 5ec4] SIDEKIDS> REFUSED: panel 2112 tall exceeds the 1081-px client - not touching it
[742042.346 ms][tid 5ec4] SIDEKIDS> REFUSED: panel 2112 tall exceeds the 1081-px client - not touching it
[742448.996 ms][tid 5ec4] SIDEKIDS> REFUSED: panel 2112 tall exceeds the 1081-px client - not touching it
[742855.339 ms][tid 5ec4] SIDEKIDS> REFUSED: panel 2112 tall exceeds the 1081-px client - not touching it
[743260.705 ms][tid 5ec4] SIDEKIDS> REFUSED: panel 2112 tall exceeds the 1081-px client - not touching it
[743667.019 ms][tid 5ec4] SIDEKIDS> REFUSED: panel 2112 tall exceeds the 1081-px client - not touching it
[744074.568 ms][tid 5ec4] SIDEKIDS> REFUSED: panel 2112 tall exceeds the 1081-px client - not touching it
[744480.010 ms][tid 5ec4] SIDEKIDS> REFUSED: panel 2112 tall exceeds the 1081-px client - not touching it
[744885.803 ms][tid 5ec4] SIDEKIDS> REFUSED: panel 2112 tall exceeds the 1081-px client - not touching it
[745292.065 ms][tid 5ec4] SIDEKIDS> REFUSED: panel 2112 tall exceeds the 1081-px client - not touching it
[745700.300 ms][tid 5ec4] SIDEKIDS> REFUSED: panel 2112 tall exceeds the 1081-px client - not touching it
[746104.635 ms][tid 5ec4] SIDEKIDS> REFUSED: panel 2112 tall exceeds the 1081-px client - not touching it
[746510.598 ms][tid 5ec4] SIDEKIDS> REFUSED: panel 2112 tall exceeds the 1081-px client - not touching it
[746917.436 ms][tid 5ec4] SIDEKIDS> REFUSED: panel 2112 tall exceeds the 1081-px client - not touching it
[747323.778 ms][tid 5ec4] SIDEKIDS> REFUSED: panel 2112 tall exceeds the 1081-px client - not touching it
[747729.294 ms][tid 5ec4] SIDEKIDS> REFUSED: panel 2112 tall exceeds the 1081-px client - not touching it
[748136.134 ms][tid 5ec4] SIDEKIDS> REFUSED: panel 2112 tall exceeds the 1081-px client - not touching it
[748542.728 ms][tid 5ec4] SIDEKIDS> REFUSED: panel 2112 tall exceeds the 1081-px client - not touching it
[748948.320 ms][tid 5ec4] SIDEKIDS> REFUSED: panel 2112 tall exceeds the 1081-px client - not touching it
[749355.622 ms][tid 5ec4] SIDEKIDS> REFUSED: panel 2112 tall exceeds the 1081-px client - not touching it
[749760.964 ms][tid 5ec4] SIDEKIDS> REFUSED: panel 2112 tall exceeds the 1081-px client - not touching it
[750167.811 ms][tid 5ec4] SIDEKIDS> REFUSED: panel 2112 tall exceeds the 1081-px client - not touching it
[750574.148 ms][tid 5ec4] SIDEKIDS> REFUSED: panel 2112 tall exceeds the 1081-px client - not touching it
[750980.143 ms][tid 5ec4] SIDEKIDS> REFUSED: panel 2112 tall exceeds the 1081-px client - not touching it
[751386.527 ms][tid 5ec4] SIDEKIDS> REFUSED: panel 2112 tall exceeds the 1081-px client - not touching it
[751792.623 ms][tid 5ec4] SIDEKIDS> REFUSED: panel 2112 tall exceeds the 1081-px client - not touching it
[752198.992 ms][tid 5ec4] SIDEKIDS> REFUSED: panel 2112 tall exceeds the 1081-px client - not touching it
[752605.211 ms][tid 5ec4] SIDEKIDS> REFUSED: panel 2112 tall exceeds the 1081-px client - not touching it
[753010.709 ms][tid 5ec4] SIDEKIDS> REFUSED: panel 2112 tall exceeds the 1081-px client - not touching it
[753418.115 ms][tid 5ec4] SIDEKIDS> REFUSED: panel 2112 tall exceeds the 1081-px client - not touching it
[753823.668 ms][tid 5ec4] SIDEKIDS> REFUSED: panel 2112 tall exceeds the 1081-px client - not touching it
[754230.172 ms][tid 5ec4] SIDEKIDS> REFUSED: panel 2112 tall exceeds the 1081-px client - not touching it
[754636.562 ms][tid 5ec4] SIDEKIDS> REFUSED: panel 2112 tall exceeds the 1081-px client - not touching it
[755042.070 ms][tid 5ec4] SIDEKIDS> REFUSED: panel 2112 tall exceeds the 1081-px client - not touching it
[755448.576 ms][tid 5ec4] SIDEKIDS> REFUSED: panel 2112 tall exceeds the 1081-px client - not touching it
[755854.811 ms][tid 5ec4] SIDEKIDS> REFUSED: panel 2112 tall exceeds the 1081-px client - not touching it
[756261.935 ms][tid 5ec4] SIDEKIDS> REFUSED: panel 2112 tall exceeds the 1081-px client - not touching it
[756667.625 ms][tid 5ec4] SIDEKIDS> REFUSED: panel 2112 tall exceeds the 1081-px client - not touching it
[757074.470 ms][tid 5ec4] SIDEKIDS> REFUSED: panel 2112 tall exceeds the 1081-px client - not touching it
[757479.484 ms][tid 5ec4] SIDEKIDS> REFUSED: panel 2112 tall exceeds the 1081-px client - not touching it
[757886.406 ms][tid 5ec4] SIDEKIDS> REFUSED: panel 2112 tall exceeds the 1081-px client - not touching it
[758292.657 ms][tid 5ec4] SIDEKIDS> REFUSED: panel 2112 tall exceeds the 1081-px client - not touching it
[758698.996 ms][tid 5ec4] SIDEKIDS> REFUSED: panel 2112 tall exceeds the 1081-px client - not touching it
[759105.922 ms][tid 5ec4] SIDEKIDS> REFUSED: panel 2112 tall exceeds the 1081-px client - not touching it
[759511.274 ms][tid 5ec4] SIDEKIDS> REFUSED: panel 2112 tall exceeds the 1081-px client - not touching it
[759916.927 ms][tid 5ec4] SIDEKIDS> REFUSED: panel 2112 tall exceeds the 1081-px client - not touching it
[760323.999 ms][tid 5ec4] SIDEKIDS> REFUSED: panel 2112 tall exceeds the 1081-px client - not touching it
[760732.351 ms][tid 5ec4] SIDEKIDS> REFUSED: panel 2112 tall exceeds the 1081-px client - not touching it
[761135.884 ms][tid 5ec4] SIDEKIDS> REFUSED: panel 2112 tall exceeds the 1081-px client - not touching it
[761541.766 ms][tid 5ec4] SIDEKIDS> REFUSED: panel 2112 tall exceeds the 1081-px client - not touching it
[761949.313 ms][tid 5ec4] SIDEKIDS> REFUSED: panel 2112 tall exceeds the 1081-px client - not touching it
[762354.690 ms][tid 5ec4] SIDEKIDS> REFUSED: panel 2112 tall exceeds the 1081-px client - not touching it
[762761.756 ms][tid 5ec4] SIDEKIDS> REFUSED: panel 2112 tall exceeds the 1081-px client - not touching it
[763168.500 ms][tid 5ec4] SIDEKIDS> REFUSED: panel 2112 tall exceeds the 1081-px client - not touching it
[763573.723 ms][tid 5ec4] SIDEKIDS> REFUSED: panel 2112 tall exceeds the 1081-px client - not touching it
[763979.572 ms][tid 5ec4] SIDEKIDS> REFUSED: panel 2112 tall exceeds the 1081-px client - not touching it
[764385.991 ms][tid 5ec4] SIDEKIDS> REFUSED: panel 2112 tall exceeds the 1081-px client - not touching it
[764793.063 ms][tid 5ec4] SIDEKIDS> REFUSED: panel 2112 tall exceeds the 1081-px client - not touching it
[765199.616 ms][tid 5ec4] SIDEKIDS> REFUSED: panel 2112 tall exceeds the 1081-px client - not touching it
[765605.147 ms][tid 5ec4] SIDEKIDS> REFUSED: panel 2112 tall exceeds the 1081-px client - not touching it
[766010.583 ms][tid 5ec4] SIDEKIDS> REFUSED: panel 2112 tall exceeds the 1081-px client - not touching it
[766417.748 ms][tid 5ec4] SIDEKIDS> REFUSED: panel 2112 tall exceeds the 1081-px client - not touching it
[766824.866 ms][tid 5ec4] SIDEKIDS> REFUSED: panel 2112 tall exceeds the 1081-px client - not touching it
[767231.735 ms][tid 5ec4] SIDEKIDS> REFUSED: panel 2112 tall exceeds the 1081-px client - not touching it
[767636.144 ms][tid 5ec4] SIDEKIDS> REFUSED: panel 2112 tall exceeds the 1081-px client - not touching it
[768042.321 ms][tid 5ec4] SIDEKIDS> REFUSED: panel 2112 tall exceeds the 1081-px client - not touching it
[768449.055 ms][tid 5ec4] SIDEKIDS> REFUSED: panel 2112 tall exceeds the 1081-px client - not touching it
[768854.792 ms][tid 5ec4] SIDEKIDS> REFUSED: panel 2112 tall exceeds the 1081-px client - not touching it
[769261.301 ms][tid 5ec4] SIDEKIDS> REFUSED: panel 2112 tall exceeds the 1081-px client - not touching it
[769667.431 ms][tid 5ec4] SIDEKIDS> REFUSED: panel 2112 tall exceeds the 1081-px client - not touching it
[770074.486 ms][tid 5ec4] SIDEKIDS> REFUSED: panel 2112 tall exceeds the 1081-px client - not touching it
[770479.377 ms][tid 5ec4] SIDEKIDS> REFUSED: panel 2112 tall exceeds the 1081-px client - not touching it
[770886.388 ms][tid 5ec4] SIDEKIDS> REFUSED: panel 2112 tall exceeds the 1081-px client - not touching it
[771293.540 ms][tid 5ec4] SIDEKIDS> REFUSED: panel 2112 tall exceeds the 1081-px client - not touching it
[771698.533 ms][tid 5ec4] SIDEKIDS> REFUSED: panel 2112 tall exceeds the 1081-px client - not touching it
[772105.547 ms][tid 5ec4] SIDEKIDS> REFUSED: panel 2112 tall exceeds the 1081-px client - not touching it
[772510.921 ms][tid 5ec4] SIDEKIDS> REFUSED: panel 2112 tall exceeds the 1081-px client - not touching it
[772917.002 ms][tid 5ec4] SIDEKIDS> REFUSED: panel 2112 tall exceeds the 1081-px client - not touching it
[773323.491 ms][tid 5ec4] SIDEKIDS> REFUSED: panel 2112 tall exceeds the 1081-px client - not touching it
[773729.348 ms][tid 5ec4] SIDEKIDS> REFUSED: panel 2112 tall exceeds the 1081-px client - not touching it
[774136.480 ms][tid 5ec4] SIDEKIDS> REFUSED: panel 2112 tall exceeds the 1081-px client - not touching it
[774542.529 ms][tid 5ec4] SIDEKIDS> REFUSED: panel 2112 tall exceeds the 1081-px client - not touching it
[774948.922 ms][tid 5ec4] SIDEKIDS> REFUSED: panel 2112 tall exceeds the 1081-px client - not touching it
[775354.832 ms][tid 5ec4] SIDEKIDS> REFUSED: panel 2112 tall exceeds the 1081-px client - not touching it
[775760.513 ms][tid 5ec4] SIDEKIDS> REFUSED: panel 2112 tall exceeds the 1081-px client - not touching it
[776167.211 ms][tid 5ec4] SIDEKIDS> REFUSED: panel 2112 tall exceeds the 1081-px client - not touching it
[776573.593 ms][tid 5ec4] SIDEKIDS> REFUSED: panel 2112 tall exceeds the 1081-px client - not touching it
[776979.755 ms][tid 5ec4] SIDEKIDS> REFUSED: panel 2112 tall exceeds the 1081-px client - not touching it
[777387.045 ms][tid 5ec4] SIDEKIDS> REFUSED: panel 2112 tall exceeds the 1081-px client - not touching it
[777791.810 ms][tid 5ec4] SIDEKIDS> REFUSED: panel 2112 tall exceeds the 1081-px client - not touching it
[778198.366 ms][tid 5ec4] SIDEKIDS> REFUSED: panel 2112 tall exceeds the 1081-px client - not touching it
[778604.786 ms][tid 5ec4] SIDEKIDS> REFUSED: panel 2112 tall exceeds the 1081-px client - not touching it
[779010.458 ms][tid 5ec4] SIDEKIDS> REFUSED: panel 2112 tall exceeds the 1081-px client - not touching it
[779417.326 ms][tid 5ec4] SIDEKIDS> REFUSED: panel 2112 tall exceeds the 1081-px client - not touching it
[779823.667 ms][tid 5ec4] SIDEKIDS> REFUSED: panel 2112 tall exceeds the 1081-px client - not touching it
[780230.129 ms][tid 5ec4] SIDEKIDS> REFUSED: panel 2112 tall exceeds the 1081-px client - not touching it
[780635.568 ms][tid 5ec4] SIDEKIDS> REFUSED: panel 2112 tall exceeds the 1081-px client - not touching it
[781042.899 ms][tid 5ec4] SIDEKIDS> REFUSED: panel 2112 tall exceeds the 1081-px client - not touching it
[781449.345 ms][tid 5ec4] SIDEKIDS> REFUSED: panel 2112 tall exceeds the 1081-px client - not touching it
[781855.339 ms][tid 5ec4] SIDEKIDS> REFUSED: panel 2112 tall exceeds the 1081-px client - not touching it
[782260.844 ms][tid 5ec4] SIDEKIDS> REFUSED: panel 2112 tall exceeds the 1081-px client - not touching it
[782668.138 ms][tid 5ec4] SIDEKIDS> REFUSED: panel 2112 tall exceeds the 1081-px client - not touching it
[783073.872 ms][tid 5ec4] SIDEKIDS> REFUSED: panel 2112 tall exceeds the 1081-px client - not touching it
[783479.377 ms][tid 5ec4] SIDEKIDS> REFUSED: panel 2112 tall exceeds the 1081-px client - not touching it
[783886.681 ms][tid 5ec4] SIDEKIDS> REFUSED: panel 2112 tall exceeds the 1081-px client - not touching it
[784292.243 ms][tid 5ec4] SIDEKIDS> REFUSED: panel 2112 tall exceeds the 1081-px client - not touching it
[784699.182 ms][tid 5ec4] SIDEKIDS> REFUSED: panel 2112 tall exceeds the 1081-px client - not touching it
[785104.566 ms][tid 5ec4] SIDEKIDS> REFUSED: panel 2112 tall exceeds the 1081-px client - not touching it
[785512.613 ms][tid 5ec4] SIDEKIDS> REFUSED: panel 2112 tall exceeds the 1081-px client - not touching it
[785917.113 ms][tid 5ec4] SIDEKIDS> REFUSED: panel 2112 tall exceeds the 1081-px client - not touching it
[786325.211 ms][tid 5ec4] SIDEKIDS> REFUSED: panel 2112 tall exceeds the 1081-px client - not touching it
[786729.456 ms][tid 5ec4] SIDEKIDS> REFUSED: panel 2112 tall exceeds the 1081-px client - not touching it
[787135.768 ms][tid 5ec4] SIDEKIDS> REFUSED: panel 2112 tall exceeds the 1081-px client - not touching it
[787542.635 ms][tid 5ec4] SIDEKIDS> REFUSED: panel 2112 tall exceeds the 1081-px client - not touching it
[787948.814 ms][tid 5ec4] SIDEKIDS> REFUSED: panel 2112 tall exceeds the 1081-px client - not touching it
[788355.196 ms][tid 5ec4] SIDEKIDS> REFUSED: panel 2112 tall exceeds the 1081-px client - not touching it
[788761.718 ms][tid 5ec4] SIDEKIDS> REFUSED: panel 2112 tall exceeds the 1081-px client - not touching it
[789167.480 ms][tid 5ec4] SIDEKIDS> REFUSED: panel 2112 tall exceeds the 1081-px client - not touching it
[789573.371 ms][tid 5ec4] SIDEKIDS> REFUSED: panel 2112 tall exceeds the 1081-px client - not touching it
[789979.257 ms][tid 5ec4] SIDEKIDS> REFUSED: panel 2112 tall exceeds the 1081-px client - not touching it
[790386.229 ms][tid 5ec4] SIDEKIDS> REFUSED: panel 2112 tall exceeds the 1081-px client - not touching it
[790792.515 ms][tid 5ec4] SIDEKIDS> REFUSED: panel 2112 tall exceeds the 1081-px client - not touching it
[791198.228 ms][tid 5ec4] SIDEKIDS> REFUSED: panel 2112 tall exceeds the 1081-px client - not touching it
[791605.582 ms][tid 5ec4] SIDEKIDS> REFUSED: panel 2112 tall exceeds the 1081-px client - not touching it
[792011.284 ms][tid 5ec4] SIDEKIDS> REFUSED: panel 2112 tall exceeds the 1081-px client - not touching it
[792417.645 ms][tid 5ec4] SIDEKIDS> REFUSED: panel 2112 tall exceeds the 1081-px client - not touching it
[792823.287 ms][tid 5ec4] SIDEKIDS> REFUSED: panel 2112 tall exceeds the 1081-px client - not touching it
[793229.482 ms][tid 5ec4] SIDEKIDS> REFUSED: panel 2112 tall exceeds the 1081-px client - not touching it
[793635.672 ms][tid 5ec4] SIDEKIDS> REFUSED: panel 2112 tall exceeds the 1081-px client - not touching it
[794042.762 ms][tid 5ec4] SIDEKIDS> REFUSED: panel 2112 tall exceeds the 1081-px client - not touching it
[794449.882 ms][tid 5ec4] SIDEKIDS> REFUSED: panel 2112 tall exceeds the 1081-px client - not touching it
[794854.822 ms][tid 5ec4] SIDEKIDS> REFUSED: panel 2112 tall exceeds the 1081-px client - not touching it
[795260.934 ms][tid 5ec4] SIDEKIDS> REFUSED: panel 2112 tall exceeds the 1081-px client - not touching it
[795667.624 ms][tid 5ec4] SIDEKIDS> REFUSED: panel 2112 tall exceeds the 1081-px client - not touching it
[796073.139 ms][tid 5ec4] SIDEKIDS> REFUSED: panel 2112 tall exceeds the 1081-px client - not touching it
[796479.443 ms][tid 5ec4] SIDEKIDS> REFUSED: panel 2112 tall exceeds the 1081-px client - not touching it
[796886.211 ms][tid 5ec4] SIDEKIDS> REFUSED: panel 2112 tall exceeds the 1081-px client - not touching it
[797293.035 ms][tid 5ec4] SIDEKIDS> REFUSED: panel 2112 tall exceeds the 1081-px client - not touching it
[797698.286 ms][tid 5ec4] SIDEKIDS> REFUSED: panel 2112 tall exceeds the 1081-px client - not touching it
[798104.265 ms][tid 5ec4] SIDEKIDS> REFUSED: panel 2112 tall exceeds the 1081-px client - not touching it
[798511.053 ms][tid 5ec4] SIDEKIDS> REFUSED: panel 2112 tall exceeds the 1081-px client - not touching it
[798916.910 ms][tid 5ec4] SIDEKIDS> REFUSED: panel 2112 tall exceeds the 1081-px client - not touching it
[799323.728 ms][tid 5ec4] SIDEKIDS> REFUSED: panel 2112 tall exceeds the 1081-px client - not touching it
[799729.731 ms][tid 5ec4] SIDEKIDS> REFUSED: panel 2112 tall exceeds the 1081-px client - not touching it
[800136.513 ms][tid 5ec4] SIDEKIDS> REFUSED: panel 2112 tall exceeds the 1081-px client - not touching it
[800543.326 ms][tid 5ec4] SIDEKIDS> REFUSED: panel 2112 tall exceeds the 1081-px client - not touching it
[800948.911 ms][tid 5ec4] SIDEKIDS> REFUSED: panel 2112 tall exceeds the 1081-px client - not touching it
[801355.058 ms][tid 5ec4] SIDEKIDS> REFUSED: panel 2112 tall exceeds the 1081-px client - not touching it
[801761.773 ms][tid 5ec4] SIDEKIDS> REFUSED: panel 2112 tall exceeds the 1081-px client - not touching it
[802167.598 ms][tid 5ec4] SIDEKIDS> REFUSED: panel 2112 tall exceeds the 1081-px client - not touching it
[802574.521 ms][tid 5ec4] SIDEKIDS> REFUSED: panel 2112 tall exceeds the 1081-px client - not touching it
[802979.677 ms][tid 5ec4] SIDEKIDS> REFUSED: panel 2112 tall exceeds the 1081-px client - not touching it
[803385.696 ms][tid 5ec4] SIDEKIDS> REFUSED: panel 2112 tall exceeds the 1081-px client - not touching it
[803792.816 ms][tid 5ec4] SIDEKIDS> REFUSED: panel 2112 tall exceeds the 1081-px client - not touching it
[804198.417 ms][tid 5ec4] SIDEKIDS> REFUSED: panel 2112 tall exceeds the 1081-px client - not touching it
[804604.981 ms][tid 5ec4] SIDEKIDS> REFUSED: panel 2112 tall exceeds the 1081-px client - not touching it
[805010.947 ms][tid 5ec4] SIDEKIDS> REFUSED: panel 2112 tall exceeds the 1081-px client - not touching it
[805417.190 ms][tid 5ec4] SIDEKIDS> REFUSED: panel 2112 tall exceeds the 1081-px client - not touching it
[805823.560 ms][tid 5ec4] SIDEKIDS> REFUSED: panel 2112 tall exceeds the 1081-px client - not touching it
[806231.696 ms][tid 5ec4] SIDEKIDS> REFUSED: panel 2112 tall exceeds the 1081-px client - not touching it
[806635.578 ms][tid 5ec4] SIDEKIDS> REFUSED: panel 2112 tall exceeds the 1081-px client - not touching it
[807042.849 ms][tid 5ec4] SIDEKIDS> REFUSED: panel 2112 tall exceeds the 1081-px client - not touching it
[807447.963 ms][tid 5ec4] SIDEKIDS> REFUSED: panel 2112 tall exceeds the 1081-px client - not touching it
[807854.598 ms][tid 5ec4] SIDEKIDS> REFUSED: panel 2112 tall exceeds the 1081-px client - not touching it
[808261.814 ms][tid 5ec4] SIDEKIDS> REFUSED: panel 2112 tall exceeds the 1081-px client - not touching it
[808667.571 ms][tid 5ec4] SIDEKIDS> REFUSED: panel 2112 tall exceeds the 1081-px client - not touching it
[809074.326 ms][tid 5ec4] SIDEKIDS> REFUSED: panel 2112 tall exceeds the 1081-px client - not touching it
[809479.624 ms][tid 5ec4] SIDEKIDS> REFUSED: panel 2112 tall exceeds the 1081-px client - not touching it
[809887.371 ms][tid 5ec4] SIDEKIDS> REFUSED: panel 2112 tall exceeds the 1081-px client - not touching it
[810292.637 ms][tid 5ec4] SIDEKIDS> REFUSED: panel 2112 tall exceeds the 1081-px client - not touching it
[810698.848 ms][tid 5ec4] SIDEKIDS> REFUSED: panel 2112 tall exceeds the 1081-px client - not touching it
[811104.941 ms][tid 5ec4] SIDEKIDS> REFUSED: panel 2112 tall exceeds the 1081-px client - not touching it
[811511.212 ms][tid 5ec4] SIDEKIDS> REFUSED: panel 2112 tall exceeds the 1081-px client - not touching it
[811917.809 ms][tid 5ec4] SIDEKIDS> REFUSED: panel 2112 tall exceeds the 1081-px client - not touching it
[812324.707 ms][tid 5ec4] SIDEKIDS> REFUSED: panel 2112 tall exceeds the 1081-px client - not touching it
[812729.660 ms][tid 5ec4] SIDEKIDS> REFUSED: panel 2112 tall exceeds the 1081-px client - not touching it
[813136.211 ms][tid 5ec4] SIDEKIDS> REFUSED: panel 2112 tall exceeds the 1081-px client - not touching it
[813542.144 ms][tid 5ec4] SIDEKIDS> REFUSED: panel 2112 tall exceeds the 1081-px client - not touching it
[813948.173 ms][tid 5ec4] SIDEKIDS> REFUSED: panel 2112 tall exceeds the 1081-px client - not touching it
[814355.007 ms][tid 5ec4] SIDEKIDS> REFUSED: panel 2112 tall exceeds the 1081-px client - not touching it
[814761.447 ms][tid 5ec4] SIDEKIDS> REFUSED: panel 2112 tall exceeds the 1081-px client - not touching it
[815167.969 ms][tid 5ec4] SIDEKIDS> REFUSED: panel 2112 tall exceeds the 1081-px client - not touching it
[815573.048 ms][tid 5ec4] SIDEKIDS> REFUSED: panel 2112 tall exceeds the 1081-px client - not touching it
[815979.548 ms][tid 5ec4] SIDEKIDS> REFUSED: panel 2112 tall exceeds the 1081-px client - not touching it
[816387.355 ms][tid 5ec4] SIDEKIDS> REFUSED: panel 2112 tall exceeds the 1081-px client - not touching it
[816791.607 ms][tid 5ec4] SIDEKIDS> REFUSED: panel 2112 tall exceeds the 1081-px client - not touching it
[817199.242 ms][tid 5ec4] SIDEKIDS> REFUSED: panel 2112 tall exceeds the 1081-px client - not touching it
[817604.397 ms][tid 5ec4] SIDEKIDS> REFUSED: panel 2112 tall exceeds the 1081-px client - not touching it
[818011.335 ms][tid 5ec4] SIDEKIDS> REFUSED: panel 2112 tall exceeds the 1081-px client - not touching it
[818417.619 ms][tid 5ec4] SIDEKIDS> REFUSED: panel 2112 tall exceeds the 1081-px client - not touching it
[818823.170 ms][tid 5ec4] SIDEKIDS> REFUSED: panel 2112 tall exceeds the 1081-px client - not touching it
[819230.214 ms][tid 5ec4] SIDEKIDS> REFUSED: panel 2112 tall exceeds the 1081-px client - not touching it
[819636.537 ms][tid 5ec4] SIDEKIDS> REFUSED: panel 2112 tall exceeds the 1081-px client - not touching it
[820042.099 ms][tid 5ec4] SIDEKIDS> REFUSED: panel 2112 tall exceeds the 1081-px client - not touching it
[820448.043 ms][tid 5ec4] SIDEKIDS> REFUSED: panel 2112 tall exceeds the 1081-px client - not touching it
[820855.404 ms][tid 5ec4] SIDEKIDS> REFUSED: panel 2112 tall exceeds the 1081-px client - not touching it
[821261.715 ms][tid 5ec4] SIDEKIDS> REFUSED: panel 2112 tall exceeds the 1081-px client - not touching it
[821666.853 ms][tid 5ec4] SIDEKIDS> REFUSED: panel 2112 tall exceeds the 1081-px client - not touching it
[822074.596 ms][tid 5ec4] SIDEKIDS> REFUSED: panel 2112 tall exceeds the 1081-px client - not touching it
[822479.874 ms][tid 5ec4] SIDEKIDS> REFUSED: panel 2112 tall exceeds the 1081-px client - not touching it
[822885.672 ms][tid 5ec4] SIDEKIDS> REFUSED: panel 2112 tall exceeds the 1081-px client - not touching it
[823293.307 ms][tid 5ec4] SIDEKIDS> REFUSED: panel 2112 tall exceeds the 1081-px client - not touching it
[823698.394 ms][tid 5ec4] SIDEKIDS> REFUSED: panel 2112 tall exceeds the 1081-px client - not touching it
[824104.123 ms][tid 5ec4] SIDEKIDS> REFUSED: panel 2112 tall exceeds the 1081-px client - not touching it
[824510.773 ms][tid 5ec4] SIDEKIDS> REFUSED: panel 2112 tall exceeds the 1081-px client - not touching it
[824916.609 ms][tid 5ec4] SIDEKIDS> REFUSED: panel 2112 tall exceeds the 1081-px client - not touching it
[825323.696 ms][tid 5ec4] SIDEKIDS> REFUSED: panel 2112 tall exceeds the 1081-px client - not touching it
[825729.142 ms][tid 5ec4] SIDEKIDS> REFUSED: panel 2112 tall exceeds the 1081-px client - not touching it
[826135.897 ms][tid 5ec4] SIDEKIDS> REFUSED: panel 2112 tall exceeds the 1081-px client - not touching it
[826541.641 ms][tid 5ec4] SIDEKIDS> REFUSED: panel 2112 tall exceeds the 1081-px client - not touching it
[826948.421 ms][tid 5ec4] SIDEKIDS> REFUSED: panel 2112 tall exceeds the 1081-px client - not touching it
[827356.272 ms][tid 5ec4] SIDEKIDS> REFUSED: panel 2112 tall exceeds the 1081-px client - not touching it
[827760.663 ms][tid 5ec4] SIDEKIDS> REFUSED: panel 2112 tall exceeds the 1081-px client - not touching it
[828167.832 ms][tid 5ec4] SIDEKIDS> REFUSED: panel 2112 tall exceeds the 1081-px client - not touching it
[828573.463 ms][tid 5ec4] SIDEKIDS> REFUSED: panel 2112 tall exceeds the 1081-px client - not touching it
[828979.448 ms][tid 5ec4] SIDEKIDS> REFUSED: panel 2112 tall exceeds the 1081-px client - not touching it
[829386.502 ms][tid 5ec4] SIDEKIDS> REFUSED: panel 2112 tall exceeds the 1081-px client - not touching it
[829792.854 ms][tid 5ec4] SIDEKIDS> REFUSED: panel 2112 tall exceeds the 1081-px client - not touching it
[830198.744 ms][tid 5ec4] SIDEKIDS> REFUSED: panel 2112 tall exceeds the 1081-px client - not touching it
[830604.252 ms][tid 5ec4] SIDEKIDS> REFUSED: panel 2112 tall exceeds the 1081-px client - not touching it
[831012.056 ms][tid 5ec4] SIDEKIDS> REFUSED: panel 2112 tall exceeds the 1081-px client - not touching it
[831417.080 ms][tid 5ec4] SIDEKIDS> REFUSED: panel 2112 tall exceeds the 1081-px client - not touching it
[831823.091 ms][tid 5ec4] SIDEKIDS> REFUSED: panel 2112 tall exceeds the 1081-px client - not touching it
[832229.883 ms][tid 5ec4] SIDEKIDS> REFUSED: panel 2112 tall exceeds the 1081-px client - not touching it
[832636.187 ms][tid 5ec4] SIDEKIDS> REFUSED: panel 2112 tall exceeds the 1081-px client - not touching it
[833041.943 ms][tid 5ec4] SIDEKIDS> REFUSED: panel 2112 tall exceeds the 1081-px client - not touching it
[833449.368 ms][tid 5ec4] SIDEKIDS> REFUSED: panel 2112 tall exceeds the 1081-px client - not touching it
[833855.561 ms][tid 5ec4] SIDEKIDS> REFUSED: panel 2112 tall exceeds the 1081-px client - not touching it
[834260.797 ms][tid 5ec4] SIDEKIDS> REFUSED: panel 2112 tall exceeds the 1081-px client - not touching it
[834668.493 ms][tid 5ec4] SIDEKIDS> REFUSED: panel 2112 tall exceeds the 1081-px client - not touching it
[835073.007 ms][tid 5ec4] SIDEKIDS> REFUSED: panel 2112 tall exceeds the 1081-px client - not touching it
[835480.650 ms][tid 5ec4] SIDEKIDS> REFUSED: panel 2112 tall exceeds the 1081-px client - not touching it
[835885.655 ms][tid 5ec4] SIDEKIDS> REFUSED: panel 2112 tall exceeds the 1081-px client - not touching it
[836293.187 ms][tid 5ec4] SIDEKIDS> REFUSED: panel 2112 tall exceeds the 1081-px client - not touching it
[836698.943 ms][tid 5ec4] SIDEKIDS> REFUSED: panel 2112 tall exceeds the 1081-px client - not touching it
[837104.851 ms][tid 5ec4] SIDEKIDS> REFUSED: panel 2112 tall exceeds the 1081-px client - not touching it
[837511.307 ms][tid 5ec4] SIDEKIDS> REFUSED: panel 2112 tall exceeds the 1081-px client - not touching it
[837918.249 ms][tid 5ec4] SIDEKIDS> REFUSED: panel 2112 tall exceeds the 1081-px client - not touching it
[838323.906 ms][tid 5ec4] SIDEKIDS> REFUSED: panel 2112 tall exceeds the 1081-px client - not touching it
[838729.551 ms][tid 5ec4] SIDEKIDS> REFUSED: panel 2112 tall exceeds the 1081-px client - not touching it
[839135.687 ms][tid 5ec4] SIDEKIDS> REFUSED: panel 2112 tall exceeds the 1081-px client - not touching it
[839542.711 ms][tid 5ec4] SIDEKIDS> REFUSED: panel 2112 tall exceeds the 1081-px client - not touching it
[839948.773 ms][tid 5ec4] SIDEKIDS> REFUSED: panel 2112 tall exceeds the 1081-px client - not touching it
[840355.537 ms][tid 5ec4] SIDEKIDS> REFUSED: panel 2112 tall exceeds the 1081-px client - not touching it
[840761.156 ms][tid 5ec4] SIDEKIDS> REFUSED: panel 2112 tall exceeds the 1081-px client - not touching it
[841167.437 ms][tid 5ec4] SIDEKIDS> REFUSED: panel 2112 tall exceeds the 1081-px client - not touching it
[841574.541 ms][tid 5ec4] SIDEKIDS> REFUSED: panel 2112 tall exceeds the 1081-px client - not touching it
[841980.459 ms][tid 5ec4] SIDEKIDS> REFUSED: panel 2112 tall exceeds the 1081-px client - not touching it
[842387.045 ms][tid 5ec4] SIDEKIDS> REFUSED: panel 2112 tall exceeds the 1081-px client - not touching it
[842792.458 ms][tid 5ec4] SIDEKIDS> REFUSED: panel 2112 tall exceeds the 1081-px client - not touching it
[843198.984 ms][tid 5ec4] SIDEKIDS> REFUSED: panel 2112 tall exceeds the 1081-px client - not touching it
[843606.333 ms][tid 5ec4] SIDEKIDS> REFUSED: panel 2112 tall exceeds the 1081-px client - not touching it
[844011.574 ms][tid 5ec4] SIDEKIDS> REFUSED: panel 2112 tall exceeds the 1081-px client - not touching it
[844417.167 ms][tid 5ec4] SIDEKIDS> REFUSED: panel 2112 tall exceeds the 1081-px client - not touching it
[844823.639 ms][tid 5ec4] SIDEKIDS> REFUSED: panel 2112 tall exceeds the 1081-px client - not touching it
[845229.164 ms][tid 5ec4] SIDEKIDS> REFUSED: panel 2112 tall exceeds the 1081-px client - not touching it
[845637.001 ms][tid 5ec4] SIDEKIDS> REFUSED: panel 2112 tall exceeds the 1081-px client - not touching it
[846041.559 ms][tid 5ec4] SIDEKIDS> REFUSED: panel 2112 tall exceeds the 1081-px client - not touching it
[846447.987 ms][tid 5ec4] SIDEKIDS> REFUSED: panel 2112 tall exceeds the 1081-px client - not touching it
[846854.996 ms][tid 5ec4] SIDEKIDS> REFUSED: panel 2112 tall exceeds the 1081-px client - not touching it
[847260.836 ms][tid 5ec4] SIDEKIDS> REFUSED: panel 2112 tall exceeds the 1081-px client - not touching it
[847666.939 ms][tid 5ec4] SIDEKIDS> REFUSED: panel 2112 tall exceeds the 1081-px client - not touching it
[848073.649 ms][tid 5ec4] SIDEKIDS> REFUSED: panel 2112 tall exceeds the 1081-px client - not touching it
[848479.570 ms][tid 5ec4] SIDEKIDS> REFUSED: panel 2112 tall exceeds the 1081-px client - not touching it
[848886.529 ms][tid 5ec4] SIDEKIDS> REFUSED: panel 2112 tall exceeds the 1081-px client - not touching it
[849292.993 ms][tid 5ec4] SIDEKIDS> REFUSED: panel 2112 tall exceeds the 1081-px client - not touching it
[849698.356 ms][tid 5ec4] SIDEKIDS> REFUSED: panel 2112 tall exceeds the 1081-px client - not touching it
[850105.067 ms][tid 5ec4] SIDEKIDS> REFUSED: panel 2112 tall exceeds the 1081-px client - not touching it
[850510.814 ms][tid 5ec4] SIDEKIDS> REFUSED: panel 2112 tall exceeds the 1081-px client - not touching it
[850918.399 ms][tid 5ec4] SIDEKIDS> REFUSED: panel 2112 tall exceeds the 1081-px client - not touching it
[851325.543 ms][tid 5ec4] SIDEKIDS> REFUSED: panel 2112 tall exceeds the 1081-px client - not touching it
[851730.395 ms][tid 5ec4] SIDEKIDS> REFUSED: panel 2112 tall exceeds the 1081-px client - not touching it
[852135.846 ms][tid 5ec4] SIDEKIDS> REFUSED: panel 2112 tall exceeds the 1081-px client - not touching it
[852544.482 ms][tid 5ec4] SIDEKIDS> REFUSED: panel 2112 tall exceeds the 1081-px client - not touching it
[852949.627 ms][tid 5ec4] SIDEKIDS> REFUSED: panel 2112 tall exceeds the 1081-px client - not touching it
[853355.025 ms][tid 5ec4] SIDEKIDS> REFUSED: panel 2112 tall exceeds the 1081-px client - not touching it
[853761.071 ms][tid 5ec4] SIDEKIDS> REFUSED: panel 2112 tall exceeds the 1081-px client - not touching it
[854167.245 ms][tid 5ec4] SIDEKIDS> REFUSED: panel 2112 tall exceeds the 1081-px client - not touching it
[854573.113 ms][tid 5ec4] SIDEKIDS> REFUSED: panel 2112 tall exceeds the 1081-px client - not touching it
[854979.272 ms][tid 5ec4] SIDEKIDS> REFUSED: panel 2112 tall exceeds the 1081-px client - not touching it
[855386.415 ms][tid 5ec4] SIDEKIDS> REFUSED: panel 2112 tall exceeds the 1081-px client - not touching it
[855791.962 ms][tid 5ec4] SIDEKIDS> REFUSED: panel 2112 tall exceeds the 1081-px client - not touching it
[856198.921 ms][tid 5ec4] SIDEKIDS> REFUSED: panel 2112 tall exceeds the 1081-px client - not touching it
[856605.193 ms][tid 5ec4] SIDEKIDS> REFUSED: panel 2112 tall exceeds the 1081-px client - not touching it
[857011.540 ms][tid 5ec4] SIDEKIDS> REFUSED: panel 2112 tall exceeds the 1081-px client - not touching it
[857417.278 ms][tid 5ec4] SIDEKIDS> REFUSED: panel 2112 tall exceeds the 1081-px client - not touching it
[857824.297 ms][tid 5ec4] SIDEKIDS> REFUSED: panel 2112 tall exceeds the 1081-px client - not touching it
[858229.907 ms][tid 5ec4] SIDEKIDS> REFUSED: panel 2112 tall exceeds the 1081-px client - not touching it
[858635.743 ms][tid 5ec4] SIDEKIDS> REFUSED: panel 2112 tall exceeds the 1081-px client - not touching it
[859042.117 ms][tid 5ec4] SIDEKIDS> REFUSED: panel 2112 tall exceeds the 1081-px client - not touching it
[859449.038 ms][tid 5ec4] SIDEKIDS> REFUSED: panel 2112 tall exceeds the 1081-px client - not touching it
[859855.429 ms][tid 5ec4] SIDEKIDS> REFUSED: panel 2112 tall exceeds the 1081-px client - not touching it
[860261.423 ms][tid 5ec4] SIDEKIDS> REFUSED: panel 2112 tall exceeds the 1081-px client - not touching it
[860669.350 ms][tid 5ec4] SIDEKIDS> REFUSED: panel 2112 tall exceeds the 1081-px client - not touching it
[861073.632 ms][tid 5ec4] SIDEKIDS> REFUSED: panel 2112 tall exceeds the 1081-px client - not touching it
[861480.711 ms][tid 5ec4] SIDEKIDS> REFUSED: panel 2112 tall exceeds the 1081-px client - not touching it
[861885.856 ms][tid 5ec4] SIDEKIDS> REFUSED: panel 2112 tall exceeds the 1081-px client - not touching it
[862292.194 ms][tid 5ec4] SIDEKIDS> REFUSED: panel 2112 tall exceeds the 1081-px client - not touching it
[862698.485 ms][tid 5ec4] SIDEKIDS> REFUSED: panel 2112 tall exceeds the 1081-px client - not touching it
[863105.915 ms][tid 5ec4] SIDEKIDS> REFUSED: panel 2112 tall exceeds the 1081-px client - not touching it
[863511.037 ms][tid 5ec4] SIDEKIDS> REFUSED: panel 2112 tall exceeds the 1081-px client - not touching it
[863917.711 ms][tid 5ec4] SIDEKIDS> REFUSED: panel 2112 tall exceeds the 1081-px client - not touching it
[864324.923 ms][tid 5ec4] SIDEKIDS> REFUSED: panel 2112 tall exceeds the 1081-px client - not touching it
[864730.014 ms][tid 5ec4] SIDEKIDS> REFUSED: panel 2112 tall exceeds the 1081-px client - not touching it
[865136.424 ms][tid 5ec4] SIDEKIDS> REFUSED: panel 2112 tall exceeds the 1081-px client - not touching it
[865543.191 ms][tid 5ec4] SIDEKIDS> REFUSED: panel 2112 tall exceeds the 1081-px client - not touching it
[865948.701 ms][tid 5ec4] SIDEKIDS> REFUSED: panel 2112 tall exceeds the 1081-px client - not touching it
[866355.945 ms][tid 5ec4] SIDEKIDS> REFUSED: panel 2112 tall exceeds the 1081-px client - not touching it
[866761.237 ms][tid 5ec4] SIDEKIDS> REFUSED: panel 2112 tall exceeds the 1081-px client - not touching it
[867166.780 ms][tid 5ec4] SIDEKIDS> REFUSED: panel 2112 tall exceeds the 1081-px client - not touching it
[867575.441 ms][tid 5ec4] SIDEKIDS> REFUSED: panel 2112 tall exceeds the 1081-px client - not touching it
[867980.239 ms][tid 5ec4] SIDEKIDS> REFUSED: panel 2112 tall exceeds the 1081-px client - not touching it
[868386.174 ms][tid 5ec4] SIDEKIDS> REFUSED: panel 2112 tall exceeds the 1081-px client - not touching it
[868792.334 ms][tid 5ec4] SIDEKIDS> REFUSED: panel 2112 tall exceeds the 1081-px client - not touching it
[869198.464 ms][tid 5ec4] SIDEKIDS> REFUSED: panel 2112 tall exceeds the 1081-px client - not touching it
[869604.488 ms][tid 5ec4] SIDEKIDS> REFUSED: panel 2112 tall exceeds the 1081-px client - not touching it
[870012.102 ms][tid 5ec4] SIDEKIDS> REFUSED: panel 2112 tall exceeds the 1081-px client - not touching it
[870417.321 ms][tid 5ec4] SIDEKIDS> REFUSED: panel 2112 tall exceeds the 1081-px client - not touching it
[870824.475 ms][tid 5ec4] SIDEKIDS> REFUSED: panel 2112 tall exceeds the 1081-px client - not touching it
[871229.347 ms][tid 5ec4] SIDEKIDS> REFUSED: panel 2112 tall exceeds the 1081-px client - not touching it
[871637.046 ms][tid 5ec4] SIDEKIDS> REFUSED: panel 2112 tall exceeds the 1081-px client - not touching it
[872042.049 ms][tid 5ec4] SIDEKIDS> REFUSED: panel 2112 tall exceeds the 1081-px client - not touching it
[872449.148 ms][tid 5ec4] SIDEKIDS> REFUSED: panel 2112 tall exceeds the 1081-px client - not touching it
[872854.650 ms][tid 5ec4] SIDEKIDS> REFUSED: panel 2112 tall exceeds the 1081-px client - not touching it
[873260.908 ms][tid 5ec4] SIDEKIDS> REFUSED: panel 2112 tall exceeds the 1081-px client - not touching it
[873666.898 ms][tid 5ec4] SIDEKIDS> REFUSED: panel 2112 tall exceeds the 1081-px client - not touching it
[874074.014 ms][tid 5ec4] SIDEKIDS> REFUSED: panel 2112 tall exceeds the 1081-px client - not touching it
[874479.513 ms][tid 5ec4] SIDEKIDS> REFUSED: panel 2112 tall exceeds the 1081-px client - not touching it
[874886.319 ms][tid 5ec4] SIDEKIDS> REFUSED: panel 2112 tall exceeds the 1081-px client - not touching it
[875292.160 ms][tid 5ec4] SIDEKIDS> REFUSED: panel 2112 tall exceeds the 1081-px client - not touching it
[875699.264 ms][tid 5ec4] SIDEKIDS> REFUSED: panel 2112 tall exceeds the 1081-px client - not touching it
[876104.912 ms][tid 5ec4] SIDEKIDS> REFUSED: panel 2112 tall exceeds the 1081-px client - not touching it
[876511.399 ms][tid 5ec4] SIDEKIDS> REFUSED: panel 2112 tall exceeds the 1081-px client - not touching it
[876917.483 ms][tid 5ec4] SIDEKIDS> REFUSED: panel 2112 tall exceeds the 1081-px client - not touching it
[877323.705 ms][tid 5ec4] SIDEKIDS> REFUSED: panel 2112 tall exceeds the 1081-px client - not touching it
[877730.848 ms][tid 5ec4] SIDEKIDS> REFUSED: panel 2112 tall exceeds the 1081-px client - not touching it
[878136.435 ms][tid 5ec4] SIDEKIDS> REFUSED: panel 2112 tall exceeds the 1081-px client - not touching it
[878543.140 ms][tid 5ec4] SIDEKIDS> REFUSED: panel 2112 tall exceeds the 1081-px client - not touching it
[878947.993 ms][tid 5ec4] SIDEKIDS> REFUSED: panel 2112 tall exceeds the 1081-px client - not touching it
[879356.259 ms][tid 5ec4] SIDEKIDS> REFUSED: panel 2112 tall exceeds the 1081-px client - not touching it
[879760.388 ms][tid 5ec4] SIDEKIDS> REFUSED: panel 2112 tall exceeds the 1081-px client - not touching it
[880167.480 ms][tid 5ec4] SIDEKIDS> REFUSED: panel 2112 tall exceeds the 1081-px client - not touching it
[880572.969 ms][tid 5ec4] SIDEKIDS> REFUSED: panel 2112 tall exceeds the 1081-px client - not touching it
[880981.155 ms][tid 5ec4] SIDEKIDS> REFUSED: panel 2112 tall exceeds the 1081-px client - not touching it
[881385.828 ms][tid 5ec4] SIDEKIDS> REFUSED: panel 2112 tall exceeds the 1081-px client - not touching it
[881793.118 ms][tid 5ec4] SIDEKIDS> REFUSED: panel 2112 tall exceeds the 1081-px client - not touching it
[882199.724 ms][tid 5ec4] SIDEKIDS> REFUSED: panel 2112 tall exceeds the 1081-px client - not touching it
[882605.196 ms][tid 5ec4] SIDEKIDS> REFUSED: panel 2112 tall exceeds the 1081-px client - not touching it
[883011.134 ms][tid 5ec4] SIDEKIDS> REFUSED: panel 2112 tall exceeds the 1081-px client - not touching it
[883416.985 ms][tid 5ec4] SIDEKIDS> REFUSED: panel 2112 tall exceeds the 1081-px client - not touching it
[883823.917 ms][tid 5ec4] SIDEKIDS> REFUSED: panel 2112 tall exceeds the 1081-px client - not touching it
[884230.301 ms][tid 5ec4] SIDEKIDS> REFUSED: panel 2112 tall exceeds the 1081-px client - not touching it
[884635.977 ms][tid 5ec4] SIDEKIDS> REFUSED: panel 2112 tall exceeds the 1081-px client - not touching it
[885042.921 ms][tid 5ec4] SIDEKIDS> REFUSED: panel 2112 tall exceeds the 1081-px client - not touching it
[885449.216 ms][tid 5ec4] SIDEKIDS> REFUSED: panel 2112 tall exceeds the 1081-px client - not touching it
[885854.513 ms][tid 5ec4] SIDEKIDS> REFUSED: panel 2112 tall exceeds the 1081-px client - not touching it
[886261.071 ms][tid 5ec4] SIDEKIDS> REFUSED: panel 2112 tall exceeds the 1081-px client - not touching it
[886667.717 ms][tid 5ec4] SIDEKIDS> REFUSED: panel 2112 tall exceeds the 1081-px client - not touching it
[887073.114 ms][tid 5ec4] SIDEKIDS> REFUSED: panel 2112 tall exceeds the 1081-px client - not touching it
[887479.563 ms][tid 5ec4] SIDEKIDS> REFUSED: panel 2112 tall exceeds the 1081-px client - not touching it
[887886.069 ms][tid 5ec4] SIDEKIDS> REFUSED: panel 2112 tall exceeds the 1081-px client - not touching it
[888291.880 ms][tid 5ec4] SIDEKIDS> REFUSED: panel 2112 tall exceeds the 1081-px client - not touching it
[888700.997 ms][tid 5ec4] SIDEKIDS> REFUSED: panel 2112 tall exceeds the 1081-px client - not touching it
[889105.982 ms][tid 5ec4] SIDEKIDS> REFUSED: panel 2112 tall exceeds the 1081-px client - not touching it
[889510.748 ms][tid 5ec4] SIDEKIDS> REFUSED: panel 2112 tall exceeds the 1081-px client - not touching it
[889917.600 ms][tid 5ec4] SIDEKIDS> REFUSED: panel 2112 tall exceeds the 1081-px client - not touching it
[890324.427 ms][tid 5ec4] SIDEKIDS> REFUSED: panel 2112 tall exceeds the 1081-px client - not touching it
[890729.644 ms][tid 5ec4] SIDEKIDS> REFUSED: panel 2112 tall exceeds the 1081-px client - not touching it
[891135.756 ms][tid 5ec4] SIDEKIDS> REFUSED: panel 2112 tall exceeds the 1081-px client - not touching it
[891543.791 ms][tid 5ec4] SIDEKIDS> REFUSED: panel 2112 tall exceeds the 1081-px client - not touching it
[891948.655 ms][tid 5ec4] SIDEKIDS> REFUSED: panel 2112 tall exceeds the 1081-px client - not touching it
[892355.606 ms][tid 5ec4] SIDEKIDS> REFUSED: panel 2112 tall exceeds the 1081-px client - not touching it
[892760.990 ms][tid 5ec4] SIDEKIDS> REFUSED: panel 2112 tall exceeds the 1081-px client - not touching it
[893168.133 ms][tid 5ec4] SIDEKIDS> REFUSED: panel 2112 tall exceeds the 1081-px client - not touching it
[893573.833 ms][tid 5ec4] SIDEKIDS> REFUSED: panel 2112 tall exceeds the 1081-px client - not touching it
[893979.622 ms][tid 5ec4] SIDEKIDS> REFUSED: panel 2112 tall exceeds the 1081-px client - not touching it
[894385.796 ms][tid 5ec4] SIDEKIDS> REFUSED: panel 2112 tall exceeds the 1081-px client - not touching it
[894792.368 ms][tid 5ec4] SIDEKIDS> REFUSED: panel 2112 tall exceeds the 1081-px client - not touching it
[895198.718 ms][tid 5ec4] SIDEKIDS> REFUSED: panel 2112 tall exceeds the 1081-px client - not touching it
[895605.733 ms][tid 5ec4] SIDEKIDS> REFUSED: panel 2112 tall exceeds the 1081-px client - not touching it
[896010.680 ms][tid 5ec4] SIDEKIDS> REFUSED: panel 2112 tall exceeds the 1081-px client - not touching it
[896418.055 ms][tid 5ec4] SIDEKIDS> REFUSED: panel 2112 tall exceeds the 1081-px client - not touching it
[896823.526 ms][tid 5ec4] SIDEKIDS> REFUSED: panel 2112 tall exceeds the 1081-px client - not touching it
[897230.356 ms][tid 5ec4] SIDEKIDS> REFUSED: panel 2112 tall exceeds the 1081-px client - not touching it
[897636.366 ms][tid 5ec4] SIDEKIDS> REFUSED: panel 2112 tall exceeds the 1081-px client - not touching it
[898042.474 ms][tid 5ec4] SIDEKIDS> REFUSED: panel 2112 tall exceeds the 1081-px client - not touching it
[898448.464 ms][tid 5ec4] SIDEKIDS> REFUSED: panel 2112 tall exceeds the 1081-px client - not touching it
[898854.520 ms][tid 5ec4] SIDEKIDS> REFUSED: panel 2112 tall exceeds the 1081-px client - not touching it
[899261.983 ms][tid 5ec4] SIDEKIDS> REFUSED: panel 2112 tall exceeds the 1081-px client - not touching it
[899668.003 ms][tid 5ec4] SIDEKIDS> REFUSED: panel 2112 tall exceeds the 1081-px client - not touching it
[900074.033 ms][tid 5ec4] SIDEKIDS> REFUSED: panel 2112 tall exceeds the 1081-px client - not touching it
[900479.281 ms][tid 5ec4] SIDEKIDS> REFUSED: panel 2112 tall exceeds the 1081-px client - not touching it
[900886.782 ms][tid 5ec4] SIDEKIDS> REFUSED: panel 2112 tall exceeds the 1081-px client - not touching it
[901293.365 ms][tid 5ec4] SIDEKIDS> REFUSED: panel 2112 tall exceeds the 1081-px client - not touching it
[901698.520 ms][tid 5ec4] SIDEKIDS> REFUSED: panel 2112 tall exceeds the 1081-px client - not touching it
[902104.398 ms][tid 5ec4] SIDEKIDS> REFUSED: panel 2112 tall exceeds the 1081-px client - not touching it
[902511.043 ms][tid 5ec4] SIDEKIDS> REFUSED: panel 2112 tall exceeds the 1081-px client - not touching it
[902917.684 ms][tid 5ec4] SIDEKIDS> REFUSED: panel 2112 tall exceeds the 1081-px client - not touching it
[903323.826 ms][tid 5ec4] SIDEKIDS> REFUSED: panel 2112 tall exceeds the 1081-px client - not touching it
[903730.069 ms][tid 5ec4] SIDEKIDS> REFUSED: panel 2112 tall exceeds the 1081-px client - not touching it
[904135.900 ms][tid 5ec4] SIDEKIDS> REFUSED: panel 2112 tall exceeds the 1081-px client - not touching it
[904542.118 ms][tid 5ec4] SIDEKIDS> REFUSED: panel 2112 tall exceeds the 1081-px client - not touching it
[904949.076 ms][tid 5ec4] SIDEKIDS> REFUSED: panel 2112 tall exceeds the 1081-px client - not touching it
[905354.818 ms][tid 5ec4] SIDEKIDS> REFUSED: panel 2112 tall exceeds the 1081-px client - not touching it
[905761.350 ms][tid 5ec4] SIDEKIDS> REFUSED: panel 2112 tall exceeds the 1081-px client - not touching it
[906169.073 ms][tid 5ec4] SIDEKIDS> REFUSED: panel 2112 tall exceeds the 1081-px client - not touching it
[906572.762 ms][tid 5ec4] SIDEKIDS> REFUSED: panel 2112 tall exceeds the 1081-px client - not touching it
[906979.493 ms][tid 5ec4] SIDEKIDS> REFUSED: panel 2112 tall exceeds the 1081-px client - not touching it
[907385.773 ms][tid 5ec4] SIDEKIDS> REFUSED: panel 2112 tall exceeds the 1081-px client - not touching it
[907792.625 ms][tid 5ec4] SIDEKIDS> REFUSED: panel 2112 tall exceeds the 1081-px client - not touching it
[908199.242 ms][tid 5ec4] SIDEKIDS> REFUSED: panel 2112 tall exceeds the 1081-px client - not touching it
[908605.610 ms][tid 5ec4] SIDEKIDS> REFUSED: panel 2112 tall exceeds the 1081-px client - not touching it
[909010.958 ms][tid 5ec4] SIDEKIDS> REFUSED: panel 2112 tall exceeds the 1081-px client - not touching it
[909417.840 ms][tid 5ec4] SIDEKIDS> REFUSED: panel 2112 tall exceeds the 1081-px client - not touching it
[909823.354 ms][tid 5ec4] SIDEKIDS> REFUSED: panel 2112 tall exceeds the 1081-px client - not touching it
[910229.595 ms][tid 5ec4] SIDEKIDS> REFUSED: panel 2112 tall exceeds the 1081-px client - not touching it
[910635.736 ms][tid 5ec4] SIDEKIDS> REFUSED: panel 2112 tall exceeds the 1081-px client - not touching it
[911042.184 ms][tid 5ec4] SIDEKIDS> REFUSED: panel 2112 tall exceeds the 1081-px client - not touching it
[911449.071 ms][tid 5ec4] SIDEKIDS> REFUSED: panel 2112 tall exceeds the 1081-px client - not touching it
[911855.797 ms][tid 5ec4] SIDEKIDS> REFUSED: panel 2112 tall exceeds the 1081-px client - not touching it
[912261.799 ms][tid 5ec4] SIDEKIDS> REFUSED: panel 2112 tall exceeds the 1081-px client - not touching it
[912668.459 ms][tid 5ec4] SIDEKIDS> REFUSED: panel 2112 tall exceeds the 1081-px client - not touching it
[913074.858 ms][tid 5ec4] SIDEKIDS> REFUSED: panel 2112 tall exceeds the 1081-px client - not touching it
[913479.863 ms][tid 5ec4] SIDEKIDS> REFUSED: panel 2112 tall exceeds the 1081-px client - not touching it
[913885.814 ms][tid 5ec4] SIDEKIDS> REFUSED: panel 2112 tall exceeds the 1081-px client - not touching it
[914293.128 ms][tid 5ec4] SIDEKIDS> REFUSED: panel 2112 tall exceeds the 1081-px client - not touching it
[914698.483 ms][tid 5ec4] SIDEKIDS> REFUSED: panel 2112 tall exceeds the 1081-px client - not touching it
[915104.668 ms][tid 5ec4] SIDEKIDS> REFUSED: panel 2112 tall exceeds the 1081-px client - not touching it
[915510.709 ms][tid 5ec4] SIDEKIDS> REFUSED: panel 2112 tall exceeds the 1081-px client - not touching it
[915917.960 ms][tid 5ec4] SIDEKIDS> REFUSED: panel 2112 tall exceeds the 1081-px client - not touching it
[916323.856 ms][tid 5ec4] SIDEKIDS> REFUSED: panel 2112 tall exceeds the 1081-px client - not touching it
[916730.003 ms][tid 5ec4] SIDEKIDS> REFUSED: panel 2112 tall exceeds the 1081-px client - not touching it
[917136.205 ms][tid 5ec4] SIDEKIDS> REFUSED: panel 2112 tall exceeds the 1081-px client - not touching it
[917542.300 ms][tid 5ec4] SIDEKIDS> REFUSED: panel 2112 tall exceeds the 1081-px client - not touching it
[917948.908 ms][tid 5ec4] SIDEKIDS> REFUSED: panel 2112 tall exceeds the 1081-px client - not touching it
[918354.765 ms][tid 5ec4] SIDEKIDS> REFUSED: panel 2112 tall exceeds the 1081-px client - not touching it
[918760.611 ms][tid 5ec4] SIDEKIDS> REFUSED: panel 2112 tall exceeds the 1081-px client - not touching it
[919167.907 ms][tid 5ec4] SIDEKIDS> REFUSED: panel 2112 tall exceeds the 1081-px client - not touching it
[919574.256 ms][tid 5ec4] SIDEKIDS> REFUSED: panel 2112 tall exceeds the 1081-px client - not touching it
[919979.403 ms][tid 5ec4] SIDEKIDS> REFUSED: panel 2112 tall exceeds the 1081-px client - not touching it
[920386.184 ms][tid 5ec4] SIDEKIDS> REFUSED: panel 2112 tall exceeds the 1081-px client - not touching it
[920791.816 ms][tid 5ec4] SIDEKIDS> REFUSED: panel 2112 tall exceeds the 1081-px client - not touching it
[921198.771 ms][tid 5ec4] SIDEKIDS> REFUSED: panel 2112 tall exceeds the 1081-px client - not touching it
[921606.156 ms][tid 5ec4] SIDEKIDS> REFUSED: panel 2112 tall exceeds the 1081-px client - not touching it
[922011.856 ms][tid 5ec4] SIDEKIDS> REFUSED: panel 2112 tall exceeds the 1081-px client - not touching it
[922417.435 ms][tid 5ec4] SIDEKIDS> REFUSED: panel 2112 tall exceeds the 1081-px client - not touching it
[922823.516 ms][tid 5ec4] SIDEKIDS> REFUSED: panel 2112 tall exceeds the 1081-px client - not touching it
[923229.910 ms][tid 5ec4] SIDEKIDS> REFUSED: panel 2112 tall exceeds the 1081-px client - not touching it
[923636.247 ms][tid 5ec4] SIDEKIDS> REFUSED: panel 2112 tall exceeds the 1081-px client - not touching it
[924041.587 ms][tid 5ec4] SIDEKIDS> REFUSED: panel 2112 tall exceeds the 1081-px client - not touching it
[924448.209 ms][tid 5ec4] SIDEKIDS> REFUSED: panel 2112 tall exceeds the 1081-px client - not touching it
[924855.589 ms][tid 5ec4] SIDEKIDS> REFUSED: panel 2112 tall exceeds the 1081-px client - not touching it
[925261.019 ms][tid 5ec4] SIDEKIDS> REFUSED: panel 2112 tall exceeds the 1081-px client - not touching it
[925667.438 ms][tid 5ec4] SIDEKIDS> REFUSED: panel 2112 tall exceeds the 1081-px client - not touching it
[926073.307 ms][tid 5ec4] SIDEKIDS> REFUSED: panel 2112 tall exceeds the 1081-px client - not touching it
[926480.425 ms][tid 5ec4] SIDEKIDS> REFUSED: panel 2112 tall exceeds the 1081-px client - not touching it
[926887.244 ms][tid 5ec4] SIDEKIDS> REFUSED: panel 2112 tall exceeds the 1081-px client - not touching it
[927292.169 ms][tid 5ec4] SIDEKIDS> REFUSED: panel 2112 tall exceeds the 1081-px client - not touching it
[927698.544 ms][tid 5ec4] SIDEKIDS> REFUSED: panel 2112 tall exceeds the 1081-px client - not touching it
[928105.051 ms][tid 5ec4] SIDEKIDS> REFUSED: panel 2112 tall exceeds the 1081-px client - not touching it
[928510.589 ms][tid 5ec4] SIDEKIDS> REFUSED: panel 2112 tall exceeds the 1081-px client - not touching it
[928917.931 ms][tid 5ec4] SIDEKIDS> REFUSED: panel 2112 tall exceeds the 1081-px client - not touching it
[929323.078 ms][tid 5ec4] SIDEKIDS> REFUSED: panel 2112 tall exceeds the 1081-px client - not touching it
[929729.367 ms][tid 5ec4] SIDEKIDS> REFUSED: panel 2112 tall exceeds the 1081-px client - not touching it
[930136.136 ms][tid 5ec4] SIDEKIDS> REFUSED: panel 2112 tall exceeds the 1081-px client - not touching it
[930542.015 ms][tid 5ec4] SIDEKIDS> REFUSED: panel 2112 tall exceeds the 1081-px client - not touching it
[930948.649 ms][tid 5ec4] SIDEKIDS> REFUSED: panel 2112 tall exceeds the 1081-px client - not touching it
[931355.061 ms][tid 5ec4] SIDEKIDS> REFUSED: panel 2112 tall exceeds the 1081-px client - not touching it
[931761.788 ms][tid 5ec4] SIDEKIDS> REFUSED: panel 2112 tall exceeds the 1081-px client - not touching it
[932167.431 ms][tid 5ec4] SIDEKIDS> REFUSED: panel 2112 tall exceeds the 1081-px client - not touching it
[932574.165 ms][tid 5ec4] SIDEKIDS> REFUSED: panel 2112 tall exceeds the 1081-px client - not touching it
[932980.203 ms][tid 5ec4] SIDEKIDS> REFUSED: panel 2112 tall exceeds the 1081-px client - not touching it
[933385.992 ms][tid 5ec4] SIDEKIDS> REFUSED: panel 2112 tall exceeds the 1081-px client - not touching it
[933792.092 ms][tid 5ec4] SIDEKIDS> REFUSED: panel 2112 tall exceeds the 1081-px client - not touching it
[934197.985 ms][tid 5ec4] SIDEKIDS> REFUSED: panel 2112 tall exceeds the 1081-px client - not touching it
[934604.741 ms][tid 5ec4] SIDEKIDS> REFUSED: panel 2112 tall exceeds the 1081-px client - not touching it
[935011.666 ms][tid 5ec4] SIDEKIDS> REFUSED: panel 2112 tall exceeds the 1081-px client - not touching it
[935417.601 ms][tid 5ec4] SIDEKIDS> REFUSED: panel 2112 tall exceeds the 1081-px client - not touching it
[935824.123 ms][tid 5ec4] SIDEKIDS> REFUSED: panel 2112 tall exceeds the 1081-px client - not touching it
[936229.872 ms][tid 5ec4] SIDEKIDS> REFUSED: panel 2112 tall exceeds the 1081-px client - not touching it
[936635.984 ms][tid 5ec4] SIDEKIDS> REFUSED: panel 2112 tall exceeds the 1081-px client - not touching it
[937042.245 ms][tid 5ec4] SIDEKIDS> REFUSED: panel 2112 tall exceeds the 1081-px client - not touching it
[937449.353 ms][tid 5ec4] SIDEKIDS> REFUSED: panel 2112 tall exceeds the 1081-px client - not touching it
[937854.958 ms][tid 5ec4] SIDEKIDS> REFUSED: panel 2112 tall exceeds the 1081-px client - not touching it
[938260.914 ms][tid 5ec4] SIDEKIDS> REFUSED: panel 2112 tall exceeds the 1081-px client - not touching it
[938667.987 ms][tid 5ec4] SIDEKIDS> REFUSED: panel 2112 tall exceeds the 1081-px client - not touching it
[939073.188 ms][tid 5ec4] SIDEKIDS> REFUSED: panel 2112 tall exceeds the 1081-px client - not touching it
[939479.638 ms][tid 5ec4] SIDEKIDS> REFUSED: panel 2112 tall exceeds the 1081-px client - not touching it
[939886.043 ms][tid 5ec4] SIDEKIDS> REFUSED: panel 2112 tall exceeds the 1081-px client - not touching it
[940291.976 ms][tid 5ec4] SIDEKIDS> REFUSED: panel 2112 tall exceeds the 1081-px client - not touching it
[940699.119 ms][tid 5ec4] SIDEKIDS> REFUSED: panel 2112 tall exceeds the 1081-px client - not touching it
[941104.498 ms][tid 5ec4] SIDEKIDS> REFUSED: panel 2112 tall exceeds the 1081-px client - not touching it
[941511.260 ms][tid 5ec4] SIDEKIDS> REFUSED: panel 2112 tall exceeds the 1081-px client - not touching it
[941917.132 ms][tid 5ec4] SIDEKIDS> REFUSED: panel 2112 tall exceeds the 1081-px client - not touching it
[942324.501 ms][tid 5ec4] SIDEKIDS> REFUSED: panel 2112 tall exceeds the 1081-px client - not touching it
[942729.555 ms][tid 5ec4] SIDEKIDS> REFUSED: panel 2112 tall exceeds the 1081-px client - not touching it
[943137.220 ms][tid 5ec4] SIDEKIDS> REFUSED: panel 2112 tall exceeds the 1081-px client - not touching it
[943542.356 ms][tid 5ec4] SIDEKIDS> REFUSED: panel 2112 tall exceeds the 1081-px client - not touching it
[943949.279 ms][tid 5ec4] SIDEKIDS> REFUSED: panel 2112 tall exceeds the 1081-px client - not touching it
[944354.827 ms][tid 5ec4] SIDEKIDS> REFUSED: panel 2112 tall exceeds the 1081-px client - not touching it
[944761.184 ms][tid 5ec4] SIDEKIDS> REFUSED: panel 2112 tall exceeds the 1081-px client - not touching it
[945167.232 ms][tid 5ec4] SIDEKIDS> REFUSED: panel 2112 tall exceeds the 1081-px client - not touching it
[945573.267 ms][tid 5ec4] SIDEKIDS> REFUSED: panel 2112 tall exceeds the 1081-px client - not touching it
[945980.792 ms][tid 5ec4] SIDEKIDS> REFUSED: panel 2112 tall exceeds the 1081-px client - not touching it
[946385.568 ms][tid 5ec4] SIDEKIDS> REFUSED: panel 2112 tall exceeds the 1081-px client - not touching it
[946792.312 ms][tid 5ec4] SIDEKIDS> REFUSED: panel 2112 tall exceeds the 1081-px client - not touching it
[947198.399 ms][tid 5ec4] SIDEKIDS> REFUSED: panel 2112 tall exceeds the 1081-px client - not touching it
[947604.468 ms][tid 5ec4] SIDEKIDS> REFUSED: panel 2112 tall exceeds the 1081-px client - not touching it
[948010.450 ms][tid 5ec4] SIDEKIDS> REFUSED: panel 2112 tall exceeds the 1081-px client - not touching it
[948417.577 ms][tid 5ec4] SIDEKIDS> REFUSED: panel 2112 tall exceeds the 1081-px client - not touching it
[948823.144 ms][tid 5ec4] SIDEKIDS> REFUSED: panel 2112 tall exceeds the 1081-px client - not touching it
[949233.154 ms][tid 5ec4] SIDEKIDS> REFUSED: panel 2112 tall exceeds the 1081-px client - not touching it
[949636.131 ms][tid 5ec4] SIDEKIDS> REFUSED: panel 2112 tall exceeds the 1081-px client - not touching it
[950042.325 ms][tid 5ec4] SIDEKIDS> REFUSED: panel 2112 tall exceeds the 1081-px client - not touching it
[950447.896 ms][tid 5ec4] SIDEKIDS> REFUSED: panel 2112 tall exceeds the 1081-px client - not touching it
[950854.921 ms][tid 5ec4] SIDEKIDS> REFUSED: panel 2112 tall exceeds the 1081-px client - not touching it
[951260.860 ms][tid 5ec4] SIDEKIDS> REFUSED: panel 2112 tall exceeds the 1081-px client - not touching it
[951666.903 ms][tid 5ec4] SIDEKIDS> REFUSED: panel 2112 tall exceeds the 1081-px client - not touching it
[952073.321 ms][tid 5ec4] SIDEKIDS> REFUSED: panel 2112 tall exceeds the 1081-px client - not touching it
[952480.512 ms][tid 5ec4] SIDEKIDS> REFUSED: panel 2112 tall exceeds the 1081-px client - not touching it
[952886.112 ms][tid 5ec4] SIDEKIDS> REFUSED: panel 2112 tall exceeds the 1081-px client - not touching it
[953291.976 ms][tid 5ec4] SIDEKIDS> REFUSED: panel 2112 tall exceeds the 1081-px client - not touching it
[953699.825 ms][tid 5ec4] SIDEKIDS> REFUSED: panel 2112 tall exceeds the 1081-px client - not touching it
[954104.890 ms][tid 5ec4] SIDEKIDS> REFUSED: panel 2112 tall exceeds the 1081-px client - not touching it
[954510.356 ms][tid 5ec4] SIDEKIDS> REFUSED: panel 2112 tall exceeds the 1081-px client - not touching it
[954918.035 ms][tid 5ec4] SIDEKIDS> REFUSED: panel 2112 tall exceeds the 1081-px client - not touching it
[955323.600 ms][tid 5ec4] SIDEKIDS> REFUSED: panel 2112 tall exceeds the 1081-px client - not touching it
[955729.945 ms][tid 5ec4] SIDEKIDS> REFUSED: panel 2112 tall exceeds the 1081-px client - not touching it
[956137.131 ms][tid 5ec4] SIDEKIDS> REFUSED: panel 2112 tall exceeds the 1081-px client - not touching it
[956542.150 ms][tid 5ec4] SIDEKIDS> REFUSED: panel 2112 tall exceeds the 1081-px client - not touching it
[956949.158 ms][tid 5ec4] SIDEKIDS> REFUSED: panel 2112 tall exceeds the 1081-px client - not touching it
[957354.974 ms][tid 5ec4] SIDEKIDS> REFUSED: panel 2112 tall exceeds the 1081-px client - not touching it
[957761.284 ms][tid 5ec4] SIDEKIDS> REFUSED: panel 2112 tall exceeds the 1081-px client - not touching it
[958168.803 ms][tid 5ec4] SIDEKIDS> REFUSED: panel 2112 tall exceeds the 1081-px client - not touching it
[958573.627 ms][tid 5ec4] SIDEKIDS> REFUSED: panel 2112 tall exceeds the 1081-px client - not touching it
[958979.050 ms][tid 5ec4] SIDEKIDS> REFUSED: panel 2112 tall exceeds the 1081-px client - not touching it
[959386.198 ms][tid 5ec4] SIDEKIDS> REFUSED: panel 2112 tall exceeds the 1081-px client - not touching it
[959792.298 ms][tid 5ec4] SIDEKIDS> REFUSED: panel 2112 tall exceeds the 1081-px client - not touching it
[960198.578 ms][tid 5ec4] SIDEKIDS> REFUSED: panel 2112 tall exceeds the 1081-px client - not touching it
[960606.005 ms][tid 5ec4] SIDEKIDS> REFUSED: panel 2112 tall exceeds the 1081-px client - not touching it
[961011.056 ms][tid 5ec4] SIDEKIDS> REFUSED: panel 2112 tall exceeds the 1081-px client - not touching it
[961417.676 ms][tid 5ec4] SIDEKIDS> REFUSED: panel 2112 tall exceeds the 1081-px client - not touching it
[961824.193 ms][tid 5ec4] SIDEKIDS> REFUSED: panel 2112 tall exceeds the 1081-px client - not touching it
[962230.199 ms][tid 5ec4] SIDEKIDS> REFUSED: panel 2112 tall exceeds the 1081-px client - not touching it
[962635.789 ms][tid 5ec4] SIDEKIDS> REFUSED: panel 2112 tall exceeds the 1081-px client - not touching it
[963041.855 ms][tid 5ec4] SIDEKIDS> REFUSED: panel 2112 tall exceeds the 1081-px client - not touching it
[963448.937 ms][tid 5ec4] SIDEKIDS> REFUSED: panel 2112 tall exceeds the 1081-px client - not touching it
[963854.776 ms][tid 5ec4] SIDEKIDS> REFUSED: panel 2112 tall exceeds the 1081-px client - not touching it
[964262.224 ms][tid 5ec4] SIDEKIDS> REFUSED: panel 2112 tall exceeds the 1081-px client - not touching it
[964668.909 ms][tid 5ec4] SIDEKIDS> REFUSED: panel 2112 tall exceeds the 1081-px client - not touching it
[965073.380 ms][tid 5ec4] SIDEKIDS> REFUSED: panel 2112 tall exceeds the 1081-px client - not touching it
[965480.397 ms][tid 5ec4] SIDEKIDS> REFUSED: panel 2112 tall exceeds the 1081-px client - not touching it
[965886.864 ms][tid 5ec4] SIDEKIDS> REFUSED: panel 2112 tall exceeds the 1081-px client - not touching it
[966293.860 ms][tid 5ec4] SIDEKIDS> REFUSED: panel 2112 tall exceeds the 1081-px client - not touching it
[966698.392 ms][tid 5ec4] SIDEKIDS> REFUSED: panel 2112 tall exceeds the 1081-px client - not touching it
[967104.921 ms][tid 5ec4] SIDEKIDS> REFUSED: panel 2112 tall exceeds the 1081-px client - not touching it
[967510.983 ms][tid 5ec4] SIDEKIDS> REFUSED: panel 2112 tall exceeds the 1081-px client - not touching it
[967917.216 ms][tid 5ec4] SIDEKIDS> REFUSED: panel 2112 tall exceeds the 1081-px client - not touching it
[968324.005 ms][tid 5ec4] SIDEKIDS> REFUSED: panel 2112 tall exceeds the 1081-px client - not touching it
[968730.130 ms][tid 5ec4] SIDEKIDS> REFUSED: panel 2112 tall exceeds the 1081-px client - not touching it
[969135.844 ms][tid 5ec4] SIDEKIDS> REFUSED: panel 2112 tall exceeds the 1081-px client - not touching it
[969542.789 ms][tid 5ec4] SIDEKIDS> REFUSED: panel 2112 tall exceeds the 1081-px client - not touching it
[969949.352 ms][tid 5ec4] SIDEKIDS> REFUSED: panel 2112 tall exceeds the 1081-px client - not touching it
[970355.484 ms][tid 5ec4] SIDEKIDS> REFUSED: panel 2112 tall exceeds the 1081-px client - not touching it
[970760.809 ms][tid 5ec4] SIDEKIDS> REFUSED: panel 2112 tall exceeds the 1081-px client - not touching it
[971166.571 ms][tid 5ec4] SIDEKIDS> REFUSED: panel 2112 tall exceeds the 1081-px client - not touching it
[971573.484 ms][tid 5ec4] SIDEKIDS> REFUSED: panel 2112 tall exceeds the 1081-px client - not touching it
[971981.713 ms][tid 5ec4] SIDEKIDS> REFUSED: panel 2112 tall exceeds the 1081-px client - not touching it
[972386.601 ms][tid 5ec4] SIDEKIDS> REFUSED: panel 2112 tall exceeds the 1081-px client - not touching it
[972792.285 ms][tid 5ec4] SIDEKIDS> REFUSED: panel 2112 tall exceeds the 1081-px client - not touching it
[973198.348 ms][tid 5ec4] SIDEKIDS> REFUSED: panel 2112 tall exceeds the 1081-px client - not touching it
[973604.338 ms][tid 5ec4] SIDEKIDS> REFUSED: panel 2112 tall exceeds the 1081-px client - not touching it
[974011.123 ms][tid 5ec4] SIDEKIDS> REFUSED: panel 2112 tall exceeds the 1081-px client - not touching it
[974417.738 ms][tid 5ec4] SIDEKIDS> REFUSED: panel 2112 tall exceeds the 1081-px client - not touching it
[974822.894 ms][tid 5ec4] SIDEKIDS> REFUSED: panel 2112 tall exceeds the 1081-px client - not touching it
[975230.902 ms][tid 5ec4] SIDEKIDS> REFUSED: panel 2112 tall exceeds the 1081-px client - not touching it
[975637.319 ms][tid 5ec4] SIDEKIDS> REFUSED: panel 2112 tall exceeds the 1081-px client - not touching it
[976041.693 ms][tid 5ec4] SIDEKIDS> REFUSED: panel 2112 tall exceeds the 1081-px client - not touching it
[976448.531 ms][tid 5ec4] SIDEKIDS> REFUSED: panel 2112 tall exceeds the 1081-px client - not touching it
[976854.902 ms][tid 5ec4] SIDEKIDS> REFUSED: panel 2112 tall exceeds the 1081-px client - not touching it
[977265.218 ms][tid 5ec4] SIDEKIDS> REFUSED: panel 2112 tall exceeds the 1081-px client - not touching it
[977667.424 ms][tid 5ec4] SIDEKIDS> REFUSED: panel 2112 tall exceeds the 1081-px client - not touching it
[978074.853 ms][tid 5ec4] SIDEKIDS> REFUSED: panel 2112 tall exceeds the 1081-px client - not touching it
[978479.809 ms][tid 5ec4] SIDEKIDS> REFUSED: panel 2112 tall exceeds the 1081-px client - not touching it
[978886.736 ms][tid 5ec4] SIDEKIDS> REFUSED: panel 2112 tall exceeds the 1081-px client - not touching it
[979292.519 ms][tid 5ec4] SIDEKIDS> REFUSED: panel 2112 tall exceeds the 1081-px client - not touching it
[979699.527 ms][tid 5ec4] SIDEKIDS> REFUSED: panel 2112 tall exceeds the 1081-px client - not touching it
[980104.693 ms][tid 5ec4] SIDEKIDS> REFUSED: panel 2112 tall exceeds the 1081-px client - not touching it
[980511.583 ms][tid 5ec4] SIDEKIDS> REFUSED: panel 2112 tall exceeds the 1081-px client - not touching it
[980917.265 ms][tid 5ec4] SIDEKIDS> REFUSED: panel 2112 tall exceeds the 1081-px client - not touching it
[981323.545 ms][tid 5ec4] SIDEKIDS> REFUSED: panel 2112 tall exceeds the 1081-px client - not touching it
[981729.595 ms][tid 5ec4] SIDEKIDS> REFUSED: panel 2112 tall exceeds the 1081-px client - not touching it
[982135.654 ms][tid 5ec4] SIDEKIDS> REFUSED: panel 2112 tall exceeds the 1081-px client - not touching it
[982541.965 ms][tid 5ec4] SIDEKIDS> REFUSED: panel 2112 tall exceeds the 1081-px client - not touching it
[982948.389 ms][tid 5ec4] SIDEKIDS> REFUSED: panel 2112 tall exceeds the 1081-px client - not touching it
[983354.132 ms][tid 5ec4] SIDEKIDS> REFUSED: panel 2112 tall exceeds the 1081-px client - not touching it
[983760.672 ms][tid 5ec4] SIDEKIDS> REFUSED: panel 2112 tall exceeds the 1081-px client - not touching it
[984167.020 ms][tid 5ec4] SIDEKIDS> REFUSED: panel 2112 tall exceeds the 1081-px client - not touching it
[984574.765 ms][tid 5ec4] SIDEKIDS> REFUSED: panel 2112 tall exceeds the 1081-px client - not touching it
[984981.844 ms][tid 5ec4] SIDEKIDS> REFUSED: panel 2112 tall exceeds the 1081-px client - not touching it
[985394.037 ms][tid 5ec4] SIDEKIDS> REFUSED: panel 2112 tall exceeds the 1081-px client - not touching it
[985793.113 ms][tid 5ec4] SIDEKIDS> REFUSED: panel 2112 tall exceeds the 1081-px client - not touching it
[986201.290 ms][tid 5ec4] SIDEKIDS> REFUSED: panel 2112 tall exceeds the 1081-px client - not touching it
[986604.890 ms][tid 5ec4] SIDEKIDS> REFUSED: panel 2112 tall exceeds the 1081-px client - not touching it
[987018.647 ms][tid 5ec4] SIDEKIDS> REFUSED: panel 2112 tall exceeds the 1081-px client - not touching it
[987416.939 ms][tid 5ec4] SIDEKIDS> REFUSED: panel 2112 tall exceeds the 1081-px client - not touching it
[987823.766 ms][tid 5ec4] SIDEKIDS> REFUSED: panel 2112 tall exceeds the 1081-px client - not touching it
[988230.009 ms][tid 5ec4] SIDEKIDS> REFUSED: panel 2112 tall exceeds the 1081-px client - not touching it
[988635.902 ms][tid 5ec4] SIDEKIDS> REFUSED: panel 2112 tall exceeds the 1081-px client - not touching it
[989042.602 ms][tid 5ec4] SIDEKIDS> REFUSED: panel 2112 tall exceeds the 1081-px client - not touching it
[989449.310 ms][tid 5ec4] SIDEKIDS> REFUSED: panel 2112 tall exceeds the 1081-px client - not touching it
[989854.168 ms][tid 5ec4] SIDEKIDS> REFUSED: panel 2112 tall exceeds the 1081-px client - not touching it
[990261.312 ms][tid 5ec4] SIDEKIDS> REFUSED: panel 2112 tall exceeds the 1081-px client - not touching it
[990667.427 ms][tid 5ec4] SIDEKIDS> REFUSED: panel 2112 tall exceeds the 1081-px client - not touching it
[991074.549 ms][tid 5ec4] SIDEKIDS> REFUSED: panel 2112 tall exceeds the 1081-px client - not touching it
[991487.417 ms][tid 5ec4] SIDEKIDS> REFUSED: panel 2112 tall exceeds the 1081-px client - not touching it
[991887.283 ms][tid 5ec4] SIDEKIDS> REFUSED: panel 2112 tall exceeds the 1081-px client - not touching it
[992293.787 ms][tid 5ec4] SIDEKIDS> REFUSED: panel 2112 tall exceeds the 1081-px client - not touching it
[999225.382 ms][tid 5ec4] SIDEKIDS> REFUSED: panel 2112 tall exceeds the 1081-px client - not touching it
[1013838.991 ms][tid 5ec4] RZ   STOREDRECT win=0x00CDAFF8 rect BEFORE {0,0,2048,1081} = 2048x1081
[1013839.073 ms][tid 5ec4] RZ   STOREDRECT rect AFTER  {0,0,2048,1081} = 2048x1081 - right/bottom updated
[1013839.101 ms][tid 5ec4] RZ   WM_SIZE 2048x1081 - poll will pick it up on the next frame
[1023355.807 ms][tid 5ec4] RZ   STOREDRECT win=0x00CDAFF8 rect BEFORE {0,0,2048,1081} = 2048x1081
[1023355.891 ms][tid 5ec4] RZ   STOREDRECT rect AFTER  {0,0,2048,1081} = 2048x1081 - right/bottom updated
[1023355.941 ms][tid 5ec4] RZ   WM_SIZE 2048x1081 - poll will pick it up on the next frame
[1023539.824 ms][tid 5ec4] RZ   STOREDRECT win=0x00CDAFF8 rect BEFORE {0,0,2048,1081} = 2048x1081
[1023540.005 ms][tid 5ec4] RZ   STOREDRECT rect AFTER  {0,0,2048,1081} = 2048x1081 - right/bottom updated
[1023540.055 ms][tid 5ec4] RZ   WM_SIZE 2048x1081 - poll will pick it up on the next frame
[1023566.236 ms][tid 5ec4] SIDEKIDS> REFUSED: panel 2112 tall exceeds the 1081-px client - not touching it
[1023964.545 ms][tid 5ec4] SIDEKIDS> REFUSED: panel 2112 tall exceeds the 1081-px client - not touching it
[1024370.749 ms][tid 5ec4] SIDEKIDS> REFUSED: panel 2112 tall exceeds the 1081-px client - not touching it
[1024776.704 ms][tid 5ec4] SIDEKIDS> REFUSED: panel 2112 tall exceeds the 1081-px client - not touching it
[1025183.634 ms][tid 5ec4] SIDEKIDS> REFUSED: panel 2112 tall exceeds the 1081-px client - not touching it
[1025589.764 ms][tid 5ec4] SIDEKIDS> REFUSED: panel 2112 tall exceeds the 1081-px client - not touching it
[1025996.672 ms][tid 5ec4] SIDEKIDS> REFUSED: panel 2112 tall exceeds the 1081-px client - not touching it
[1026403.693 ms][tid 5ec4] SIDEKIDS> REFUSED: panel 2112 tall exceeds the 1081-px client - not touching it
[1026808.092 ms][tid 5ec4] SIDEKIDS> REFUSED: panel 2112 tall exceeds the 1081-px client - not touching it
[1027214.041 ms][tid 5ec4] SIDEKIDS> REFUSED: panel 2112 tall exceeds the 1081-px client - not touching it
[1027623.297 ms][tid 5ec4] SIDEKIDS> REFUSED: panel 2112 tall exceeds the 1081-px client - not touching it
[1028027.616 ms][tid 5ec4] SIDEKIDS> REFUSED: panel 2112 tall exceeds the 1081-px client - not touching it
[1029987.235 ms][tid 5ec4] SIDEKIDS> REFUSED: panel 2112 tall exceeds the 1081-px client - not touching it
[1030386.798 ms][tid 5ec4] SIDEKIDS> REFUSED: panel 2112 tall exceeds the 1081-px client - not touching it
[1030791.576 ms][tid 5ec4] SIDEKIDS> REFUSED: panel 2112 tall exceeds the 1081-px client - not touching it
[1031201.006 ms][tid 5ec4] SIDEKIDS> REFUSED: panel 2112 tall exceeds the 1081-px client - not touching it
[1031605.890 ms][tid 5ec4] SIDEKIDS> REFUSED: panel 2112 tall exceeds the 1081-px client - not touching it
[1032010.992 ms][tid 5ec4] SIDEKIDS> REFUSED: panel 2112 tall exceeds the 1081-px client - not touching it
[1032417.804 ms][tid 5ec4] SIDEKIDS> REFUSED: panel 2112 tall exceeds the 1081-px client - not touching it
[1032825.130 ms][tid 5ec4] SIDEKIDS> REFUSED: panel 2112 tall exceeds the 1081-px client - not touching it
[1033230.255 ms][tid 5ec4] SIDEKIDS> REFUSED: panel 2112 tall exceeds the 1081-px client - not touching it
[1038776.717 ms][tid 5ec4] SIDEKIDS> REFUSED: panel 2112 tall exceeds the 1081-px client - not touching it
[1043539.199 ms][tid 5ec4] SIDEKIDS> REFUSED: panel 2112 tall exceeds the 1081-px client - not touching it
[1043951.605 ms][tid 5ec4] SIDEKIDS> REFUSED: panel 2112 tall exceeds the 1081-px client - not touching it
[1044375.035 ms][tid 5ec4] SIDEKIDS> REFUSED: panel 2112 tall exceeds the 1081-px client - not touching it
[1053027.683 ms][tid 5ec4] SIDEKIDS> REFUSED: panel 2112 tall exceeds the 1081-px client - not touching it
[1063743.866 ms][tid 5ec4] RZ   STOREDRECT win=0x00CDAFF8 rect BEFORE {0,0,2048,1081} = 2048x1081
[1063743.985 ms][tid 5ec4] RZ   STOREDRECT rect AFTER  {0,0,2048,1081} = 2048x1081 - right/bottom updated
[1063744.062 ms][tid 5ec4] RZ   WM_SIZE 2048x1081 - poll will pick it up on the next frame
[1063794.170 ms][tid 5ec4] SIDEKIDS> REFUSED: panel 2112 tall exceeds the 1081-px client - not touching it
[1064259.813 ms][tid 5ec4] SIDEKIDS> REFUSED: panel 2112 tall exceeds the 1081-px client - not touching it
[1070839.700 ms][tid 5ec4] SIDEKIDS> REFUSED: panel 2112 tall exceeds the 1081-px client - not touching it
[1104088.529 ms][tid 5ec4] RZ   STOREDRECT win=0x00CDAFF8 rect BEFORE {0,0,2048,1081} = 2048x1081
[1104088.618 ms][tid 5ec4] RZ   STOREDRECT rect AFTER  {0,0,2048,1081} = 2048x1081 - right/bottom updated
[1104088.648 ms][tid 5ec4] RZ   WM_SIZE 2048x1081 - poll will pick it up on the next frame
[1106746.382 ms][tid 5ec4] RZ   STOREDRECT win=0x00CDAFF8 rect BEFORE {0,0,2048,1081} = 2048x1081
[1106746.458 ms][tid 5ec4] RZ   STOREDRECT rect AFTER  {0,0,2048,1081} = 2048x1081 - right/bottom updated
[1106746.488 ms][tid 5ec4] RZ   WM_SIZE 2048x1081 - poll will pick it up on the next frame
[1106764.764 ms][tid 5ec4] RZ   STOREDRECT win=0x00CDAFF8 rect BEFORE {0,0,2048,1081} = 2048x1081
[1106764.845 ms][tid 5ec4] RZ   STOREDRECT rect AFTER  {0,0,2048,1081} = 2048x1081 - right/bottom updated
[1106764.883 ms][tid 5ec4] RZ   WM_SIZE 2048x1081 - poll will pick it up on the next frame
[1106770.232 ms][tid 5ec4] SIDEKIDS> REFUSED: panel 2112 tall exceeds the 1081-px client - not touching it
[1107311.239 ms][tid 5ec4] SIDEKIDS> REFUSED: panel 2112 tall exceeds the 1081-px client - not touching it
[1107718.663 ms][tid 5ec4] SIDEKIDS> REFUSED: panel 2112 tall exceeds the 1081-px client - not touching it
[1108526.128 ms][tid 5ec4] SIDEKIDS> REFUSED: panel 2112 tall exceeds the 1081-px client - not touching it
[1108931.024 ms][tid 5ec4] SIDEKIDS> REFUSED: panel 2112 tall exceeds the 1081-px client - not touching it
[1109326.437 ms][tid 5ec4] SIDEKIDS> REFUSED: panel 2112 tall exceeds the 1081-px client - not touching it
[1109730.417 ms][tid 5ec4] SIDEKIDS> REFUSED: panel 2112 tall exceeds the 1081-px client - not touching it
[1110508.629 ms][tid 5ec4] SIDEKIDS> REFUSED: panel 2112 tall exceeds the 1081-px client - not touching it
[1110904.091 ms][tid 5ec4] SIDEKIDS> REFUSED: panel 2112 tall exceeds the 1081-px client - not touching it
[1111314.102 ms][tid 5ec4] SIDEKIDS> REFUSED: panel 2112 tall exceeds the 1081-px client - not touching it
[1111716.641 ms][tid 5ec4] SIDEKIDS> REFUSED: panel 2112 tall exceeds the 1081-px client - not touching it
[1112122.269 ms][tid 5ec4] SIDEKIDS> REFUSED: panel 2112 tall exceeds the 1081-px client - not touching it
[1112527.847 ms][tid 5ec4] SIDEKIDS> REFUSED: panel 2112 tall exceeds the 1081-px client - not touching it
[1112935.331 ms][tid 5ec4] SIDEKIDS> REFUSED: panel 2112 tall exceeds the 1081-px client - not touching it
[1113364.951 ms][tid 5ec4] SIDEKIDS> REFUSED: panel 2112 tall exceeds the 1081-px client - not touching it
[1113760.996 ms][tid 5ec4] SIDEKIDS> REFUSED: panel 2112 tall exceeds the 1081-px client - not touching it
[1114191.929 ms][tid 5ec4] SIDEKIDS> REFUSED: panel 2112 tall exceeds the 1081-px client - not touching it
[1114589.507 ms][tid 5ec4] SIDEKIDS> REFUSED: panel 2112 tall exceeds the 1081-px client - not touching it
[1115191.402 ms][tid 5ec4] SIDEKIDS> REFUSED: panel 2112 tall exceeds the 1081-px client - not touching it
[1115604.253 ms][tid 5ec4] SIDEKIDS> REFUSED: panel 2112 tall exceeds the 1081-px client - not touching it
[1116010.413 ms][tid 5ec4] SIDEKIDS> REFUSED: panel 2112 tall exceeds the 1081-px client - not touching it
[1116419.921 ms][tid 5ec4] SIDEKIDS> REFUSED: panel 2112 tall exceeds the 1081-px client - not touching it
[1116824.941 ms][tid 5ec4] SIDEKIDS> REFUSED: panel 2112 tall exceeds the 1081-px client - not touching it
[1117230.518 ms][tid 5ec4] SIDEKIDS> REFUSED: panel 2112 tall exceeds the 1081-px client - not touching it
[1117636.253 ms][tid 5ec4] SIDEKIDS> REFUSED: panel 2112 tall exceeds the 1081-px client - not touching it
[1118043.127 ms][tid 5ec4] SIDEKIDS> REFUSED: panel 2112 tall exceeds the 1081-px client - not touching it
[1118448.243 ms][tid 5ec4] SIDEKIDS> REFUSED: panel 2112 tall exceeds the 1081-px client - not touching it
[1118854.563 ms][tid 5ec4] SIDEKIDS> REFUSED: panel 2112 tall exceeds the 1081-px client - not touching it
[1119260.691 ms][tid 5ec4] SIDEKIDS> REFUSED: panel 2112 tall exceeds the 1081-px client - not touching it
[1119667.151 ms][tid 5ec4] SIDEKIDS> REFUSED: panel 2112 tall exceeds the 1081-px client - not touching it
[1120074.044 ms][tid 5ec4] SIDEKIDS> REFUSED: panel 2112 tall exceeds the 1081-px client - not touching it
[1120480.089 ms][tid 5ec4] SIDEKIDS> REFUSED: panel 2112 tall exceeds the 1081-px client - not touching it
[1120886.493 ms][tid 5ec4] SIDEKIDS> REFUSED: panel 2112 tall exceeds the 1081-px client - not touching it
[1121291.922 ms][tid 5ec4] SIDEKIDS> REFUSED: panel 2112 tall exceeds the 1081-px client - not touching it
[1121698.099 ms][tid 5ec4] SIDEKIDS> REFUSED: panel 2112 tall exceeds the 1081-px client - not touching it
[1122104.560 ms][tid 5ec4] SIDEKIDS> REFUSED: panel 2112 tall exceeds the 1081-px client - not touching it
[1122511.194 ms][tid 5ec4] SIDEKIDS> REFUSED: panel 2112 tall exceeds the 1081-px client - not touching it
[1122918.398 ms][tid 5ec4] SIDEKIDS> REFUSED: panel 2112 tall exceeds the 1081-px client - not touching it
[1123324.316 ms][tid 5ec4] SIDEKIDS> REFUSED: panel 2112 tall exceeds the 1081-px client - not touching it
[1123729.390 ms][tid 5ec4] SIDEKIDS> REFUSED: panel 2112 tall exceeds the 1081-px client - not touching it
[1124136.952 ms][tid 5ec4] SIDEKIDS> REFUSED: panel 2112 tall exceeds the 1081-px client - not touching it
[1124541.971 ms][tid 5ec4] SIDEKIDS> REFUSED: panel 2112 tall exceeds the 1081-px client - not touching it
[1124948.844 ms][tid 5ec4] SIDEKIDS> REFUSED: panel 2112 tall exceeds the 1081-px client - not touching it
[1125355.359 ms][tid 5ec4] SIDEKIDS> REFUSED: panel 2112 tall exceeds the 1081-px client - not touching it
[1125761.035 ms][tid 5ec4] SIDEKIDS> REFUSED: panel 2112 tall exceeds the 1081-px client - not touching it
[1126166.898 ms][tid 5ec4] SIDEKIDS> REFUSED: panel 2112 tall exceeds the 1081-px client - not touching it
[1126573.904 ms][tid 5ec4] SIDEKIDS> REFUSED: panel 2112 tall exceeds the 1081-px client - not touching it
[1126980.160 ms][tid 5ec4] SIDEKIDS> REFUSED: panel 2112 tall exceeds the 1081-px client - not touching it
[1127386.968 ms][tid 5ec4] SIDEKIDS> REFUSED: panel 2112 tall exceeds the 1081-px client - not touching it
[1127793.114 ms][tid 5ec4] SIDEKIDS> REFUSED: panel 2112 tall exceeds the 1081-px client - not touching it
[1128198.504 ms][tid 5ec4] SIDEKIDS> REFUSED: panel 2112 tall exceeds the 1081-px client - not touching it
[1128605.398 ms][tid 5ec4] SIDEKIDS> REFUSED: panel 2112 tall exceeds the 1081-px client - not touching it
[1129010.432 ms][tid 5ec4] SIDEKIDS> REFUSED: panel 2112 tall exceeds the 1081-px client - not touching it
[1129417.760 ms][tid 5ec4] SIDEKIDS> REFUSED: panel 2112 tall exceeds the 1081-px client - not touching it
[1129823.306 ms][tid 5ec4] SIDEKIDS> REFUSED: panel 2112 tall exceeds the 1081-px client - not touching it
[1130230.144 ms][tid 5ec4] SIDEKIDS> REFUSED: panel 2112 tall exceeds the 1081-px client - not touching it
[1130636.925 ms][tid 5ec4] SIDEKIDS> REFUSED: panel 2112 tall exceeds the 1081-px client - not touching it
[1131042.404 ms][tid 5ec4] SIDEKIDS> REFUSED: panel 2112 tall exceeds the 1081-px client - not touching it
[1131448.623 ms][tid 5ec4] SIDEKIDS> REFUSED: panel 2112 tall exceeds the 1081-px client - not touching it
[1131854.455 ms][tid 5ec4] SIDEKIDS> REFUSED: panel 2112 tall exceeds the 1081-px client - not touching it
[1132261.258 ms][tid 5ec4] SIDEKIDS> REFUSED: panel 2112 tall exceeds the 1081-px client - not touching it
[1132667.722 ms][tid 5ec4] SIDEKIDS> REFUSED: panel 2112 tall exceeds the 1081-px client - not touching it
[1133074.297 ms][tid 5ec4] SIDEKIDS> REFUSED: panel 2112 tall exceeds the 1081-px client - not touching it
[1133479.267 ms][tid 5ec4] SIDEKIDS> REFUSED: panel 2112 tall exceeds the 1081-px client - not touching it
[1133888.346 ms][tid 5ec4] SIDEKIDS> REFUSED: panel 2112 tall exceeds the 1081-px client - not touching it
[1134292.963 ms][tid 5ec4] SIDEKIDS> REFUSED: panel 2112 tall exceeds the 1081-px client - not touching it
[1134698.184 ms][tid 5ec4] SIDEKIDS> REFUSED: panel 2112 tall exceeds the 1081-px client - not touching it
[1135104.828 ms][tid 5ec4] SIDEKIDS> REFUSED: panel 2112 tall exceeds the 1081-px client - not touching it
[1135511.237 ms][tid 5ec4] SIDEKIDS> REFUSED: panel 2112 tall exceeds the 1081-px client - not touching it
[1135918.120 ms][tid 5ec4] SIDEKIDS> REFUSED: panel 2112 tall exceeds the 1081-px client - not touching it
[1136325.821 ms][tid 5ec4] SIDEKIDS> REFUSED: panel 2112 tall exceeds the 1081-px client - not touching it
[1136731.825 ms][tid 5ec4] SIDEKIDS> REFUSED: panel 2112 tall exceeds the 1081-px client - not touching it
[1137136.319 ms][tid 5ec4] SIDEKIDS> REFUSED: panel 2112 tall exceeds the 1081-px client - not touching it
[1137542.534 ms][tid 5ec4] SIDEKIDS> REFUSED: panel 2112 tall exceeds the 1081-px client - not touching it
[1137948.632 ms][tid 5ec4] SIDEKIDS> REFUSED: panel 2112 tall exceeds the 1081-px client - not touching it
[1138355.020 ms][tid 5ec4] SIDEKIDS> REFUSED: panel 2112 tall exceeds the 1081-px client - not touching it
[1138761.729 ms][tid 5ec4] SIDEKIDS> REFUSED: panel 2112 tall exceeds the 1081-px client - not touching it
[1139167.200 ms][tid 5ec4] SIDEKIDS> REFUSED: panel 2112 tall exceeds the 1081-px client - not touching it
[1139573.133 ms][tid 5ec4] SIDEKIDS> REFUSED: panel 2112 tall exceeds the 1081-px client - not touching it
[1139979.660 ms][tid 5ec4] SIDEKIDS> REFUSED: panel 2112 tall exceeds the 1081-px client - not touching it
[1140385.573 ms][tid 5ec4] SIDEKIDS> REFUSED: panel 2112 tall exceeds the 1081-px client - not touching it
[1140792.566 ms][tid 5ec4] SIDEKIDS> REFUSED: panel 2112 tall exceeds the 1081-px client - not touching it
[1141199.106 ms][tid 5ec4] SIDEKIDS> REFUSED: panel 2112 tall exceeds the 1081-px client - not touching it
[1141604.855 ms][tid 5ec4] SIDEKIDS> REFUSED: panel 2112 tall exceeds the 1081-px client - not touching it
[1142011.072 ms][tid 5ec4] SIDEKIDS> REFUSED: panel 2112 tall exceeds the 1081-px client - not touching it
[1142418.002 ms][tid 5ec4] SIDEKIDS> REFUSED: panel 2112 tall exceeds the 1081-px client - not touching it
[1142823.366 ms][tid 5ec4] SIDEKIDS> REFUSED: panel 2112 tall exceeds the 1081-px client - not touching it
[1143229.490 ms][tid 5ec4] SIDEKIDS> REFUSED: panel 2112 tall exceeds the 1081-px client - not touching it
[1143636.689 ms][tid 5ec4] SIDEKIDS> REFUSED: panel 2112 tall exceeds the 1081-px client - not touching it
[1144042.573 ms][tid 5ec4] SIDEKIDS> REFUSED: panel 2112 tall exceeds the 1081-px client - not touching it
[1144450.471 ms][tid 5ec4] SIDEKIDS> REFUSED: panel 2112 tall exceeds the 1081-px client - not touching it
[1144855.103 ms][tid 5ec4] SIDEKIDS> REFUSED: panel 2112 tall exceeds the 1081-px client - not touching it
[1145262.047 ms][tid 5ec4] SIDEKIDS> REFUSED: panel 2112 tall exceeds the 1081-px client - not touching it
[1145667.787 ms][tid 5ec4] SIDEKIDS> REFUSED: panel 2112 tall exceeds the 1081-px client - not touching it
[1146079.820 ms][tid 5ec4] SIDEKIDS> REFUSED: panel 2112 tall exceeds the 1081-px client - not touching it
[1146481.526 ms][tid 5ec4] SIDEKIDS> REFUSED: panel 2112 tall exceeds the 1081-px client - not touching it
[1146886.519 ms][tid 5ec4] SIDEKIDS> REFUSED: panel 2112 tall exceeds the 1081-px client - not touching it
[1147293.912 ms][tid 5ec4] SIDEKIDS> REFUSED: panel 2112 tall exceeds the 1081-px client - not touching it
[1147699.723 ms][tid 5ec4] SIDEKIDS> REFUSED: panel 2112 tall exceeds the 1081-px client - not touching it
[1148105.722 ms][tid 5ec4] SIDEKIDS> REFUSED: panel 2112 tall exceeds the 1081-px client - not touching it
[1148512.168 ms][tid 5ec4] SIDEKIDS> REFUSED: panel 2112 tall exceeds the 1081-px client - not touching it
[1148916.971 ms][tid 5ec4] SIDEKIDS> REFUSED: panel 2112 tall exceeds the 1081-px client - not touching it
[1149323.495 ms][tid 5ec4] SIDEKIDS> REFUSED: panel 2112 tall exceeds the 1081-px client - not touching it
[1149729.128 ms][tid 5ec4] SIDEKIDS> REFUSED: panel 2112 tall exceeds the 1081-px client - not touching it
[1150145.231 ms][tid 5ec4] SIDEKIDS> REFUSED: panel 2112 tall exceeds the 1081-px client - not touching it
[1150542.055 ms][tid 5ec4] SIDEKIDS> REFUSED: panel 2112 tall exceeds the 1081-px client - not touching it
[1150949.779 ms][tid 5ec4] SIDEKIDS> REFUSED: panel 2112 tall exceeds the 1081-px client - not touching it
[1151355.597 ms][tid 5ec4] SIDEKIDS> REFUSED: panel 2112 tall exceeds the 1081-px client - not touching it
[1151772.759 ms][tid 5ec4] SIDEKIDS> REFUSED: panel 2112 tall exceeds the 1081-px client - not touching it
[1152166.852 ms][tid 5ec4] SIDEKIDS> REFUSED: panel 2112 tall exceeds the 1081-px client - not touching it
[1152573.451 ms][tid 5ec4] SIDEKIDS> REFUSED: panel 2112 tall exceeds the 1081-px client - not touching it
[1152980.909 ms][tid 5ec4] SIDEKIDS> REFUSED: panel 2112 tall exceeds the 1081-px client - not touching it
[1153391.926 ms][tid 5ec4] SIDEKIDS> REFUSED: panel 2112 tall exceeds the 1081-px client - not touching it
[1153793.416 ms][tid 5ec4] SIDEKIDS> REFUSED: panel 2112 tall exceeds the 1081-px client - not touching it
[1154198.329 ms][tid 5ec4] SIDEKIDS> REFUSED: panel 2112 tall exceeds the 1081-px client - not touching it
[1154605.512 ms][tid 5ec4] SIDEKIDS> REFUSED: panel 2112 tall exceeds the 1081-px client - not touching it
[1155010.719 ms][tid 5ec4] SIDEKIDS> REFUSED: panel 2112 tall exceeds the 1081-px client - not touching it
[1155417.013 ms][tid 5ec4] SIDEKIDS> REFUSED: panel 2112 tall exceeds the 1081-px client - not touching it
[1155823.508 ms][tid 5ec4] SIDEKIDS> REFUSED: panel 2112 tall exceeds the 1081-px client - not touching it
[1156231.163 ms][tid 5ec4] SIDEKIDS> REFUSED: panel 2112 tall exceeds the 1081-px client - not touching it
[1156636.655 ms][tid 5ec4] SIDEKIDS> REFUSED: panel 2112 tall exceeds the 1081-px client - not touching it
[1157042.518 ms][tid 5ec4] SIDEKIDS> REFUSED: panel 2112 tall exceeds the 1081-px client - not touching it
[1157449.069 ms][tid 5ec4] SIDEKIDS> REFUSED: panel 2112 tall exceeds the 1081-px client - not touching it
[1157856.354 ms][tid 5ec4] SIDEKIDS> REFUSED: panel 2112 tall exceeds the 1081-px client - not touching it
[1158262.193 ms][tid 5ec4] SIDEKIDS> REFUSED: panel 2112 tall exceeds the 1081-px client - not touching it
[1158669.148 ms][tid 5ec4] SIDEKIDS> REFUSED: panel 2112 tall exceeds the 1081-px client - not touching it
[1159074.236 ms][tid 5ec4] SIDEKIDS> REFUSED: panel 2112 tall exceeds the 1081-px client - not touching it
[1159480.263 ms][tid 5ec4] SIDEKIDS> REFUSED: panel 2112 tall exceeds the 1081-px client - not touching it
[1159885.514 ms][tid 5ec4] SIDEKIDS> REFUSED: panel 2112 tall exceeds the 1081-px client - not touching it
[1160293.034 ms][tid 5ec4] SIDEKIDS> REFUSED: panel 2112 tall exceeds the 1081-px client - not touching it
[1160698.680 ms][tid 5ec4] SIDEKIDS> REFUSED: panel 2112 tall exceeds the 1081-px client - not touching it
[1161105.454 ms][tid 5ec4] SIDEKIDS> REFUSED: panel 2112 tall exceeds the 1081-px client - not touching it
[1161511.989 ms][tid 5ec4] SIDEKIDS> REFUSED: panel 2112 tall exceeds the 1081-px client - not touching it
[1161919.813 ms][tid 5ec4] SIDEKIDS> REFUSED: panel 2112 tall exceeds the 1081-px client - not touching it
[1162323.824 ms][tid 5ec4] SIDEKIDS> REFUSED: panel 2112 tall exceeds the 1081-px client - not touching it
[1162730.029 ms][tid 5ec4] SIDEKIDS> REFUSED: panel 2112 tall exceeds the 1081-px client - not touching it
[1163136.092 ms][tid 5ec4] SIDEKIDS> REFUSED: panel 2112 tall exceeds the 1081-px client - not touching it
[1163543.431 ms][tid 5ec4] SIDEKIDS> REFUSED: panel 2112 tall exceeds the 1081-px client - not touching it
[1163948.415 ms][tid 5ec4] SIDEKIDS> REFUSED: panel 2112 tall exceeds the 1081-px client - not touching it
[1164354.992 ms][tid 5ec4] SIDEKIDS> REFUSED: panel 2112 tall exceeds the 1081-px client - not touching it
[1164761.790 ms][tid 5ec4] SIDEKIDS> REFUSED: panel 2112 tall exceeds the 1081-px client - not touching it
[1165167.252 ms][tid 5ec4] SIDEKIDS> REFUSED: panel 2112 tall exceeds the 1081-px client - not touching it
[1165574.230 ms][tid 5ec4] SIDEKIDS> REFUSED: panel 2112 tall exceeds the 1081-px client - not touching it
[1165980.170 ms][tid 5ec4] SIDEKIDS> REFUSED: panel 2112 tall exceeds the 1081-px client - not touching it
[1166404.533 ms][tid 5ec4] SIDEKIDS> REFUSED: panel 2112 tall exceeds the 1081-px client - not touching it
[1166809.279 ms][tid 5ec4] SIDEKIDS> REFUSED: panel 2112 tall exceeds the 1081-px client - not touching it
[1167214.774 ms][tid 5ec4] SIDEKIDS> REFUSED: panel 2112 tall exceeds the 1081-px client - not touching it
[1167621.855 ms][tid 5ec4] SIDEKIDS> REFUSED: panel 2112 tall exceeds the 1081-px client - not touching it
[1168027.011 ms][tid 5ec4] SIDEKIDS> REFUSED: panel 2112 tall exceeds the 1081-px client - not touching it
[1168433.269 ms][tid 5ec4] SIDEKIDS> REFUSED: panel 2112 tall exceeds the 1081-px client - not touching it
[1168838.629 ms][tid 5ec4] SIDEKIDS> REFUSED: panel 2112 tall exceeds the 1081-px client - not touching it
[1169246.529 ms][tid 5ec4] SIDEKIDS> REFUSED: panel 2112 tall exceeds the 1081-px client - not touching it
[1169652.470 ms][tid 5ec4] SIDEKIDS> REFUSED: panel 2112 tall exceeds the 1081-px client - not touching it
[1170059.463 ms][tid 5ec4] SIDEKIDS> REFUSED: panel 2112 tall exceeds the 1081-px client - not touching it
[1170464.451 ms][tid 5ec4] SIDEKIDS> REFUSED: panel 2112 tall exceeds the 1081-px client - not touching it
[1170870.333 ms][tid 5ec4] SIDEKIDS> REFUSED: panel 2112 tall exceeds the 1081-px client - not touching it
[1171276.398 ms][tid 5ec4] SIDEKIDS> REFUSED: panel 2112 tall exceeds the 1081-px client - not touching it
[1171683.288 ms][tid 5ec4] SIDEKIDS> REFUSED: panel 2112 tall exceeds the 1081-px client - not touching it
[1172090.238 ms][tid 5ec4] SIDEKIDS> REFUSED: panel 2112 tall exceeds the 1081-px client - not touching it
[1172495.417 ms][tid 5ec4] SIDEKIDS> REFUSED: panel 2112 tall exceeds the 1081-px client - not touching it
[1172901.845 ms][tid 5ec4] SIDEKIDS> REFUSED: panel 2112 tall exceeds the 1081-px client - not touching it
[1173309.393 ms][tid 5ec4] SIDEKIDS> REFUSED: panel 2112 tall exceeds the 1081-px client - not touching it
[1173714.431 ms][tid 5ec4] SIDEKIDS> REFUSED: panel 2112 tall exceeds the 1081-px client - not touching it
[1174121.500 ms][tid 5ec4] SIDEKIDS> REFUSED: panel 2112 tall exceeds the 1081-px client - not touching it
[1174527.107 ms][tid 5ec4] SIDEKIDS> REFUSED: panel 2112 tall exceeds the 1081-px client - not touching it
[1174932.787 ms][tid 5ec4] SIDEKIDS> REFUSED: panel 2112 tall exceeds the 1081-px client - not touching it
[1175339.889 ms][tid 5ec4] SIDEKIDS> REFUSED: panel 2112 tall exceeds the 1081-px client - not touching it
[1175744.970 ms][tid 5ec4] SIDEKIDS> REFUSED: panel 2112 tall exceeds the 1081-px client - not touching it
[1176151.472 ms][tid 5ec4] SIDEKIDS> REFUSED: panel 2112 tall exceeds the 1081-px client - not touching it
[1176557.822 ms][tid 5ec4] SIDEKIDS> REFUSED: panel 2112 tall exceeds the 1081-px client - not touching it
[1176963.476 ms][tid 5ec4] SIDEKIDS> REFUSED: panel 2112 tall exceeds the 1081-px client - not touching it
[1177370.130 ms][tid 5ec4] SIDEKIDS> REFUSED: panel 2112 tall exceeds the 1081-px client - not touching it
[1177776.224 ms][tid 5ec4] SIDEKIDS> REFUSED: panel 2112 tall exceeds the 1081-px client - not touching it
[1178183.345 ms][tid 5ec4] SIDEKIDS> REFUSED: panel 2112 tall exceeds the 1081-px client - not touching it
[1178589.915 ms][tid 5ec4] SIDEKIDS> REFUSED: panel 2112 tall exceeds the 1081-px client - not touching it
[1178995.925 ms][tid 5ec4] SIDEKIDS> REFUSED: panel 2112 tall exceeds the 1081-px client - not touching it
[1179404.652 ms][tid 5ec4] SIDEKIDS> REFUSED: panel 2112 tall exceeds the 1081-px client - not touching it
[1179808.001 ms][tid 5ec4] SIDEKIDS> REFUSED: panel 2112 tall exceeds the 1081-px client - not touching it
[1180214.312 ms][tid 5ec4] SIDEKIDS> REFUSED: panel 2112 tall exceeds the 1081-px client - not touching it
[1180620.051 ms][tid 5ec4] SIDEKIDS> REFUSED: panel 2112 tall exceeds the 1081-px client - not touching it
[1181026.825 ms][tid 5ec4] SIDEKIDS> REFUSED: panel 2112 tall exceeds the 1081-px client - not touching it
[1181434.515 ms][tid 5ec4] SIDEKIDS> REFUSED: panel 2112 tall exceeds the 1081-px client - not touching it
[1181839.691 ms][tid 5ec4] SIDEKIDS> REFUSED: panel 2112 tall exceeds the 1081-px client - not touching it
[1182245.681 ms][tid 5ec4] SIDEKIDS> REFUSED: panel 2112 tall exceeds the 1081-px client - not touching it
[1182652.410 ms][tid 5ec4] SIDEKIDS> REFUSED: panel 2112 tall exceeds the 1081-px client - not touching it
[1183058.836 ms][tid 5ec4] SIDEKIDS> REFUSED: panel 2112 tall exceeds the 1081-px client - not touching it
[1183464.161 ms][tid 5ec4] SIDEKIDS> REFUSED: panel 2112 tall exceeds the 1081-px client - not touching it
[1183870.441 ms][tid 5ec4] SIDEKIDS> REFUSED: panel 2112 tall exceeds the 1081-px client - not touching it
[1184276.855 ms][tid 5ec4] SIDEKIDS> REFUSED: panel 2112 tall exceeds the 1081-px client - not touching it
[1184684.450 ms][tid 5ec4] SIDEKIDS> REFUSED: panel 2112 tall exceeds the 1081-px client - not touching it
[1185089.647 ms][tid 5ec4] SIDEKIDS> REFUSED: panel 2112 tall exceeds the 1081-px client - not touching it
[1185495.711 ms][tid 5ec4] SIDEKIDS> REFUSED: panel 2112 tall exceeds the 1081-px client - not touching it
[1185901.968 ms][tid 5ec4] SIDEKIDS> REFUSED: panel 2112 tall exceeds the 1081-px client - not touching it
[1186307.861 ms][tid 5ec4] SIDEKIDS> REFUSED: panel 2112 tall exceeds the 1081-px client - not touching it
[1186715.192 ms][tid 5ec4] SIDEKIDS> REFUSED: panel 2112 tall exceeds the 1081-px client - not touching it
[1187120.387 ms][tid 5ec4] SIDEKIDS> REFUSED: panel 2112 tall exceeds the 1081-px client - not touching it
[1187527.684 ms][tid 5ec4] SIDEKIDS> REFUSED: panel 2112 tall exceeds the 1081-px client - not touching it
[1187932.667 ms][tid 5ec4] SIDEKIDS> REFUSED: panel 2112 tall exceeds the 1081-px client - not touching it
[1188338.559 ms][tid 5ec4] SIDEKIDS> REFUSED: panel 2112 tall exceeds the 1081-px client - not touching it
[1188746.577 ms][tid 5ec4] SIDEKIDS> REFUSED: panel 2112 tall exceeds the 1081-px client - not touching it
[1189151.573 ms][tid 5ec4] SIDEKIDS> REFUSED: panel 2112 tall exceeds the 1081-px client - not touching it
[1189557.429 ms][tid 5ec4] SIDEKIDS> REFUSED: panel 2112 tall exceeds the 1081-px client - not touching it
[1189965.658 ms][tid 5ec4] SIDEKIDS> REFUSED: panel 2112 tall exceeds the 1081-px client - not touching it
[1190370.201 ms][tid 5ec4] SIDEKIDS> REFUSED: panel 2112 tall exceeds the 1081-px client - not touching it
[1190777.097 ms][tid 5ec4] SIDEKIDS> REFUSED: panel 2112 tall exceeds the 1081-px client - not touching it
[1191183.211 ms][tid 5ec4] SIDEKIDS> REFUSED: panel 2112 tall exceeds the 1081-px client - not touching it
[1191589.401 ms][tid 5ec4] SIDEKIDS> REFUSED: panel 2112 tall exceeds the 1081-px client - not touching it
[1191995.578 ms][tid 5ec4] SIDEKIDS> REFUSED: panel 2112 tall exceeds the 1081-px client - not touching it
[1192403.544 ms][tid 5ec4] SIDEKIDS> REFUSED: panel 2112 tall exceeds the 1081-px client - not touching it
[1192808.299 ms][tid 5ec4] SIDEKIDS> REFUSED: panel 2112 tall exceeds the 1081-px client - not touching it
[1193213.870 ms][tid 5ec4] SIDEKIDS> REFUSED: panel 2112 tall exceeds the 1081-px client - not touching it
[1193620.194 ms][tid 5ec4] SIDEKIDS> REFUSED: panel 2112 tall exceeds the 1081-px client - not touching it
[1194027.179 ms][tid 5ec4] SIDEKIDS> REFUSED: panel 2112 tall exceeds the 1081-px client - not touching it
[1194433.682 ms][tid 5ec4] SIDEKIDS> REFUSED: panel 2112 tall exceeds the 1081-px client - not touching it
[1194839.274 ms][tid 5ec4] SIDEKIDS> REFUSED: panel 2112 tall exceeds the 1081-px client - not touching it
[1195245.442 ms][tid 5ec4] SIDEKIDS> REFUSED: panel 2112 tall exceeds the 1081-px client - not touching it
[1195651.083 ms][tid 5ec4] SIDEKIDS> REFUSED: panel 2112 tall exceeds the 1081-px client - not touching it
[1196057.742 ms][tid 5ec4] SIDEKIDS> REFUSED: panel 2112 tall exceeds the 1081-px client - not touching it
[1196463.988 ms][tid 5ec4] SIDEKIDS> REFUSED: panel 2112 tall exceeds the 1081-px client - not touching it
[1196870.888 ms][tid 5ec4] SIDEKIDS> REFUSED: panel 2112 tall exceeds the 1081-px client - not touching it
[1197276.802 ms][tid 5ec4] SIDEKIDS> REFUSED: panel 2112 tall exceeds the 1081-px client - not touching it
[1197684.113 ms][tid 5ec4] SIDEKIDS> REFUSED: panel 2112 tall exceeds the 1081-px client - not touching it
[1198090.027 ms][tid 5ec4] SIDEKIDS> REFUSED: panel 2112 tall exceeds the 1081-px client - not touching it
[1198497.088 ms][tid 5ec4] SIDEKIDS> REFUSED: panel 2112 tall exceeds the 1081-px client - not touching it
[1198901.591 ms][tid 5ec4] SIDEKIDS> REFUSED: panel 2112 tall exceeds the 1081-px client - not touching it
[1199307.411 ms][tid 5ec4] SIDEKIDS> REFUSED: panel 2112 tall exceeds the 1081-px client - not touching it
[1199713.858 ms][tid 5ec4] SIDEKIDS> REFUSED: panel 2112 tall exceeds the 1081-px client - not touching it
[1200119.879 ms][tid 5ec4] SIDEKIDS> REFUSED: panel 2112 tall exceeds the 1081-px client - not touching it
[1200526.724 ms][tid 5ec4] SIDEKIDS> REFUSED: panel 2112 tall exceeds the 1081-px client - not touching it
[1200933.178 ms][tid 5ec4] SIDEKIDS> REFUSED: panel 2112 tall exceeds the 1081-px client - not touching it
[1201338.915 ms][tid 5ec4] SIDEKIDS> REFUSED: panel 2112 tall exceeds the 1081-px client - not touching it
[1201745.533 ms][tid 5ec4] SIDEKIDS> REFUSED: panel 2112 tall exceeds the 1081-px client - not touching it
[1202153.103 ms][tid 5ec4] SIDEKIDS> REFUSED: panel 2112 tall exceeds the 1081-px client - not touching it
[1202559.273 ms][tid 5ec4] SIDEKIDS> REFUSED: panel 2112 tall exceeds the 1081-px client - not touching it
[1202965.079 ms][tid 5ec4] SIDEKIDS> REFUSED: panel 2112 tall exceeds the 1081-px client - not touching it
[1203370.683 ms][tid 5ec4] SIDEKIDS> REFUSED: panel 2112 tall exceeds the 1081-px client - not touching it
[1203776.585 ms][tid 5ec4] SIDEKIDS> REFUSED: panel 2112 tall exceeds the 1081-px client - not touching it
[1204182.679 ms][tid 5ec4] SIDEKIDS> REFUSED: panel 2112 tall exceeds the 1081-px client - not touching it
[1204589.736 ms][tid 5ec4] SIDEKIDS> REFUSED: panel 2112 tall exceeds the 1081-px client - not touching it
[1204994.992 ms][tid 5ec4] SIDEKIDS> REFUSED: panel 2112 tall exceeds the 1081-px client - not touching it
[1205402.349 ms][tid 5ec4] SIDEKIDS> REFUSED: panel 2112 tall exceeds the 1081-px client - not touching it
[1205807.930 ms][tid 5ec4] SIDEKIDS> REFUSED: panel 2112 tall exceeds the 1081-px client - not touching it
[1206214.022 ms][tid 5ec4] SIDEKIDS> REFUSED: panel 2112 tall exceeds the 1081-px client - not touching it
[1206621.020 ms][tid 5ec4] SIDEKIDS> REFUSED: panel 2112 tall exceeds the 1081-px client - not touching it
[1207026.419 ms][tid 5ec4] SIDEKIDS> REFUSED: panel 2112 tall exceeds the 1081-px client - not touching it
[1207434.637 ms][tid 5ec4] SIDEKIDS> REFUSED: panel 2112 tall exceeds the 1081-px client - not touching it
[1207839.332 ms][tid 5ec4] SIDEKIDS> REFUSED: panel 2112 tall exceeds the 1081-px client - not touching it
[1208245.343 ms][tid 5ec4] SIDEKIDS> REFUSED: panel 2112 tall exceeds the 1081-px client - not touching it
[1208652.175 ms][tid 5ec4] SIDEKIDS> REFUSED: panel 2112 tall exceeds the 1081-px client - not touching it
[1209058.592 ms][tid 5ec4] SIDEKIDS> REFUSED: panel 2112 tall exceeds the 1081-px client - not touching it
[1209464.410 ms][tid 5ec4] SIDEKIDS> REFUSED: panel 2112 tall exceeds the 1081-px client - not touching it
[1209870.416 ms][tid 5ec4] SIDEKIDS> REFUSED: panel 2112 tall exceeds the 1081-px client - not touching it
[1210276.225 ms][tid 5ec4] SIDEKIDS> REFUSED: panel 2112 tall exceeds the 1081-px client - not touching it
[1210682.308 ms][tid 5ec4] SIDEKIDS> REFUSED: panel 2112 tall exceeds the 1081-px client - not touching it
[1211089.019 ms][tid 5ec4] SIDEKIDS> REFUSED: panel 2112 tall exceeds the 1081-px client - not touching it
[1211495.746 ms][tid 5ec4] SIDEKIDS> REFUSED: panel 2112 tall exceeds the 1081-px client - not touching it
[1211902.810 ms][tid 5ec4] SIDEKIDS> REFUSED: panel 2112 tall exceeds the 1081-px client - not touching it
[1212309.328 ms][tid 5ec4] SIDEKIDS> REFUSED: panel 2112 tall exceeds the 1081-px client - not touching it
[1212714.768 ms][tid 5ec4] SIDEKIDS> REFUSED: panel 2112 tall exceeds the 1081-px client - not touching it
[1213121.001 ms][tid 5ec4] SIDEKIDS> REFUSED: panel 2112 tall exceeds the 1081-px client - not touching it
[1213526.913 ms][tid 5ec4] SIDEKIDS> REFUSED: panel 2112 tall exceeds the 1081-px client - not touching it
[1213932.157 ms][tid 5ec4] SIDEKIDS> REFUSED: panel 2112 tall exceeds the 1081-px client - not touching it
[1214340.277 ms][tid 5ec4] SIDEKIDS> REFUSED: panel 2112 tall exceeds the 1081-px client - not touching it
[1214745.853 ms][tid 5ec4] SIDEKIDS> REFUSED: panel 2112 tall exceeds the 1081-px client - not touching it
[1215151.593 ms][tid 5ec4] SIDEKIDS> REFUSED: panel 2112 tall exceeds the 1081-px client - not touching it
[1215557.753 ms][tid 5ec4] SIDEKIDS> REFUSED: panel 2112 tall exceeds the 1081-px client - not touching it
[1215964.377 ms][tid 5ec4] SIDEKIDS> REFUSED: panel 2112 tall exceeds the 1081-px client - not touching it
[1216370.477 ms][tid 5ec4] SIDEKIDS> REFUSED: panel 2112 tall exceeds the 1081-px client - not touching it
[1216777.021 ms][tid 5ec4] SIDEKIDS> REFUSED: panel 2112 tall exceeds the 1081-px client - not touching it
[1217183.226 ms][tid 5ec4] SIDEKIDS> REFUSED: panel 2112 tall exceeds the 1081-px client - not touching it
[1217590.623 ms][tid 5ec4] SIDEKIDS> REFUSED: panel 2112 tall exceeds the 1081-px client - not touching it
[1217995.747 ms][tid 5ec4] SIDEKIDS> REFUSED: panel 2112 tall exceeds the 1081-px client - not touching it
[1218402.136 ms][tid 5ec4] SIDEKIDS> REFUSED: panel 2112 tall exceeds the 1081-px client - not touching it
[1218808.281 ms][tid 5ec4] SIDEKIDS> REFUSED: panel 2112 tall exceeds the 1081-px client - not touching it
[1219214.683 ms][tid 5ec4] SIDEKIDS> REFUSED: panel 2112 tall exceeds the 1081-px client - not touching it
[1219619.992 ms][tid 5ec4] SIDEKIDS> REFUSED: panel 2112 tall exceeds the 1081-px client - not touching it
[1220026.442 ms][tid 5ec4] SIDEKIDS> REFUSED: panel 2112 tall exceeds the 1081-px client - not touching it
[1220432.904 ms][tid 5ec4] SIDEKIDS> REFUSED: panel 2112 tall exceeds the 1081-px client - not touching it
[1220838.583 ms][tid 5ec4] SIDEKIDS> REFUSED: panel 2112 tall exceeds the 1081-px client - not touching it
[1221245.844 ms][tid 5ec4] SIDEKIDS> REFUSED: panel 2112 tall exceeds the 1081-px client - not touching it
[1221652.125 ms][tid 5ec4] SIDEKIDS> REFUSED: panel 2112 tall exceeds the 1081-px client - not touching it
[1222057.786 ms][tid 5ec4] SIDEKIDS> REFUSED: panel 2112 tall exceeds the 1081-px client - not touching it
[1222463.962 ms][tid 5ec4] SIDEKIDS> REFUSED: panel 2112 tall exceeds the 1081-px client - not touching it
[1222870.330 ms][tid 5ec4] SIDEKIDS> REFUSED: panel 2112 tall exceeds the 1081-px client - not touching it
[1223276.421 ms][tid 5ec4] SIDEKIDS> REFUSED: panel 2112 tall exceeds the 1081-px client - not touching it
[1223684.211 ms][tid 5ec4] SIDEKIDS> REFUSED: panel 2112 tall exceeds the 1081-px client - not touching it
[1224090.313 ms][tid 5ec4] SIDEKIDS> REFUSED: panel 2112 tall exceeds the 1081-px client - not touching it
[1224495.046 ms][tid 5ec4] SIDEKIDS> REFUSED: panel 2112 tall exceeds the 1081-px client - not touching it
[1224901.148 ms][tid 5ec4] SIDEKIDS> REFUSED: panel 2112 tall exceeds the 1081-px client - not touching it
[1225307.652 ms][tid 5ec4] SIDEKIDS> REFUSED: panel 2112 tall exceeds the 1081-px client - not touching it
[1225713.849 ms][tid 5ec4] SIDEKIDS> REFUSED: panel 2112 tall exceeds the 1081-px client - not touching it
[1226120.077 ms][tid 5ec4] SIDEKIDS> REFUSED: panel 2112 tall exceeds the 1081-px client - not touching it
[1226526.809 ms][tid 5ec4] SIDEKIDS> REFUSED: panel 2112 tall exceeds the 1081-px client - not touching it
[1226932.888 ms][tid 5ec4] SIDEKIDS> REFUSED: panel 2112 tall exceeds the 1081-px client - not touching it
[1227339.500 ms][tid 5ec4] SIDEKIDS> REFUSED: panel 2112 tall exceeds the 1081-px client - not touching it
[1227745.447 ms][tid 5ec4] SIDEKIDS> REFUSED: panel 2112 tall exceeds the 1081-px client - not touching it
[1228152.425 ms][tid 5ec4] SIDEKIDS> REFUSED: panel 2112 tall exceeds the 1081-px client - not touching it
[1228558.192 ms][tid 5ec4] SIDEKIDS> REFUSED: panel 2112 tall exceeds the 1081-px client - not touching it
[1228964.820 ms][tid 5ec4] SIDEKIDS> REFUSED: panel 2112 tall exceeds the 1081-px client - not touching it
[1229370.367 ms][tid 5ec4] SIDEKIDS> REFUSED: panel 2112 tall exceeds the 1081-px client - not touching it
[1229776.936 ms][tid 5ec4] SIDEKIDS> REFUSED: panel 2112 tall exceeds the 1081-px client - not touching it
[1230182.630 ms][tid 5ec4] SIDEKIDS> REFUSED: panel 2112 tall exceeds the 1081-px client - not touching it
[1230589.281 ms][tid 5ec4] SIDEKIDS> REFUSED: panel 2112 tall exceeds the 1081-px client - not touching it
[1230995.772 ms][tid 5ec4] SIDEKIDS> REFUSED: panel 2112 tall exceeds the 1081-px client - not touching it
[1231401.707 ms][tid 5ec4] SIDEKIDS> REFUSED: panel 2112 tall exceeds the 1081-px client - not touching it
[1231808.701 ms][tid 5ec4] SIDEKIDS> REFUSED: panel 2112 tall exceeds the 1081-px client - not touching it
[1232213.992 ms][tid 5ec4] SIDEKIDS> REFUSED: panel 2112 tall exceeds the 1081-px client - not touching it
[1232620.535 ms][tid 5ec4] SIDEKIDS> REFUSED: panel 2112 tall exceeds the 1081-px client - not touching it
[1233026.590 ms][tid 5ec4] SIDEKIDS> REFUSED: panel 2112 tall exceeds the 1081-px client - not touching it
[1233432.601 ms][tid 5ec4] SIDEKIDS> REFUSED: panel 2112 tall exceeds the 1081-px client - not touching it
[1233839.727 ms][tid 5ec4] SIDEKIDS> REFUSED: panel 2112 tall exceeds the 1081-px client - not touching it
[1234244.877 ms][tid 5ec4] SIDEKIDS> REFUSED: panel 2112 tall exceeds the 1081-px client - not touching it
[1234651.964 ms][tid 5ec4] SIDEKIDS> REFUSED: panel 2112 tall exceeds the 1081-px client - not touching it
[1235057.404 ms][tid 5ec4] SIDEKIDS> REFUSED: panel 2112 tall exceeds the 1081-px client - not touching it
[1235464.163 ms][tid 5ec4] SIDEKIDS> REFUSED: panel 2112 tall exceeds the 1081-px client - not touching it
[1235871.531 ms][tid 5ec4] SIDEKIDS> REFUSED: panel 2112 tall exceeds the 1081-px client - not touching it
[1236276.486 ms][tid 5ec4] SIDEKIDS> REFUSED: panel 2112 tall exceeds the 1081-px client - not touching it
[1236682.463 ms][tid 5ec4] SIDEKIDS> REFUSED: panel 2112 tall exceeds the 1081-px client - not touching it
[1237088.978 ms][tid 5ec4] SIDEKIDS> REFUSED: panel 2112 tall exceeds the 1081-px client - not touching it
[1237495.568 ms][tid 5ec4] SIDEKIDS> REFUSED: panel 2112 tall exceeds the 1081-px client - not touching it
[1237902.141 ms][tid 5ec4] SIDEKIDS> REFUSED: panel 2112 tall exceeds the 1081-px client - not touching it
[1238308.782 ms][tid 5ec4] SIDEKIDS> REFUSED: panel 2112 tall exceeds the 1081-px client - not touching it
[1238714.509 ms][tid 5ec4] SIDEKIDS> REFUSED: panel 2112 tall exceeds the 1081-px client - not touching it
[1239120.658 ms][tid 5ec4] SIDEKIDS> REFUSED: panel 2112 tall exceeds the 1081-px client - not touching it
[1239526.974 ms][tid 5ec4] SIDEKIDS> REFUSED: panel 2112 tall exceeds the 1081-px client - not touching it
[1239933.097 ms][tid 5ec4] SIDEKIDS> REFUSED: panel 2112 tall exceeds the 1081-px client - not touching it
[1240339.415 ms][tid 5ec4] SIDEKIDS> REFUSED: panel 2112 tall exceeds the 1081-px client - not touching it
[1240745.390 ms][tid 5ec4] SIDEKIDS> REFUSED: panel 2112 tall exceeds the 1081-px client - not touching it
[1241151.960 ms][tid 5ec4] SIDEKIDS> REFUSED: panel 2112 tall exceeds the 1081-px client - not touching it
[1241558.596 ms][tid 5ec4] SIDEKIDS> REFUSED: panel 2112 tall exceeds the 1081-px client - not touching it
[1241964.853 ms][tid 5ec4] SIDEKIDS> REFUSED: panel 2112 tall exceeds the 1081-px client - not touching it
[1242369.961 ms][tid 5ec4] SIDEKIDS> REFUSED: panel 2112 tall exceeds the 1081-px client - not touching it
[1242776.416 ms][tid 5ec4] SIDEKIDS> REFUSED: panel 2112 tall exceeds the 1081-px client - not touching it
[1243183.928 ms][tid 5ec4] SIDEKIDS> REFUSED: panel 2112 tall exceeds the 1081-px client - not touching it
[1243589.033 ms][tid 5ec4] SIDEKIDS> REFUSED: panel 2112 tall exceeds the 1081-px client - not touching it
[1243996.366 ms][tid 5ec4] SIDEKIDS> REFUSED: panel 2112 tall exceeds the 1081-px client - not touching it
[1244401.281 ms][tid 5ec4] SIDEKIDS> REFUSED: panel 2112 tall exceeds the 1081-px client - not touching it
[1244808.724 ms][tid 5ec4] SIDEKIDS> REFUSED: panel 2112 tall exceeds the 1081-px client - not touching it
[1245214.636 ms][tid 5ec4] SIDEKIDS> REFUSED: panel 2112 tall exceeds the 1081-px client - not touching it
[1245620.357 ms][tid 5ec4] SIDEKIDS> REFUSED: panel 2112 tall exceeds the 1081-px client - not touching it
[1246026.743 ms][tid 5ec4] SIDEKIDS> REFUSED: panel 2112 tall exceeds the 1081-px client - not touching it
[1246433.343 ms][tid 5ec4] SIDEKIDS> REFUSED: panel 2112 tall exceeds the 1081-px client - not touching it
[1246839.962 ms][tid 5ec4] SIDEKIDS> REFUSED: panel 2112 tall exceeds the 1081-px client - not touching it
[1247244.975 ms][tid 5ec4] SIDEKIDS> REFUSED: panel 2112 tall exceeds the 1081-px client - not touching it
[1247651.333 ms][tid 5ec4] SIDEKIDS> REFUSED: panel 2112 tall exceeds the 1081-px client - not touching it
[1248057.362 ms][tid 5ec4] SIDEKIDS> REFUSED: panel 2112 tall exceeds the 1081-px client - not touching it
[1248465.001 ms][tid 5ec4] SIDEKIDS> REFUSED: panel 2112 tall exceeds the 1081-px client - not touching it
[1248870.857 ms][tid 5ec4] SIDEKIDS> REFUSED: panel 2112 tall exceeds the 1081-px client - not touching it
[1249277.774 ms][tid 5ec4] SIDEKIDS> REFUSED: panel 2112 tall exceeds the 1081-px client - not touching it
[1249683.881 ms][tid 5ec4] SIDEKIDS> REFUSED: panel 2112 tall exceeds the 1081-px client - not touching it
[1250089.039 ms][tid 5ec4] SIDEKIDS> REFUSED: panel 2112 tall exceeds the 1081-px client - not touching it
[1250495.606 ms][tid 5ec4] SIDEKIDS> REFUSED: panel 2112 tall exceeds the 1081-px client - not touching it
[1250902.830 ms][tid 5ec4] SIDEKIDS> REFUSED: panel 2112 tall exceeds the 1081-px client - not touching it
[1251307.546 ms][tid 5ec4] SIDEKIDS> REFUSED: panel 2112 tall exceeds the 1081-px client - not touching it
[1251713.901 ms][tid 5ec4] SIDEKIDS> REFUSED: panel 2112 tall exceeds the 1081-px client - not touching it
[1252120.224 ms][tid 5ec4] SIDEKIDS> REFUSED: panel 2112 tall exceeds the 1081-px client - not touching it
[1252527.103 ms][tid 5ec4] SIDEKIDS> REFUSED: panel 2112 tall exceeds the 1081-px client - not touching it
[1252933.855 ms][tid 5ec4] SIDEKIDS> REFUSED: panel 2112 tall exceeds the 1081-px client - not touching it
[1253339.114 ms][tid 5ec4] SIDEKIDS> REFUSED: panel 2112 tall exceeds the 1081-px client - not touching it
[1253744.849 ms][tid 5ec4] SIDEKIDS> REFUSED: panel 2112 tall exceeds the 1081-px client - not touching it
[1254151.775 ms][tid 5ec4] SIDEKIDS> REFUSED: panel 2112 tall exceeds the 1081-px client - not touching it
[1254557.947 ms][tid 5ec4] SIDEKIDS> REFUSED: panel 2112 tall exceeds the 1081-px client - not touching it
[1254964.745 ms][tid 5ec4] SIDEKIDS> REFUSED: panel 2112 tall exceeds the 1081-px client - not touching it
[1255370.434 ms][tid 5ec4] SIDEKIDS> REFUSED: panel 2112 tall exceeds the 1081-px client - not touching it
[1255777.663 ms][tid 5ec4] SIDEKIDS> REFUSED: panel 2112 tall exceeds the 1081-px client - not touching it
[1256182.597 ms][tid 5ec4] SIDEKIDS> REFUSED: panel 2112 tall exceeds the 1081-px client - not touching it
[1256590.240 ms][tid 5ec4] SIDEKIDS> REFUSED: panel 2112 tall exceeds the 1081-px client - not touching it
[1256996.000 ms][tid 5ec4] SIDEKIDS> REFUSED: panel 2112 tall exceeds the 1081-px client - not touching it
[1257402.567 ms][tid 5ec4] SIDEKIDS> REFUSED: panel 2112 tall exceeds the 1081-px client - not touching it
[1257807.900 ms][tid 5ec4] SIDEKIDS> REFUSED: panel 2112 tall exceeds the 1081-px client - not touching it
[1258213.840 ms][tid 5ec4] SIDEKIDS> REFUSED: panel 2112 tall exceeds the 1081-px client - not touching it
[1258621.029 ms][tid 5ec4] SIDEKIDS> REFUSED: panel 2112 tall exceeds the 1081-px client - not touching it
[1259026.510 ms][tid 5ec4] SIDEKIDS> REFUSED: panel 2112 tall exceeds the 1081-px client - not touching it
[1259433.013 ms][tid 5ec4] SIDEKIDS> REFUSED: panel 2112 tall exceeds the 1081-px client - not touching it
[1259839.059 ms][tid 5ec4] SIDEKIDS> REFUSED: panel 2112 tall exceeds the 1081-px client - not touching it
[1260245.701 ms][tid 5ec4] SIDEKIDS> REFUSED: panel 2112 tall exceeds the 1081-px client - not touching it
[1260652.565 ms][tid 5ec4] SIDEKIDS> REFUSED: panel 2112 tall exceeds the 1081-px client - not touching it
[1261058.302 ms][tid 5ec4] SIDEKIDS> REFUSED: panel 2112 tall exceeds the 1081-px client - not touching it
[1261465.570 ms][tid 5ec4] SIDEKIDS> REFUSED: panel 2112 tall exceeds the 1081-px client - not touching it
[1261869.672 ms][tid 5ec4] SIDEKIDS> REFUSED: panel 2112 tall exceeds the 1081-px client - not touching it
[1262276.575 ms][tid 5ec4] SIDEKIDS> REFUSED: panel 2112 tall exceeds the 1081-px client - not touching it
[1262684.031 ms][tid 5ec4] SIDEKIDS> REFUSED: panel 2112 tall exceeds the 1081-px client - not touching it
[1263088.897 ms][tid 5ec4] SIDEKIDS> REFUSED: panel 2112 tall exceeds the 1081-px client - not touching it
[1263495.165 ms][tid 5ec4] SIDEKIDS> REFUSED: panel 2112 tall exceeds the 1081-px client - not touching it
[1263902.294 ms][tid 5ec4] SIDEKIDS> REFUSED: panel 2112 tall exceeds the 1081-px client - not touching it
[1264308.119 ms][tid 5ec4] SIDEKIDS> REFUSED: panel 2112 tall exceeds the 1081-px client - not touching it
[1264714.377 ms][tid 5ec4] SIDEKIDS> REFUSED: panel 2112 tall exceeds the 1081-px client - not touching it
[1265120.755 ms][tid 5ec4] SIDEKIDS> REFUSED: panel 2112 tall exceeds the 1081-px client - not touching it
[1265526.739 ms][tid 5ec4] SIDEKIDS> REFUSED: panel 2112 tall exceeds the 1081-px client - not touching it
[1265932.943 ms][tid 5ec4] SIDEKIDS> REFUSED: panel 2112 tall exceeds the 1081-px client - not touching it
[1266339.523 ms][tid 5ec4] SIDEKIDS> REFUSED: panel 2112 tall exceeds the 1081-px client - not touching it
[1266745.161 ms][tid 5ec4] SIDEKIDS> REFUSED: panel 2112 tall exceeds the 1081-px client - not touching it
[1267151.858 ms][tid 5ec4] SIDEKIDS> REFUSED: panel 2112 tall exceeds the 1081-px client - not touching it
[1267558.045 ms][tid 5ec4] SIDEKIDS> REFUSED: panel 2112 tall exceeds the 1081-px client - not touching it
[1267964.235 ms][tid 5ec4] SIDEKIDS> REFUSED: panel 2112 tall exceeds the 1081-px client - not touching it
[1268370.931 ms][tid 5ec4] SIDEKIDS> REFUSED: panel 2112 tall exceeds the 1081-px client - not touching it
[1268776.509 ms][tid 5ec4] SIDEKIDS> REFUSED: panel 2112 tall exceeds the 1081-px client - not touching it
[1269182.729 ms][tid 5ec4] SIDEKIDS> REFUSED: panel 2112 tall exceeds the 1081-px client - not touching it
[1269588.756 ms][tid 5ec4] SIDEKIDS> REFUSED: panel 2112 tall exceeds the 1081-px client - not touching it
[1269994.975 ms][tid 5ec4] SIDEKIDS> REFUSED: panel 2112 tall exceeds the 1081-px client - not touching it
[1270401.702 ms][tid 5ec4] SIDEKIDS> REFUSED: panel 2112 tall exceeds the 1081-px client - not touching it
[1270808.783 ms][tid 5ec4] SIDEKIDS> REFUSED: panel 2112 tall exceeds the 1081-px client - not touching it
[1271214.198 ms][tid 5ec4] SIDEKIDS> REFUSED: panel 2112 tall exceeds the 1081-px client - not touching it
[1271619.759 ms][tid 5ec4] SIDEKIDS> REFUSED: panel 2112 tall exceeds the 1081-px client - not touching it
[1272026.017 ms][tid 5ec4] SIDEKIDS> REFUSED: panel 2112 tall exceeds the 1081-px client - not touching it
[1272432.723 ms][tid 5ec4] SIDEKIDS> REFUSED: panel 2112 tall exceeds the 1081-px client - not touching it
[1272839.941 ms][tid 5ec4] SIDEKIDS> REFUSED: panel 2112 tall exceeds the 1081-px client - not touching it
[1273245.851 ms][tid 5ec4] SIDEKIDS> REFUSED: panel 2112 tall exceeds the 1081-px client - not touching it
[1273651.674 ms][tid 5ec4] SIDEKIDS> REFUSED: panel 2112 tall exceeds the 1081-px client - not touching it
[1274058.850 ms][tid 5ec4] SIDEKIDS> REFUSED: panel 2112 tall exceeds the 1081-px client - not touching it
[1274464.728 ms][tid 5ec4] SIDEKIDS> REFUSED: panel 2112 tall exceeds the 1081-px client - not touching it
[1274869.814 ms][tid 5ec4] SIDEKIDS> REFUSED: panel 2112 tall exceeds the 1081-px client - not touching it
[1275276.768 ms][tid 5ec4] SIDEKIDS> REFUSED: panel 2112 tall exceeds the 1081-px client - not touching it
[1275682.709 ms][tid 5ec4] SIDEKIDS> REFUSED: panel 2112 tall exceeds the 1081-px client - not touching it
[1276088.468 ms][tid 5ec4] SIDEKIDS> REFUSED: panel 2112 tall exceeds the 1081-px client - not touching it
[1276495.864 ms][tid 5ec4] SIDEKIDS> REFUSED: panel 2112 tall exceeds the 1081-px client - not touching it
[1276902.572 ms][tid 5ec4] SIDEKIDS> REFUSED: panel 2112 tall exceeds the 1081-px client - not touching it
[1277308.723 ms][tid 5ec4] SIDEKIDS> REFUSED: panel 2112 tall exceeds the 1081-px client - not touching it
[1277714.896 ms][tid 5ec4] SIDEKIDS> REFUSED: panel 2112 tall exceeds the 1081-px client - not touching it
[1278120.291 ms][tid 5ec4] SIDEKIDS> REFUSED: panel 2112 tall exceeds the 1081-px client - not touching it
[1278527.032 ms][tid 5ec4] SIDEKIDS> REFUSED: panel 2112 tall exceeds the 1081-px client - not touching it
[1278932.777 ms][tid 5ec4] SIDEKIDS> REFUSED: panel 2112 tall exceeds the 1081-px client - not touching it
[1279338.918 ms][tid 5ec4] SIDEKIDS> REFUSED: panel 2112 tall exceeds the 1081-px client - not touching it
[1279745.012 ms][tid 5ec4] SIDEKIDS> REFUSED: panel 2112 tall exceeds the 1081-px client - not touching it
[1280152.036 ms][tid 5ec4] SIDEKIDS> REFUSED: panel 2112 tall exceeds the 1081-px client - not touching it
[1280558.781 ms][tid 5ec4] SIDEKIDS> REFUSED: panel 2112 tall exceeds the 1081-px client - not touching it
[1280965.178 ms][tid 5ec4] SIDEKIDS> REFUSED: panel 2112 tall exceeds the 1081-px client - not touching it
[1281371.015 ms][tid 5ec4] SIDEKIDS> REFUSED: panel 2112 tall exceeds the 1081-px client - not touching it
[1281776.877 ms][tid 5ec4] SIDEKIDS> REFUSED: panel 2112 tall exceeds the 1081-px client - not touching it
[1282183.461 ms][tid 5ec4] SIDEKIDS> REFUSED: panel 2112 tall exceeds the 1081-px client - not touching it
[1282589.756 ms][tid 5ec4] SIDEKIDS> REFUSED: panel 2112 tall exceeds the 1081-px client - not touching it
[1282995.932 ms][tid 5ec4] SIDEKIDS> REFUSED: panel 2112 tall exceeds the 1081-px client - not touching it
[1283401.536 ms][tid 5ec4] SIDEKIDS> REFUSED: panel 2112 tall exceeds the 1081-px client - not touching it
[1283807.261 ms][tid 5ec4] SIDEKIDS> REFUSED: panel 2112 tall exceeds the 1081-px client - not touching it
[1284214.362 ms][tid 5ec4] SIDEKIDS> REFUSED: panel 2112 tall exceeds the 1081-px client - not touching it
[1284620.705 ms][tid 5ec4] SIDEKIDS> REFUSED: panel 2112 tall exceeds the 1081-px client - not touching it
[1285026.561 ms][tid 5ec4] SIDEKIDS> REFUSED: panel 2112 tall exceeds the 1081-px client - not touching it
[1285433.539 ms][tid 5ec4] SIDEKIDS> REFUSED: panel 2112 tall exceeds the 1081-px client - not touching it
[1285838.542 ms][tid 5ec4] SIDEKIDS> REFUSED: panel 2112 tall exceeds the 1081-px client - not touching it
[1286246.485 ms][tid 5ec4] SIDEKIDS> REFUSED: panel 2112 tall exceeds the 1081-px client - not touching it
[1286653.060 ms][tid 5ec4] SIDEKIDS> REFUSED: panel 2112 tall exceeds the 1081-px client - not touching it
[1287057.422 ms][tid 5ec4] SIDEKIDS> REFUSED: panel 2112 tall exceeds the 1081-px client - not touching it
[1287464.444 ms][tid 5ec4] SIDEKIDS> REFUSED: panel 2112 tall exceeds the 1081-px client - not touching it
[1287869.708 ms][tid 5ec4] SIDEKIDS> REFUSED: panel 2112 tall exceeds the 1081-px client - not touching it
[1288277.055 ms][tid 5ec4] SIDEKIDS> REFUSED: panel 2112 tall exceeds the 1081-px client - not touching it
[1288683.494 ms][tid 5ec4] SIDEKIDS> REFUSED: panel 2112 tall exceeds the 1081-px client - not touching it
[1289089.135 ms][tid 5ec4] SIDEKIDS> REFUSED: panel 2112 tall exceeds the 1081-px client - not touching it
[1289495.939 ms][tid 5ec4] SIDEKIDS> REFUSED: panel 2112 tall exceeds the 1081-px client - not touching it
[1289902.989 ms][tid 5ec4] SIDEKIDS> REFUSED: panel 2112 tall exceeds the 1081-px client - not touching it
[1290308.032 ms][tid 5ec4] SIDEKIDS> REFUSED: panel 2112 tall exceeds the 1081-px client - not touching it
[1290714.109 ms][tid 5ec4] SIDEKIDS> REFUSED: panel 2112 tall exceeds the 1081-px client - not touching it
[1291120.076 ms][tid 5ec4] SIDEKIDS> REFUSED: panel 2112 tall exceeds the 1081-px client - not touching it
[1291526.793 ms][tid 5ec4] SIDEKIDS> REFUSED: panel 2112 tall exceeds the 1081-px client - not touching it
[1291933.063 ms][tid 5ec4] SIDEKIDS> REFUSED: panel 2112 tall exceeds the 1081-px client - not touching it
[1292338.614 ms][tid 5ec4] SIDEKIDS> REFUSED: panel 2112 tall exceeds the 1081-px client - not touching it
[1292745.285 ms][tid 5ec4] SIDEKIDS> REFUSED: panel 2112 tall exceeds the 1081-px client - not touching it
[1293151.651 ms][tid 5ec4] SIDEKIDS> REFUSED: panel 2112 tall exceeds the 1081-px client - not touching it
[1293557.766 ms][tid 5ec4] SIDEKIDS> REFUSED: panel 2112 tall exceeds the 1081-px client - not touching it
[1293963.588 ms][tid 5ec4] SIDEKIDS> REFUSED: panel 2112 tall exceeds the 1081-px client - not touching it
[1294370.476 ms][tid 5ec4] SIDEKIDS> REFUSED: panel 2112 tall exceeds the 1081-px client - not touching it
[1294776.543 ms][tid 5ec4] SIDEKIDS> REFUSED: panel 2112 tall exceeds the 1081-px client - not touching it
[1295184.179 ms][tid 5ec4] SIDEKIDS> REFUSED: panel 2112 tall exceeds the 1081-px client - not touching it
[1295588.888 ms][tid 5ec4] SIDEKIDS> REFUSED: panel 2112 tall exceeds the 1081-px client - not touching it
[1295994.818 ms][tid 5ec4] SIDEKIDS> REFUSED: panel 2112 tall exceeds the 1081-px client - not touching it
[1296402.199 ms][tid 5ec4] SIDEKIDS> REFUSED: panel 2112 tall exceeds the 1081-px client - not touching it
[1296809.721 ms][tid 5ec4] SIDEKIDS> REFUSED: panel 2112 tall exceeds the 1081-px client - not touching it
[1297214.071 ms][tid 5ec4] SIDEKIDS> REFUSED: panel 2112 tall exceeds the 1081-px client - not touching it
[1297621.212 ms][tid 5ec4] SIDEKIDS> REFUSED: panel 2112 tall exceeds the 1081-px client - not touching it
[1298026.020 ms][tid 5ec4] SIDEKIDS> REFUSED: panel 2112 tall exceeds the 1081-px client - not touching it
[1298432.616 ms][tid 5ec4] SIDEKIDS> REFUSED: panel 2112 tall exceeds the 1081-px client - not touching it
[1298839.195 ms][tid 5ec4] SIDEKIDS> REFUSED: panel 2112 tall exceeds the 1081-px client - not touching it
[1299245.882 ms][tid 5ec4] SIDEKIDS> REFUSED: panel 2112 tall exceeds the 1081-px client - not touching it
[1299651.707 ms][tid 5ec4] SIDEKIDS> REFUSED: panel 2112 tall exceeds the 1081-px client - not touching it
[1300057.630 ms][tid 5ec4] SIDEKIDS> REFUSED: panel 2112 tall exceeds the 1081-px client - not touching it
[1300464.097 ms][tid 5ec4] SIDEKIDS> REFUSED: panel 2112 tall exceeds the 1081-px client - not touching it
[1300870.206 ms][tid 5ec4] SIDEKIDS> REFUSED: panel 2112 tall exceeds the 1081-px client - not touching it
[1301276.375 ms][tid 5ec4] SIDEKIDS> REFUSED: panel 2112 tall exceeds the 1081-px client - not touching it
[1301683.029 ms][tid 5ec4] SIDEKIDS> REFUSED: panel 2112 tall exceeds the 1081-px client - not touching it
[1302089.102 ms][tid 5ec4] SIDEKIDS> REFUSED: panel 2112 tall exceeds the 1081-px client - not touching it
[1302501.262 ms][tid 5ec4] SIDEKIDS> REFUSED: panel 2112 tall exceeds the 1081-px client - not touching it
[1302901.095 ms][tid 5ec4] SIDEKIDS> REFUSED: panel 2112 tall exceeds the 1081-px client - not touching it
[1303307.289 ms][tid 5ec4] SIDEKIDS> REFUSED: panel 2112 tall exceeds the 1081-px client - not touching it
[1303714.530 ms][tid 5ec4] SIDEKIDS> REFUSED: panel 2112 tall exceeds the 1081-px client - not touching it
[1304121.013 ms][tid 5ec4] SIDEKIDS> REFUSED: panel 2112 tall exceeds the 1081-px client - not touching it
[1304527.159 ms][tid 5ec4] SIDEKIDS> REFUSED: panel 2112 tall exceeds the 1081-px client - not touching it
[1304933.785 ms][tid 5ec4] SIDEKIDS> REFUSED: panel 2112 tall exceeds the 1081-px client - not touching it
[1305338.784 ms][tid 5ec4] SIDEKIDS> REFUSED: panel 2112 tall exceeds the 1081-px client - not touching it
[1305745.652 ms][tid 5ec4] SIDEKIDS> REFUSED: panel 2112 tall exceeds the 1081-px client - not touching it
[1306151.806 ms][tid 5ec4] SIDEKIDS> REFUSED: panel 2112 tall exceeds the 1081-px client - not touching it
[1306558.522 ms][tid 5ec4] SIDEKIDS> REFUSED: panel 2112 tall exceeds the 1081-px client - not touching it
[1306965.593 ms][tid 5ec4] SIDEKIDS> REFUSED: panel 2112 tall exceeds the 1081-px client - not touching it
[1307370.534 ms][tid 5ec4] SIDEKIDS> REFUSED: panel 2112 tall exceeds the 1081-px client - not touching it
[1307777.019 ms][tid 5ec4] SIDEKIDS> REFUSED: panel 2112 tall exceeds the 1081-px client - not touching it
[1308183.013 ms][tid 5ec4] SIDEKIDS> REFUSED: panel 2112 tall exceeds the 1081-px client - not touching it
[1308589.083 ms][tid 5ec4] SIDEKIDS> REFUSED: panel 2112 tall exceeds the 1081-px client - not touching it
[1308994.927 ms][tid 5ec4] SIDEKIDS> REFUSED: panel 2112 tall exceeds the 1081-px client - not touching it
[1309401.879 ms][tid 5ec4] SIDEKIDS> REFUSED: panel 2112 tall exceeds the 1081-px client - not touching it
[1309808.310 ms][tid 5ec4] SIDEKIDS> REFUSED: panel 2112 tall exceeds the 1081-px client - not touching it
[1310214.934 ms][tid 5ec4] SIDEKIDS> REFUSED: panel 2112 tall exceeds the 1081-px client - not touching it
[1310620.407 ms][tid 5ec4] SIDEKIDS> REFUSED: panel 2112 tall exceeds the 1081-px client - not touching it
[1311026.710 ms][tid 5ec4] SIDEKIDS> REFUSED: panel 2112 tall exceeds the 1081-px client - not touching it
[1311432.834 ms][tid 5ec4] SIDEKIDS> REFUSED: panel 2112 tall exceeds the 1081-px client - not touching it
[1311840.304 ms][tid 5ec4] SIDEKIDS> REFUSED: panel 2112 tall exceeds the 1081-px client - not touching it
[1312245.553 ms][tid 5ec4] SIDEKIDS> REFUSED: panel 2112 tall exceeds the 1081-px client - not touching it
[1312652.460 ms][tid 5ec4] SIDEKIDS> REFUSED: panel 2112 tall exceeds the 1081-px client - not touching it
[1313058.503 ms][tid 5ec4] SIDEKIDS> REFUSED: panel 2112 tall exceeds the 1081-px client - not touching it
[1313463.952 ms][tid 5ec4] SIDEKIDS> REFUSED: panel 2112 tall exceeds the 1081-px client - not touching it
[1313870.153 ms][tid 5ec4] SIDEKIDS> REFUSED: panel 2112 tall exceeds the 1081-px client - not touching it
[1314276.612 ms][tid 5ec4] SIDEKIDS> REFUSED: panel 2112 tall exceeds the 1081-px client - not touching it
[1314682.673 ms][tid 5ec4] SIDEKIDS> REFUSED: panel 2112 tall exceeds the 1081-px client - not touching it
[1315089.890 ms][tid 5ec4] SIDEKIDS> REFUSED: panel 2112 tall exceeds the 1081-px client - not touching it
[1315495.280 ms][tid 5ec4] SIDEKIDS> REFUSED: panel 2112 tall exceeds the 1081-px client - not touching it
[1315902.080 ms][tid 5ec4] SIDEKIDS> REFUSED: panel 2112 tall exceeds the 1081-px client - not touching it
[1316308.361 ms][tid 5ec4] SIDEKIDS> REFUSED: panel 2112 tall exceeds the 1081-px client - not touching it
[1316714.893 ms][tid 5ec4] SIDEKIDS> REFUSED: panel 2112 tall exceeds the 1081-px client - not touching it
[1317120.898 ms][tid 5ec4] SIDEKIDS> REFUSED: panel 2112 tall exceeds the 1081-px client - not touching it
[1317526.337 ms][tid 5ec4] SIDEKIDS> REFUSED: panel 2112 tall exceeds the 1081-px client - not touching it
[1317932.295 ms][tid 5ec4] SIDEKIDS> REFUSED: panel 2112 tall exceeds the 1081-px client - not touching it
[1318340.227 ms][tid 5ec4] SIDEKIDS> REFUSED: panel 2112 tall exceeds the 1081-px client - not touching it
[1318745.179 ms][tid 5ec4] SIDEKIDS> REFUSED: panel 2112 tall exceeds the 1081-px client - not touching it
[1319152.512 ms][tid 5ec4] SIDEKIDS> REFUSED: panel 2112 tall exceeds the 1081-px client - not touching it
[1319558.462 ms][tid 5ec4] SIDEKIDS> REFUSED: panel 2112 tall exceeds the 1081-px client - not touching it
[1319964.865 ms][tid 5ec4] SIDEKIDS> REFUSED: panel 2112 tall exceeds the 1081-px client - not touching it
[1320371.605 ms][tid 5ec4] SIDEKIDS> REFUSED: panel 2112 tall exceeds the 1081-px client - not touching it
[1320776.832 ms][tid 5ec4] SIDEKIDS> REFUSED: panel 2112 tall exceeds the 1081-px client - not touching it
[1321182.897 ms][tid 5ec4] SIDEKIDS> REFUSED: panel 2112 tall exceeds the 1081-px client - not touching it
[1321589.031 ms][tid 5ec4] SIDEKIDS> REFUSED: panel 2112 tall exceeds the 1081-px client - not touching it
[1321995.606 ms][tid 5ec4] SIDEKIDS> REFUSED: panel 2112 tall exceeds the 1081-px client - not touching it
[1322401.744 ms][tid 5ec4] SIDEKIDS> REFUSED: panel 2112 tall exceeds the 1081-px client - not touching it
[1322807.853 ms][tid 5ec4] SIDEKIDS> REFUSED: panel 2112 tall exceeds the 1081-px client - not touching it
[1323214.734 ms][tid 5ec4] SIDEKIDS> REFUSED: panel 2112 tall exceeds the 1081-px client - not touching it
[1323620.729 ms][tid 5ec4] SIDEKIDS> REFUSED: panel 2112 tall exceeds the 1081-px client - not touching it
[1324026.409 ms][tid 5ec4] SIDEKIDS> REFUSED: panel 2112 tall exceeds the 1081-px client - not touching it
[1324433.328 ms][tid 5ec4] SIDEKIDS> REFUSED: panel 2112 tall exceeds the 1081-px client - not touching it
[1324840.745 ms][tid 5ec4] SIDEKIDS> REFUSED: panel 2112 tall exceeds the 1081-px client - not touching it
[1325246.747 ms][tid 5ec4] SIDEKIDS> REFUSED: panel 2112 tall exceeds the 1081-px client - not touching it
[1325652.500 ms][tid 5ec4] SIDEKIDS> REFUSED: panel 2112 tall exceeds the 1081-px client - not touching it
[1326057.349 ms][tid 5ec4] SIDEKIDS> REFUSED: panel 2112 tall exceeds the 1081-px client - not touching it
[1326464.760 ms][tid 5ec4] SIDEKIDS> REFUSED: panel 2112 tall exceeds the 1081-px client - not touching it
[1326870.421 ms][tid 5ec4] SIDEKIDS> REFUSED: panel 2112 tall exceeds the 1081-px client - not touching it
[1327276.671 ms][tid 5ec4] SIDEKIDS> REFUSED: panel 2112 tall exceeds the 1081-px client - not touching it
[1327682.520 ms][tid 5ec4] SIDEKIDS> REFUSED: panel 2112 tall exceeds the 1081-px client - not touching it
[1328089.304 ms][tid 5ec4] SIDEKIDS> REFUSED: panel 2112 tall exceeds the 1081-px client - not touching it
[1328496.628 ms][tid 5ec4] SIDEKIDS> REFUSED: panel 2112 tall exceeds the 1081-px client - not touching it
[1328902.152 ms][tid 5ec4] SIDEKIDS> REFUSED: panel 2112 tall exceeds the 1081-px client - not touching it
[1329308.299 ms][tid 5ec4] SIDEKIDS> REFUSED: panel 2112 tall exceeds the 1081-px client - not touching it
[1329714.936 ms][tid 5ec4] SIDEKIDS> REFUSED: panel 2112 tall exceeds the 1081-px client - not touching it
[1330120.059 ms][tid 5ec4] SIDEKIDS> REFUSED: panel 2112 tall exceeds the 1081-px client - not touching it
[1330527.809 ms][tid 5ec4] SIDEKIDS> REFUSED: panel 2112 tall exceeds the 1081-px client - not touching it
[1330933.964 ms][tid 5ec4] SIDEKIDS> REFUSED: panel 2112 tall exceeds the 1081-px client - not touching it
[1331339.330 ms][tid 5ec4] SIDEKIDS> REFUSED: panel 2112 tall exceeds the 1081-px client - not touching it
[1331745.692 ms][tid 5ec4] SIDEKIDS> REFUSED: panel 2112 tall exceeds the 1081-px client - not touching it
[1332152.691 ms][tid 5ec4] SIDEKIDS> REFUSED: panel 2112 tall exceeds the 1081-px client - not touching it
[1332558.329 ms][tid 5ec4] SIDEKIDS> REFUSED: panel 2112 tall exceeds the 1081-px client - not touching it
[1332964.133 ms][tid 5ec4] SIDEKIDS> REFUSED: panel 2112 tall exceeds the 1081-px client - not touching it
[1333370.157 ms][tid 5ec4] SIDEKIDS> REFUSED: panel 2112 tall exceeds the 1081-px client - not touching it
[1333778.525 ms][tid 5ec4] SIDEKIDS> REFUSED: panel 2112 tall exceeds the 1081-px client - not touching it
[1334182.980 ms][tid 5ec4] SIDEKIDS> REFUSED: panel 2112 tall exceeds the 1081-px client - not touching it
[1334589.884 ms][tid 5ec4] SIDEKIDS> REFUSED: panel 2112 tall exceeds the 1081-px client - not touching it
[1334995.776 ms][tid 5ec4] SIDEKIDS> REFUSED: panel 2112 tall exceeds the 1081-px client - not touching it
[1335401.953 ms][tid 5ec4] SIDEKIDS> REFUSED: panel 2112 tall exceeds the 1081-px client - not touching it
[1335808.798 ms][tid 5ec4] SIDEKIDS> REFUSED: panel 2112 tall exceeds the 1081-px client - not touching it
[1336214.875 ms][tid 5ec4] SIDEKIDS> REFUSED: panel 2112 tall exceeds the 1081-px client - not touching it
[1336620.488 ms][tid 5ec4] SIDEKIDS> REFUSED: panel 2112 tall exceeds the 1081-px client - not touching it
[1337026.465 ms][tid 5ec4] SIDEKIDS> REFUSED: panel 2112 tall exceeds the 1081-px client - not touching it
[1337432.849 ms][tid 5ec4] SIDEKIDS> REFUSED: panel 2112 tall exceeds the 1081-px client - not touching it
[1337838.880 ms][tid 5ec4] SIDEKIDS> REFUSED: panel 2112 tall exceeds the 1081-px client - not touching it
[1338245.806 ms][tid 5ec4] SIDEKIDS> REFUSED: panel 2112 tall exceeds the 1081-px client - not touching it
[1338652.494 ms][tid 5ec4] SIDEKIDS> REFUSED: panel 2112 tall exceeds the 1081-px client - not touching it
[1339058.939 ms][tid 5ec4] SIDEKIDS> REFUSED: panel 2112 tall exceeds the 1081-px client - not touching it
[1339464.171 ms][tid 5ec4] SIDEKIDS> REFUSED: panel 2112 tall exceeds the 1081-px client - not touching it
[1339870.390 ms][tid 5ec4] SIDEKIDS> REFUSED: panel 2112 tall exceeds the 1081-px client - not touching it
[1340276.159 ms][tid 5ec4] SIDEKIDS> REFUSED: panel 2112 tall exceeds the 1081-px client - not touching it
[1340684.223 ms][tid 5ec4] SIDEKIDS> REFUSED: panel 2112 tall exceeds the 1081-px client - not touching it
[1341089.404 ms][tid 5ec4] SIDEKIDS> REFUSED: panel 2112 tall exceeds the 1081-px client - not touching it
[1341495.597 ms][tid 5ec4] SIDEKIDS> REFUSED: panel 2112 tall exceeds the 1081-px client - not touching it
[1341901.595 ms][tid 5ec4] SIDEKIDS> REFUSED: panel 2112 tall exceeds the 1081-px client - not touching it
[1342308.289 ms][tid 5ec4] SIDEKIDS> REFUSED: panel 2112 tall exceeds the 1081-px client - not touching it
[1342714.371 ms][tid 5ec4] SIDEKIDS> REFUSED: panel 2112 tall exceeds the 1081-px client - not touching it
[1343120.032 ms][tid 5ec4] SIDEKIDS> REFUSED: panel 2112 tall exceeds the 1081-px client - not touching it
[1343527.881 ms][tid 5ec4] SIDEKIDS> REFUSED: panel 2112 tall exceeds the 1081-px client - not touching it
[1343933.513 ms][tid 5ec4] SIDEKIDS> REFUSED: panel 2112 tall exceeds the 1081-px client - not touching it
[1344339.313 ms][tid 5ec4] SIDEKIDS> REFUSED: panel 2112 tall exceeds the 1081-px client - not touching it
[1344745.955 ms][tid 5ec4] SIDEKIDS> REFUSED: panel 2112 tall exceeds the 1081-px client - not touching it
[1345152.246 ms][tid 5ec4] SIDEKIDS> REFUSED: panel 2112 tall exceeds the 1081-px client - not touching it
[1345557.892 ms][tid 5ec4] SIDEKIDS> REFUSED: panel 2112 tall exceeds the 1081-px client - not touching it
[1345964.066 ms][tid 5ec4] SIDEKIDS> REFUSED: panel 2112 tall exceeds the 1081-px client - not touching it
[1346370.989 ms][tid 5ec4] SIDEKIDS> REFUSED: panel 2112 tall exceeds the 1081-px client - not touching it
[1346777.859 ms][tid 5ec4] SIDEKIDS> REFUSED: panel 2112 tall exceeds the 1081-px client - not touching it
[1347183.215 ms][tid 5ec4] SIDEKIDS> REFUSED: panel 2112 tall exceeds the 1081-px client - not touching it
[1347590.072 ms][tid 5ec4] SIDEKIDS> REFUSED: panel 2112 tall exceeds the 1081-px client - not touching it
[1347995.485 ms][tid 5ec4] SIDEKIDS> REFUSED: panel 2112 tall exceeds the 1081-px client - not touching it
[1348401.924 ms][tid 5ec4] SIDEKIDS> REFUSED: panel 2112 tall exceeds the 1081-px client - not touching it
[1348808.185 ms][tid 5ec4] SIDEKIDS> REFUSED: panel 2112 tall exceeds the 1081-px client - not touching it
[1349214.790 ms][tid 5ec4] SIDEKIDS> REFUSED: panel 2112 tall exceeds the 1081-px client - not touching it
[1349620.008 ms][tid 5ec4] SIDEKIDS> REFUSED: panel 2112 tall exceeds the 1081-px client - not touching it
[1350027.234 ms][tid 5ec4] SIDEKIDS> REFUSED: panel 2112 tall exceeds the 1081-px client - not touching it
[1350432.274 ms][tid 5ec4] SIDEKIDS> REFUSED: panel 2112 tall exceeds the 1081-px client - not touching it
[1350839.744 ms][tid 5ec4] SIDEKIDS> REFUSED: panel 2112 tall exceeds the 1081-px client - not touching it
[1351246.344 ms][tid 5ec4] SIDEKIDS> REFUSED: panel 2112 tall exceeds the 1081-px client - not touching it
[1351652.421 ms][tid 5ec4] SIDEKIDS> REFUSED: panel 2112 tall exceeds the 1081-px client - not touching it
[1352057.506 ms][tid 5ec4] SIDEKIDS> REFUSED: panel 2112 tall exceeds the 1081-px client - not touching it
[1352464.832 ms][tid 5ec4] SIDEKIDS> REFUSED: panel 2112 tall exceeds the 1081-px client - not touching it
[1352871.040 ms][tid 5ec4] SIDEKIDS> REFUSED: panel 2112 tall exceeds the 1081-px client - not touching it
[1353276.792 ms][tid 5ec4] SIDEKIDS> REFUSED: panel 2112 tall exceeds the 1081-px client - not touching it
[1353682.593 ms][tid 5ec4] SIDEKIDS> REFUSED: panel 2112 tall exceeds the 1081-px client - not touching it
[1354089.433 ms][tid 5ec4] SIDEKIDS> REFUSED: panel 2112 tall exceeds the 1081-px client - not touching it
[1354495.778 ms][tid 5ec4] SIDEKIDS> REFUSED: panel 2112 tall exceeds the 1081-px client - not touching it
[1354902.403 ms][tid 5ec4] SIDEKIDS> REFUSED: panel 2112 tall exceeds the 1081-px client - not touching it
[1355307.921 ms][tid 5ec4] SIDEKIDS> REFUSED: panel 2112 tall exceeds the 1081-px client - not touching it
[1355714.948 ms][tid 5ec4] SIDEKIDS> REFUSED: panel 2112 tall exceeds the 1081-px client - not touching it
[1356120.623 ms][tid 5ec4] SIDEKIDS> REFUSED: panel 2112 tall exceeds the 1081-px client - not touching it
[1356527.406 ms][tid 5ec4] SIDEKIDS> REFUSED: panel 2112 tall exceeds the 1081-px client - not touching it
[1356932.807 ms][tid 5ec4] SIDEKIDS> REFUSED: panel 2112 tall exceeds the 1081-px client - not touching it
[1357338.786 ms][tid 5ec4] SIDEKIDS> REFUSED: panel 2112 tall exceeds the 1081-px client - not touching it
[1357745.970 ms][tid 5ec4] SIDEKIDS> REFUSED: panel 2112 tall exceeds the 1081-px client - not touching it
[1358152.087 ms][tid 5ec4] SIDEKIDS> REFUSED: panel 2112 tall exceeds the 1081-px client - not touching it
[1358557.478 ms][tid 5ec4] SIDEKIDS> REFUSED: panel 2112 tall exceeds the 1081-px client - not touching it
[1358965.055 ms][tid 5ec4] SIDEKIDS> REFUSED: panel 2112 tall exceeds the 1081-px client - not touching it
[1359369.992 ms][tid 5ec4] SIDEKIDS> REFUSED: panel 2112 tall exceeds the 1081-px client - not touching it
[1359777.951 ms][tid 5ec4] SIDEKIDS> REFUSED: panel 2112 tall exceeds the 1081-px client - not touching it
[1360183.452 ms][tid 5ec4] SIDEKIDS> REFUSED: panel 2112 tall exceeds the 1081-px client - not touching it
[1360589.170 ms][tid 5ec4] SIDEKIDS> REFUSED: panel 2112 tall exceeds the 1081-px client - not touching it
[1360995.811 ms][tid 5ec4] SIDEKIDS> REFUSED: panel 2112 tall exceeds the 1081-px client - not touching it
[1361402.573 ms][tid 5ec4] SIDEKIDS> REFUSED: panel 2112 tall exceeds the 1081-px client - not touching it
[1361807.820 ms][tid 5ec4] SIDEKIDS> REFUSED: panel 2112 tall exceeds the 1081-px client - not touching it
[1362213.728 ms][tid 5ec4] SIDEKIDS> REFUSED: panel 2112 tall exceeds the 1081-px client - not touching it
[1362621.491 ms][tid 5ec4] SIDEKIDS> REFUSED: panel 2112 tall exceeds the 1081-px client - not touching it
[1363026.530 ms][tid 5ec4] SIDEKIDS> REFUSED: panel 2112 tall exceeds the 1081-px client - not touching it
[1363433.180 ms][tid 5ec4] SIDEKIDS> REFUSED: panel 2112 tall exceeds the 1081-px client - not touching it
[1363839.416 ms][tid 5ec4] SIDEKIDS> REFUSED: panel 2112 tall exceeds the 1081-px client - not touching it
[1364246.097 ms][tid 5ec4] SIDEKIDS> REFUSED: panel 2112 tall exceeds the 1081-px client - not touching it
[1364651.545 ms][tid 5ec4] SIDEKIDS> REFUSED: panel 2112 tall exceeds the 1081-px client - not touching it
[1365058.847 ms][tid 5ec4] SIDEKIDS> REFUSED: panel 2112 tall exceeds the 1081-px client - not touching it
[1365464.447 ms][tid 5ec4] SIDEKIDS> REFUSED: panel 2112 tall exceeds the 1081-px client - not touching it
[1365871.075 ms][tid 5ec4] SIDEKIDS> REFUSED: panel 2112 tall exceeds the 1081-px client - not touching it
[1366276.545 ms][tid 5ec4] SIDEKIDS> REFUSED: panel 2112 tall exceeds the 1081-px client - not touching it
[1366683.088 ms][tid 5ec4] SIDEKIDS> REFUSED: panel 2112 tall exceeds the 1081-px client - not touching it
[1367089.856 ms][tid 5ec4] SIDEKIDS> REFUSED: panel 2112 tall exceeds the 1081-px client - not touching it
[1367494.874 ms][tid 5ec4] SIDEKIDS> REFUSED: panel 2112 tall exceeds the 1081-px client - not touching it
[1367902.723 ms][tid 5ec4] SIDEKIDS> REFUSED: panel 2112 tall exceeds the 1081-px client - not touching it
[1368308.122 ms][tid 5ec4] SIDEKIDS> REFUSED: panel 2112 tall exceeds the 1081-px client - not touching it
[1368713.808 ms][tid 5ec4] SIDEKIDS> REFUSED: panel 2112 tall exceeds the 1081-px client - not touching it
[1369120.462 ms][tid 5ec4] SIDEKIDS> REFUSED: panel 2112 tall exceeds the 1081-px client - not touching it
[1369527.775 ms][tid 5ec4] SIDEKIDS> REFUSED: panel 2112 tall exceeds the 1081-px client - not touching it
[1369933.053 ms][tid 5ec4] SIDEKIDS> REFUSED: panel 2112 tall exceeds the 1081-px client - not touching it
[1370338.728 ms][tid 5ec4] SIDEKIDS> REFUSED: panel 2112 tall exceeds the 1081-px client - not touching it
[1370744.993 ms][tid 5ec4] SIDEKIDS> REFUSED: panel 2112 tall exceeds the 1081-px client - not touching it
[1371152.137 ms][tid 5ec4] SIDEKIDS> REFUSED: panel 2112 tall exceeds the 1081-px client - not touching it
[1371557.670 ms][tid 5ec4] SIDEKIDS> REFUSED: panel 2112 tall exceeds the 1081-px client - not touching it
[1371964.614 ms][tid 5ec4] SIDEKIDS> REFUSED: panel 2112 tall exceeds the 1081-px client - not touching it
[1372371.416 ms][tid 5ec4] SIDEKIDS> REFUSED: panel 2112 tall exceeds the 1081-px client - not touching it
[1372777.155 ms][tid 5ec4] SIDEKIDS> REFUSED: panel 2112 tall exceeds the 1081-px client - not touching it
[1373182.813 ms][tid 5ec4] SIDEKIDS> REFUSED: panel 2112 tall exceeds the 1081-px client - not touching it
[1373589.754 ms][tid 5ec4] SIDEKIDS> REFUSED: panel 2112 tall exceeds the 1081-px client - not touching it
[1373995.130 ms][tid 5ec4] SIDEKIDS> REFUSED: panel 2112 tall exceeds the 1081-px client - not touching it
[1374401.625 ms][tid 5ec4] SIDEKIDS> REFUSED: panel 2112 tall exceeds the 1081-px client - not touching it
[1374807.802 ms][tid 5ec4] SIDEKIDS> REFUSED: panel 2112 tall exceeds the 1081-px client - not touching it
[1375213.695 ms][tid 5ec4] SIDEKIDS> REFUSED: panel 2112 tall exceeds the 1081-px client - not touching it
[1375620.243 ms][tid 5ec4] SIDEKIDS> REFUSED: panel 2112 tall exceeds the 1081-px client - not touching it
[1376026.910 ms][tid 5ec4] SIDEKIDS> REFUSED: panel 2112 tall exceeds the 1081-px client - not touching it
[1376433.282 ms][tid 5ec4] SIDEKIDS> REFUSED: panel 2112 tall exceeds the 1081-px client - not touching it
[1376838.572 ms][tid 5ec4] SIDEKIDS> REFUSED: panel 2112 tall exceeds the 1081-px client - not touching it
[1377245.009 ms][tid 5ec4] SIDEKIDS> REFUSED: panel 2112 tall exceeds the 1081-px client - not touching it
[1377651.919 ms][tid 5ec4] SIDEKIDS> REFUSED: panel 2112 tall exceeds the 1081-px client - not touching it
[1378057.811 ms][tid 5ec4] SIDEKIDS> REFUSED: panel 2112 tall exceeds the 1081-px client - not touching it
[1378464.473 ms][tid 5ec4] SIDEKIDS> REFUSED: panel 2112 tall exceeds the 1081-px client - not touching it
[1378870.866 ms][tid 5ec4] SIDEKIDS> REFUSED: panel 2112 tall exceeds the 1081-px client - not touching it
[1379277.015 ms][tid 5ec4] SIDEKIDS> REFUSED: panel 2112 tall exceeds the 1081-px client - not touching it
[1379682.781 ms][tid 5ec4] SIDEKIDS> REFUSED: panel 2112 tall exceeds the 1081-px client - not touching it
[1380088.990 ms][tid 5ec4] SIDEKIDS> REFUSED: panel 2112 tall exceeds the 1081-px client - not touching it
[1380494.895 ms][tid 5ec4] SIDEKIDS> REFUSED: panel 2112 tall exceeds the 1081-px client - not touching it
[1380902.074 ms][tid 5ec4] SIDEKIDS> REFUSED: panel 2112 tall exceeds the 1081-px client - not touching it
[1381307.423 ms][tid 5ec4] SIDEKIDS> REFUSED: panel 2112 tall exceeds the 1081-px client - not touching it
[1381713.952 ms][tid 5ec4] SIDEKIDS> REFUSED: panel 2112 tall exceeds the 1081-px client - not touching it
[1382120.215 ms][tid 5ec4] SIDEKIDS> REFUSED: panel 2112 tall exceeds the 1081-px client - not touching it
[1382526.892 ms][tid 5ec4] SIDEKIDS> REFUSED: panel 2112 tall exceeds the 1081-px client - not touching it
[1382933.317 ms][tid 5ec4] SIDEKIDS> REFUSED: panel 2112 tall exceeds the 1081-px client - not touching it
[1383339.398 ms][tid 5ec4] SIDEKIDS> REFUSED: panel 2112 tall exceeds the 1081-px client - not touching it
[1383745.962 ms][tid 5ec4] SIDEKIDS> REFUSED: panel 2112 tall exceeds the 1081-px client - not touching it
[1384151.290 ms][tid 5ec4] SIDEKIDS> REFUSED: panel 2112 tall exceeds the 1081-px client - not touching it
[1384558.414 ms][tid 5ec4] SIDEKIDS> REFUSED: panel 2112 tall exceeds the 1081-px client - not touching it
[1384964.814 ms][tid 5ec4] SIDEKIDS> REFUSED: panel 2112 tall exceeds the 1081-px client - not touching it
[1385370.608 ms][tid 5ec4] SIDEKIDS> REFUSED: panel 2112 tall exceeds the 1081-px client - not touching it
[1385777.177 ms][tid 5ec4] SIDEKIDS> REFUSED: panel 2112 tall exceeds the 1081-px client - not touching it
[1386183.015 ms][tid 5ec4] SIDEKIDS> REFUSED: panel 2112 tall exceeds the 1081-px client - not touching it
[1386589.892 ms][tid 5ec4] SIDEKIDS> REFUSED: panel 2112 tall exceeds the 1081-px client - not touching it
[1386996.043 ms][tid 5ec4] SIDEKIDS> REFUSED: panel 2112 tall exceeds the 1081-px client - not touching it
[1387401.610 ms][tid 5ec4] SIDEKIDS> REFUSED: panel 2112 tall exceeds the 1081-px client - not touching it
[1387808.427 ms][tid 5ec4] SIDEKIDS> REFUSED: panel 2112 tall exceeds the 1081-px client - not touching it
[1388214.039 ms][tid 5ec4] SIDEKIDS> REFUSED: panel 2112 tall exceeds the 1081-px client - not touching it
[1388621.445 ms][tid 5ec4] SIDEKIDS> REFUSED: panel 2112 tall exceeds the 1081-px client - not touching it
[1389026.664 ms][tid 5ec4] SIDEKIDS> REFUSED: panel 2112 tall exceeds the 1081-px client - not touching it
[1389432.565 ms][tid 5ec4] SIDEKIDS> REFUSED: panel 2112 tall exceeds the 1081-px client - not touching it
[1389839.474 ms][tid 5ec4] SIDEKIDS> REFUSED: panel 2112 tall exceeds the 1081-px client - not touching it
[1390245.654 ms][tid 5ec4] SIDEKIDS> REFUSED: panel 2112 tall exceeds the 1081-px client - not touching it
[1390651.708 ms][tid 5ec4] SIDEKIDS> REFUSED: panel 2112 tall exceeds the 1081-px client - not touching it
[1391059.153 ms][tid 5ec4] SIDEKIDS> REFUSED: panel 2112 tall exceeds the 1081-px client - not touching it
[1391464.796 ms][tid 5ec4] SIDEKIDS> REFUSED: panel 2112 tall exceeds the 1081-px client - not touching it
[1391870.600 ms][tid 5ec4] SIDEKIDS> REFUSED: panel 2112 tall exceeds the 1081-px client - not touching it
[1392277.063 ms][tid 5ec4] SIDEKIDS> REFUSED: panel 2112 tall exceeds the 1081-px client - not touching it
[1392682.886 ms][tid 5ec4] SIDEKIDS> REFUSED: panel 2112 tall exceeds the 1081-px client - not touching it
[1393089.237 ms][tid 5ec4] SIDEKIDS> REFUSED: panel 2112 tall exceeds the 1081-px client - not touching it
[1393496.416 ms][tid 5ec4] SIDEKIDS> REFUSED: panel 2112 tall exceeds the 1081-px client - not touching it
[1393901.739 ms][tid 5ec4] SIDEKIDS> REFUSED: panel 2112 tall exceeds the 1081-px client - not touching it
[1394308.496 ms][tid 5ec4] SIDEKIDS> REFUSED: panel 2112 tall exceeds the 1081-px client - not touching it
[1394714.163 ms][tid 5ec4] SIDEKIDS> REFUSED: panel 2112 tall exceeds the 1081-px client - not touching it
[1395120.990 ms][tid 5ec4] SIDEKIDS> REFUSED: panel 2112 tall exceeds the 1081-px client - not touching it
[1395526.475 ms][tid 5ec4] SIDEKIDS> REFUSED: panel 2112 tall exceeds the 1081-px client - not touching it
[1395933.407 ms][tid 5ec4] SIDEKIDS> REFUSED: panel 2112 tall exceeds the 1081-px client - not touching it
[1396339.677 ms][tid 5ec4] SIDEKIDS> REFUSED: panel 2112 tall exceeds the 1081-px client - not touching it
[1396745.655 ms][tid 5ec4] SIDEKIDS> REFUSED: panel 2112 tall exceeds the 1081-px client - not touching it
[1397151.902 ms][tid 5ec4] SIDEKIDS> REFUSED: panel 2112 tall exceeds the 1081-px client - not touching it
[1397557.815 ms][tid 5ec4] SIDEKIDS> REFUSED: panel 2112 tall exceeds the 1081-px client - not touching it
[1397965.704 ms][tid 5ec4] SIDEKIDS> REFUSED: panel 2112 tall exceeds the 1081-px client - not touching it
[1398372.021 ms][tid 5ec4] SIDEKIDS> REFUSED: panel 2112 tall exceeds the 1081-px client - not touching it
[1398776.207 ms][tid 5ec4] SIDEKIDS> REFUSED: panel 2112 tall exceeds the 1081-px client - not touching it
[1399183.522 ms][tid 5ec4] SIDEKIDS> REFUSED: panel 2112 tall exceeds the 1081-px client - not touching it
[1399589.363 ms][tid 5ec4] SIDEKIDS> REFUSED: panel 2112 tall exceeds the 1081-px client - not touching it
[1399996.291 ms][tid 5ec4] SIDEKIDS> REFUSED: panel 2112 tall exceeds the 1081-px client - not touching it
[1400401.538 ms][tid 5ec4] SIDEKIDS> REFUSED: panel 2112 tall exceeds the 1081-px client - not touching it
[1400808.714 ms][tid 5ec4] SIDEKIDS> REFUSED: panel 2112 tall exceeds the 1081-px client - not touching it
[1401214.523 ms][tid 5ec4] SIDEKIDS> REFUSED: panel 2112 tall exceeds the 1081-px client - not touching it
[1401621.808 ms][tid 5ec4] SIDEKIDS> REFUSED: panel 2112 tall exceeds the 1081-px client - not touching it
[1402026.855 ms][tid 5ec4] SIDEKIDS> REFUSED: panel 2112 tall exceeds the 1081-px client - not touching it
[1402433.057 ms][tid 5ec4] SIDEKIDS> REFUSED: panel 2112 tall exceeds the 1081-px client - not touching it
[1402838.961 ms][tid 5ec4] SIDEKIDS> REFUSED: panel 2112 tall exceeds the 1081-px client - not touching it
[1403245.225 ms][tid 5ec4] SIDEKIDS> REFUSED: panel 2112 tall exceeds the 1081-px client - not touching it
[1403653.042 ms][tid 5ec4] SIDEKIDS> REFUSED: panel 2112 tall exceeds the 1081-px client - not touching it
[1404058.105 ms][tid 5ec4] SIDEKIDS> REFUSED: panel 2112 tall exceeds the 1081-px client - not touching it
[1404463.862 ms][tid 5ec4] SIDEKIDS> REFUSED: panel 2112 tall exceeds the 1081-px client - not touching it
[1404870.243 ms][tid 5ec4] SIDEKIDS> REFUSED: panel 2112 tall exceeds the 1081-px client - not touching it
[1405277.267 ms][tid 5ec4] SIDEKIDS> REFUSED: panel 2112 tall exceeds the 1081-px client - not touching it
[1405683.353 ms][tid 5ec4] SIDEKIDS> REFUSED: panel 2112 tall exceeds the 1081-px client - not touching it
[1406090.091 ms][tid 5ec4] SIDEKIDS> REFUSED: panel 2112 tall exceeds the 1081-px client - not touching it
[1406495.995 ms][tid 5ec4] SIDEKIDS> REFUSED: panel 2112 tall exceeds the 1081-px client - not touching it
[1406900.941 ms][tid 5ec4] SIDEKIDS> REFUSED: panel 2112 tall exceeds the 1081-px client - not touching it
[1407307.608 ms][tid 5ec4] SIDEKIDS> REFUSED: panel 2112 tall exceeds the 1081-px client - not touching it
[1407713.926 ms][tid 5ec4] SIDEKIDS> REFUSED: panel 2112 tall exceeds the 1081-px client - not touching it
[1408119.959 ms][tid 5ec4] SIDEKIDS> REFUSED: panel 2112 tall exceeds the 1081-px client - not touching it
[1408526.386 ms][tid 5ec4] SIDEKIDS> REFUSED: panel 2112 tall exceeds the 1081-px client - not touching it
[1408932.462 ms][tid 5ec4] SIDEKIDS> REFUSED: panel 2112 tall exceeds the 1081-px client - not touching it
[1409340.189 ms][tid 5ec4] SIDEKIDS> REFUSED: panel 2112 tall exceeds the 1081-px client - not touching it
[1409746.144 ms][tid 5ec4] SIDEKIDS> REFUSED: panel 2112 tall exceeds the 1081-px client - not touching it
[1410152.092 ms][tid 5ec4] SIDEKIDS> REFUSED: panel 2112 tall exceeds the 1081-px client - not touching it
[1410557.353 ms][tid 5ec4] SIDEKIDS> REFUSED: panel 2112 tall exceeds the 1081-px client - not touching it
[1410965.663 ms][tid 5ec4] SIDEKIDS> REFUSED: panel 2112 tall exceeds the 1081-px client - not touching it
[1411369.848 ms][tid 5ec4] SIDEKIDS> REFUSED: panel 2112 tall exceeds the 1081-px client - not touching it
[1411776.661 ms][tid 5ec4] SIDEKIDS> REFUSED: panel 2112 tall exceeds the 1081-px client - not touching it
[1412183.337 ms][tid 5ec4] SIDEKIDS> REFUSED: panel 2112 tall exceeds the 1081-px client - not touching it
[1412590.494 ms][tid 5ec4] SIDEKIDS> REFUSED: panel 2112 tall exceeds the 1081-px client - not touching it
[1412995.284 ms][tid 5ec4] SIDEKIDS> REFUSED: panel 2112 tall exceeds the 1081-px client - not touching it
[1413402.501 ms][tid 5ec4] SIDEKIDS> REFUSED: panel 2112 tall exceeds the 1081-px client - not touching it
[1413807.752 ms][tid 5ec4] SIDEKIDS> REFUSED: panel 2112 tall exceeds the 1081-px client - not touching it
[1414214.305 ms][tid 5ec4] SIDEKIDS> REFUSED: panel 2112 tall exceeds the 1081-px client - not touching it
[1414620.738 ms][tid 5ec4] SIDEKIDS> REFUSED: panel 2112 tall exceeds the 1081-px client - not touching it
[1415026.174 ms][tid 5ec4] SIDEKIDS> REFUSED: panel 2112 tall exceeds the 1081-px client - not touching it
[1415433.567 ms][tid 5ec4] SIDEKIDS> REFUSED: panel 2112 tall exceeds the 1081-px client - not touching it
[1415838.842 ms][tid 5ec4] SIDEKIDS> REFUSED: panel 2112 tall exceeds the 1081-px client - not touching it
[1416245.248 ms][tid 5ec4] SIDEKIDS> REFUSED: panel 2112 tall exceeds the 1081-px client - not touching it
[1416652.352 ms][tid 5ec4] SIDEKIDS> REFUSED: panel 2112 tall exceeds the 1081-px client - not touching it
[1417059.680 ms][tid 5ec4] SIDEKIDS> REFUSED: panel 2112 tall exceeds the 1081-px client - not touching it
[1417464.183 ms][tid 5ec4] SIDEKIDS> REFUSED: panel 2112 tall exceeds the 1081-px client - not touching it
[1417870.673 ms][tid 5ec4] SIDEKIDS> REFUSED: panel 2112 tall exceeds the 1081-px client - not touching it
[1418276.823 ms][tid 5ec4] SIDEKIDS> REFUSED: panel 2112 tall exceeds the 1081-px client - not touching it
[1418683.553 ms][tid 5ec4] SIDEKIDS> REFUSED: panel 2112 tall exceeds the 1081-px client - not touching it
[1419089.338 ms][tid 5ec4] SIDEKIDS> REFUSED: panel 2112 tall exceeds the 1081-px client - not touching it
[1419496.600 ms][tid 5ec4] SIDEKIDS> REFUSED: panel 2112 tall exceeds the 1081-px client - not touching it
[1419902.037 ms][tid 5ec4] SIDEKIDS> REFUSED: panel 2112 tall exceeds the 1081-px client - not touching it
[1420309.305 ms][tid 5ec4] SIDEKIDS> REFUSED: panel 2112 tall exceeds the 1081-px client - not touching it
[1420714.102 ms][tid 5ec4] SIDEKIDS> REFUSED: panel 2112 tall exceeds the 1081-px client - not touching it
[1421120.170 ms][tid 5ec4] SIDEKIDS> REFUSED: panel 2112 tall exceeds the 1081-px client - not touching it
[1421526.258 ms][tid 5ec4] SIDEKIDS> REFUSED: panel 2112 tall exceeds the 1081-px client - not touching it
[1421932.996 ms][tid 5ec4] SIDEKIDS> REFUSED: panel 2112 tall exceeds the 1081-px client - not touching it
[1422339.126 ms][tid 5ec4] SIDEKIDS> REFUSED: panel 2112 tall exceeds the 1081-px client - not touching it
[1422745.065 ms][tid 5ec4] SIDEKIDS> REFUSED: panel 2112 tall exceeds the 1081-px client - not touching it
[1423151.908 ms][tid 5ec4] SIDEKIDS> REFUSED: panel 2112 tall exceeds the 1081-px client - not touching it
[1423558.345 ms][tid 5ec4] SIDEKIDS> REFUSED: panel 2112 tall exceeds the 1081-px client - not touching it
[1423964.549 ms][tid 5ec4] SIDEKIDS> REFUSED: panel 2112 tall exceeds the 1081-px client - not touching it
[1424371.972 ms][tid 5ec4] SIDEKIDS> REFUSED: panel 2112 tall exceeds the 1081-px client - not touching it
[1424777.138 ms][tid 5ec4] SIDEKIDS> REFUSED: panel 2112 tall exceeds the 1081-px client - not touching it
[1425183.393 ms][tid 5ec4] SIDEKIDS> REFUSED: panel 2112 tall exceeds the 1081-px client - not touching it
[1425589.261 ms][tid 5ec4] SIDEKIDS> REFUSED: panel 2112 tall exceeds the 1081-px client - not touching it
[1425996.124 ms][tid 5ec4] SIDEKIDS> REFUSED: panel 2112 tall exceeds the 1081-px client - not touching it
[1426404.534 ms][tid 5ec4] SIDEKIDS> REFUSED: panel 2112 tall exceeds the 1081-px client - not touching it
[1426807.859 ms][tid 5ec4] SIDEKIDS> REFUSED: panel 2112 tall exceeds the 1081-px client - not touching it
[1427213.809 ms][tid 5ec4] SIDEKIDS> REFUSED: panel 2112 tall exceeds the 1081-px client - not touching it
[1427620.702 ms][tid 5ec4] SIDEKIDS> REFUSED: panel 2112 tall exceeds the 1081-px client - not touching it
[1428027.028 ms][tid 5ec4] SIDEKIDS> REFUSED: panel 2112 tall exceeds the 1081-px client - not touching it
[1428433.828 ms][tid 5ec4] SIDEKIDS> REFUSED: panel 2112 tall exceeds the 1081-px client - not touching it
[1428839.121 ms][tid 5ec4] SIDEKIDS> REFUSED: panel 2112 tall exceeds the 1081-px client - not touching it
[1429245.475 ms][tid 5ec4] SIDEKIDS> REFUSED: panel 2112 tall exceeds the 1081-px client - not touching it
[1429652.443 ms][tid 5ec4] SIDEKIDS> REFUSED: panel 2112 tall exceeds the 1081-px client - not touching it
[1430058.225 ms][tid 5ec4] SIDEKIDS> REFUSED: panel 2112 tall exceeds the 1081-px client - not touching it
[1430463.580 ms][tid 5ec4] SIDEKIDS> REFUSED: panel 2112 tall exceeds the 1081-px client - not touching it
[1430870.863 ms][tid 5ec4] SIDEKIDS> REFUSED: panel 2112 tall exceeds the 1081-px client - not touching it
[1431276.906 ms][tid 5ec4] SIDEKIDS> REFUSED: panel 2112 tall exceeds the 1081-px client - not touching it
[1431683.526 ms][tid 5ec4] SIDEKIDS> REFUSED: panel 2112 tall exceeds the 1081-px client - not touching it
[1432088.588 ms][tid 5ec4] SIDEKIDS> REFUSED: panel 2112 tall exceeds the 1081-px client - not touching it
[1432496.014 ms][tid 5ec4] SIDEKIDS> REFUSED: panel 2112 tall exceeds the 1081-px client - not touching it
[1432900.969 ms][tid 5ec4] SIDEKIDS> REFUSED: panel 2112 tall exceeds the 1081-px client - not touching it
[1433308.027 ms][tid 5ec4] SIDEKIDS> REFUSED: panel 2112 tall exceeds the 1081-px client - not touching it
[1433714.356 ms][tid 5ec4] SIDEKIDS> REFUSED: panel 2112 tall exceeds the 1081-px client - not touching it
[1434120.160 ms][tid 5ec4] SIDEKIDS> REFUSED: panel 2112 tall exceeds the 1081-px client - not touching it
[1434526.663 ms][tid 5ec4] SIDEKIDS> REFUSED: panel 2112 tall exceeds the 1081-px client - not touching it
[1434932.911 ms][tid 5ec4] SIDEKIDS> REFUSED: panel 2112 tall exceeds the 1081-px client - not touching it
[1435340.690 ms][tid 5ec4] SIDEKIDS> REFUSED: panel 2112 tall exceeds the 1081-px client - not touching it
[1435745.273 ms][tid 5ec4] SIDEKIDS> REFUSED: panel 2112 tall exceeds the 1081-px client - not touching it
[1436153.392 ms][tid 5ec4] SIDEKIDS> REFUSED: panel 2112 tall exceeds the 1081-px client - not touching it
[1436557.914 ms][tid 5ec4] SIDEKIDS> REFUSED: panel 2112 tall exceeds the 1081-px client - not touching it
[1436964.685 ms][tid 5ec4] SIDEKIDS> REFUSED: panel 2112 tall exceeds the 1081-px client - not touching it
[1437371.316 ms][tid 5ec4] SIDEKIDS> REFUSED: panel 2112 tall exceeds the 1081-px client - not touching it
[1437778.007 ms][tid 5ec4] SIDEKIDS> REFUSED: panel 2112 tall exceeds the 1081-px client - not touching it
[1438184.548 ms][tid 5ec4] SIDEKIDS> REFUSED: panel 2112 tall exceeds the 1081-px client - not touching it
[1438589.904 ms][tid 5ec4] SIDEKIDS> REFUSED: panel 2112 tall exceeds the 1081-px client - not touching it
[1438996.000 ms][tid 5ec4] SIDEKIDS> REFUSED: panel 2112 tall exceeds the 1081-px client - not touching it
[1439402.467 ms][tid 5ec4] SIDEKIDS> REFUSED: panel 2112 tall exceeds the 1081-px client - not touching it
[1439808.354 ms][tid 5ec4] SIDEKIDS> REFUSED: panel 2112 tall exceeds the 1081-px client - not touching it
[1440213.985 ms][tid 5ec4] SIDEKIDS> REFUSED: panel 2112 tall exceeds the 1081-px client - not touching it
[1440620.999 ms][tid 5ec4] SIDEKIDS> REFUSED: panel 2112 tall exceeds the 1081-px client - not touching it
[1441026.866 ms][tid 5ec4] SIDEKIDS> REFUSED: panel 2112 tall exceeds the 1081-px client - not touching it
[1441433.373 ms][tid 5ec4] SIDEKIDS> REFUSED: panel 2112 tall exceeds the 1081-px client - not touching it
[1441840.098 ms][tid 5ec4] SIDEKIDS> REFUSED: panel 2112 tall exceeds the 1081-px client - not touching it
[1442246.140 ms][tid 5ec4] SIDEKIDS> REFUSED: panel 2112 tall exceeds the 1081-px client - not touching it
[1442652.684 ms][tid 5ec4] SIDEKIDS> REFUSED: panel 2112 tall exceeds the 1081-px client - not touching it
[1443057.798 ms][tid 5ec4] SIDEKIDS> REFUSED: panel 2112 tall exceeds the 1081-px client - not touching it
[1443465.010 ms][tid 5ec4] SIDEKIDS> REFUSED: panel 2112 tall exceeds the 1081-px client - not touching it
[1443870.616 ms][tid 5ec4] SIDEKIDS> REFUSED: panel 2112 tall exceeds the 1081-px client - not touching it
[1444277.075 ms][tid 5ec4] SIDEKIDS> REFUSED: panel 2112 tall exceeds the 1081-px client - not touching it
[1444682.203 ms][tid 5ec4] SIDEKIDS> REFUSED: panel 2112 tall exceeds the 1081-px client - not touching it
[1445089.739 ms][tid 5ec4] SIDEKIDS> REFUSED: panel 2112 tall exceeds the 1081-px client - not touching it
[1445495.062 ms][tid 5ec4] SIDEKIDS> REFUSED: panel 2112 tall exceeds the 1081-px client - not touching it
[1445901.796 ms][tid 5ec4] SIDEKIDS> REFUSED: panel 2112 tall exceeds the 1081-px client - not touching it
[1446307.999 ms][tid 5ec4] SIDEKIDS> REFUSED: panel 2112 tall exceeds the 1081-px client - not touching it
[1446714.247 ms][tid 5ec4] SIDEKIDS> REFUSED: panel 2112 tall exceeds the 1081-px client - not touching it
[1447120.768 ms][tid 5ec4] SIDEKIDS> REFUSED: panel 2112 tall exceeds the 1081-px client - not touching it
[1447526.931 ms][tid 5ec4] SIDEKIDS> REFUSED: panel 2112 tall exceeds the 1081-px client - not touching it
[1447933.834 ms][tid 5ec4] SIDEKIDS> REFUSED: panel 2112 tall exceeds the 1081-px client - not touching it
[1448340.524 ms][tid 5ec4] SIDEKIDS> REFUSED: panel 2112 tall exceeds the 1081-px client - not touching it
[1448745.771 ms][tid 5ec4] SIDEKIDS> REFUSED: panel 2112 tall exceeds the 1081-px client - not touching it
[1449151.492 ms][tid 5ec4] SIDEKIDS> REFUSED: panel 2112 tall exceeds the 1081-px client - not touching it
[1449558.011 ms][tid 5ec4] SIDEKIDS> REFUSED: panel 2112 tall exceeds the 1081-px client - not touching it
[1449964.013 ms][tid 5ec4] SIDEKIDS> REFUSED: panel 2112 tall exceeds the 1081-px client - not touching it
[1450370.314 ms][tid 5ec4] SIDEKIDS> REFUSED: panel 2112 tall exceeds the 1081-px client - not touching it
[1450776.664 ms][tid 5ec4] SIDEKIDS> REFUSED: panel 2112 tall exceeds the 1081-px client - not touching it
[1451183.355 ms][tid 5ec4] SIDEKIDS> REFUSED: panel 2112 tall exceeds the 1081-px client - not touching it
[1451589.137 ms][tid 5ec4] SIDEKIDS> REFUSED: panel 2112 tall exceeds the 1081-px client - not touching it
[1451995.528 ms][tid 5ec4] SIDEKIDS> REFUSED: panel 2112 tall exceeds the 1081-px client - not touching it
[1452401.919 ms][tid 5ec4] SIDEKIDS> REFUSED: panel 2112 tall exceeds the 1081-px client - not touching it
[1452807.803 ms][tid 5ec4] SIDEKIDS> REFUSED: panel 2112 tall exceeds the 1081-px client - not touching it
[1453215.038 ms][tid 5ec4] SIDEKIDS> REFUSED: panel 2112 tall exceeds the 1081-px client - not touching it
[1453620.121 ms][tid 5ec4] SIDEKIDS> REFUSED: panel 2112 tall exceeds the 1081-px client - not touching it
[1454029.656 ms][tid 5ec4] SIDEKIDS> REFUSED: panel 2112 tall exceeds the 1081-px client - not touching it
[1454433.681 ms][tid 5ec4] SIDEKIDS> REFUSED: panel 2112 tall exceeds the 1081-px client - not touching it
[1454839.860 ms][tid 5ec4] SIDEKIDS> REFUSED: panel 2112 tall exceeds the 1081-px client - not touching it
[1455245.534 ms][tid 5ec4] SIDEKIDS> REFUSED: panel 2112 tall exceeds the 1081-px client - not touching it
[1455652.633 ms][tid 5ec4] SIDEKIDS> REFUSED: panel 2112 tall exceeds the 1081-px client - not touching it
[1456058.248 ms][tid 5ec4] SIDEKIDS> REFUSED: panel 2112 tall exceeds the 1081-px client - not touching it
[1456464.224 ms][tid 5ec4] SIDEKIDS> REFUSED: panel 2112 tall exceeds the 1081-px client - not touching it
[1456871.068 ms][tid 5ec4] SIDEKIDS> REFUSED: panel 2112 tall exceeds the 1081-px client - not touching it
[1457277.067 ms][tid 5ec4] SIDEKIDS> REFUSED: panel 2112 tall exceeds the 1081-px client - not touching it
[1457683.728 ms][tid 5ec4] SIDEKIDS> REFUSED: panel 2112 tall exceeds the 1081-px client - not touching it
[1458089.446 ms][tid 5ec4] SIDEKIDS> REFUSED: panel 2112 tall exceeds the 1081-px client - not touching it
[1458495.246 ms][tid 5ec4] SIDEKIDS> REFUSED: panel 2112 tall exceeds the 1081-px client - not touching it
[1458902.573 ms][tid 5ec4] SIDEKIDS> REFUSED: panel 2112 tall exceeds the 1081-px client - not touching it
[1459307.525 ms][tid 5ec4] SIDEKIDS> REFUSED: panel 2112 tall exceeds the 1081-px client - not touching it
[1459714.629 ms][tid 5ec4] SIDEKIDS> REFUSED: panel 2112 tall exceeds the 1081-px client - not touching it
[1460120.423 ms][tid 5ec4] SIDEKIDS> REFUSED: panel 2112 tall exceeds the 1081-px client - not touching it
[1460526.184 ms][tid 5ec4] SIDEKIDS> REFUSED: panel 2112 tall exceeds the 1081-px client - not touching it
[1460933.148 ms][tid 5ec4] SIDEKIDS> REFUSED: panel 2112 tall exceeds the 1081-px client - not touching it
[1461339.521 ms][tid 5ec4] SIDEKIDS> REFUSED: panel 2112 tall exceeds the 1081-px client - not touching it
[1461746.471 ms][tid 5ec4] SIDEKIDS> REFUSED: panel 2112 tall exceeds the 1081-px client - not touching it
[1462151.498 ms][tid 5ec4] SIDEKIDS> REFUSED: panel 2112 tall exceeds the 1081-px client - not touching it
[1462558.168 ms][tid 5ec4] SIDEKIDS> REFUSED: panel 2112 tall exceeds the 1081-px client - not touching it
[1462964.415 ms][tid 5ec4] SIDEKIDS> REFUSED: panel 2112 tall exceeds the 1081-px client - not touching it
[1463370.695 ms][tid 5ec4] SIDEKIDS> REFUSED: panel 2112 tall exceeds the 1081-px client - not touching it
[1463776.342 ms][tid 5ec4] SIDEKIDS> REFUSED: panel 2112 tall exceeds the 1081-px client - not touching it
[1464185.067 ms][tid 5ec4] SIDEKIDS> REFUSED: panel 2112 tall exceeds the 1081-px client - not touching it
[1464588.993 ms][tid 5ec4] SIDEKIDS> REFUSED: panel 2112 tall exceeds the 1081-px client - not touching it
[1464995.714 ms][tid 5ec4] SIDEKIDS> REFUSED: panel 2112 tall exceeds the 1081-px client - not touching it
[1465401.979 ms][tid 5ec4] SIDEKIDS> REFUSED: panel 2112 tall exceeds the 1081-px client - not touching it
[1465808.077 ms][tid 5ec4] SIDEKIDS> REFUSED: panel 2112 tall exceeds the 1081-px client - not touching it
[1466214.833 ms][tid 5ec4] SIDEKIDS> REFUSED: panel 2112 tall exceeds the 1081-px client - not touching it
[1466621.123 ms][tid 5ec4] SIDEKIDS> REFUSED: panel 2112 tall exceeds the 1081-px client - not touching it
[1467027.060 ms][tid 5ec4] SIDEKIDS> REFUSED: panel 2112 tall exceeds the 1081-px client - not touching it
[1467433.292 ms][tid 5ec4] SIDEKIDS> REFUSED: panel 2112 tall exceeds the 1081-px client - not touching it
[1467839.589 ms][tid 5ec4] SIDEKIDS> REFUSED: panel 2112 tall exceeds the 1081-px client - not touching it
[1468246.657 ms][tid 5ec4] SIDEKIDS> REFUSED: panel 2112 tall exceeds the 1081-px client - not touching it
[1468651.970 ms][tid 5ec4] SIDEKIDS> REFUSED: panel 2112 tall exceeds the 1081-px client - not touching it
[1469059.077 ms][tid 5ec4] SIDEKIDS> REFUSED: panel 2112 tall exceeds the 1081-px client - not touching it
[1469463.658 ms][tid 5ec4] SIDEKIDS> REFUSED: panel 2112 tall exceeds the 1081-px client - not touching it
[1469870.576 ms][tid 5ec4] SIDEKIDS> REFUSED: panel 2112 tall exceeds the 1081-px client - not touching it
[1470277.053 ms][tid 5ec4] SIDEKIDS> REFUSED: panel 2112 tall exceeds the 1081-px client - not touching it
[1470683.292 ms][tid 5ec4] SIDEKIDS> REFUSED: panel 2112 tall exceeds the 1081-px client - not touching it
[1471089.577 ms][tid 5ec4] SIDEKIDS> REFUSED: panel 2112 tall exceeds the 1081-px client - not touching it
[1471497.371 ms][tid 5ec4] SIDEKIDS> REFUSED: panel 2112 tall exceeds the 1081-px client - not touching it
[1471902.612 ms][tid 5ec4] SIDEKIDS> REFUSED: panel 2112 tall exceeds the 1081-px client - not touching it
[1472308.740 ms][tid 5ec4] SIDEKIDS> REFUSED: panel 2112 tall exceeds the 1081-px client - not touching it
[1472715.160 ms][tid 5ec4] SIDEKIDS> REFUSED: panel 2112 tall exceeds the 1081-px client - not touching it
[1473119.867 ms][tid 5ec4] SIDEKIDS> REFUSED: panel 2112 tall exceeds the 1081-px client - not touching it
[1473527.413 ms][tid 5ec4] SIDEKIDS> REFUSED: panel 2112 tall exceeds the 1081-px client - not touching it
[1473933.010 ms][tid 5ec4] SIDEKIDS> REFUSED: panel 2112 tall exceeds the 1081-px client - not touching it
[1474338.822 ms][tid 5ec4] SIDEKIDS> REFUSED: panel 2112 tall exceeds the 1081-px client - not touching it
[1474745.535 ms][tid 5ec4] SIDEKIDS> REFUSED: panel 2112 tall exceeds the 1081-px client - not touching it
[1475151.455 ms][tid 5ec4] SIDEKIDS> REFUSED: panel 2112 tall exceeds the 1081-px client - not touching it
[1475558.104 ms][tid 5ec4] SIDEKIDS> REFUSED: panel 2112 tall exceeds the 1081-px client - not touching it
[1475964.248 ms][tid 5ec4] SIDEKIDS> REFUSED: panel 2112 tall exceeds the 1081-px client - not touching it
[1476370.222 ms][tid 5ec4] SIDEKIDS> REFUSED: panel 2112 tall exceeds the 1081-px client - not touching it
[1476777.398 ms][tid 5ec4] SIDEKIDS> REFUSED: panel 2112 tall exceeds the 1081-px client - not touching it
[1477183.076 ms][tid 5ec4] SIDEKIDS> REFUSED: panel 2112 tall exceeds the 1081-px client - not touching it
[1477590.652 ms][tid 5ec4] SIDEKIDS> REFUSED: panel 2112 tall exceeds the 1081-px client - not touching it
[1477995.104 ms][tid 5ec4] SIDEKIDS> REFUSED: panel 2112 tall exceeds the 1081-px client - not touching it
[1478401.921 ms][tid 5ec4] SIDEKIDS> REFUSED: panel 2112 tall exceeds the 1081-px client - not touching it
[1478807.796 ms][tid 5ec4] SIDEKIDS> REFUSED: panel 2112 tall exceeds the 1081-px client - not touching it
[1479214.696 ms][tid 5ec4] SIDEKIDS> REFUSED: panel 2112 tall exceeds the 1081-px client - not touching it
[1479620.283 ms][tid 5ec4] SIDEKIDS> REFUSED: panel 2112 tall exceeds the 1081-px client - not touching it
[1480027.377 ms][tid 5ec4] SIDEKIDS> REFUSED: panel 2112 tall exceeds the 1081-px client - not touching it
[1480433.315 ms][tid 5ec4] SIDEKIDS> REFUSED: panel 2112 tall exceeds the 1081-px client - not touching it
[1480838.866 ms][tid 5ec4] SIDEKIDS> REFUSED: panel 2112 tall exceeds the 1081-px client - not touching it
[1481245.189 ms][tid 5ec4] SIDEKIDS> REFUSED: panel 2112 tall exceeds the 1081-px client - not touching it
[1481653.020 ms][tid 5ec4] SIDEKIDS> REFUSED: panel 2112 tall exceeds the 1081-px client - not touching it
[1482058.086 ms][tid 5ec4] SIDEKIDS> REFUSED: panel 2112 tall exceeds the 1081-px client - not touching it
[1482464.223 ms][tid 5ec4] SIDEKIDS> REFUSED: panel 2112 tall exceeds the 1081-px client - not touching it
[1482871.821 ms][tid 5ec4] SIDEKIDS> REFUSED: panel 2112 tall exceeds the 1081-px client - not touching it
[1483276.207 ms][tid 5ec4] SIDEKIDS> REFUSED: panel 2112 tall exceeds the 1081-px client - not touching it
[1483682.495 ms][tid 5ec4] SIDEKIDS> REFUSED: panel 2112 tall exceeds the 1081-px client - not touching it
[1484088.951 ms][tid 5ec4] SIDEKIDS> REFUSED: panel 2112 tall exceeds the 1081-px client - not touching it
[1484495.361 ms][tid 5ec4] SIDEKIDS> REFUSED: panel 2112 tall exceeds the 1081-px client - not touching it
[1484901.647 ms][tid 5ec4] SIDEKIDS> REFUSED: panel 2112 tall exceeds the 1081-px client - not touching it
[1485308.338 ms][tid 5ec4] SIDEKIDS> REFUSED: panel 2112 tall exceeds the 1081-px client - not touching it
[1485713.704 ms][tid 5ec4] SIDEKIDS> REFUSED: panel 2112 tall exceeds the 1081-px client - not touching it
[1486121.050 ms][tid 5ec4] SIDEKIDS> REFUSED: panel 2112 tall exceeds the 1081-px client - not touching it
[1486526.596 ms][tid 5ec4] SIDEKIDS> REFUSED: panel 2112 tall exceeds the 1081-px client - not touching it
[1486932.691 ms][tid 5ec4] SIDEKIDS> REFUSED: panel 2112 tall exceeds the 1081-px client - not touching it
[1487339.379 ms][tid 5ec4] SIDEKIDS> REFUSED: panel 2112 tall exceeds the 1081-px client - not touching it
[1487744.777 ms][tid 5ec4] SIDEKIDS> REFUSED: panel 2112 tall exceeds the 1081-px client - not touching it
[1488151.685 ms][tid 5ec4] SIDEKIDS> REFUSED: panel 2112 tall exceeds the 1081-px client - not touching it
[1488558.059 ms][tid 5ec4] SIDEKIDS> REFUSED: panel 2112 tall exceeds the 1081-px client - not touching it
[1488963.767 ms][tid 5ec4] SIDEKIDS> REFUSED: panel 2112 tall exceeds the 1081-px client - not touching it
[1489370.515 ms][tid 5ec4] SIDEKIDS> REFUSED: panel 2112 tall exceeds the 1081-px client - not touching it
[1489777.053 ms][tid 5ec4] SIDEKIDS> REFUSED: panel 2112 tall exceeds the 1081-px client - not touching it
[1490189.011 ms][tid 5ec4] SIDEKIDS> REFUSED: panel 2112 tall exceeds the 1081-px client - not touching it
[1490588.873 ms][tid 5ec4] SIDEKIDS> REFUSED: panel 2112 tall exceeds the 1081-px client - not touching it
[1490995.162 ms][tid 5ec4] SIDEKIDS> REFUSED: panel 2112 tall exceeds the 1081-px client - not touching it
[1491401.268 ms][tid 5ec4] SIDEKIDS> REFUSED: panel 2112 tall exceeds the 1081-px client - not touching it
[1491808.315 ms][tid 5ec4] SIDEKIDS> REFUSED: panel 2112 tall exceeds the 1081-px client - not touching it
[1492214.591 ms][tid 5ec4] SIDEKIDS> REFUSED: panel 2112 tall exceeds the 1081-px client - not touching it
[1492621.148 ms][tid 5ec4] SIDEKIDS> REFUSED: panel 2112 tall exceeds the 1081-px client - not touching it
[1493027.680 ms][tid 5ec4] SIDEKIDS> REFUSED: panel 2112 tall exceeds the 1081-px client - not touching it
[1493434.199 ms][tid 5ec4] SIDEKIDS> REFUSED: panel 2112 tall exceeds the 1081-px client - not touching it
[1493839.055 ms][tid 5ec4] SIDEKIDS> REFUSED: panel 2112 tall exceeds the 1081-px client - not touching it
[1494246.653 ms][tid 5ec4] SIDEKIDS> REFUSED: panel 2112 tall exceeds the 1081-px client - not touching it
[1494651.917 ms][tid 5ec4] SIDEKIDS> REFUSED: panel 2112 tall exceeds the 1081-px client - not touching it
[1495057.916 ms][tid 5ec4] SIDEKIDS> REFUSED: panel 2112 tall exceeds the 1081-px client - not touching it
[1495464.630 ms][tid 5ec4] SIDEKIDS> REFUSED: panel 2112 tall exceeds the 1081-px client - not touching it
[1495870.197 ms][tid 5ec4] SIDEKIDS> REFUSED: panel 2112 tall exceeds the 1081-px client - not touching it
[1496277.220 ms][tid 5ec4] SIDEKIDS> REFUSED: panel 2112 tall exceeds the 1081-px client - not touching it
[1496682.894 ms][tid 5ec4] SIDEKIDS> REFUSED: panel 2112 tall exceeds the 1081-px client - not touching it
[1497090.350 ms][tid 5ec4] SIDEKIDS> REFUSED: panel 2112 tall exceeds the 1081-px client - not touching it
[1497496.847 ms][tid 5ec4] SIDEKIDS> REFUSED: panel 2112 tall exceeds the 1081-px client - not touching it
[1497902.589 ms][tid 5ec4] SIDEKIDS> REFUSED: panel 2112 tall exceeds the 1081-px client - not touching it
[1498307.908 ms][tid 5ec4] SIDEKIDS> REFUSED: panel 2112 tall exceeds the 1081-px client - not touching it
[1498713.782 ms][tid 5ec4] SIDEKIDS> REFUSED: panel 2112 tall exceeds the 1081-px client - not touching it
[1499120.093 ms][tid 5ec4] SIDEKIDS> REFUSED: panel 2112 tall exceeds the 1081-px client - not touching it
[1499527.375 ms][tid 5ec4] SIDEKIDS> REFUSED: panel 2112 tall exceeds the 1081-px client - not touching it
[1499932.996 ms][tid 5ec4] SIDEKIDS> REFUSED: panel 2112 tall exceeds the 1081-px client - not touching it
[1500338.866 ms][tid 5ec4] SIDEKIDS> REFUSED: panel 2112 tall exceeds the 1081-px client - not touching it
[1500745.191 ms][tid 5ec4] SIDEKIDS> REFUSED: panel 2112 tall exceeds the 1081-px client - not touching it
[1501152.417 ms][tid 5ec4] SIDEKIDS> REFUSED: panel 2112 tall exceeds the 1081-px client - not touching it
[1501557.499 ms][tid 5ec4] SIDEKIDS> REFUSED: panel 2112 tall exceeds the 1081-px client - not touching it
[1501964.413 ms][tid 5ec4] SIDEKIDS> REFUSED: panel 2112 tall exceeds the 1081-px client - not touching it
[1502370.817 ms][tid 5ec4] SIDEKIDS> REFUSED: panel 2112 tall exceeds the 1081-px client - not touching it
[1502776.508 ms][tid 5ec4] SIDEKIDS> REFUSED: panel 2112 tall exceeds the 1081-px client - not touching it
[1503183.555 ms][tid 5ec4] SIDEKIDS> REFUSED: panel 2112 tall exceeds the 1081-px client - not touching it
[1503589.855 ms][tid 5ec4] SIDEKIDS> REFUSED: panel 2112 tall exceeds the 1081-px client - not touching it
[1503995.755 ms][tid 5ec4] SIDEKIDS> REFUSED: panel 2112 tall exceeds the 1081-px client - not touching it
[1504402.357 ms][tid 5ec4] SIDEKIDS> REFUSED: panel 2112 tall exceeds the 1081-px client - not touching it
[1504807.754 ms][tid 5ec4] SIDEKIDS> REFUSED: panel 2112 tall exceeds the 1081-px client - not touching it
[1505215.533 ms][tid 5ec4] SIDEKIDS> REFUSED: panel 2112 tall exceeds the 1081-px client - not touching it
[1505620.124 ms][tid 5ec4] SIDEKIDS> REFUSED: panel 2112 tall exceeds the 1081-px client - not touching it
[1506026.468 ms][tid 5ec4] SIDEKIDS> REFUSED: panel 2112 tall exceeds the 1081-px client - not touching it
[1506432.933 ms][tid 5ec4] SIDEKIDS> REFUSED: panel 2112 tall exceeds the 1081-px client - not touching it
[1506839.164 ms][tid 5ec4] SIDEKIDS> REFUSED: panel 2112 tall exceeds the 1081-px client - not touching it
[1507245.594 ms][tid 5ec4] SIDEKIDS> REFUSED: panel 2112 tall exceeds the 1081-px client - not touching it
[1507651.520 ms][tid 5ec4] SIDEKIDS> REFUSED: panel 2112 tall exceeds the 1081-px client - not touching it
[1508057.785 ms][tid 5ec4] SIDEKIDS> REFUSED: panel 2112 tall exceeds the 1081-px client - not touching it
[1508465.373 ms][tid 5ec4] SIDEKIDS> REFUSED: panel 2112 tall exceeds the 1081-px client - not touching it
[1508870.298 ms][tid 5ec4] SIDEKIDS> REFUSED: panel 2112 tall exceeds the 1081-px client - not touching it
[1509276.870 ms][tid 5ec4] SIDEKIDS> REFUSED: panel 2112 tall exceeds the 1081-px client - not touching it
[1509682.564 ms][tid 5ec4] SIDEKIDS> REFUSED: panel 2112 tall exceeds the 1081-px client - not touching it
[1510089.254 ms][tid 5ec4] SIDEKIDS> REFUSED: panel 2112 tall exceeds the 1081-px client - not touching it
[1510495.064 ms][tid 5ec4] SIDEKIDS> REFUSED: panel 2112 tall exceeds the 1081-px client - not touching it
[1510902.303 ms][tid 5ec4] SIDEKIDS> REFUSED: panel 2112 tall exceeds the 1081-px client - not touching it
[1511307.836 ms][tid 5ec4] SIDEKIDS> REFUSED: panel 2112 tall exceeds the 1081-px client - not touching it
[1511714.748 ms][tid 5ec4] SIDEKIDS> REFUSED: panel 2112 tall exceeds the 1081-px client - not touching it
[1512121.149 ms][tid 5ec4] SIDEKIDS> REFUSED: panel 2112 tall exceeds the 1081-px client - not touching it
[1512527.566 ms][tid 5ec4] SIDEKIDS> REFUSED: panel 2112 tall exceeds the 1081-px client - not touching it
[1512933.930 ms][tid 5ec4] SIDEKIDS> REFUSED: panel 2112 tall exceeds the 1081-px client - not touching it
[1513339.270 ms][tid 5ec4] SIDEKIDS> REFUSED: panel 2112 tall exceeds the 1081-px client - not touching it
[1513745.650 ms][tid 5ec4] SIDEKIDS> REFUSED: panel 2112 tall exceeds the 1081-px client - not touching it
[1514152.247 ms][tid 5ec4] SIDEKIDS> REFUSED: panel 2112 tall exceeds the 1081-px client - not touching it
[1514558.943 ms][tid 5ec4] SIDEKIDS> REFUSED: panel 2112 tall exceeds the 1081-px client - not touching it
[1514963.871 ms][tid 5ec4] SIDEKIDS> REFUSED: panel 2112 tall exceeds the 1081-px client - not touching it
[1515370.604 ms][tid 5ec4] SIDEKIDS> REFUSED: panel 2112 tall exceeds the 1081-px client - not touching it
[1515775.955 ms][tid 5ec4] SIDEKIDS> REFUSED: panel 2112 tall exceeds the 1081-px client - not touching it
[1516182.663 ms][tid 5ec4] SIDEKIDS> REFUSED: panel 2112 tall exceeds the 1081-px client - not touching it
[1516589.719 ms][tid 5ec4] SIDEKIDS> REFUSED: panel 2112 tall exceeds the 1081-px client - not touching it
[1516996.554 ms][tid 5ec4] SIDEKIDS> REFUSED: panel 2112 tall exceeds the 1081-px client - not touching it
[1517402.439 ms][tid 5ec4] SIDEKIDS> REFUSED: panel 2112 tall exceeds the 1081-px client - not touching it
[1517808.326 ms][tid 5ec4] SIDEKIDS> REFUSED: panel 2112 tall exceeds the 1081-px client - not touching it
[1518213.942 ms][tid 5ec4] SIDEKIDS> REFUSED: panel 2112 tall exceeds the 1081-px client - not touching it
[1518620.885 ms][tid 5ec4] SIDEKIDS> REFUSED: panel 2112 tall exceeds the 1081-px client - not touching it
[1519026.892 ms][tid 5ec4] SIDEKIDS> REFUSED: panel 2112 tall exceeds the 1081-px client - not touching it
[1519432.227 ms][tid 5ec4] SIDEKIDS> REFUSED: panel 2112 tall exceeds the 1081-px client - not touching it
[1519839.682 ms][tid 5ec4] SIDEKIDS> REFUSED: panel 2112 tall exceeds the 1081-px client - not touching it
[1520247.006 ms][tid 5ec4] SIDEKIDS> REFUSED: panel 2112 tall exceeds the 1081-px client - not touching it
[1520651.279 ms][tid 5ec4] SIDEKIDS> REFUSED: panel 2112 tall exceeds the 1081-px client - not touching it
[1521057.660 ms][tid 5ec4] SIDEKIDS> REFUSED: panel 2112 tall exceeds the 1081-px client - not touching it
[1521464.144 ms][tid 5ec4] SIDEKIDS> REFUSED: panel 2112 tall exceeds the 1081-px client - not touching it
[1521870.294 ms][tid 5ec4] SIDEKIDS> REFUSED: panel 2112 tall exceeds the 1081-px client - not touching it
[1522276.730 ms][tid 5ec4] SIDEKIDS> REFUSED: panel 2112 tall exceeds the 1081-px client - not touching it
[1522682.656 ms][tid 5ec4] SIDEKIDS> REFUSED: panel 2112 tall exceeds the 1081-px client - not touching it
[1523088.985 ms][tid 5ec4] SIDEKIDS> REFUSED: panel 2112 tall exceeds the 1081-px client - not touching it
[1523496.999 ms][tid 5ec4] SIDEKIDS> REFUSED: panel 2112 tall exceeds the 1081-px client - not touching it
[1523902.046 ms][tid 5ec4] SIDEKIDS> REFUSED: panel 2112 tall exceeds the 1081-px client - not touching it
[1524307.654 ms][tid 5ec4] SIDEKIDS> REFUSED: panel 2112 tall exceeds the 1081-px client - not touching it
[1524714.562 ms][tid 5ec4] SIDEKIDS> REFUSED: panel 2112 tall exceeds the 1081-px client - not touching it
[1525120.147 ms][tid 5ec4] SIDEKIDS> REFUSED: panel 2112 tall exceeds the 1081-px client - not touching it
[1525527.203 ms][tid 5ec4] SIDEKIDS> REFUSED: panel 2112 tall exceeds the 1081-px client - not touching it
[1525933.104 ms][tid 5ec4] SIDEKIDS> REFUSED: panel 2112 tall exceeds the 1081-px client - not touching it
[1526338.718 ms][tid 5ec4] SIDEKIDS> REFUSED: panel 2112 tall exceeds the 1081-px client - not touching it
[1526745.771 ms][tid 5ec4] SIDEKIDS> REFUSED: panel 2112 tall exceeds the 1081-px client - not touching it
[1527152.167 ms][tid 5ec4] SIDEKIDS> REFUSED: panel 2112 tall exceeds the 1081-px client - not touching it
[1527557.829 ms][tid 5ec4] SIDEKIDS> REFUSED: panel 2112 tall exceeds the 1081-px client - not touching it
[1527964.488 ms][tid 5ec4] SIDEKIDS> REFUSED: panel 2112 tall exceeds the 1081-px client - not touching it
[1528370.788 ms][tid 5ec4] SIDEKIDS> REFUSED: panel 2112 tall exceeds the 1081-px client - not touching it
[1528775.911 ms][tid 5ec4] SIDEKIDS> REFUSED: panel 2112 tall exceeds the 1081-px client - not touching it
[1529182.532 ms][tid 5ec4] SIDEKIDS> REFUSED: panel 2112 tall exceeds the 1081-px client - not touching it
[1529588.796 ms][tid 5ec4] SIDEKIDS> REFUSED: panel 2112 tall exceeds the 1081-px client - not touching it
[1529996.874 ms][tid 5ec4] SIDEKIDS> REFUSED: panel 2112 tall exceeds the 1081-px client - not touching it
[1530404.850 ms][tid 5ec4] SIDEKIDS> REFUSED: panel 2112 tall exceeds the 1081-px client - not touching it
[1530809.416 ms][tid 5ec4] SIDEKIDS> REFUSED: panel 2112 tall exceeds the 1081-px client - not touching it
[1531214.561 ms][tid 5ec4] SIDEKIDS> REFUSED: panel 2112 tall exceeds the 1081-px client - not touching it
[1531620.456 ms][tid 5ec4] SIDEKIDS> REFUSED: panel 2112 tall exceeds the 1081-px client - not touching it
[1532027.156 ms][tid 5ec4] SIDEKIDS> REFUSED: panel 2112 tall exceeds the 1081-px client - not touching it
[1532432.206 ms][tid 5ec4] SIDEKIDS> REFUSED: panel 2112 tall exceeds the 1081-px client - not touching it
[1532839.498 ms][tid 5ec4] SIDEKIDS> REFUSED: panel 2112 tall exceeds the 1081-px client - not touching it
[1533246.157 ms][tid 5ec4] SIDEKIDS> REFUSED: panel 2112 tall exceeds the 1081-px client - not touching it
[1533653.105 ms][tid 5ec4] SIDEKIDS> REFUSED: panel 2112 tall exceeds the 1081-px client - not touching it
[1534058.993 ms][tid 5ec4] SIDEKIDS> REFUSED: panel 2112 tall exceeds the 1081-px client - not touching it
[1534465.178 ms][tid 5ec4] SIDEKIDS> REFUSED: panel 2112 tall exceeds the 1081-px client - not touching it
[1534869.694 ms][tid 5ec4] SIDEKIDS> REFUSED: panel 2112 tall exceeds the 1081-px client - not touching it
[1535277.518 ms][tid 5ec4] SIDEKIDS> REFUSED: panel 2112 tall exceeds the 1081-px client - not touching it
[1535682.454 ms][tid 5ec4] SIDEKIDS> REFUSED: panel 2112 tall exceeds the 1081-px client - not touching it
[1536089.109 ms][tid 5ec4] SIDEKIDS> REFUSED: panel 2112 tall exceeds the 1081-px client - not touching it
[1536495.069 ms][tid 5ec4] SIDEKIDS> REFUSED: panel 2112 tall exceeds the 1081-px client - not touching it
[1536901.762 ms][tid 5ec4] SIDEKIDS> REFUSED: panel 2112 tall exceeds the 1081-px client - not touching it
[1537307.602 ms][tid 5ec4] SIDEKIDS> REFUSED: panel 2112 tall exceeds the 1081-px client - not touching it
[1537713.985 ms][tid 5ec4] SIDEKIDS> REFUSED: panel 2112 tall exceeds the 1081-px client - not touching it
[1538120.767 ms][tid 5ec4] SIDEKIDS> REFUSED: panel 2112 tall exceeds the 1081-px client - not touching it
[1538527.348 ms][tid 5ec4] SIDEKIDS> REFUSED: panel 2112 tall exceeds the 1081-px client - not touching it
[1538932.905 ms][tid 5ec4] SIDEKIDS> REFUSED: panel 2112 tall exceeds the 1081-px client - not touching it
[1539339.615 ms][tid 5ec4] SIDEKIDS> REFUSED: panel 2112 tall exceeds the 1081-px client - not touching it
[1539782.631 ms][tid 5ec4] SIDEKIDS> REFUSED: panel 2112 tall exceeds the 1081-px client - not touching it
[1540183.341 ms][tid 5ec4] SIDEKIDS> REFUSED: panel 2112 tall exceeds the 1081-px client - not touching it
[1540603.095 ms][tid 5ec4] SIDEKIDS> REFUSED: panel 2112 tall exceeds the 1081-px client - not touching it
[1540995.297 ms][tid 5ec4] SIDEKIDS> REFUSED: panel 2112 tall exceeds the 1081-px client - not touching it
[1541402.098 ms][tid 5ec4] SIDEKIDS> REFUSED: panel 2112 tall exceeds the 1081-px client - not touching it
[1541808.090 ms][tid 5ec4] SIDEKIDS> REFUSED: panel 2112 tall exceeds the 1081-px client - not touching it
[1542214.894 ms][tid 5ec4] SIDEKIDS> REFUSED: panel 2112 tall exceeds the 1081-px client - not touching it
[1542621.845 ms][tid 5ec4] SIDEKIDS> REFUSED: panel 2112 tall exceeds the 1081-px client - not touching it
[1543026.136 ms][tid 5ec4] SIDEKIDS> REFUSED: panel 2112 tall exceeds the 1081-px client - not touching it
[1543432.955 ms][tid 5ec4] SIDEKIDS> REFUSED: panel 2112 tall exceeds the 1081-px client - not touching it
[1543839.236 ms][tid 5ec4] SIDEKIDS> REFUSED: panel 2112 tall exceeds the 1081-px client - not touching it
[1544245.502 ms][tid 5ec4] SIDEKIDS> REFUSED: panel 2112 tall exceeds the 1081-px client - not touching it
[1544652.061 ms][tid 5ec4] SIDEKIDS> REFUSED: panel 2112 tall exceeds the 1081-px client - not touching it
[1545058.171 ms][tid 5ec4] SIDEKIDS> REFUSED: panel 2112 tall exceeds the 1081-px client - not touching it
[1545465.029 ms][tid 5ec4] SIDEKIDS> REFUSED: panel 2112 tall exceeds the 1081-px client - not touching it
[1545871.304 ms][tid 5ec4] SIDEKIDS> REFUSED: panel 2112 tall exceeds the 1081-px client - not touching it
[1546276.961 ms][tid 5ec4] SIDEKIDS> REFUSED: panel 2112 tall exceeds the 1081-px client - not touching it
[1546682.718 ms][tid 5ec4] SIDEKIDS> REFUSED: panel 2112 tall exceeds the 1081-px client - not touching it
[1547088.934 ms][tid 5ec4] SIDEKIDS> REFUSED: panel 2112 tall exceeds the 1081-px client - not touching it
[1547494.936 ms][tid 5ec4] SIDEKIDS> REFUSED: panel 2112 tall exceeds the 1081-px client - not touching it
[1547901.212 ms][tid 5ec4] SIDEKIDS> REFUSED: panel 2112 tall exceeds the 1081-px client - not touching it
[1548307.891 ms][tid 5ec4] SIDEKIDS> REFUSED: panel 2112 tall exceeds the 1081-px client - not touching it
[1548713.866 ms][tid 5ec4] SIDEKIDS> REFUSED: panel 2112 tall exceeds the 1081-px client - not touching it
[1549119.907 ms][tid 5ec4] SIDEKIDS> REFUSED: panel 2112 tall exceeds the 1081-px client - not touching it
[1549526.295 ms][tid 5ec4] SIDEKIDS> REFUSED: panel 2112 tall exceeds the 1081-px client - not touching it
[1549934.616 ms][tid 5ec4] SIDEKIDS> REFUSED: panel 2112 tall exceeds the 1081-px client - not touching it
[1550339.441 ms][tid 5ec4] SIDEKIDS> REFUSED: panel 2112 tall exceeds the 1081-px client - not touching it
[1550745.323 ms][tid 5ec4] SIDEKIDS> REFUSED: panel 2112 tall exceeds the 1081-px client - not touching it
[1551152.360 ms][tid 5ec4] SIDEKIDS> REFUSED: panel 2112 tall exceeds the 1081-px client - not touching it
[1551558.546 ms][tid 5ec4] SIDEKIDS> REFUSED: panel 2112 tall exceeds the 1081-px client - not touching it
[1551963.727 ms][tid 5ec4] SIDEKIDS> REFUSED: panel 2112 tall exceeds the 1081-px client - not touching it
[1552371.374 ms][tid 5ec4] SIDEKIDS> REFUSED: panel 2112 tall exceeds the 1081-px client - not touching it
[1552776.619 ms][tid 5ec4] SIDEKIDS> REFUSED: panel 2112 tall exceeds the 1081-px client - not touching it
[1553182.688 ms][tid 5ec4] SIDEKIDS> REFUSED: panel 2112 tall exceeds the 1081-px client - not touching it
[1553588.508 ms][tid 5ec4] SIDEKIDS> REFUSED: panel 2112 tall exceeds the 1081-px client - not touching it
[1553996.028 ms][tid 5ec4] SIDEKIDS> REFUSED: panel 2112 tall exceeds the 1081-px client - not touching it
[1554402.444 ms][tid 5ec4] SIDEKIDS> REFUSED: panel 2112 tall exceeds the 1081-px client - not touching it
[1554808.076 ms][tid 5ec4] SIDEKIDS> REFUSED: panel 2112 tall exceeds the 1081-px client - not touching it
[1555214.913 ms][tid 5ec4] SIDEKIDS> REFUSED: panel 2112 tall exceeds the 1081-px client - not touching it
[1555620.637 ms][tid 5ec4] SIDEKIDS> REFUSED: panel 2112 tall exceeds the 1081-px client - not touching it
[1556026.662 ms][tid 5ec4] SIDEKIDS> REFUSED: panel 2112 tall exceeds the 1081-px client - not touching it
[1556434.501 ms][tid 5ec4] SIDEKIDS> REFUSED: panel 2112 tall exceeds the 1081-px client - not touching it
[1556839.137 ms][tid 5ec4] SIDEKIDS> REFUSED: panel 2112 tall exceeds the 1081-px client - not touching it
[1557245.400 ms][tid 5ec4] SIDEKIDS> REFUSED: panel 2112 tall exceeds the 1081-px client - not touching it
[1557651.995 ms][tid 5ec4] SIDEKIDS> REFUSED: panel 2112 tall exceeds the 1081-px client - not touching it
[1558057.995 ms][tid 5ec4] SIDEKIDS> REFUSED: panel 2112 tall exceeds the 1081-px client - not touching it
[1558465.710 ms][tid 5ec4] SIDEKIDS> REFUSED: panel 2112 tall exceeds the 1081-px client - not touching it
[1558869.897 ms][tid 5ec4] SIDEKIDS> REFUSED: panel 2112 tall exceeds the 1081-px client - not touching it
[1559276.290 ms][tid 5ec4] SIDEKIDS> REFUSED: panel 2112 tall exceeds the 1081-px client - not touching it
[1559684.401 ms][tid 5ec4] SIDEKIDS> REFUSED: panel 2112 tall exceeds the 1081-px client - not touching it
[1560089.126 ms][tid 5ec4] SIDEKIDS> REFUSED: panel 2112 tall exceeds the 1081-px client - not touching it
[1560496.783 ms][tid 5ec4] SIDEKIDS> REFUSED: panel 2112 tall exceeds the 1081-px client - not touching it
[1560902.816 ms][tid 5ec4] SIDEKIDS> REFUSED: panel 2112 tall exceeds the 1081-px client - not touching it
[1561308.576 ms][tid 5ec4] SIDEKIDS> REFUSED: panel 2112 tall exceeds the 1081-px client - not touching it
[1561713.983 ms][tid 5ec4] SIDEKIDS> REFUSED: panel 2112 tall exceeds the 1081-px client - not touching it
[1562119.881 ms][tid 5ec4] SIDEKIDS> REFUSED: panel 2112 tall exceeds the 1081-px client - not touching it
[1562526.665 ms][tid 5ec4] SIDEKIDS> REFUSED: panel 2112 tall exceeds the 1081-px client - not touching it
[1562932.381 ms][tid 5ec4] SIDEKIDS> REFUSED: panel 2112 tall exceeds the 1081-px client - not touching it
[1563340.906 ms][tid 5ec4] SIDEKIDS> REFUSED: panel 2112 tall exceeds the 1081-px client - not touching it
[1563746.131 ms][tid 5ec4] SIDEKIDS> REFUSED: panel 2112 tall exceeds the 1081-px client - not touching it
[1564152.200 ms][tid 5ec4] SIDEKIDS> REFUSED: panel 2112 tall exceeds the 1081-px client - not touching it
[1564558.199 ms][tid 5ec4] SIDEKIDS> REFUSED: panel 2112 tall exceeds the 1081-px client - not touching it
[1564964.549 ms][tid 5ec4] SIDEKIDS> REFUSED: panel 2112 tall exceeds the 1081-px client - not touching it
[1565370.683 ms][tid 5ec4] SIDEKIDS> REFUSED: panel 2112 tall exceeds the 1081-px client - not touching it
[1565775.980 ms][tid 5ec4] SIDEKIDS> REFUSED: panel 2112 tall exceeds the 1081-px client - not touching it
[1566183.201 ms][tid 5ec4] SIDEKIDS> REFUSED: panel 2112 tall exceeds the 1081-px client - not touching it
[1566589.205 ms][tid 5ec4] SIDEKIDS> REFUSED: panel 2112 tall exceeds the 1081-px client - not touching it
[1566995.128 ms][tid 5ec4] SIDEKIDS> REFUSED: panel 2112 tall exceeds the 1081-px client - not touching it
[1567402.926 ms][tid 5ec4] SIDEKIDS> REFUSED: panel 2112 tall exceeds the 1081-px client - not touching it
[1567807.228 ms][tid 5ec4] SIDEKIDS> REFUSED: panel 2112 tall exceeds the 1081-px client - not touching it
[1568213.634 ms][tid 5ec4] SIDEKIDS> REFUSED: panel 2112 tall exceeds the 1081-px client - not touching it
[1568620.337 ms][tid 5ec4] SIDEKIDS> REFUSED: panel 2112 tall exceeds the 1081-px client - not touching it
[1569027.681 ms][tid 5ec4] SIDEKIDS> REFUSED: panel 2112 tall exceeds the 1081-px client - not touching it
[1569434.632 ms][tid 5ec4] SIDEKIDS> REFUSED: panel 2112 tall exceeds the 1081-px client - not touching it
[1569840.711 ms][tid 5ec4] SIDEKIDS> REFUSED: panel 2112 tall exceeds the 1081-px client - not touching it
[1570246.324 ms][tid 5ec4] SIDEKIDS> REFUSED: panel 2112 tall exceeds the 1081-px client - not touching it
[1570651.829 ms][tid 5ec4] SIDEKIDS> REFUSED: panel 2112 tall exceeds the 1081-px client - not touching it
[1571058.215 ms][tid 5ec4] SIDEKIDS> REFUSED: panel 2112 tall exceeds the 1081-px client - not touching it
[1571464.439 ms][tid 5ec4] SIDEKIDS> REFUSED: panel 2112 tall exceeds the 1081-px client - not touching it
[1571873.006 ms][tid 5ec4] SIDEKIDS> REFUSED: panel 2112 tall exceeds the 1081-px client - not touching it
[1572277.370 ms][tid 5ec4] SIDEKIDS> REFUSED: panel 2112 tall exceeds the 1081-px client - not touching it
[1572682.346 ms][tid 5ec4] SIDEKIDS> REFUSED: panel 2112 tall exceeds the 1081-px client - not touching it
[1573089.761 ms][tid 5ec4] SIDEKIDS> REFUSED: panel 2112 tall exceeds the 1081-px client - not touching it
[1573496.181 ms][tid 5ec4] SIDEKIDS> REFUSED: panel 2112 tall exceeds the 1081-px client - not touching it
[1573901.469 ms][tid 5ec4] SIDEKIDS> REFUSED: panel 2112 tall exceeds the 1081-px client - not touching it
[1574309.119 ms][tid 5ec4] SIDEKIDS> REFUSED: panel 2112 tall exceeds the 1081-px client - not touching it
[1574714.317 ms][tid 5ec4] SIDEKIDS> REFUSED: panel 2112 tall exceeds the 1081-px client - not touching it
[1575120.618 ms][tid 5ec4] SIDEKIDS> REFUSED: panel 2112 tall exceeds the 1081-px client - not touching it
[1575526.187 ms][tid 5ec4] SIDEKIDS> REFUSED: panel 2112 tall exceeds the 1081-px client - not touching it
[1575932.277 ms][tid 5ec4] SIDEKIDS> REFUSED: panel 2112 tall exceeds the 1081-px client - not touching it
[1576340.651 ms][tid 5ec4] SIDEKIDS> REFUSED: panel 2112 tall exceeds the 1081-px client - not touching it
[1576745.354 ms][tid 5ec4] SIDEKIDS> REFUSED: panel 2112 tall exceeds the 1081-px client - not touching it
[1577151.993 ms][tid 5ec4] SIDEKIDS> REFUSED: panel 2112 tall exceeds the 1081-px client - not touching it
[1577557.345 ms][tid 5ec4] SIDEKIDS> REFUSED: panel 2112 tall exceeds the 1081-px client - not touching it
[1577964.290 ms][tid 5ec4] SIDEKIDS> REFUSED: panel 2112 tall exceeds the 1081-px client - not touching it
[1578370.534 ms][tid 5ec4] SIDEKIDS> REFUSED: panel 2112 tall exceeds the 1081-px client - not touching it
[1578776.713 ms][tid 5ec4] SIDEKIDS> REFUSED: panel 2112 tall exceeds the 1081-px client - not touching it
[1579183.196 ms][tid 5ec4] SIDEKIDS> REFUSED: panel 2112 tall exceeds the 1081-px client - not touching it
[1579589.495 ms][tid 5ec4] SIDEKIDS> REFUSED: panel 2112 tall exceeds the 1081-px client - not touching it
[1579995.046 ms][tid 5ec4] SIDEKIDS> REFUSED: panel 2112 tall exceeds the 1081-px client - not touching it
[1580403.287 ms][tid 5ec4] SIDEKIDS> REFUSED: panel 2112 tall exceeds the 1081-px client - not touching it
[1580808.575 ms][tid 5ec4] SIDEKIDS> REFUSED: panel 2112 tall exceeds the 1081-px client - not touching it
[1581216.157 ms][tid 5ec4] SIDEKIDS> REFUSED: panel 2112 tall exceeds the 1081-px client - not touching it
[1581620.216 ms][tid 5ec4] SIDEKIDS> REFUSED: panel 2112 tall exceeds the 1081-px client - not touching it
[1582026.799 ms][tid 5ec4] SIDEKIDS> REFUSED: panel 2112 tall exceeds the 1081-px client - not touching it
[1582432.803 ms][tid 5ec4] SIDEKIDS> REFUSED: panel 2112 tall exceeds the 1081-px client - not touching it
[1582839.087 ms][tid 5ec4] SIDEKIDS> REFUSED: panel 2112 tall exceeds the 1081-px client - not touching it
[1583245.612 ms][tid 5ec4] SIDEKIDS> REFUSED: panel 2112 tall exceeds the 1081-px client - not touching it
[1583653.322 ms][tid 5ec4] SIDEKIDS> REFUSED: panel 2112 tall exceeds the 1081-px client - not touching it
[1584058.512 ms][tid 5ec4] SIDEKIDS> REFUSED: panel 2112 tall exceeds the 1081-px client - not touching it
[1584464.366 ms][tid 5ec4] SIDEKIDS> REFUSED: panel 2112 tall exceeds the 1081-px client - not touching it
[1584869.966 ms][tid 5ec4] SIDEKIDS> REFUSED: panel 2112 tall exceeds the 1081-px client - not touching it
[1585276.514 ms][tid 5ec4] SIDEKIDS> REFUSED: panel 2112 tall exceeds the 1081-px client - not touching it
[1585683.639 ms][tid 5ec4] SIDEKIDS> REFUSED: panel 2112 tall exceeds the 1081-px client - not touching it
[1586088.679 ms][tid 5ec4] SIDEKIDS> REFUSED: panel 2112 tall exceeds the 1081-px client - not touching it
[1586495.541 ms][tid 5ec4] SIDEKIDS> REFUSED: panel 2112 tall exceeds the 1081-px client - not touching it
[1586903.045 ms][tid 5ec4] SIDEKIDS> REFUSED: panel 2112 tall exceeds the 1081-px client - not touching it
[1587307.422 ms][tid 5ec4] SIDEKIDS> REFUSED: panel 2112 tall exceeds the 1081-px client - not touching it
[1587714.491 ms][tid 5ec4] SIDEKIDS> REFUSED: panel 2112 tall exceeds the 1081-px client - not touching it
[1588119.800 ms][tid 5ec4] SIDEKIDS> REFUSED: panel 2112 tall exceeds the 1081-px client - not touching it
[1588526.521 ms][tid 5ec4] SIDEKIDS> REFUSED: panel 2112 tall exceeds the 1081-px client - not touching it
[1588932.579 ms][tid 5ec4] SIDEKIDS> REFUSED: panel 2112 tall exceeds the 1081-px client - not touching it
[1589338.604 ms][tid 5ec4] SIDEKIDS> REFUSED: panel 2112 tall exceeds the 1081-px client - not touching it
[1589745.087 ms][tid 5ec4] SIDEKIDS> REFUSED: panel 2112 tall exceeds the 1081-px client - not touching it
[1590151.938 ms][tid 5ec4] SIDEKIDS> REFUSED: panel 2112 tall exceeds the 1081-px client - not touching it
[1590557.806 ms][tid 5ec4] SIDEKIDS> REFUSED: panel 2112 tall exceeds the 1081-px client - not touching it
[1590964.014 ms][tid 5ec4] SIDEKIDS> REFUSED: panel 2112 tall exceeds the 1081-px client - not touching it
[1591370.341 ms][tid 5ec4] SIDEKIDS> REFUSED: panel 2112 tall exceeds the 1081-px client - not touching it
[1591776.432 ms][tid 5ec4] SIDEKIDS> REFUSED: panel 2112 tall exceeds the 1081-px client - not touching it
[1592182.665 ms][tid 5ec4] SIDEKIDS> REFUSED: panel 2112 tall exceeds the 1081-px client - not touching it
[1592589.073 ms][tid 5ec4] SIDEKIDS> REFUSED: panel 2112 tall exceeds the 1081-px client - not touching it
[1592995.471 ms][tid 5ec4] SIDEKIDS> REFUSED: panel 2112 tall exceeds the 1081-px client - not touching it
[1593402.115 ms][tid 5ec4] SIDEKIDS> REFUSED: panel 2112 tall exceeds the 1081-px client - not touching it
[1593807.656 ms][tid 5ec4] SIDEKIDS> REFUSED: panel 2112 tall exceeds the 1081-px client - not touching it
[1594213.858 ms][tid 5ec4] SIDEKIDS> REFUSED: panel 2112 tall exceeds the 1081-px client - not touching it
[1594620.021 ms][tid 5ec4] SIDEKIDS> REFUSED: panel 2112 tall exceeds the 1081-px client - not touching it
[1595026.047 ms][tid 5ec4] SIDEKIDS> REFUSED: panel 2112 tall exceeds the 1081-px client - not touching it
[1595432.809 ms][tid 5ec4] SIDEKIDS> REFUSED: panel 2112 tall exceeds the 1081-px client - not touching it
[1595838.971 ms][tid 5ec4] SIDEKIDS> REFUSED: panel 2112 tall exceeds the 1081-px client - not touching it
[1596245.149 ms][tid 5ec4] SIDEKIDS> REFUSED: panel 2112 tall exceeds the 1081-px client - not touching it
[1596651.842 ms][tid 5ec4] SIDEKIDS> REFUSED: panel 2112 tall exceeds the 1081-px client - not touching it
[1597059.212 ms][tid 5ec4] SIDEKIDS> REFUSED: panel 2112 tall exceeds the 1081-px client - not touching it
[1597464.199 ms][tid 5ec4] SIDEKIDS> REFUSED: panel 2112 tall exceeds the 1081-px client - not touching it
[1597870.573 ms][tid 5ec4] SIDEKIDS> REFUSED: panel 2112 tall exceeds the 1081-px client - not touching it
[1598276.326 ms][tid 5ec4] SIDEKIDS> REFUSED: panel 2112 tall exceeds the 1081-px client - not touching it
[1598683.324 ms][tid 5ec4] SIDEKIDS> REFUSED: panel 2112 tall exceeds the 1081-px client - not touching it
[1599089.480 ms][tid 5ec4] SIDEKIDS> REFUSED: panel 2112 tall exceeds the 1081-px client - not touching it
[1599495.679 ms][tid 5ec4] SIDEKIDS> REFUSED: panel 2112 tall exceeds the 1081-px client - not touching it
[1599902.075 ms][tid 5ec4] SIDEKIDS> REFUSED: panel 2112 tall exceeds the 1081-px client - not touching it
[1600307.883 ms][tid 5ec4] SIDEKIDS> REFUSED: panel 2112 tall exceeds the 1081-px client - not touching it
[1600714.569 ms][tid 5ec4] SIDEKIDS> REFUSED: panel 2112 tall exceeds the 1081-px client - not touching it
[1601120.183 ms][tid 5ec4] SIDEKIDS> REFUSED: panel 2112 tall exceeds the 1081-px client - not touching it
[1601526.388 ms][tid 5ec4] SIDEKIDS> REFUSED: panel 2112 tall exceeds the 1081-px client - not touching it
[1601933.069 ms][tid 5ec4] SIDEKIDS> REFUSED: panel 2112 tall exceeds the 1081-px client - not touching it
[1602338.479 ms][tid 5ec4] SIDEKIDS> REFUSED: panel 2112 tall exceeds the 1081-px client - not touching it
[1602747.167 ms][tid 5ec4] SIDEKIDS> REFUSED: panel 2112 tall exceeds the 1081-px client - not touching it
[1603153.314 ms][tid 5ec4] SIDEKIDS> REFUSED: panel 2112 tall exceeds the 1081-px client - not touching it
[1603558.722 ms][tid 5ec4] SIDEKIDS> REFUSED: panel 2112 tall exceeds the 1081-px client - not touching it
[1603963.972 ms][tid 5ec4] SIDEKIDS> REFUSED: panel 2112 tall exceeds the 1081-px client - not touching it
[1604371.021 ms][tid 5ec4] SIDEKIDS> REFUSED: panel 2112 tall exceeds the 1081-px client - not touching it
[1604776.903 ms][tid 5ec4] SIDEKIDS> REFUSED: panel 2112 tall exceeds the 1081-px client - not touching it
[1605182.551 ms][tid 5ec4] SIDEKIDS> REFUSED: panel 2112 tall exceeds the 1081-px client - not touching it
[1605588.872 ms][tid 5ec4] SIDEKIDS> REFUSED: panel 2112 tall exceeds the 1081-px client - not touching it
[1605995.765 ms][tid 5ec4] SIDEKIDS> REFUSED: panel 2112 tall exceeds the 1081-px client - not touching it
[1606402.910 ms][tid 5ec4] SIDEKIDS> REFUSED: panel 2112 tall exceeds the 1081-px client - not touching it
[1606809.021 ms][tid 5ec4] SIDEKIDS> REFUSED: panel 2112 tall exceeds the 1081-px client - not touching it
[1607214.580 ms][tid 5ec4] SIDEKIDS> REFUSED: panel 2112 tall exceeds the 1081-px client - not touching it
[1607620.045 ms][tid 5ec4] SIDEKIDS> REFUSED: panel 2112 tall exceeds the 1081-px client - not touching it
[1608026.625 ms][tid 5ec4] SIDEKIDS> REFUSED: panel 2112 tall exceeds the 1081-px client - not touching it
[1608432.539 ms][tid 5ec4] SIDEKIDS> REFUSED: panel 2112 tall exceeds the 1081-px client - not touching it
[1608839.017 ms][tid 5ec4] SIDEKIDS> REFUSED: panel 2112 tall exceeds the 1081-px client - not touching it
[1609245.745 ms][tid 5ec4] SIDEKIDS> REFUSED: panel 2112 tall exceeds the 1081-px client - not touching it
[1609652.471 ms][tid 5ec4] SIDEKIDS> REFUSED: panel 2112 tall exceeds the 1081-px client - not touching it
[1610057.682 ms][tid 5ec4] SIDEKIDS> REFUSED: panel 2112 tall exceeds the 1081-px client - not touching it
[1610464.197 ms][tid 5ec4] SIDEKIDS> REFUSED: panel 2112 tall exceeds the 1081-px client - not touching it
[1610870.075 ms][tid 5ec4] SIDEKIDS> REFUSED: panel 2112 tall exceeds the 1081-px client - not touching it
[1611276.002 ms][tid 5ec4] SIDEKIDS> REFUSED: panel 2112 tall exceeds the 1081-px client - not touching it
[1611684.095 ms][tid 5ec4] SIDEKIDS> REFUSED: panel 2112 tall exceeds the 1081-px client - not touching it
[1612090.042 ms][tid 5ec4] SIDEKIDS> REFUSED: panel 2112 tall exceeds the 1081-px client - not touching it
[1612495.172 ms][tid 5ec4] SIDEKIDS> REFUSED: panel 2112 tall exceeds the 1081-px client - not touching it
[1612901.735 ms][tid 5ec4] SIDEKIDS> REFUSED: panel 2112 tall exceeds the 1081-px client - not touching it
[1613307.495 ms][tid 5ec4] SIDEKIDS> REFUSED: panel 2112 tall exceeds the 1081-px client - not touching it
[1613714.224 ms][tid 5ec4] SIDEKIDS> REFUSED: panel 2112 tall exceeds the 1081-px client - not touching it
[1614119.934 ms][tid 5ec4] SIDEKIDS> REFUSED: panel 2112 tall exceeds the 1081-px client - not touching it
[1614527.448 ms][tid 5ec4] SIDEKIDS> REFUSED: panel 2112 tall exceeds the 1081-px client - not touching it
[1614932.290 ms][tid 5ec4] SIDEKIDS> REFUSED: panel 2112 tall exceeds the 1081-px client - not touching it
[1615338.634 ms][tid 5ec4] SIDEKIDS> REFUSED: panel 2112 tall exceeds the 1081-px client - not touching it
[1615745.125 ms][tid 5ec4] SIDEKIDS> REFUSED: panel 2112 tall exceeds the 1081-px client - not touching it
[1616152.316 ms][tid 5ec4] SIDEKIDS> REFUSED: panel 2112 tall exceeds the 1081-px client - not touching it
[1616558.457 ms][tid 5ec4] SIDEKIDS> REFUSED: panel 2112 tall exceeds the 1081-px client - not touching it
[1616964.138 ms][tid 5ec4] SIDEKIDS> REFUSED: panel 2112 tall exceeds the 1081-px client - not touching it
[1617369.703 ms][tid 5ec4] SIDEKIDS> REFUSED: panel 2112 tall exceeds the 1081-px client - not touching it
[1617777.383 ms][tid 5ec4] SIDEKIDS> REFUSED: panel 2112 tall exceeds the 1081-px client - not touching it
[1618182.542 ms][tid 5ec4] SIDEKIDS> REFUSED: panel 2112 tall exceeds the 1081-px client - not touching it
[1618589.101 ms][tid 5ec4] SIDEKIDS> REFUSED: panel 2112 tall exceeds the 1081-px client - not touching it
[1618995.524 ms][tid 5ec4] SIDEKIDS> REFUSED: panel 2112 tall exceeds the 1081-px client - not touching it
[1619402.475 ms][tid 5ec4] SIDEKIDS> REFUSED: panel 2112 tall exceeds the 1081-px client - not touching it
[1619807.244 ms][tid 5ec4] SIDEKIDS> REFUSED: panel 2112 tall exceeds the 1081-px client - not touching it
[1620213.460 ms][tid 5ec4] SIDEKIDS> REFUSED: panel 2112 tall exceeds the 1081-px client - not touching it
[1620619.991 ms][tid 5ec4] SIDEKIDS> REFUSED: panel 2112 tall exceeds the 1081-px client - not touching it
[1621027.119 ms][tid 5ec4] SIDEKIDS> REFUSED: panel 2112 tall exceeds the 1081-px client - not touching it
[1621432.785 ms][tid 5ec4] SIDEKIDS> REFUSED: panel 2112 tall exceeds the 1081-px client - not touching it
[1621839.032 ms][tid 5ec4] SIDEKIDS> REFUSED: panel 2112 tall exceeds the 1081-px client - not touching it
[1622245.007 ms][tid 5ec4] SIDEKIDS> REFUSED: panel 2112 tall exceeds the 1081-px client - not touching it
[1622652.628 ms][tid 5ec4] SIDEKIDS> REFUSED: panel 2112 tall exceeds the 1081-px client - not touching it
[1623058.191 ms][tid 5ec4] SIDEKIDS> REFUSED: panel 2112 tall exceeds the 1081-px client - not touching it
[1623463.808 ms][tid 5ec4] SIDEKIDS> REFUSED: panel 2112 tall exceeds the 1081-px client - not touching it
[1623871.162 ms][tid 5ec4] SIDEKIDS> REFUSED: panel 2112 tall exceeds the 1081-px client - not touching it
[1624276.389 ms][tid 5ec4] SIDEKIDS> REFUSED: panel 2112 tall exceeds the 1081-px client - not touching it
[1624682.331 ms][tid 5ec4] SIDEKIDS> REFUSED: panel 2112 tall exceeds the 1081-px client - not touching it
[1625089.171 ms][tid 5ec4] SIDEKIDS> REFUSED: panel 2112 tall exceeds the 1081-px client - not touching it
[1625495.449 ms][tid 5ec4] SIDEKIDS> REFUSED: panel 2112 tall exceeds the 1081-px client - not touching it
[1625901.862 ms][tid 5ec4] SIDEKIDS> REFUSED: panel 2112 tall exceeds the 1081-px client - not touching it
[1626308.331 ms][tid 5ec4] SIDEKIDS> REFUSED: panel 2112 tall exceeds the 1081-px client - not touching it
[1626714.092 ms][tid 5ec4] SIDEKIDS> REFUSED: panel 2112 tall exceeds the 1081-px client - not touching it
[1627121.086 ms][tid 5ec4] SIDEKIDS> REFUSED: panel 2112 tall exceeds the 1081-px client - not touching it
[1627528.097 ms][tid 5ec4] SIDEKIDS> REFUSED: panel 2112 tall exceeds the 1081-px client - not touching it
[1627932.449 ms][tid 5ec4] SIDEKIDS> REFUSED: panel 2112 tall exceeds the 1081-px client - not touching it
[1628338.943 ms][tid 5ec4] SIDEKIDS> REFUSED: panel 2112 tall exceeds the 1081-px client - not touching it
[1628745.049 ms][tid 5ec4] SIDEKIDS> REFUSED: panel 2112 tall exceeds the 1081-px client - not touching it
[1629151.949 ms][tid 5ec4] SIDEKIDS> REFUSED: panel 2112 tall exceeds the 1081-px client - not touching it
[1629557.915 ms][tid 5ec4] SIDEKIDS> REFUSED: panel 2112 tall exceeds the 1081-px client - not touching it
[1629963.563 ms][tid 5ec4] SIDEKIDS> REFUSED: panel 2112 tall exceeds the 1081-px client - not touching it
[1630371.237 ms][tid 5ec4] SIDEKIDS> REFUSED: panel 2112 tall exceeds the 1081-px client - not touching it
[1630776.360 ms][tid 5ec4] SIDEKIDS> REFUSED: panel 2112 tall exceeds the 1081-px client - not touching it
[1631182.355 ms][tid 5ec4] SIDEKIDS> REFUSED: panel 2112 tall exceeds the 1081-px client - not touching it
[1631589.328 ms][tid 5ec4] SIDEKIDS> REFUSED: panel 2112 tall exceeds the 1081-px client - not touching it
[1631995.221 ms][tid 5ec4] SIDEKIDS> REFUSED: panel 2112 tall exceeds the 1081-px client - not touching it
[1632402.044 ms][tid 5ec4] SIDEKIDS> REFUSED: panel 2112 tall exceeds the 1081-px client - not touching it
[1632807.947 ms][tid 5ec4] SIDEKIDS> REFUSED: panel 2112 tall exceeds the 1081-px client - not touching it
[1633213.515 ms][tid 5ec4] SIDEKIDS> REFUSED: panel 2112 tall exceeds the 1081-px client - not touching it
[1633621.205 ms][tid 5ec4] SIDEKIDS> REFUSED: panel 2112 tall exceeds the 1081-px client - not touching it
[1634027.360 ms][tid 5ec4] SIDEKIDS> REFUSED: panel 2112 tall exceeds the 1081-px client - not touching it
[1634433.330 ms][tid 5ec4] SIDEKIDS> REFUSED: panel 2112 tall exceeds the 1081-px client - not touching it
[1634839.505 ms][tid 5ec4] SIDEKIDS> REFUSED: panel 2112 tall exceeds the 1081-px client - not touching it
[1635245.524 ms][tid 5ec4] SIDEKIDS> REFUSED: panel 2112 tall exceeds the 1081-px client - not touching it
[1635651.781 ms][tid 5ec4] SIDEKIDS> REFUSED: panel 2112 tall exceeds the 1081-px client - not touching it
[1636057.328 ms][tid 5ec4] SIDEKIDS> REFUSED: panel 2112 tall exceeds the 1081-px client - not touching it
[1636465.219 ms][tid 5ec4] SIDEKIDS> REFUSED: panel 2112 tall exceeds the 1081-px client - not touching it
[1636870.490 ms][tid 5ec4] SIDEKIDS> REFUSED: panel 2112 tall exceeds the 1081-px client - not touching it
[1637276.344 ms][tid 5ec4] SIDEKIDS> REFUSED: panel 2112 tall exceeds the 1081-px client - not touching it
[1637683.167 ms][tid 5ec4] SIDEKIDS> REFUSED: panel 2112 tall exceeds the 1081-px client - not touching it
[1638089.060 ms][tid 5ec4] SIDEKIDS> REFUSED: panel 2112 tall exceeds the 1081-px client - not touching it
[1638495.273 ms][tid 5ec4] SIDEKIDS> REFUSED: panel 2112 tall exceeds the 1081-px client - not touching it
[1638902.219 ms][tid 5ec4] SIDEKIDS> REFUSED: panel 2112 tall exceeds the 1081-px client - not touching it
[1639307.590 ms][tid 5ec4] SIDEKIDS> REFUSED: panel 2112 tall exceeds the 1081-px client - not touching it
[1639714.545 ms][tid 5ec4] SIDEKIDS> REFUSED: panel 2112 tall exceeds the 1081-px client - not touching it
[1640120.288 ms][tid 5ec4] SIDEKIDS> REFUSED: panel 2112 tall exceeds the 1081-px client - not touching it
[1640527.746 ms][tid 5ec4] SIDEKIDS> REFUSED: panel 2112 tall exceeds the 1081-px client - not touching it
[1640932.609 ms][tid 5ec4] SIDEKIDS> REFUSED: panel 2112 tall exceeds the 1081-px client - not touching it
[1641339.395 ms][tid 5ec4] SIDEKIDS> REFUSED: panel 2112 tall exceeds the 1081-px client - not touching it
[1641746.133 ms][tid 5ec4] SIDEKIDS> REFUSED: panel 2112 tall exceeds the 1081-px client - not touching it
[1642151.105 ms][tid 5ec4] SIDEKIDS> REFUSED: panel 2112 tall exceeds the 1081-px client - not touching it
[1642557.920 ms][tid 5ec4] SIDEKIDS> REFUSED: panel 2112 tall exceeds the 1081-px client - not touching it
[1642965.120 ms][tid 5ec4] SIDEKIDS> REFUSED: panel 2112 tall exceeds the 1081-px client - not touching it
[1643370.451 ms][tid 5ec4] SIDEKIDS> REFUSED: panel 2112 tall exceeds the 1081-px client - not touching it
[1643776.335 ms][tid 5ec4] SIDEKIDS> REFUSED: panel 2112 tall exceeds the 1081-px client - not touching it
[1644182.809 ms][tid 5ec4] SIDEKIDS> REFUSED: panel 2112 tall exceeds the 1081-px client - not touching it
[1644589.085 ms][tid 5ec4] SIDEKIDS> REFUSED: panel 2112 tall exceeds the 1081-px client - not touching it
[1644995.555 ms][tid 5ec4] SIDEKIDS> REFUSED: panel 2112 tall exceeds the 1081-px client - not touching it
[1645401.467 ms][tid 5ec4] SIDEKIDS> REFUSED: panel 2112 tall exceeds the 1081-px client - not touching it
[1645807.492 ms][tid 5ec4] SIDEKIDS> REFUSED: panel 2112 tall exceeds the 1081-px client - not touching it
[1646214.647 ms][tid 5ec4] SIDEKIDS> REFUSED: panel 2112 tall exceeds the 1081-px client - not touching it
[1646620.556 ms][tid 5ec4] SIDEKIDS> REFUSED: panel 2112 tall exceeds the 1081-px client - not touching it
[1647027.366 ms][tid 5ec4] SIDEKIDS> REFUSED: panel 2112 tall exceeds the 1081-px client - not touching it
[1647432.854 ms][tid 5ec4] SIDEKIDS> REFUSED: panel 2112 tall exceeds the 1081-px client - not touching it
[1647838.770 ms][tid 5ec4] SIDEKIDS> REFUSED: panel 2112 tall exceeds the 1081-px client - not touching it
[1648245.045 ms][tid 5ec4] SIDEKIDS> REFUSED: panel 2112 tall exceeds the 1081-px client - not touching it
[1648652.301 ms][tid 5ec4] SIDEKIDS> REFUSED: panel 2112 tall exceeds the 1081-px client - not touching it
[1649057.474 ms][tid 5ec4] SIDEKIDS> REFUSED: panel 2112 tall exceeds the 1081-px client - not touching it
[1649463.789 ms][tid 5ec4] SIDEKIDS> REFUSED: panel 2112 tall exceeds the 1081-px client - not touching it
[1649871.384 ms][tid 5ec4] SIDEKIDS> REFUSED: panel 2112 tall exceeds the 1081-px client - not touching it
[1650276.901 ms][tid 5ec4] SIDEKIDS> REFUSED: panel 2112 tall exceeds the 1081-px client - not touching it
[1650683.145 ms][tid 5ec4] SIDEKIDS> REFUSED: panel 2112 tall exceeds the 1081-px client - not touching it
[1651090.326 ms][tid 5ec4] SIDEKIDS> REFUSED: panel 2112 tall exceeds the 1081-px client - not touching it
[1651495.287 ms][tid 5ec4] SIDEKIDS> REFUSED: panel 2112 tall exceeds the 1081-px client - not touching it
[1651902.478 ms][tid 5ec4] SIDEKIDS> REFUSED: panel 2112 tall exceeds the 1081-px client - not touching it
[1652307.318 ms][tid 5ec4] SIDEKIDS> REFUSED: panel 2112 tall exceeds the 1081-px client - not touching it
[1652713.558 ms][tid 5ec4] SIDEKIDS> REFUSED: panel 2112 tall exceeds the 1081-px client - not touching it
[1653120.688 ms][tid 5ec4] SIDEKIDS> REFUSED: panel 2112 tall exceeds the 1081-px client - not touching it
[1653526.770 ms][tid 5ec4] SIDEKIDS> REFUSED: panel 2112 tall exceeds the 1081-px client - not touching it
[1653933.199 ms][tid 5ec4] SIDEKIDS> REFUSED: panel 2112 tall exceeds the 1081-px client - not touching it
[1654338.828 ms][tid 5ec4] SIDEKIDS> REFUSED: panel 2112 tall exceeds the 1081-px client - not touching it
[1654745.128 ms][tid 5ec4] SIDEKIDS> REFUSED: panel 2112 tall exceeds the 1081-px client - not touching it
[1655151.752 ms][tid 5ec4] SIDEKIDS> REFUSED: panel 2112 tall exceeds the 1081-px client - not touching it
[1655558.866 ms][tid 5ec4] SIDEKIDS> REFUSED: panel 2112 tall exceeds the 1081-px client - not touching it
[1655965.246 ms][tid 5ec4] SIDEKIDS> REFUSED: panel 2112 tall exceeds the 1081-px client - not touching it
[1656371.170 ms][tid 5ec4] SIDEKIDS> REFUSED: panel 2112 tall exceeds the 1081-px client - not touching it
[1656776.136 ms][tid 5ec4] SIDEKIDS> REFUSED: panel 2112 tall exceeds the 1081-px client - not touching it
[1657183.060 ms][tid 5ec4] SIDEKIDS> REFUSED: panel 2112 tall exceeds the 1081-px client - not touching it
[1657589.501 ms][tid 5ec4] SIDEKIDS> REFUSED: panel 2112 tall exceeds the 1081-px client - not touching it
[1657995.465 ms][tid 5ec4] SIDEKIDS> REFUSED: panel 2112 tall exceeds the 1081-px client - not touching it
[1658402.754 ms][tid 5ec4] SIDEKIDS> REFUSED: panel 2112 tall exceeds the 1081-px client - not touching it
[1658807.571 ms][tid 5ec4] SIDEKIDS> REFUSED: panel 2112 tall exceeds the 1081-px client - not touching it
[1659213.707 ms][tid 5ec4] SIDEKIDS> REFUSED: panel 2112 tall exceeds the 1081-px client - not touching it
[1659620.021 ms][tid 5ec4] SIDEKIDS> REFUSED: panel 2112 tall exceeds the 1081-px client - not touching it
[1660027.470 ms][tid 5ec4] SIDEKIDS> REFUSED: panel 2112 tall exceeds the 1081-px client - not touching it
[1660433.256 ms][tid 5ec4] SIDEKIDS> REFUSED: panel 2112 tall exceeds the 1081-px client - not touching it
[1660840.335 ms][tid 5ec4] SIDEKIDS> REFUSED: panel 2112 tall exceeds the 1081-px client - not touching it
[1661245.903 ms][tid 5ec4] SIDEKIDS> REFUSED: panel 2112 tall exceeds the 1081-px client - not touching it
[1661651.544 ms][tid 5ec4] SIDEKIDS> REFUSED: panel 2112 tall exceeds the 1081-px client - not touching it
[1662058.532 ms][tid 5ec4] SIDEKIDS> REFUSED: panel 2112 tall exceeds the 1081-px client - not touching it
[1662463.692 ms][tid 5ec4] SIDEKIDS> REFUSED: panel 2112 tall exceeds the 1081-px client - not touching it
[1662870.971 ms][tid 5ec4] SIDEKIDS> REFUSED: panel 2112 tall exceeds the 1081-px client - not touching it
[1663276.423 ms][tid 5ec4] SIDEKIDS> REFUSED: panel 2112 tall exceeds the 1081-px client - not touching it
[1663683.510 ms][tid 5ec4] SIDEKIDS> REFUSED: panel 2112 tall exceeds the 1081-px client - not touching it
[1664089.374 ms][tid 5ec4] SIDEKIDS> REFUSED: panel 2112 tall exceeds the 1081-px client - not touching it
[1664495.893 ms][tid 5ec4] SIDEKIDS> REFUSED: panel 2112 tall exceeds the 1081-px client - not touching it
[1664901.711 ms][tid 5ec4] SIDEKIDS> REFUSED: panel 2112 tall exceeds the 1081-px client - not touching it
[1665308.097 ms][tid 5ec4] SIDEKIDS> REFUSED: panel 2112 tall exceeds the 1081-px client - not touching it
[1665714.696 ms][tid 5ec4] SIDEKIDS> REFUSED: panel 2112 tall exceeds the 1081-px client - not touching it
[1666120.920 ms][tid 5ec4] SIDEKIDS> REFUSED: panel 2112 tall exceeds the 1081-px client - not touching it
[1666526.887 ms][tid 5ec4] SIDEKIDS> REFUSED: panel 2112 tall exceeds the 1081-px client - not touching it
[1666933.714 ms][tid 5ec4] SIDEKIDS> REFUSED: panel 2112 tall exceeds the 1081-px client - not touching it
[1667339.296 ms][tid 5ec4] SIDEKIDS> REFUSED: panel 2112 tall exceeds the 1081-px client - not touching it
[1667745.345 ms][tid 5ec4] SIDEKIDS> REFUSED: panel 2112 tall exceeds the 1081-px client - not touching it
[1668152.421 ms][tid 5ec4] SIDEKIDS> REFUSED: panel 2112 tall exceeds the 1081-px client - not touching it
[1668557.420 ms][tid 5ec4] SIDEKIDS> REFUSED: panel 2112 tall exceeds the 1081-px client - not touching it
[1668964.903 ms][tid 5ec4] SIDEKIDS> REFUSED: panel 2112 tall exceeds the 1081-px client - not touching it
[1669370.941 ms][tid 5ec4] SIDEKIDS> REFUSED: panel 2112 tall exceeds the 1081-px client - not touching it
[1669776.556 ms][tid 5ec4] SIDEKIDS> REFUSED: panel 2112 tall exceeds the 1081-px client - not touching it
[1670183.345 ms][tid 5ec4] SIDEKIDS> REFUSED: panel 2112 tall exceeds the 1081-px client - not touching it
[1670589.323 ms][tid 5ec4] SIDEKIDS> REFUSED: panel 2112 tall exceeds the 1081-px client - not touching it
[1670996.601 ms][tid 5ec4] SIDEKIDS> REFUSED: panel 2112 tall exceeds the 1081-px client - not touching it
[1671402.053 ms][tid 5ec4] SIDEKIDS> REFUSED: panel 2112 tall exceeds the 1081-px client - not touching it
[1671808.184 ms][tid 5ec4] SIDEKIDS> REFUSED: panel 2112 tall exceeds the 1081-px client - not touching it
[1672214.352 ms][tid 5ec4] SIDEKIDS> REFUSED: panel 2112 tall exceeds the 1081-px client - not touching it
[1672620.900 ms][tid 5ec4] SIDEKIDS> REFUSED: panel 2112 tall exceeds the 1081-px client - not touching it
[1673027.007 ms][tid 5ec4] SIDEKIDS> REFUSED: panel 2112 tall exceeds the 1081-px client - not touching it
[1673432.836 ms][tid 5ec4] SIDEKIDS> REFUSED: panel 2112 tall exceeds the 1081-px client - not touching it
[1673840.151 ms][tid 5ec4] SIDEKIDS> REFUSED: panel 2112 tall exceeds the 1081-px client - not touching it
[1674245.299 ms][tid 5ec4] SIDEKIDS> REFUSED: panel 2112 tall exceeds the 1081-px client - not touching it
[1674651.492 ms][tid 5ec4] SIDEKIDS> REFUSED: panel 2112 tall exceeds the 1081-px client - not touching it
[1675057.589 ms][tid 5ec4] SIDEKIDS> REFUSED: panel 2112 tall exceeds the 1081-px client - not touching it
[1675465.514 ms][tid 5ec4] SIDEKIDS> REFUSED: panel 2112 tall exceeds the 1081-px client - not touching it
[1675871.021 ms][tid 5ec4] SIDEKIDS> REFUSED: panel 2112 tall exceeds the 1081-px client - not touching it
[1676276.950 ms][tid 5ec4] SIDEKIDS> REFUSED: panel 2112 tall exceeds the 1081-px client - not touching it
[1676683.448 ms][tid 5ec4] SIDEKIDS> REFUSED: panel 2112 tall exceeds the 1081-px client - not touching it
[1677089.447 ms][tid 5ec4] SIDEKIDS> REFUSED: panel 2112 tall exceeds the 1081-px client - not touching it
[1677495.610 ms][tid 5ec4] SIDEKIDS> REFUSED: panel 2112 tall exceeds the 1081-px client - not touching it
[1677902.452 ms][tid 5ec4] SIDEKIDS> REFUSED: panel 2112 tall exceeds the 1081-px client - not touching it
[1678307.353 ms][tid 5ec4] SIDEKIDS> REFUSED: panel 2112 tall exceeds the 1081-px client - not touching it
[1678713.823 ms][tid 5ec4] SIDEKIDS> REFUSED: panel 2112 tall exceeds the 1081-px client - not touching it
[1679121.226 ms][tid 5ec4] SIDEKIDS> REFUSED: panel 2112 tall exceeds the 1081-px client - not touching it
[1679526.754 ms][tid 5ec4] SIDEKIDS> REFUSED: panel 2112 tall exceeds the 1081-px client - not touching it
[1679933.003 ms][tid 5ec4] SIDEKIDS> REFUSED: panel 2112 tall exceeds the 1081-px client - not touching it
[1680339.638 ms][tid 5ec4] SIDEKIDS> REFUSED: panel 2112 tall exceeds the 1081-px client - not touching it
[1680745.374 ms][tid 5ec4] SIDEKIDS> REFUSED: panel 2112 tall exceeds the 1081-px client - not touching it
[1681151.684 ms][tid 5ec4] SIDEKIDS> REFUSED: panel 2112 tall exceeds the 1081-px client - not touching it
[1681558.493 ms][tid 5ec4] SIDEKIDS> REFUSED: panel 2112 tall exceeds the 1081-px client - not touching it
[1681964.378 ms][tid 5ec4] SIDEKIDS> REFUSED: panel 2112 tall exceeds the 1081-px client - not touching it
[1682370.137 ms][tid 5ec4] SIDEKIDS> REFUSED: panel 2112 tall exceeds the 1081-px client - not touching it
[1682777.092 ms][tid 5ec4] SIDEKIDS> REFUSED: panel 2112 tall exceeds the 1081-px client - not touching it
[1683182.973 ms][tid 5ec4] SIDEKIDS> REFUSED: panel 2112 tall exceeds the 1081-px client - not touching it
[1683589.003 ms][tid 5ec4] SIDEKIDS> REFUSED: panel 2112 tall exceeds the 1081-px client - not touching it
[1683995.430 ms][tid 5ec4] SIDEKIDS> REFUSED: panel 2112 tall exceeds the 1081-px client - not touching it
[1684402.654 ms][tid 5ec4] SIDEKIDS> REFUSED: panel 2112 tall exceeds the 1081-px client - not touching it
[1684809.060 ms][tid 5ec4] SIDEKIDS> REFUSED: panel 2112 tall exceeds the 1081-px client - not touching it
[1685214.307 ms][tid 5ec4] SIDEKIDS> REFUSED: panel 2112 tall exceeds the 1081-px client - not touching it
[1685621.060 ms][tid 5ec4] SIDEKIDS> REFUSED: panel 2112 tall exceeds the 1081-px client - not touching it
[1686026.984 ms][tid 5ec4] SIDEKIDS> REFUSED: panel 2112 tall exceeds the 1081-px client - not touching it
[1686433.056 ms][tid 5ec4] SIDEKIDS> REFUSED: panel 2112 tall exceeds the 1081-px client - not touching it
[1686839.347 ms][tid 5ec4] SIDEKIDS> REFUSED: panel 2112 tall exceeds the 1081-px client - not touching it
[1687245.619 ms][tid 5ec4] SIDEKIDS> REFUSED: panel 2112 tall exceeds the 1081-px client - not touching it
[1687651.766 ms][tid 5ec4] SIDEKIDS> REFUSED: panel 2112 tall exceeds the 1081-px client - not touching it
[1688057.627 ms][tid 5ec4] SIDEKIDS> REFUSED: panel 2112 tall exceeds the 1081-px client - not touching it
[1688463.856 ms][tid 5ec4] SIDEKIDS> REFUSED: panel 2112 tall exceeds the 1081-px client - not touching it
[1688870.461 ms][tid 5ec4] SIDEKIDS> REFUSED: panel 2112 tall exceeds the 1081-px client - not touching it
[1689276.625 ms][tid 5ec4] SIDEKIDS> REFUSED: panel 2112 tall exceeds the 1081-px client - not touching it
[1689682.632 ms][tid 5ec4] SIDEKIDS> REFUSED: panel 2112 tall exceeds the 1081-px client - not touching it
[1690089.825 ms][tid 5ec4] SIDEKIDS> REFUSED: panel 2112 tall exceeds the 1081-px client - not touching it
[1690496.224 ms][tid 5ec4] SIDEKIDS> REFUSED: panel 2112 tall exceeds the 1081-px client - not touching it
[1690901.265 ms][tid 5ec4] SIDEKIDS> REFUSED: panel 2112 tall exceeds the 1081-px client - not touching it
[1691307.954 ms][tid 5ec4] SIDEKIDS> REFUSED: panel 2112 tall exceeds the 1081-px client - not touching it
[1691714.586 ms][tid 5ec4] SIDEKIDS> REFUSED: panel 2112 tall exceeds the 1081-px client - not touching it
[1692121.557 ms][tid 5ec4] SIDEKIDS> REFUSED: panel 2112 tall exceeds the 1081-px client - not touching it
[1692527.663 ms][tid 5ec4] SIDEKIDS> REFUSED: panel 2112 tall exceeds the 1081-px client - not touching it
[1692932.442 ms][tid 5ec4] SIDEKIDS> REFUSED: panel 2112 tall exceeds the 1081-px client - not touching it
[1693340.529 ms][tid 5ec4] SIDEKIDS> REFUSED: panel 2112 tall exceeds the 1081-px client - not touching it
[1693745.502 ms][tid 5ec4] SIDEKIDS> REFUSED: panel 2112 tall exceeds the 1081-px client - not touching it
[1694150.968 ms][tid 5ec4] SIDEKIDS> REFUSED: panel 2112 tall exceeds the 1081-px client - not touching it
[1694557.689 ms][tid 5ec4] SIDEKIDS> REFUSED: panel 2112 tall exceeds the 1081-px client - not touching it
[1694964.477 ms][tid 5ec4] SIDEKIDS> REFUSED: panel 2112 tall exceeds the 1081-px client - not touching it
[1695370.269 ms][tid 5ec4] SIDEKIDS> REFUSED: panel 2112 tall exceeds the 1081-px client - not touching it
[1695777.258 ms][tid 5ec4] SIDEKIDS> REFUSED: panel 2112 tall exceeds the 1081-px client - not touching it
[1696182.797 ms][tid 5ec4] SIDEKIDS> REFUSED: panel 2112 tall exceeds the 1081-px client - not touching it
[1696589.668 ms][tid 5ec4] SIDEKIDS> REFUSED: panel 2112 tall exceeds the 1081-px client - not touching it
[1696995.749 ms][tid 5ec4] SIDEKIDS> REFUSED: panel 2112 tall exceeds the 1081-px client - not touching it
[1697401.955 ms][tid 5ec4] SIDEKIDS> REFUSED: panel 2112 tall exceeds the 1081-px client - not touching it
[1697807.904 ms][tid 5ec4] SIDEKIDS> REFUSED: panel 2112 tall exceeds the 1081-px client - not touching it
[1698214.588 ms][tid 5ec4] SIDEKIDS> REFUSED: panel 2112 tall exceeds the 1081-px client - not touching it
[1698620.549 ms][tid 5ec4] SIDEKIDS> REFUSED: panel 2112 tall exceeds the 1081-px client - not touching it
[1699027.035 ms][tid 5ec4] SIDEKIDS> REFUSED: panel 2112 tall exceeds the 1081-px client - not touching it
[1699432.951 ms][tid 5ec4] SIDEKIDS> REFUSED: panel 2112 tall exceeds the 1081-px client - not touching it
[1699838.953 ms][tid 5ec4] SIDEKIDS> REFUSED: panel 2112 tall exceeds the 1081-px client - not touching it
[1700245.411 ms][tid 5ec4] SIDEKIDS> REFUSED: panel 2112 tall exceeds the 1081-px client - not touching it
[1700651.789 ms][tid 5ec4] SIDEKIDS> REFUSED: panel 2112 tall exceeds the 1081-px client - not touching it
[1701058.555 ms][tid 5ec4] SIDEKIDS> REFUSED: panel 2112 tall exceeds the 1081-px client - not touching it
[1701463.929 ms][tid 5ec4] SIDEKIDS> REFUSED: panel 2112 tall exceeds the 1081-px client - not touching it
[1701870.734 ms][tid 5ec4] SIDEKIDS> REFUSED: panel 2112 tall exceeds the 1081-px client - not touching it
[1702276.931 ms][tid 5ec4] SIDEKIDS> REFUSED: panel 2112 tall exceeds the 1081-px client - not touching it
[1702683.235 ms][tid 5ec4] SIDEKIDS> REFUSED: panel 2112 tall exceeds the 1081-px client - not touching it
[1703089.121 ms][tid 5ec4] SIDEKIDS> REFUSED: panel 2112 tall exceeds the 1081-px client - not touching it
[1703495.390 ms][tid 5ec4] SIDEKIDS> REFUSED: panel 2112 tall exceeds the 1081-px client - not touching it
[1703901.230 ms][tid 5ec4] SIDEKIDS> REFUSED: panel 2112 tall exceeds the 1081-px client - not touching it
[1704308.499 ms][tid 5ec4] SIDEKIDS> REFUSED: panel 2112 tall exceeds the 1081-px client - not touching it
[1704713.732 ms][tid 5ec4] SIDEKIDS> REFUSED: panel 2112 tall exceeds the 1081-px client - not touching it
[1705120.768 ms][tid 5ec4] SIDEKIDS> REFUSED: panel 2112 tall exceeds the 1081-px client - not touching it
[1705526.965 ms][tid 5ec4] SIDEKIDS> REFUSED: panel 2112 tall exceeds the 1081-px client - not touching it
[1705933.016 ms][tid 5ec4] SIDEKIDS> REFUSED: panel 2112 tall exceeds the 1081-px client - not touching it
[1706339.182 ms][tid 5ec4] SIDEKIDS> REFUSED: panel 2112 tall exceeds the 1081-px client - not touching it
[1706745.936 ms][tid 5ec4] SIDEKIDS> REFUSED: panel 2112 tall exceeds the 1081-px client - not touching it
[1707152.283 ms][tid 5ec4] SIDEKIDS> REFUSED: panel 2112 tall exceeds the 1081-px client - not touching it
[1707557.528 ms][tid 5ec4] SIDEKIDS> REFUSED: panel 2112 tall exceeds the 1081-px client - not touching it
[1707965.043 ms][tid 5ec4] SIDEKIDS> REFUSED: panel 2112 tall exceeds the 1081-px client - not touching it
[1708370.985 ms][tid 5ec4] SIDEKIDS> REFUSED: panel 2112 tall exceeds the 1081-px client - not touching it
[1708777.616 ms][tid 5ec4] SIDEKIDS> REFUSED: panel 2112 tall exceeds the 1081-px client - not touching it
[1709182.453 ms][tid 5ec4] SIDEKIDS> REFUSED: panel 2112 tall exceeds the 1081-px client - not touching it
[1709590.271 ms][tid 5ec4] SIDEKIDS> REFUSED: panel 2112 tall exceeds the 1081-px client - not touching it
[1709995.362 ms][tid 5ec4] SIDEKIDS> REFUSED: panel 2112 tall exceeds the 1081-px client - not touching it
[1710403.156 ms][tid 5ec4] SIDEKIDS> REFUSED: panel 2112 tall exceeds the 1081-px client - not touching it
[1710807.812 ms][tid 5ec4] SIDEKIDS> REFUSED: panel 2112 tall exceeds the 1081-px client - not touching it
[1711213.723 ms][tid 5ec4] SIDEKIDS> REFUSED: panel 2112 tall exceeds the 1081-px client - not touching it
[1711620.701 ms][tid 5ec4] SIDEKIDS> REFUSED: panel 2112 tall exceeds the 1081-px client - not touching it
[1712026.386 ms][tid 5ec4] SIDEKIDS> REFUSED: panel 2112 tall exceeds the 1081-px client - not touching it
[1712432.538 ms][tid 5ec4] SIDEKIDS> REFUSED: panel 2112 tall exceeds the 1081-px client - not touching it
[1712838.955 ms][tid 5ec4] SIDEKIDS> REFUSED: panel 2112 tall exceeds the 1081-px client - not touching it
[1713245.705 ms][tid 5ec4] SIDEKIDS> REFUSED: panel 2112 tall exceeds the 1081-px client - not touching it
[1713652.184 ms][tid 5ec4] SIDEKIDS> REFUSED: panel 2112 tall exceeds the 1081-px client - not touching it
[1714057.846 ms][tid 5ec4] SIDEKIDS> REFUSED: panel 2112 tall exceeds the 1081-px client - not touching it
[1714464.770 ms][tid 5ec4] SIDEKIDS> REFUSED: panel 2112 tall exceeds the 1081-px client - not touching it
[1714871.167 ms][tid 5ec4] SIDEKIDS> REFUSED: panel 2112 tall exceeds the 1081-px client - not touching it
[1715276.396 ms][tid 5ec4] SIDEKIDS> REFUSED: panel 2112 tall exceeds the 1081-px client - not touching it
[1715683.006 ms][tid 5ec4] SIDEKIDS> REFUSED: panel 2112 tall exceeds the 1081-px client - not touching it
[1716088.828 ms][tid 5ec4] SIDEKIDS> REFUSED: panel 2112 tall exceeds the 1081-px client - not touching it
[1716495.838 ms][tid 5ec4] SIDEKIDS> REFUSED: panel 2112 tall exceeds the 1081-px client - not touching it
[1716901.388 ms][tid 5ec4] SIDEKIDS> REFUSED: panel 2112 tall exceeds the 1081-px client - not touching it
[1717308.140 ms][tid 5ec4] SIDEKIDS> REFUSED: panel 2112 tall exceeds the 1081-px client - not touching it
[1717713.785 ms][tid 5ec4] SIDEKIDS> REFUSED: panel 2112 tall exceeds the 1081-px client - not touching it
[1718120.446 ms][tid 5ec4] SIDEKIDS> REFUSED: panel 2112 tall exceeds the 1081-px client - not touching it
[1718526.789 ms][tid 5ec4] SIDEKIDS> REFUSED: panel 2112 tall exceeds the 1081-px client - not touching it
[1718932.960 ms][tid 5ec4] SIDEKIDS> REFUSED: panel 2112 tall exceeds the 1081-px client - not touching it
[1719339.398 ms][tid 5ec4] SIDEKIDS> REFUSED: panel 2112 tall exceeds the 1081-px client - not touching it
[1719745.172 ms][tid 5ec4] SIDEKIDS> REFUSED: panel 2112 tall exceeds the 1081-px client - not touching it
[1720152.859 ms][tid 5ec4] SIDEKIDS> REFUSED: panel 2112 tall exceeds the 1081-px client - not touching it
[1720558.000 ms][tid 5ec4] SIDEKIDS> REFUSED: panel 2112 tall exceeds the 1081-px client - not touching it
[1720964.147 ms][tid 5ec4] SIDEKIDS> REFUSED: panel 2112 tall exceeds the 1081-px client - not touching it
[1721370.384 ms][tid 5ec4] SIDEKIDS> REFUSED: panel 2112 tall exceeds the 1081-px client - not touching it
[1721776.352 ms][tid 5ec4] SIDEKIDS> REFUSED: panel 2112 tall exceeds the 1081-px client - not touching it
[1722183.484 ms][tid 5ec4] SIDEKIDS> REFUSED: panel 2112 tall exceeds the 1081-px client - not touching it
[1722588.970 ms][tid 5ec4] SIDEKIDS> REFUSED: panel 2112 tall exceeds the 1081-px client - not touching it
[1722995.359 ms][tid 5ec4] SIDEKIDS> REFUSED: panel 2112 tall exceeds the 1081-px client - not touching it
[1723401.294 ms][tid 5ec4] SIDEKIDS> REFUSED: panel 2112 tall exceeds the 1081-px client - not touching it
[1723808.604 ms][tid 5ec4] SIDEKIDS> REFUSED: panel 2112 tall exceeds the 1081-px client - not touching it
[1724214.373 ms][tid 5ec4] SIDEKIDS> REFUSED: panel 2112 tall exceeds the 1081-px client - not touching it
[1724620.340 ms][tid 5ec4] SIDEKIDS> REFUSED: panel 2112 tall exceeds the 1081-px client - not touching it
[1725026.995 ms][tid 5ec4] SIDEKIDS> REFUSED: panel 2112 tall exceeds the 1081-px client - not touching it
[1725433.617 ms][tid 5ec4] SIDEKIDS> REFUSED: panel 2112 tall exceeds the 1081-px client - not touching it
[1725839.070 ms][tid 5ec4] SIDEKIDS> REFUSED: panel 2112 tall exceeds the 1081-px client - not touching it
[1726245.087 ms][tid 5ec4] SIDEKIDS> REFUSED: panel 2112 tall exceeds the 1081-px client - not touching it
[1726650.887 ms][tid 5ec4] SIDEKIDS> REFUSED: panel 2112 tall exceeds the 1081-px client - not touching it
[1727058.300 ms][tid 5ec4] SIDEKIDS> REFUSED: panel 2112 tall exceeds the 1081-px client - not touching it
[1727464.107 ms][tid 5ec4] SIDEKIDS> REFUSED: panel 2112 tall exceeds the 1081-px client - not touching it
[1727871.235 ms][tid 5ec4] SIDEKIDS> REFUSED: panel 2112 tall exceeds the 1081-px client - not touching it
[1728276.295 ms][tid 5ec4] SIDEKIDS> REFUSED: panel 2112 tall exceeds the 1081-px client - not touching it
[1728683.046 ms][tid 5ec4] SIDEKIDS> REFUSED: panel 2112 tall exceeds the 1081-px client - not touching it
[1729088.401 ms][tid 5ec4] SIDEKIDS> REFUSED: panel 2112 tall exceeds the 1081-px client - not touching it
[1729495.340 ms][tid 5ec4] SIDEKIDS> REFUSED: panel 2112 tall exceeds the 1081-px client - not touching it
[1729901.407 ms][tid 5ec4] SIDEKIDS> REFUSED: panel 2112 tall exceeds the 1081-px client - not touching it
[1730308.153 ms][tid 5ec4] SIDEKIDS> REFUSED: panel 2112 tall exceeds the 1081-px client - not touching it
[1730714.166 ms][tid 5ec4] SIDEKIDS> REFUSED: panel 2112 tall exceeds the 1081-px client - not touching it
[1731121.042 ms][tid 5ec4] SIDEKIDS> REFUSED: panel 2112 tall exceeds the 1081-px client - not touching it
[1731526.872 ms][tid 5ec4] SIDEKIDS> REFUSED: panel 2112 tall exceeds the 1081-px client - not touching it
[1731933.081 ms][tid 5ec4] SIDEKIDS> REFUSED: panel 2112 tall exceeds the 1081-px client - not touching it
[1732340.028 ms][tid 5ec4] SIDEKIDS> REFUSED: panel 2112 tall exceeds the 1081-px client - not touching it
[1732745.532 ms][tid 5ec4] SIDEKIDS> REFUSED: panel 2112 tall exceeds the 1081-px client - not touching it
[1733153.211 ms][tid 5ec4] SIDEKIDS> REFUSED: panel 2112 tall exceeds the 1081-px client - not touching it
[1733557.926 ms][tid 5ec4] SIDEKIDS> REFUSED: panel 2112 tall exceeds the 1081-px client - not touching it
[1733963.773 ms][tid 5ec4] SIDEKIDS> REFUSED: panel 2112 tall exceeds the 1081-px client - not touching it
[1734371.251 ms][tid 5ec4] SIDEKIDS> REFUSED: panel 2112 tall exceeds the 1081-px client - not touching it
[1734777.211 ms][tid 5ec4] SIDEKIDS> REFUSED: panel 2112 tall exceeds the 1081-px client - not touching it
[1735183.373 ms][tid 5ec4] SIDEKIDS> REFUSED: panel 2112 tall exceeds the 1081-px client - not touching it
[1735589.300 ms][tid 5ec4] SIDEKIDS> REFUSED: panel 2112 tall exceeds the 1081-px client - not touching it
[1735995.177 ms][tid 5ec4] SIDEKIDS> REFUSED: panel 2112 tall exceeds the 1081-px client - not touching it
[1736401.542 ms][tid 5ec4] SIDEKIDS> REFUSED: panel 2112 tall exceeds the 1081-px client - not touching it
[1736808.046 ms][tid 5ec4] SIDEKIDS> REFUSED: panel 2112 tall exceeds the 1081-px client - not touching it
[1737214.335 ms][tid 5ec4] SIDEKIDS> REFUSED: panel 2112 tall exceeds the 1081-px client - not touching it
[1737620.337 ms][tid 5ec4] SIDEKIDS> REFUSED: panel 2112 tall exceeds the 1081-px client - not touching it
[1738026.669 ms][tid 5ec4] SIDEKIDS> REFUSED: panel 2112 tall exceeds the 1081-px client - not touching it
[1738433.532 ms][tid 5ec4] SIDEKIDS> REFUSED: panel 2112 tall exceeds the 1081-px client - not touching it
[1738840.086 ms][tid 5ec4] SIDEKIDS> REFUSED: panel 2112 tall exceeds the 1081-px client - not touching it
[1739245.792 ms][tid 5ec4] SIDEKIDS> REFUSED: panel 2112 tall exceeds the 1081-px client - not touching it
[1739651.113 ms][tid 5ec4] SIDEKIDS> REFUSED: panel 2112 tall exceeds the 1081-px client - not touching it
[1740058.281 ms][tid 5ec4] SIDEKIDS> REFUSED: panel 2112 tall exceeds the 1081-px client - not touching it
[1740463.658 ms][tid 5ec4] SIDEKIDS> REFUSED: panel 2112 tall exceeds the 1081-px client - not touching it
[1740869.946 ms][tid 5ec4] SIDEKIDS> REFUSED: panel 2112 tall exceeds the 1081-px client - not touching it
[1741277.086 ms][tid 5ec4] SIDEKIDS> REFUSED: panel 2112 tall exceeds the 1081-px client - not touching it
[1741683.234 ms][tid 5ec4] SIDEKIDS> REFUSED: panel 2112 tall exceeds the 1081-px client - not touching it
[1742088.969 ms][tid 5ec4] SIDEKIDS> REFUSED: panel 2112 tall exceeds the 1081-px client - not touching it
[1742495.232 ms][tid 5ec4] SIDEKIDS> REFUSED: panel 2112 tall exceeds the 1081-px client - not touching it
[1742901.866 ms][tid 5ec4] SIDEKIDS> REFUSED: panel 2112 tall exceeds the 1081-px client - not touching it
[1743308.258 ms][tid 5ec4] SIDEKIDS> REFUSED: panel 2112 tall exceeds the 1081-px client - not touching it
[1743713.958 ms][tid 5ec4] SIDEKIDS> REFUSED: panel 2112 tall exceeds the 1081-px client - not touching it
[1744120.029 ms][tid 5ec4] SIDEKIDS> REFUSED: panel 2112 tall exceeds the 1081-px client - not touching it
[1744526.782 ms][tid 5ec4] SIDEKIDS> REFUSED: panel 2112 tall exceeds the 1081-px client - not touching it
[1744932.356 ms][tid 5ec4] SIDEKIDS> REFUSED: panel 2112 tall exceeds the 1081-px client - not touching it
[1745338.850 ms][tid 5ec4] SIDEKIDS> REFUSED: panel 2112 tall exceeds the 1081-px client - not touching it
[1745745.370 ms][tid 5ec4] SIDEKIDS> REFUSED: panel 2112 tall exceeds the 1081-px client - not touching it
[1746152.006 ms][tid 5ec4] SIDEKIDS> REFUSED: panel 2112 tall exceeds the 1081-px client - not touching it
[1746558.687 ms][tid 5ec4] SIDEKIDS> REFUSED: panel 2112 tall exceeds the 1081-px client - not touching it
[1746964.434 ms][tid 5ec4] SIDEKIDS> REFUSED: panel 2112 tall exceeds the 1081-px client - not touching it
[1747370.543 ms][tid 5ec4] SIDEKIDS> REFUSED: panel 2112 tall exceeds the 1081-px client - not touching it
[1747777.145 ms][tid 5ec4] SIDEKIDS> REFUSED: panel 2112 tall exceeds the 1081-px client - not touching it
[1748182.405 ms][tid 5ec4] SIDEKIDS> REFUSED: panel 2112 tall exceeds the 1081-px client - not touching it
[1748589.457 ms][tid 5ec4] SIDEKIDS> REFUSED: panel 2112 tall exceeds the 1081-px client - not touching it
[1748995.807 ms][tid 5ec4] SIDEKIDS> REFUSED: panel 2112 tall exceeds the 1081-px client - not touching it
[1749401.792 ms][tid 5ec4] SIDEKIDS> REFUSED: panel 2112 tall exceeds the 1081-px client - not touching it
[1749807.456 ms][tid 5ec4] SIDEKIDS> REFUSED: panel 2112 tall exceeds the 1081-px client - not touching it
[1750213.840 ms][tid 5ec4] SIDEKIDS> REFUSED: panel 2112 tall exceeds the 1081-px client - not touching it
[1750620.526 ms][tid 5ec4] SIDEKIDS> REFUSED: panel 2112 tall exceeds the 1081-px client - not touching it
[1751026.427 ms][tid 5ec4] SIDEKIDS> REFUSED: panel 2112 tall exceeds the 1081-px client - not touching it
[1751432.705 ms][tid 5ec4] SIDEKIDS> REFUSED: panel 2112 tall exceeds the 1081-px client - not touching it
[1751839.470 ms][tid 5ec4] SIDEKIDS> REFUSED: panel 2112 tall exceeds the 1081-px client - not touching it
[1752246.331 ms][tid 5ec4] SIDEKIDS> REFUSED: panel 2112 tall exceeds the 1081-px client - not touching it
[1752652.665 ms][tid 5ec4] SIDEKIDS> REFUSED: panel 2112 tall exceeds the 1081-px client - not touching it
[1753057.805 ms][tid 5ec4] SIDEKIDS> REFUSED: panel 2112 tall exceeds the 1081-px client - not touching it
[1753464.114 ms][tid 5ec4] SIDEKIDS> REFUSED: panel 2112 tall exceeds the 1081-px client - not touching it
[1753871.012 ms][tid 5ec4] SIDEKIDS> REFUSED: panel 2112 tall exceeds the 1081-px client - not touching it
[1754276.394 ms][tid 5ec4] SIDEKIDS> REFUSED: panel 2112 tall exceeds the 1081-px client - not touching it
[1754682.777 ms][tid 5ec4] SIDEKIDS> REFUSED: panel 2112 tall exceeds the 1081-px client - not touching it
[1755088.879 ms][tid 5ec4] SIDEKIDS> REFUSED: panel 2112 tall exceeds the 1081-px client - not touching it
[1755495.550 ms][tid 5ec4] SIDEKIDS> REFUSED: panel 2112 tall exceeds the 1081-px client - not touching it
[1755901.555 ms][tid 5ec4] SIDEKIDS> REFUSED: panel 2112 tall exceeds the 1081-px client - not touching it
[1756307.635 ms][tid 5ec4] SIDEKIDS> REFUSED: panel 2112 tall exceeds the 1081-px client - not touching it
[1756714.255 ms][tid 5ec4] SIDEKIDS> REFUSED: panel 2112 tall exceeds the 1081-px client - not touching it
[1757119.983 ms][tid 5ec4] SIDEKIDS> REFUSED: panel 2112 tall exceeds the 1081-px client - not touching it
[1757527.277 ms][tid 5ec4] SIDEKIDS> REFUSED: panel 2112 tall exceeds the 1081-px client - not touching it
[1757932.585 ms][tid 5ec4] SIDEKIDS> REFUSED: panel 2112 tall exceeds the 1081-px client - not touching it
[1758338.604 ms][tid 5ec4] SIDEKIDS> REFUSED: panel 2112 tall exceeds the 1081-px client - not touching it
[1758745.374 ms][tid 5ec4] SIDEKIDS> REFUSED: panel 2112 tall exceeds the 1081-px client - not touching it
[1759151.415 ms][tid 5ec4] SIDEKIDS> REFUSED: panel 2112 tall exceeds the 1081-px client - not touching it
[1759558.629 ms][tid 5ec4] SIDEKIDS> REFUSED: panel 2112 tall exceeds the 1081-px client - not touching it
[1759963.868 ms][tid 5ec4] SIDEKIDS> REFUSED: panel 2112 tall exceeds the 1081-px client - not touching it
[1760369.842 ms][tid 5ec4] SIDEKIDS> REFUSED: panel 2112 tall exceeds the 1081-px client - not touching it
[1760776.791 ms][tid 5ec4] SIDEKIDS> REFUSED: panel 2112 tall exceeds the 1081-px client - not touching it
[1761182.930 ms][tid 5ec4] SIDEKIDS> REFUSED: panel 2112 tall exceeds the 1081-px client - not touching it
[1761588.857 ms][tid 5ec4] SIDEKIDS> REFUSED: panel 2112 tall exceeds the 1081-px client - not touching it
[1761995.473 ms][tid 5ec4] SIDEKIDS> REFUSED: panel 2112 tall exceeds the 1081-px client - not touching it
[1762401.636 ms][tid 5ec4] SIDEKIDS> REFUSED: panel 2112 tall exceeds the 1081-px client - not touching it
[1762807.198 ms][tid 5ec4] SIDEKIDS> REFUSED: panel 2112 tall exceeds the 1081-px client - not touching it
[1763214.242 ms][tid 5ec4] SIDEKIDS> REFUSED: panel 2112 tall exceeds the 1081-px client - not touching it
[1763621.247 ms][tid 5ec4] SIDEKIDS> REFUSED: panel 2112 tall exceeds the 1081-px client - not touching it
[1764026.593 ms][tid 5ec4] SIDEKIDS> REFUSED: panel 2112 tall exceeds the 1081-px client - not touching it
[1764432.858 ms][tid 5ec4] SIDEKIDS> REFUSED: panel 2112 tall exceeds the 1081-px client - not touching it
[1764839.719 ms][tid 5ec4] SIDEKIDS> REFUSED: panel 2112 tall exceeds the 1081-px client - not touching it
[1765245.438 ms][tid 5ec4] SIDEKIDS> REFUSED: panel 2112 tall exceeds the 1081-px client - not touching it
[1765652.211 ms][tid 5ec4] SIDEKIDS> REFUSED: panel 2112 tall exceeds the 1081-px client - not touching it
[1766057.320 ms][tid 5ec4] SIDEKIDS> REFUSED: panel 2112 tall exceeds the 1081-px client - not touching it
[1766464.155 ms][tid 5ec4] SIDEKIDS> REFUSED: panel 2112 tall exceeds the 1081-px client - not touching it
[1766870.953 ms][tid 5ec4] SIDEKIDS> REFUSED: panel 2112 tall exceeds the 1081-px client - not touching it
[1767276.987 ms][tid 5ec4] SIDEKIDS> REFUSED: panel 2112 tall exceeds the 1081-px client - not touching it
[1767682.250 ms][tid 5ec4] SIDEKIDS> REFUSED: panel 2112 tall exceeds the 1081-px client - not touching it
[1768089.223 ms][tid 5ec4] SIDEKIDS> REFUSED: panel 2112 tall exceeds the 1081-px client - not touching it
[1768495.357 ms][tid 5ec4] SIDEKIDS> REFUSED: panel 2112 tall exceeds the 1081-px client - not touching it
[1768901.215 ms][tid 5ec4] SIDEKIDS> REFUSED: panel 2112 tall exceeds the 1081-px client - not touching it
[1769307.557 ms][tid 5ec4] SIDEKIDS> REFUSED: panel 2112 tall exceeds the 1081-px client - not touching it
[1769713.833 ms][tid 5ec4] SIDEKIDS> REFUSED: panel 2112 tall exceeds the 1081-px client - not touching it
[1770121.298 ms][tid 5ec4] SIDEKIDS> REFUSED: panel 2112 tall exceeds the 1081-px client - not touching it
[1770525.915 ms][tid 5ec4] SIDEKIDS> REFUSED: panel 2112 tall exceeds the 1081-px client - not touching it
[1770932.884 ms][tid 5ec4] SIDEKIDS> REFUSED: panel 2112 tall exceeds the 1081-px client - not touching it
[1771338.873 ms][tid 5ec4] SIDEKIDS> REFUSED: panel 2112 tall exceeds the 1081-px client - not touching it
[1771745.199 ms][tid 5ec4] SIDEKIDS> REFUSED: panel 2112 tall exceeds the 1081-px client - not touching it
[1772151.957 ms][tid 5ec4] SIDEKIDS> REFUSED: panel 2112 tall exceeds the 1081-px client - not touching it
[1772557.964 ms][tid 5ec4] SIDEKIDS> REFUSED: panel 2112 tall exceeds the 1081-px client - not touching it
[1772964.025 ms][tid 5ec4] SIDEKIDS> REFUSED: panel 2112 tall exceeds the 1081-px client - not touching it
[1773370.941 ms][tid 5ec4] SIDEKIDS> REFUSED: panel 2112 tall exceeds the 1081-px client - not touching it
[1773777.116 ms][tid 5ec4] SIDEKIDS> REFUSED: panel 2112 tall exceeds the 1081-px client - not touching it
[1774182.390 ms][tid 5ec4] SIDEKIDS> REFUSED: panel 2112 tall exceeds the 1081-px client - not touching it
[1774589.082 ms][tid 5ec4] SIDEKIDS> REFUSED: panel 2112 tall exceeds the 1081-px client - not touching it
[1774995.418 ms][tid 5ec4] SIDEKIDS> REFUSED: panel 2112 tall exceeds the 1081-px client - not touching it
[1775402.385 ms][tid 5ec4] SIDEKIDS> REFUSED: panel 2112 tall exceeds the 1081-px client - not touching it
[1775807.321 ms][tid 5ec4] SIDEKIDS> REFUSED: panel 2112 tall exceeds the 1081-px client - not touching it
[1776214.096 ms][tid 5ec4] SIDEKIDS> REFUSED: panel 2112 tall exceeds the 1081-px client - not touching it
[1776620.712 ms][tid 5ec4] SIDEKIDS> REFUSED: panel 2112 tall exceeds the 1081-px client - not touching it
[1777026.209 ms][tid 5ec4] SIDEKIDS> REFUSED: panel 2112 tall exceeds the 1081-px client - not touching it
[1777432.543 ms][tid 5ec4] SIDEKIDS> REFUSED: panel 2112 tall exceeds the 1081-px client - not touching it
[1777838.893 ms][tid 5ec4] SIDEKIDS> REFUSED: panel 2112 tall exceeds the 1081-px client - not touching it
[1778245.363 ms][tid 5ec4] SIDEKIDS> REFUSED: panel 2112 tall exceeds the 1081-px client - not touching it
[1778651.184 ms][tid 5ec4] SIDEKIDS> REFUSED: panel 2112 tall exceeds the 1081-px client - not touching it
[1779057.157 ms][tid 5ec4] SIDEKIDS> REFUSED: panel 2112 tall exceeds the 1081-px client - not touching it
[1779465.205 ms][tid 5ec4] SIDEKIDS> REFUSED: panel 2112 tall exceeds the 1081-px client - not touching it
[1779871.584 ms][tid 5ec4] SIDEKIDS> REFUSED: panel 2112 tall exceeds the 1081-px client - not touching it
[1780276.187 ms][tid 5ec4] SIDEKIDS> REFUSED: panel 2112 tall exceeds the 1081-px client - not touching it
[1780682.466 ms][tid 5ec4] SIDEKIDS> REFUSED: panel 2112 tall exceeds the 1081-px client - not touching it
[1781089.619 ms][tid 5ec4] SIDEKIDS> REFUSED: panel 2112 tall exceeds the 1081-px client - not touching it
[1781494.894 ms][tid 5ec4] SIDEKIDS> REFUSED: panel 2112 tall exceeds the 1081-px client - not touching it
[1781902.144 ms][tid 5ec4] SIDEKIDS> REFUSED: panel 2112 tall exceeds the 1081-px client - not touching it
[1782308.701 ms][tid 5ec4] SIDEKIDS> REFUSED: panel 2112 tall exceeds the 1081-px client - not touching it
[1782713.643 ms][tid 5ec4] SIDEKIDS> REFUSED: panel 2112 tall exceeds the 1081-px client - not touching it
[1783120.443 ms][tid 5ec4] SIDEKIDS> REFUSED: panel 2112 tall exceeds the 1081-px client - not touching it
[1783526.796 ms][tid 5ec4] SIDEKIDS> REFUSED: panel 2112 tall exceeds the 1081-px client - not touching it
[1783932.980 ms][tid 5ec4] SIDEKIDS> REFUSED: panel 2112 tall exceeds the 1081-px client - not touching it
[1784339.158 ms][tid 5ec4] SIDEKIDS> REFUSED: panel 2112 tall exceeds the 1081-px client - not touching it
[1784745.347 ms][tid 5ec4] SIDEKIDS> REFUSED: panel 2112 tall exceeds the 1081-px client - not touching it
[1785151.227 ms][tid 5ec4] SIDEKIDS> REFUSED: panel 2112 tall exceeds the 1081-px client - not touching it
[1785558.589 ms][tid 5ec4] SIDEKIDS> REFUSED: panel 2112 tall exceeds the 1081-px client - not touching it
[1785963.682 ms][tid 5ec4] SIDEKIDS> REFUSED: panel 2112 tall exceeds the 1081-px client - not touching it
[1786370.309 ms][tid 5ec4] SIDEKIDS> REFUSED: panel 2112 tall exceeds the 1081-px client - not touching it
[1786776.599 ms][tid 5ec4] SIDEKIDS> REFUSED: panel 2112 tall exceeds the 1081-px client - not touching it
[1787182.428 ms][tid 5ec4] SIDEKIDS> REFUSED: panel 2112 tall exceeds the 1081-px client - not touching it
[1787589.600 ms][tid 5ec4] SIDEKIDS> REFUSED: panel 2112 tall exceeds the 1081-px client - not touching it
[1787995.528 ms][tid 5ec4] SIDEKIDS> REFUSED: panel 2112 tall exceeds the 1081-px client - not touching it
[1788401.840 ms][tid 5ec4] SIDEKIDS> REFUSED: panel 2112 tall exceeds the 1081-px client - not touching it
[1788807.739 ms][tid 5ec4] SIDEKIDS> REFUSED: panel 2112 tall exceeds the 1081-px client - not touching it
[1789214.004 ms][tid 5ec4] SIDEKIDS> REFUSED: panel 2112 tall exceeds the 1081-px client - not touching it
[1789620.314 ms][tid 5ec4] SIDEKIDS> REFUSED: panel 2112 tall exceeds the 1081-px client - not touching it
[1790026.035 ms][tid 5ec4] SIDEKIDS> REFUSED: panel 2112 tall exceeds the 1081-px client - not touching it
[1790432.736 ms][tid 5ec4] SIDEKIDS> REFUSED: panel 2112 tall exceeds the 1081-px client - not touching it
[1790839.828 ms][tid 5ec4] SIDEKIDS> REFUSED: panel 2112 tall exceeds the 1081-px client - not touching it
[1791245.746 ms][tid 5ec4] SIDEKIDS> REFUSED: panel 2112 tall exceeds the 1081-px client - not touching it
[1791652.292 ms][tid 5ec4] SIDEKIDS> REFUSED: panel 2112 tall exceeds the 1081-px client - not touching it
[1792058.128 ms][tid 5ec4] SIDEKIDS> REFUSED: panel 2112 tall exceeds the 1081-px client - not touching it
[1792464.185 ms][tid 5ec4] SIDEKIDS> REFUSED: panel 2112 tall exceeds the 1081-px client - not touching it
[1792870.335 ms][tid 5ec4] SIDEKIDS> REFUSED: panel 2112 tall exceeds the 1081-px client - not touching it
[1793276.426 ms][tid 5ec4] SIDEKIDS> REFUSED: panel 2112 tall exceeds the 1081-px client - not touching it
[1793683.116 ms][tid 5ec4] SIDEKIDS> REFUSED: panel 2112 tall exceeds the 1081-px client - not touching it
[1794089.844 ms][tid 5ec4] SIDEKIDS> REFUSED: panel 2112 tall exceeds the 1081-px client - not touching it
[1794495.070 ms][tid 5ec4] SIDEKIDS> REFUSED: panel 2112 tall exceeds the 1081-px client - not touching it
[1794902.206 ms][tid 5ec4] SIDEKIDS> REFUSED: panel 2112 tall exceeds the 1081-px client - not touching it
[1795307.424 ms][tid 5ec4] SIDEKIDS> REFUSED: panel 2112 tall exceeds the 1081-px client - not touching it
[1795714.357 ms][tid 5ec4] SIDEKIDS> REFUSED: panel 2112 tall exceeds the 1081-px client - not touching it
[1796120.500 ms][tid 5ec4] SIDEKIDS> REFUSED: panel 2112 tall exceeds the 1081-px client - not touching it
[1796526.634 ms][tid 5ec4] SIDEKIDS> REFUSED: panel 2112 tall exceeds the 1081-px client - not touching it
[1796932.936 ms][tid 5ec4] SIDEKIDS> REFUSED: panel 2112 tall exceeds the 1081-px client - not touching it
[1797339.276 ms][tid 5ec4] SIDEKIDS> REFUSED: panel 2112 tall exceeds the 1081-px client - not touching it
[1797745.823 ms][tid 5ec4] SIDEKIDS> REFUSED: panel 2112 tall exceeds the 1081-px client - not touching it
[1798152.098 ms][tid 5ec4] SIDEKIDS> REFUSED: panel 2112 tall exceeds the 1081-px client - not touching it
[1798557.338 ms][tid 5ec4] SIDEKIDS> REFUSED: panel 2112 tall exceeds the 1081-px client - not touching it
[1798963.632 ms][tid 5ec4] SIDEKIDS> REFUSED: panel 2112 tall exceeds the 1081-px client - not touching it
[1799370.811 ms][tid 5ec4] SIDEKIDS> REFUSED: panel 2112 tall exceeds the 1081-px client - not touching it
[1799776.270 ms][tid 5ec4] SIDEKIDS> REFUSED: panel 2112 tall exceeds the 1081-px client - not touching it
[1800183.461 ms][tid 5ec4] SIDEKIDS> REFUSED: panel 2112 tall exceeds the 1081-px client - not touching it
[1800589.634 ms][tid 5ec4] SIDEKIDS> REFUSED: panel 2112 tall exceeds the 1081-px client - not touching it
[1800994.855 ms][tid 5ec4] SIDEKIDS> REFUSED: panel 2112 tall exceeds the 1081-px client - not touching it
[1801402.965 ms][tid 5ec4] SIDEKIDS> REFUSED: panel 2112 tall exceeds the 1081-px client - not touching it
[1801807.563 ms][tid 5ec4] SIDEKIDS> REFUSED: panel 2112 tall exceeds the 1081-px client - not touching it
[1802213.536 ms][tid 5ec4] SIDEKIDS> REFUSED: panel 2112 tall exceeds the 1081-px client - not touching it
[1802619.742 ms][tid 5ec4] SIDEKIDS> REFUSED: panel 2112 tall exceeds the 1081-px client - not touching it
[1803026.612 ms][tid 5ec4] SIDEKIDS> REFUSED: panel 2112 tall exceeds the 1081-px client - not touching it
[1803433.169 ms][tid 5ec4] SIDEKIDS> REFUSED: panel 2112 tall exceeds the 1081-px client - not touching it
[1803839.373 ms][tid 5ec4] SIDEKIDS> REFUSED: panel 2112 tall exceeds the 1081-px client - not touching it
[1804245.091 ms][tid 5ec4] SIDEKIDS> REFUSED: panel 2112 tall exceeds the 1081-px client - not touching it
[1804652.296 ms][tid 5ec4] SIDEKIDS> REFUSED: panel 2112 tall exceeds the 1081-px client - not touching it
[1805058.241 ms][tid 5ec4] SIDEKIDS> REFUSED: panel 2112 tall exceeds the 1081-px client - not touching it
[1805464.266 ms][tid 5ec4] SIDEKIDS> REFUSED: panel 2112 tall exceeds the 1081-px client - not touching it
[1805871.368 ms][tid 5ec4] SIDEKIDS> REFUSED: panel 2112 tall exceeds the 1081-px client - not touching it
[1806276.846 ms][tid 5ec4] SIDEKIDS> REFUSED: panel 2112 tall exceeds the 1081-px client - not touching it
[1806683.261 ms][tid 5ec4] SIDEKIDS> REFUSED: panel 2112 tall exceeds the 1081-px client - not touching it
[1807089.006 ms][tid 5ec4] SIDEKIDS> REFUSED: panel 2112 tall exceeds the 1081-px client - not touching it
[1807495.225 ms][tid 5ec4] SIDEKIDS> REFUSED: panel 2112 tall exceeds the 1081-px client - not touching it
[1807902.647 ms][tid 5ec4] SIDEKIDS> REFUSED: panel 2112 tall exceeds the 1081-px client - not touching it
[1808308.291 ms][tid 5ec4] SIDEKIDS> REFUSED: panel 2112 tall exceeds the 1081-px client - not touching it
[1808713.529 ms][tid 5ec4] SIDEKIDS> REFUSED: panel 2112 tall exceeds the 1081-px client - not touching it
[1809121.253 ms][tid 5ec4] SIDEKIDS> REFUSED: panel 2112 tall exceeds the 1081-px client - not touching it
[1809526.619 ms][tid 5ec4] SIDEKIDS> REFUSED: panel 2112 tall exceeds the 1081-px client - not touching it
[1809932.782 ms][tid 5ec4] SIDEKIDS> REFUSED: panel 2112 tall exceeds the 1081-px client - not touching it
[1810339.297 ms][tid 5ec4] SIDEKIDS> REFUSED: panel 2112 tall exceeds the 1081-px client - not touching it
[1810745.660 ms][tid 5ec4] SIDEKIDS> REFUSED: panel 2112 tall exceeds the 1081-px client - not touching it
[1811152.669 ms][tid 5ec4] SIDEKIDS> REFUSED: panel 2112 tall exceeds the 1081-px client - not touching it
[1811558.452 ms][tid 5ec4] SIDEKIDS> REFUSED: panel 2112 tall exceeds the 1081-px client - not touching it
[1811964.030 ms][tid 5ec4] SIDEKIDS> REFUSED: panel 2112 tall exceeds the 1081-px client - not touching it
[1812371.032 ms][tid 5ec4] SIDEKIDS> REFUSED: panel 2112 tall exceeds the 1081-px client - not touching it
[1812776.653 ms][tid 5ec4] SIDEKIDS> REFUSED: panel 2112 tall exceeds the 1081-px client - not touching it
[1813182.382 ms][tid 5ec4] SIDEKIDS> REFUSED: panel 2112 tall exceeds the 1081-px client - not touching it
[1813588.995 ms][tid 5ec4] SIDEKIDS> REFUSED: panel 2112 tall exceeds the 1081-px client - not touching it
[1813995.102 ms][tid 5ec4] SIDEKIDS> REFUSED: panel 2112 tall exceeds the 1081-px client - not touching it
[1814402.038 ms][tid 5ec4] SIDEKIDS> REFUSED: panel 2112 tall exceeds the 1081-px client - not touching it
[1814807.178 ms][tid 5ec4] SIDEKIDS> REFUSED: panel 2112 tall exceeds the 1081-px client - not touching it
[1815214.268 ms][tid 5ec4] SIDEKIDS> REFUSED: panel 2112 tall exceeds the 1081-px client - not touching it
[1815620.563 ms][tid 5ec4] SIDEKIDS> REFUSED: panel 2112 tall exceeds the 1081-px client - not touching it
[1816026.625 ms][tid 5ec4] SIDEKIDS> REFUSED: panel 2112 tall exceeds the 1081-px client - not touching it
[1816433.879 ms][tid 5ec4] SIDEKIDS> REFUSED: panel 2112 tall exceeds the 1081-px client - not touching it
[1816838.641 ms][tid 5ec4] SIDEKIDS> REFUSED: panel 2112 tall exceeds the 1081-px client - not touching it
[1817244.718 ms][tid 5ec4] SIDEKIDS> REFUSED: panel 2112 tall exceeds the 1081-px client - not touching it
[1817652.045 ms][tid 5ec4] SIDEKIDS> REFUSED: panel 2112 tall exceeds the 1081-px client - not touching it
[1818058.989 ms][tid 5ec4] SIDEKIDS> REFUSED: panel 2112 tall exceeds the 1081-px client - not touching it
[1818464.580 ms][tid 5ec4] SIDEKIDS> REFUSED: panel 2112 tall exceeds the 1081-px client - not touching it
[1818870.850 ms][tid 5ec4] SIDEKIDS> REFUSED: panel 2112 tall exceeds the 1081-px client - not touching it
[1819276.736 ms][tid 5ec4] SIDEKIDS> REFUSED: panel 2112 tall exceeds the 1081-px client - not touching it
[1819682.768 ms][tid 5ec4] SIDEKIDS> REFUSED: panel 2112 tall exceeds the 1081-px client - not touching it
[1820089.459 ms][tid 5ec4] SIDEKIDS> REFUSED: panel 2112 tall exceeds the 1081-px client - not touching it
[1820495.482 ms][tid 5ec4] SIDEKIDS> REFUSED: panel 2112 tall exceeds the 1081-px client - not touching it
[1820902.711 ms][tid 5ec4] SIDEKIDS> REFUSED: panel 2112 tall exceeds the 1081-px client - not touching it
[1821308.467 ms][tid 5ec4] SIDEKIDS> REFUSED: panel 2112 tall exceeds the 1081-px client - not touching it
[1821713.796 ms][tid 5ec4] SIDEKIDS> REFUSED: panel 2112 tall exceeds the 1081-px client - not touching it
[1822120.676 ms][tid 5ec4] SIDEKIDS> REFUSED: panel 2112 tall exceeds the 1081-px client - not touching it
[1822526.523 ms][tid 5ec4] SIDEKIDS> REFUSED: panel 2112 tall exceeds the 1081-px client - not touching it
[1822932.454 ms][tid 5ec4] SIDEKIDS> REFUSED: panel 2112 tall exceeds the 1081-px client - not touching it
[1823339.415 ms][tid 5ec4] SIDEKIDS> REFUSED: panel 2112 tall exceeds the 1081-px client - not touching it
[1823744.907 ms][tid 5ec4] SIDEKIDS> REFUSED: panel 2112 tall exceeds the 1081-px client - not touching it
[1824152.052 ms][tid 5ec4] SIDEKIDS> REFUSED: panel 2112 tall exceeds the 1081-px client - not touching it
[1824557.888 ms][tid 5ec4] SIDEKIDS> REFUSED: panel 2112 tall exceeds the 1081-px client - not touching it
[1824963.822 ms][tid 5ec4] SIDEKIDS> REFUSED: panel 2112 tall exceeds the 1081-px client - not touching it
[1825370.624 ms][tid 5ec4] SIDEKIDS> REFUSED: panel 2112 tall exceeds the 1081-px client - not touching it
[1825777.203 ms][tid 5ec4] SIDEKIDS> REFUSED: panel 2112 tall exceeds the 1081-px client - not touching it
[1826183.370 ms][tid 5ec4] SIDEKIDS> REFUSED: panel 2112 tall exceeds the 1081-px client - not touching it
[1826588.713 ms][tid 5ec4] SIDEKIDS> REFUSED: panel 2112 tall exceeds the 1081-px client - not touching it
[1826996.054 ms][tid 5ec4] SIDEKIDS> REFUSED: panel 2112 tall exceeds the 1081-px client - not touching it
[1827401.926 ms][tid 5ec4] SIDEKIDS> REFUSED: panel 2112 tall exceeds the 1081-px client - not touching it
[1827807.387 ms][tid 5ec4] SIDEKIDS> REFUSED: panel 2112 tall exceeds the 1081-px client - not touching it
[1828214.844 ms][tid 5ec4] SIDEKIDS> REFUSED: panel 2112 tall exceeds the 1081-px client - not touching it
[1828621.059 ms][tid 5ec4] SIDEKIDS> REFUSED: panel 2112 tall exceeds the 1081-px client - not touching it
[1829026.834 ms][tid 5ec4] SIDEKIDS> REFUSED: panel 2112 tall exceeds the 1081-px client - not touching it
[1829433.966 ms][tid 5ec4] SIDEKIDS> REFUSED: panel 2112 tall exceeds the 1081-px client - not touching it
[1829839.402 ms][tid 5ec4] SIDEKIDS> REFUSED: panel 2112 tall exceeds the 1081-px client - not touching it
[1830245.241 ms][tid 5ec4] SIDEKIDS> REFUSED: panel 2112 tall exceeds the 1081-px client - not touching it
[1830651.834 ms][tid 5ec4] SIDEKIDS> REFUSED: panel 2112 tall exceeds the 1081-px client - not touching it
[1831058.142 ms][tid 5ec4] SIDEKIDS> REFUSED: panel 2112 tall exceeds the 1081-px client - not touching it
[1831463.503 ms][tid 5ec4] SIDEKIDS> REFUSED: panel 2112 tall exceeds the 1081-px client - not touching it
[1831870.948 ms][tid 5ec4] SIDEKIDS> REFUSED: panel 2112 tall exceeds the 1081-px client - not touching it
[1832276.695 ms][tid 5ec4] SIDEKIDS> REFUSED: panel 2112 tall exceeds the 1081-px client - not touching it
[1832683.135 ms][tid 5ec4] SIDEKIDS> REFUSED: panel 2112 tall exceeds the 1081-px client - not touching it
[1833088.663 ms][tid 5ec4] SIDEKIDS> REFUSED: panel 2112 tall exceeds the 1081-px client - not touching it
[1833495.479 ms][tid 5ec4] SIDEKIDS> REFUSED: panel 2112 tall exceeds the 1081-px client - not touching it
[1833901.677 ms][tid 5ec4] SIDEKIDS> REFUSED: panel 2112 tall exceeds the 1081-px client - not touching it
[1834307.490 ms][tid 5ec4] SIDEKIDS> REFUSED: panel 2112 tall exceeds the 1081-px client - not touching it
[1834714.142 ms][tid 5ec4] SIDEKIDS> REFUSED: panel 2112 tall exceeds the 1081-px client - not touching it
[1835120.813 ms][tid 5ec4] SIDEKIDS> REFUSED: panel 2112 tall exceeds the 1081-px client - not touching it
[1835526.082 ms][tid 5ec4] SIDEKIDS> REFUSED: panel 2112 tall exceeds the 1081-px client - not touching it
[1835932.683 ms][tid 5ec4] SIDEKIDS> REFUSED: panel 2112 tall exceeds the 1081-px client - not touching it
[1836338.777 ms][tid 5ec4] SIDEKIDS> REFUSED: panel 2112 tall exceeds the 1081-px client - not touching it
[1836744.998 ms][tid 5ec4] SIDEKIDS> REFUSED: panel 2112 tall exceeds the 1081-px client - not touching it
[1837151.414 ms][tid 5ec4] SIDEKIDS> REFUSED: panel 2112 tall exceeds the 1081-px client - not touching it
[1837557.881 ms][tid 5ec4] SIDEKIDS> REFUSED: panel 2112 tall exceeds the 1081-px client - not touching it
[1837964.244 ms][tid 5ec4] SIDEKIDS> REFUSED: panel 2112 tall exceeds the 1081-px client - not touching it
[1838370.386 ms][tid 5ec4] SIDEKIDS> REFUSED: panel 2112 tall exceeds the 1081-px client - not touching it
[1838776.745 ms][tid 5ec4] SIDEKIDS> REFUSED: panel 2112 tall exceeds the 1081-px client - not touching it
[1839182.335 ms][tid 5ec4] SIDEKIDS> REFUSED: panel 2112 tall exceeds the 1081-px client - not touching it
[1839589.177 ms][tid 5ec4] SIDEKIDS> REFUSED: panel 2112 tall exceeds the 1081-px client - not touching it
[1839995.514 ms][tid 5ec4] SIDEKIDS> REFUSED: panel 2112 tall exceeds the 1081-px client - not touching it
[1840402.005 ms][tid 5ec4] SIDEKIDS> REFUSED: panel 2112 tall exceeds the 1081-px client - not touching it
[1840808.083 ms][tid 5ec4] SIDEKIDS> REFUSED: panel 2112 tall exceeds the 1081-px client - not touching it
[1841213.917 ms][tid 5ec4] SIDEKIDS> REFUSED: panel 2112 tall exceeds the 1081-px client - not touching it
[1841620.546 ms][tid 5ec4] SIDEKIDS> REFUSED: panel 2112 tall exceeds the 1081-px client - not touching it
[1842026.832 ms][tid 5ec4] SIDEKIDS> REFUSED: panel 2112 tall exceeds the 1081-px client - not touching it
[1842433.106 ms][tid 5ec4] SIDEKIDS> REFUSED: panel 2112 tall exceeds the 1081-px client - not touching it
[1842839.051 ms][tid 5ec4] SIDEKIDS> REFUSED: panel 2112 tall exceeds the 1081-px client - not touching it
[1843244.811 ms][tid 5ec4] SIDEKIDS> REFUSED: panel 2112 tall exceeds the 1081-px client - not touching it
[1843651.795 ms][tid 5ec4] SIDEKIDS> REFUSED: panel 2112 tall exceeds the 1081-px client - not touching it
[1844057.437 ms][tid 5ec4] SIDEKIDS> REFUSED: panel 2112 tall exceeds the 1081-px client - not touching it
[1844464.658 ms][tid 5ec4] SIDEKIDS> REFUSED: panel 2112 tall exceeds the 1081-px client - not touching it
[1844870.293 ms][tid 5ec4] SIDEKIDS> REFUSED: panel 2112 tall exceeds the 1081-px client - not touching it
[1845276.043 ms][tid 5ec4] SIDEKIDS> REFUSED: panel 2112 tall exceeds the 1081-px client - not touching it
[1845683.283 ms][tid 5ec4] SIDEKIDS> REFUSED: panel 2112 tall exceeds the 1081-px client - not touching it
[1846089.418 ms][tid 5ec4] SIDEKIDS> REFUSED: panel 2112 tall exceeds the 1081-px client - not touching it
[1846495.480 ms][tid 5ec4] SIDEKIDS> REFUSED: panel 2112 tall exceeds the 1081-px client - not touching it
[1846901.509 ms][tid 5ec4] SIDEKIDS> REFUSED: panel 2112 tall exceeds the 1081-px client - not touching it
[1847308.496 ms][tid 5ec4] SIDEKIDS> REFUSED: panel 2112 tall exceeds the 1081-px client - not touching it
[1847714.406 ms][tid 5ec4] SIDEKIDS> REFUSED: panel 2112 tall exceeds the 1081-px client - not touching it
[1848120.595 ms][tid 5ec4] SIDEKIDS> REFUSED: panel 2112 tall exceeds the 1081-px client - not touching it
[1848527.729 ms][tid 5ec4] SIDEKIDS> REFUSED: panel 2112 tall exceeds the 1081-px client - not touching it
[1848933.643 ms][tid 5ec4] SIDEKIDS> REFUSED: panel 2112 tall exceeds the 1081-px client - not touching it
[1849339.184 ms][tid 5ec4] SIDEKIDS> REFUSED: panel 2112 tall exceeds the 1081-px client - not touching it
[1849746.235 ms][tid 5ec4] SIDEKIDS> REFUSED: panel 2112 tall exceeds the 1081-px client - not touching it
[1850152.655 ms][tid 5ec4] SIDEKIDS> REFUSED: panel 2112 tall exceeds the 1081-px client - not touching it
[1850558.790 ms][tid 5ec4] SIDEKIDS> REFUSED: panel 2112 tall exceeds the 1081-px client - not touching it
[1850963.679 ms][tid 5ec4] SIDEKIDS> REFUSED: panel 2112 tall exceeds the 1081-px client - not touching it
[1851370.626 ms][tid 5ec4] SIDEKIDS> REFUSED: panel 2112 tall exceeds the 1081-px client - not touching it
[1851776.758 ms][tid 5ec4] SIDEKIDS> REFUSED: panel 2112 tall exceeds the 1081-px client - not touching it
[1852182.580 ms][tid 5ec4] SIDEKIDS> REFUSED: panel 2112 tall exceeds the 1081-px client - not touching it
[1852588.656 ms][tid 5ec4] SIDEKIDS> REFUSED: panel 2112 tall exceeds the 1081-px client - not touching it
[1852995.620 ms][tid 5ec4] SIDEKIDS> REFUSED: panel 2112 tall exceeds the 1081-px client - not touching it
[1853402.212 ms][tid 5ec4] SIDEKIDS> REFUSED: panel 2112 tall exceeds the 1081-px client - not touching it
[1853808.495 ms][tid 5ec4] SIDEKIDS> REFUSED: panel 2112 tall exceeds the 1081-px client - not touching it
[1854215.032 ms][tid 5ec4] SIDEKIDS> REFUSED: panel 2112 tall exceeds the 1081-px client - not touching it
[1854620.333 ms][tid 5ec4] SIDEKIDS> REFUSED: panel 2112 tall exceeds the 1081-px client - not touching it
[1855026.519 ms][tid 5ec4] SIDEKIDS> REFUSED: panel 2112 tall exceeds the 1081-px client - not touching it
[1855432.549 ms][tid 5ec4] SIDEKIDS> REFUSED: panel 2112 tall exceeds the 1081-px client - not touching it
[1855838.653 ms][tid 5ec4] SIDEKIDS> REFUSED: panel 2112 tall exceeds the 1081-px client - not touching it
[1856244.854 ms][tid 5ec4] SIDEKIDS> REFUSED: panel 2112 tall exceeds the 1081-px client - not touching it
[1856650.970 ms][tid 5ec4] SIDEKIDS> REFUSED: panel 2112 tall exceeds the 1081-px client - not touching it
[1857057.765 ms][tid 5ec4] SIDEKIDS> REFUSED: panel 2112 tall exceeds the 1081-px client - not touching it
[1857464.247 ms][tid 5ec4] SIDEKIDS> REFUSED: panel 2112 tall exceeds the 1081-px client - not touching it
[1857870.307 ms][tid 5ec4] SIDEKIDS> REFUSED: panel 2112 tall exceeds the 1081-px client - not touching it
[1858276.637 ms][tid 5ec4] SIDEKIDS> REFUSED: panel 2112 tall exceeds the 1081-px client - not touching it
[1858682.249 ms][tid 5ec4] SIDEKIDS> REFUSED: panel 2112 tall exceeds the 1081-px client - not touching it
[1859088.477 ms][tid 5ec4] SIDEKIDS> REFUSED: panel 2112 tall exceeds the 1081-px client - not touching it
[1859494.712 ms][tid 5ec4] SIDEKIDS> REFUSED: panel 2112 tall exceeds the 1081-px client - not touching it
[1859901.584 ms][tid 5ec4] SIDEKIDS> REFUSED: panel 2112 tall exceeds the 1081-px client - not touching it
[1860308.161 ms][tid 5ec4] SIDEKIDS> REFUSED: panel 2112 tall exceeds the 1081-px client - not touching it
[1860714.734 ms][tid 5ec4] SIDEKIDS> REFUSED: panel 2112 tall exceeds the 1081-px client - not touching it
[1861120.395 ms][tid 5ec4] SIDEKIDS> REFUSED: panel 2112 tall exceeds the 1081-px client - not touching it
[1861527.178 ms][tid 5ec4] SIDEKIDS> REFUSED: panel 2112 tall exceeds the 1081-px client - not touching it
[1861932.603 ms][tid 5ec4] SIDEKIDS> REFUSED: panel 2112 tall exceeds the 1081-px client - not touching it
[1862339.499 ms][tid 5ec4] SIDEKIDS> REFUSED: panel 2112 tall exceeds the 1081-px client - not touching it
[1862745.690 ms][tid 5ec4] SIDEKIDS> REFUSED: panel 2112 tall exceeds the 1081-px client - not touching it
[1863151.965 ms][tid 5ec4] SIDEKIDS> REFUSED: panel 2112 tall exceeds the 1081-px client - not touching it
[1863558.090 ms][tid 5ec4] SIDEKIDS> REFUSED: panel 2112 tall exceeds the 1081-px client - not touching it
[1863964.754 ms][tid 5ec4] SIDEKIDS> REFUSED: panel 2112 tall exceeds the 1081-px client - not touching it
[1864370.226 ms][tid 5ec4] SIDEKIDS> REFUSED: panel 2112 tall exceeds the 1081-px client - not touching it
[1864777.010 ms][tid 5ec4] SIDEKIDS> REFUSED: panel 2112 tall exceeds the 1081-px client - not touching it
[1865182.691 ms][tid 5ec4] SIDEKIDS> REFUSED: panel 2112 tall exceeds the 1081-px client - not touching it
[1865589.016 ms][tid 5ec4] SIDEKIDS> REFUSED: panel 2112 tall exceeds the 1081-px client - not touching it
[1865996.093 ms][tid 5ec4] SIDEKIDS> REFUSED: panel 2112 tall exceeds the 1081-px client - not touching it
[1866401.657 ms][tid 5ec4] SIDEKIDS> REFUSED: panel 2112 tall exceeds the 1081-px client - not touching it
[1866809.341 ms][tid 5ec4] SIDEKIDS> REFUSED: panel 2112 tall exceeds the 1081-px client - not touching it
[1867213.522 ms][tid 5ec4] SIDEKIDS> REFUSED: panel 2112 tall exceeds the 1081-px client - not touching it
[1867620.267 ms][tid 5ec4] SIDEKIDS> REFUSED: panel 2112 tall exceeds the 1081-px client - not touching it
[1868027.160 ms][tid 5ec4] SIDEKIDS> REFUSED: panel 2112 tall exceeds the 1081-px client - not touching it
[1868433.480 ms][tid 5ec4] SIDEKIDS> REFUSED: panel 2112 tall exceeds the 1081-px client - not touching it
[1868839.059 ms][tid 5ec4] SIDEKIDS> REFUSED: panel 2112 tall exceeds the 1081-px client - not touching it
[1869245.375 ms][tid 5ec4] SIDEKIDS> REFUSED: panel 2112 tall exceeds the 1081-px client - not touching it
[1869651.972 ms][tid 5ec4] SIDEKIDS> REFUSED: panel 2112 tall exceeds the 1081-px client - not touching it
[1870057.809 ms][tid 5ec4] SIDEKIDS> REFUSED: panel 2112 tall exceeds the 1081-px client - not touching it
[1870463.477 ms][tid 5ec4] SIDEKIDS> REFUSED: panel 2112 tall exceeds the 1081-px client - not touching it
[1870869.937 ms][tid 5ec4] SIDEKIDS> REFUSED: panel 2112 tall exceeds the 1081-px client - not touching it
[1871277.261 ms][tid 5ec4] SIDEKIDS> REFUSED: panel 2112 tall exceeds the 1081-px client - not touching it
[1871682.587 ms][tid 5ec4] SIDEKIDS> REFUSED: panel 2112 tall exceeds the 1081-px client - not touching it
[1872088.906 ms][tid 5ec4] SIDEKIDS> REFUSED: panel 2112 tall exceeds the 1081-px client - not touching it
[1872495.436 ms][tid 5ec4] SIDEKIDS> REFUSED: panel 2112 tall exceeds the 1081-px client - not touching it
[1872901.774 ms][tid 5ec4] SIDEKIDS> REFUSED: panel 2112 tall exceeds the 1081-px client - not touching it
[1873307.628 ms][tid 5ec4] SIDEKIDS> REFUSED: panel 2112 tall exceeds the 1081-px client - not touching it
[1873714.933 ms][tid 5ec4] SIDEKIDS> REFUSED: panel 2112 tall exceeds the 1081-px client - not touching it
[1874120.388 ms][tid 5ec4] SIDEKIDS> REFUSED: panel 2112 tall exceeds the 1081-px client - not touching it
[1874527.180 ms][tid 5ec4] SIDEKIDS> REFUSED: panel 2112 tall exceeds the 1081-px client - not touching it
[1874932.695 ms][tid 5ec4] SIDEKIDS> REFUSED: panel 2112 tall exceeds the 1081-px client - not touching it
[1875340.437 ms][tid 5ec4] SIDEKIDS> REFUSED: panel 2112 tall exceeds the 1081-px client - not touching it
[1875745.997 ms][tid 5ec4] SIDEKIDS> REFUSED: panel 2112 tall exceeds the 1081-px client - not touching it
[1876152.074 ms][tid 5ec4] SIDEKIDS> REFUSED: panel 2112 tall exceeds the 1081-px client - not touching it
[1876558.593 ms][tid 5ec4] SIDEKIDS> REFUSED: panel 2112 tall exceeds the 1081-px client - not touching it
[1876963.592 ms][tid 5ec4] SIDEKIDS> REFUSED: panel 2112 tall exceeds the 1081-px client - not touching it
[1877370.517 ms][tid 5ec4] SIDEKIDS> REFUSED: panel 2112 tall exceeds the 1081-px client - not touching it
[1877776.214 ms][tid 5ec4] SIDEKIDS> REFUSED: panel 2112 tall exceeds the 1081-px client - not touching it
[1878183.433 ms][tid 5ec4] SIDEKIDS> REFUSED: panel 2112 tall exceeds the 1081-px client - not touching it
[1878589.135 ms][tid 5ec4] SIDEKIDS> REFUSED: panel 2112 tall exceeds the 1081-px client - not touching it
[1878995.963 ms][tid 5ec4] SIDEKIDS> REFUSED: panel 2112 tall exceeds the 1081-px client - not touching it
[1879402.230 ms][tid 5ec4] SIDEKIDS> REFUSED: panel 2112 tall exceeds the 1081-px client - not touching it
[1879807.573 ms][tid 5ec4] SIDEKIDS> REFUSED: panel 2112 tall exceeds the 1081-px client - not touching it
[1880213.928 ms][tid 5ec4] SIDEKIDS> REFUSED: panel 2112 tall exceeds the 1081-px client - not touching it
[1880620.586 ms][tid 5ec4] SIDEKIDS> REFUSED: panel 2112 tall exceeds the 1081-px client - not touching it
[1881026.969 ms][tid 5ec4] SIDEKIDS> REFUSED: panel 2112 tall exceeds the 1081-px client - not touching it
[1881432.277 ms][tid 5ec4] SIDEKIDS> REFUSED: panel 2112 tall exceeds the 1081-px client - not touching it
[1881838.430 ms][tid 5ec4] SIDEKIDS> REFUSED: panel 2112 tall exceeds the 1081-px client - not touching it
[1882245.864 ms][tid 5ec4] SIDEKIDS> REFUSED: panel 2112 tall exceeds the 1081-px client - not touching it
[1882651.893 ms][tid 5ec4] SIDEKIDS> REFUSED: panel 2112 tall exceeds the 1081-px client - not touching it
[1883058.260 ms][tid 5ec4] SIDEKIDS> REFUSED: panel 2112 tall exceeds the 1081-px client - not touching it
[1883464.511 ms][tid 5ec4] SIDEKIDS> REFUSED: panel 2112 tall exceeds the 1081-px client - not touching it
[1883870.974 ms][tid 5ec4] SIDEKIDS> REFUSED: panel 2112 tall exceeds the 1081-px client - not touching it
[1884276.991 ms][tid 5ec4] SIDEKIDS> REFUSED: panel 2112 tall exceeds the 1081-px client - not touching it
[1884682.528 ms][tid 5ec4] SIDEKIDS> REFUSED: panel 2112 tall exceeds the 1081-px client - not touching it
[1885090.396 ms][tid 5ec4] SIDEKIDS> REFUSED: panel 2112 tall exceeds the 1081-px client - not touching it
[1885494.878 ms][tid 5ec4] SIDEKIDS> REFUSED: panel 2112 tall exceeds the 1081-px client - not touching it
[1885902.095 ms][tid 5ec4] SIDEKIDS> REFUSED: panel 2112 tall exceeds the 1081-px client - not touching it
[1886308.129 ms][tid 5ec4] SIDEKIDS> REFUSED: panel 2112 tall exceeds the 1081-px client - not touching it
[1886714.801 ms][tid 5ec4] SIDEKIDS> REFUSED: panel 2112 tall exceeds the 1081-px client - not touching it
[1887121.115 ms][tid 5ec4] SIDEKIDS> REFUSED: panel 2112 tall exceeds the 1081-px client - not touching it
[1887526.805 ms][tid 5ec4] SIDEKIDS> REFUSED: panel 2112 tall exceeds the 1081-px client - not touching it
[1887933.759 ms][tid 5ec4] SIDEKIDS> REFUSED: panel 2112 tall exceeds the 1081-px client - not touching it
[1888339.257 ms][tid 5ec4] SIDEKIDS> REFUSED: panel 2112 tall exceeds the 1081-px client - not touching it
[1888745.327 ms][tid 5ec4] SIDEKIDS> REFUSED: panel 2112 tall exceeds the 1081-px client - not touching it
[1889151.870 ms][tid 5ec4] SIDEKIDS> REFUSED: panel 2112 tall exceeds the 1081-px client - not touching it
[1889557.469 ms][tid 5ec4] SIDEKIDS> REFUSED: panel 2112 tall exceeds the 1081-px client - not touching it
[1889963.583 ms][tid 5ec4] SIDEKIDS> REFUSED: panel 2112 tall exceeds the 1081-px client - not touching it
[1890370.993 ms][tid 5ec4] SIDEKIDS> REFUSED: panel 2112 tall exceeds the 1081-px client - not touching it
[1890776.556 ms][tid 5ec4] SIDEKIDS> REFUSED: panel 2112 tall exceeds the 1081-px client - not touching it
[1891183.309 ms][tid 5ec4] SIDEKIDS> REFUSED: panel 2112 tall exceeds the 1081-px client - not touching it
[1891589.300 ms][tid 5ec4] SIDEKIDS> REFUSED: panel 2112 tall exceeds the 1081-px client - not touching it
[1891995.881 ms][tid 5ec4] SIDEKIDS> REFUSED: panel 2112 tall exceeds the 1081-px client - not touching it
[1892403.061 ms][tid 5ec4] SIDEKIDS> REFUSED: panel 2112 tall exceeds the 1081-px client - not touching it
[1892807.473 ms][tid 5ec4] SIDEKIDS> REFUSED: panel 2112 tall exceeds the 1081-px client - not touching it
[1893213.875 ms][tid 5ec4] SIDEKIDS> REFUSED: panel 2112 tall exceeds the 1081-px client - not touching it
[1893620.524 ms][tid 5ec4] SIDEKIDS> REFUSED: panel 2112 tall exceeds the 1081-px client - not touching it
[1894026.100 ms][tid 5ec4] SIDEKIDS> REFUSED: panel 2112 tall exceeds the 1081-px client - not touching it
[1894432.990 ms][tid 5ec4] SIDEKIDS> REFUSED: panel 2112 tall exceeds the 1081-px client - not touching it
[1894839.128 ms][tid 5ec4] SIDEKIDS> REFUSED: panel 2112 tall exceeds the 1081-px client - not touching it
[1895244.968 ms][tid 5ec4] SIDEKIDS> REFUSED: panel 2112 tall exceeds the 1081-px client - not touching it
[1895652.878 ms][tid 5ec4] SIDEKIDS> REFUSED: panel 2112 tall exceeds the 1081-px client - not touching it
[1896057.596 ms][tid 5ec4] SIDEKIDS> REFUSED: panel 2112 tall exceeds the 1081-px client - not touching it
[1896464.030 ms][tid 5ec4] SIDEKIDS> REFUSED: panel 2112 tall exceeds the 1081-px client - not touching it
[1896870.432 ms][tid 5ec4] SIDEKIDS> REFUSED: panel 2112 tall exceeds the 1081-px client - not touching it
[1897276.512 ms][tid 5ec4] SIDEKIDS> REFUSED: panel 2112 tall exceeds the 1081-px client - not touching it
[1897682.943 ms][tid 5ec4] SIDEKIDS> REFUSED: panel 2112 tall exceeds the 1081-px client - not touching it
[1898089.119 ms][tid 5ec4] SIDEKIDS> REFUSED: panel 2112 tall exceeds the 1081-px client - not touching it
[1898495.452 ms][tid 5ec4] SIDEKIDS> REFUSED: panel 2112 tall exceeds the 1081-px client - not touching it
[1898901.431 ms][tid 5ec4] SIDEKIDS> REFUSED: panel 2112 tall exceeds the 1081-px client - not touching it
[1899307.475 ms][tid 5ec4] SIDEKIDS> REFUSED: panel 2112 tall exceeds the 1081-px client - not touching it
[1899713.742 ms][tid 5ec4] SIDEKIDS> REFUSED: panel 2112 tall exceeds the 1081-px client - not touching it
[1900120.633 ms][tid 5ec4] SIDEKIDS> REFUSED: panel 2112 tall exceeds the 1081-px client - not touching it
[1900527.056 ms][tid 5ec4] SIDEKIDS> REFUSED: panel 2112 tall exceeds the 1081-px client - not touching it
[1900932.408 ms][tid 5ec4] SIDEKIDS> REFUSED: panel 2112 tall exceeds the 1081-px client - not touching it
[1901338.860 ms][tid 5ec4] SIDEKIDS> REFUSED: panel 2112 tall exceeds the 1081-px client - not touching it
[1901745.339 ms][tid 5ec4] SIDEKIDS> REFUSED: panel 2112 tall exceeds the 1081-px client - not touching it
[1902152.271 ms][tid 5ec4] SIDEKIDS> REFUSED: panel 2112 tall exceeds the 1081-px client - not touching it
[1902559.061 ms][tid 5ec4] SIDEKIDS> REFUSED: panel 2112 tall exceeds the 1081-px client - not touching it
[1902964.386 ms][tid 5ec4] SIDEKIDS> REFUSED: panel 2112 tall exceeds the 1081-px client - not touching it
[1903370.527 ms][tid 5ec4] SIDEKIDS> REFUSED: panel 2112 tall exceeds the 1081-px client - not touching it
[1903776.419 ms][tid 5ec4] SIDEKIDS> REFUSED: panel 2112 tall exceeds the 1081-px client - not touching it
[1904182.674 ms][tid 5ec4] SIDEKIDS> REFUSED: panel 2112 tall exceeds the 1081-px client - not touching it
[1904589.393 ms][tid 5ec4] SIDEKIDS> REFUSED: panel 2112 tall exceeds the 1081-px client - not touching it
[1904996.018 ms][tid 5ec4] SIDEKIDS> REFUSED: panel 2112 tall exceeds the 1081-px client - not touching it
[1905401.879 ms][tid 5ec4] SIDEKIDS> REFUSED: panel 2112 tall exceeds the 1081-px client - not touching it
[1905808.165 ms][tid 5ec4] SIDEKIDS> REFUSED: panel 2112 tall exceeds the 1081-px client - not touching it
[1906215.020 ms][tid 5ec4] SIDEKIDS> REFUSED: panel 2112 tall exceeds the 1081-px client - not touching it
[1906619.930 ms][tid 5ec4] SIDEKIDS> REFUSED: panel 2112 tall exceeds the 1081-px client - not touching it
[1907026.823 ms][tid 5ec4] SIDEKIDS> REFUSED: panel 2112 tall exceeds the 1081-px client - not touching it
[1907433.142 ms][tid 5ec4] SIDEKIDS> REFUSED: panel 2112 tall exceeds the 1081-px client - not touching it
[1907839.044 ms][tid 5ec4] SIDEKIDS> REFUSED: panel 2112 tall exceeds the 1081-px client - not touching it
[1908245.517 ms][tid 5ec4] SIDEKIDS> REFUSED: panel 2112 tall exceeds the 1081-px client - not touching it
[1908651.996 ms][tid 5ec4] SIDEKIDS> REFUSED: panel 2112 tall exceeds the 1081-px client - not touching it
[1909057.412 ms][tid 5ec4] SIDEKIDS> REFUSED: panel 2112 tall exceeds the 1081-px client - not touching it
[1909464.293 ms][tid 5ec4] SIDEKIDS> REFUSED: panel 2112 tall exceeds the 1081-px client - not touching it
[1909870.360 ms][tid 5ec4] SIDEKIDS> REFUSED: panel 2112 tall exceeds the 1081-px client - not touching it
[1910276.674 ms][tid 5ec4] SIDEKIDS> REFUSED: panel 2112 tall exceeds the 1081-px client - not touching it
[1910683.546 ms][tid 5ec4] SIDEKIDS> REFUSED: panel 2112 tall exceeds the 1081-px client - not touching it
[1911089.923 ms][tid 5ec4] SIDEKIDS> REFUSED: panel 2112 tall exceeds the 1081-px client - not touching it
[1911495.686 ms][tid 5ec4] SIDEKIDS> REFUSED: panel 2112 tall exceeds the 1081-px client - not touching it
[1911901.755 ms][tid 5ec4] SIDEKIDS> REFUSED: panel 2112 tall exceeds the 1081-px client - not touching it
[1912307.798 ms][tid 5ec4] SIDEKIDS> REFUSED: panel 2112 tall exceeds the 1081-px client - not touching it
[1912714.561 ms][tid 5ec4] SIDEKIDS> REFUSED: panel 2112 tall exceeds the 1081-px client - not touching it
[1913120.295 ms][tid 5ec4] SIDEKIDS> REFUSED: panel 2112 tall exceeds the 1081-px client - not touching it
[1913526.708 ms][tid 5ec4] SIDEKIDS> REFUSED: panel 2112 tall exceeds the 1081-px client - not touching it
[1913933.227 ms][tid 5ec4] SIDEKIDS> REFUSED: panel 2112 tall exceeds the 1081-px client - not touching it
[1914339.095 ms][tid 5ec4] SIDEKIDS> REFUSED: panel 2112 tall exceeds the 1081-px client - not touching it
[1914745.802 ms][tid 5ec4] SIDEKIDS> REFUSED: panel 2112 tall exceeds the 1081-px client - not touching it
[1915151.939 ms][tid 5ec4] SIDEKIDS> REFUSED: panel 2112 tall exceeds the 1081-px client - not touching it
[1915557.390 ms][tid 5ec4] SIDEKIDS> REFUSED: panel 2112 tall exceeds the 1081-px client - not touching it
[1915965.274 ms][tid 5ec4] SIDEKIDS> REFUSED: panel 2112 tall exceeds the 1081-px client - not touching it
[1916370.287 ms][tid 5ec4] SIDEKIDS> REFUSED: panel 2112 tall exceeds the 1081-px client - not touching it
